,Balikpapan height,Bontang height,Tandjoengbatoe height,Tarakan height,Tawau height,Semporna height,Bongao Island height,Zamboanga height,Pagadian height,General Santos height,Tahuna height,Manado height,Boroko height,Genluma height,Boeol height,Tolotoli height,Palu height,Davao height
0,0.11313900000000032,0.30791400000000024,0.4313696,0.16536799999999907,0.29014830000000025,0.18481479999999983,0.19217300000000037,0.33359899999999953,1.0845079999999996,0.8445499999999981,0.30304999999999893,0.7395579999999988,0.9709719999999997,1.3573442,0.44428700000000276,0.6276860000000006,0.17072900000000146,0.26721799999999973
0,0.11313900000000032,0.30791400000000024,0.4313696,0.16536799999999907,0.29014830000000025,0.18481479999999983,0.19217300000000037,0.33359899999999953,1.0845079999999996,0.8445499999999981,0.30304999999999893,0.7395579999999988,0.9709719999999997,1.3573442,0.44428700000000276,0.6276860000000006,0.17072900000000146,0.26721799999999973
1,0.045145000000001545,0.12649799999999978,0.16834360000000004,0.08471299999999893,0.1644633000000013,0.10641139999999982,0.15677699999999817,0.17942899999999895,0.6600979999999979,0.4867799999999818,0.20031000000000176,0.3075599999999987,0.24039900000000003,0.6023671999999998,0.34440999999999633,0.43536200000000136,0.10682200000000108,0.25443500000000085
2,-9.9999e+98,0.07263999999999982,0.1412274,0.06921799999999934,0.09966830000000115,0.07466850000000003,0.09751699999999985,0.11365400000000392,0.45892299999999864,0.33312999999998283,0.12874000000000763,0.24968999999999753,0.28116199999999836,0.5195104000000006,0.1824659999999909,0.226344000000001,8.999999998593466e-06,0.17302399999999807
3,0.11937200000000203,0.29149199999999986,0.32453339999999997,0.16139300000000034,0.3279852999999999,0.18070399999999998,0.29835100000000025,0.3118570000000034,1.0579079999999976,0.7043099999999924,0.281099999999995,0.47193499999999844,0.37416199999999833,1.0520894999999992,0.5912549999999896,0.7546440000000025,0.17609399999999908,0.3638169999999974
4,0.0974010000000014,0.23910700000000062,0.27267809999999937,0.13687299999999958,0.2749833000000006,0.15870119999999988,0.2476610000000008,0.26698900000000236,0.9293559999999985,0.6229599999999778,0.2459999999999951,0.4300910000000009,0.325880999999999,0.9512210000000003,0.4986470000000054,0.6662319999999973,0.16140800000000155,0.3200870000000009
5,0.10926800000000014,0.27814099999999975,0.3002212000000002,0.15207900000000052,0.3033273000000012,0.1712817000000002,0.2510879999999993,0.2646610000000038,0.9258449999999989,0.5893199999999865,0.23547999999999547,0.4768429999999988,0.45922900000000055,1.0180266000000007,0.6046300000000002,0.7408819999999992,0.1772240000000025,0.3024369999999976
6,0.085364000000002,0.21314700000000109,0.2429730999999995,0.1217050000000004,0.24510430000000127,0.14460149999999983,0.22252500000000097,0.24260800000000415,0.8218679999999985,0.5537599999999827,0.23372000000000526,0.3734110000000008,0.3101179999999992,0.8953065999999996,0.4568919999999963,0.5860249999999994,0.14992699999999815,0.27998999999999796
7,0.0720450000000028,0.1738230000000005,0.20655100000000015,0.10323799999999927,0.20664930000000048,0.1259619999999999,0.18632699999999858,0.2065899999999985,0.7074409999999993,0.47978999999997995,0.19571999999999434,0.35120999999999825,0.2604900000000008,0.7470748,0.41228400000001386,0.5095990000000015,0.1287590000000023,0.2517569999999978
8,0.11217900000000114,0.26230499999999957,0.2950020999999996,0.14837099999999914,0.29851530000000004,0.16846359999999994,0.27194199999999924,0.26257900000000234,0.9237149999999978,0.6408899999999846,0.2942900000000037,0.46002499999999813,0.4638869999999997,1.0641536,0.6253269999999986,0.733072,0.16873300000000313,0.29770500000000055
9,-9.9999e+98,0.1036400000000004,0.1475521999999998,0.06747299999999967,0.120909300000001,0.08621809999999996,0.11586499999999944,0.1260430000000028,0.5328209999999984,0.39086000000000354,0.15785999999999945,0.26674799999999976,0.24189700000000158,0.5837709999999996,0.25531600000000765,0.3145969999999991,0.051422999999999774,0.2004179999999991
10,0.046701000000002324,0.12452799999999975,0.1832370000000001,0.0851349999999993,0.1601613000000004,0.10681299999999982,0.15192799999999806,0.18892600000000215,0.6814070000000001,0.5134699999999839,0.22162000000000148,0.3213550000000005,0.25623600000000124,0.6259435,0.3528429999999929,0.4481979999999979,0.1096730000000008,0.2608120000000014
11,0.12374000000000152,0.3061930000000004,0.34326529999999966,0.17082699999999917,0.35081430000000147,0.1910403999999999,0.33224699999999885,0.33344000000000307,1.1109599999999986,0.7345499999999845,0.3192200000000014,0.5073589999999975,0.4281509999999997,1.1528165999999995,0.6835430000000002,0.7832250000000016,0.19022999999999968,0.36674999999999613
12,0.08552700000000257,0.20475000000000065,0.24739090000000008,0.12461300000000008,0.2517423000000001,0.14799169999999995,0.23863599999999963,0.2586119999999994,0.8734140000000004,0.5798800000000028,0.25171000000000276,0.412509,0.42839799999999784,0.9259638000000008,0.43819899999999734,0.6054080000000006,0.151957000000003,0.28996000000000066
13,0.11011600000000143,0.24473500000000037,0.2876876999999993,0.14701699999999995,0.2953233000000015,0.16976179999999985,0.2692440000000005,0.2924020000000027,0.9946559999999991,0.6728499999999826,0.2904699999999991,0.467217999999999,0.5014830000000003,1.0731080000000004,0.5737419999999958,0.7069170000000007,0.1679460000000006,0.3288859999999971
14,0.07389700000000232,0.1694469999999999,0.22627819999999943,0.11015499999999889,0.21819130000000087,0.13389020000000018,0.20590499999999778,0.23655500000000274,0.8185319999999976,0.5630400000000009,0.21268000000000598,0.37184999999999846,0.32347700000000046,0.7855752999999996,0.37817000000001144,0.5514410000000005,0.13624099999999828,0.2896950000000018
15,0.09457800000000205,0.22664100000000076,0.25938769999999955,0.13152599999999914,0.26452530000000074,0.15475770000000022,0.2403039999999983,0.25960400000000305,0.8797150000000009,0.5948899999999924,0.26390999999999565,0.4168549999999982,0.36298599999999936,0.9904169999999999,0.5167339999999996,0.656206000000001,0.15760999999999825,0.2977109999999996
16,0.11905000000000143,0.278238,0.30876979999999943,0.15817399999999893,0.31164330000000007,0.1768947999999999,0.2710860000000004,0.28271500000000316,0.973707000000001,0.6527700000000038,0.29308000000000334,0.5327160000000006,0.5304159999999989,1.1306255999999992,0.6400079999999946,0.7953079999999986,0.18286799999999914,0.2942589999999967
17,0.10168600000000083,0.22681600000000124,0.2853506999999995,0.14304499999999898,0.28504230000000064,0.16578720000000002,0.2677769999999988,0.30630000000000024,1.0308129999999984,0.6945599999999956,0.283299999999997,0.4748199999999976,0.4571709999999989,1.0529640000000002,0.4809759999999983,0.7074149999999975,0.1717000000000013,0.3586570000000009
18,0.10781900000000277,0.24015300000000117,0.28280949999999994,0.14437799999999967,0.29125830000000086,0.16745600000000005,0.26657200000000003,0.29199700000000206,0.9758999999999993,0.6582699999999875,0.2901300000000049,0.46404099999999815,0.4947879999999998,1.1082676999999999,0.5740280000000126,0.6949660000000009,0.1567360000000022,0.3168399999999991
19,0.11490300000000175,0.267062000000001,0.3003456,0.15235299999999974,0.30454930000000147,0.17284690000000014,0.26904599999999945,0.29691199999999895,0.9930190000000003,0.6630699999999763,0.2713800000000077,0.46171199999999857,0.41208899999999815,1.0807830999999997,0.5706260000000043,0.7459689999999988,0.17280900000000088,0.3194079999999957
20,0.1018870000000014,0.2217090000000006,0.2769022999999997,0.13888399999999912,0.27923030000000004,0.16155039999999987,0.2629979999999996,0.298096000000001,0.994612,0.6639999999999873,0.2710000000000008,0.4463499999999989,0.4807169999999985,1.0279902000000005,0.44932000000000016,0.6729699999999994,0.1556229999999985,0.3338239999999999
21,0.10839500000000157,0.2595130000000001,0.29061449999999933,0.1456420000000005,0.29567930000000153,0.16504930000000018,0.28279600000000116,0.24449500000000057,0.885663000000001,0.6447799999999972,0.31637000000000626,0.48758399999999824,0.532471000000001,1.0706190999999992,0.6511440000000022,0.7251000000000012,0.1713799999999992,0.27064800000000133
22,0.0955440000000003,0.24799400000000027,0.26987439999999996,0.1358479999999993,0.2717483000000005,0.15685789999999988,0.23293999999999926,0.2543980000000019,0.8632659999999994,0.5661099999999806,0.22406999999999755,0.4339619999999975,0.37768900000000016,0.9452338000000005,0.5246960000000058,0.6743179999999995,0.15978600000000398,0.29162000000000177
23,0.11985900000000171,0.259856000000001,0.3016778999999996,0.15414499999999975,0.31067029999999995,0.17651800000000017,0.2851479999999995,0.3059380000000047,1.0221659999999986,0.6947999999999865,0.3086100000000016,0.4899869999999993,0.4847290000000015,1.1710899000000001,0.6334379999999982,0.7427099999999989,0.17550899999999814,0.3333370000000002
24,0.09079900000000052,0.23102200000000117,0.2755104999999993,0.131513,0.2582443000000012,0.15591849999999985,0.23959800000000087,0.2872419999999991,0.9706589999999977,0.6569199999999853,0.2592700000000008,0.44638499999999937,0.49654499999999757,0.9754627999999999,0.4304350000000028,0.6538019999999989,0.15607400000000382,0.3288659999999979
25,0.06811200000000284,0.14604600000000012,0.2288901999999995,0.09876299999999993,0.1892883000000012,0.12209130000000012,0.16961799999999982,0.21862500000000296,0.6991419999999984,0.47498999999999114,0.20946999999999605,0.360440999999998,0.3615050000000011,0.8284409999999998,0.37296899999999766,0.5012489999999978,0.12300900000000325,0.2421980000000019
26,0.12214300000000122,0.3010010000000012,0.3258938999999996,0.16812499999999986,0.329054300000001,0.18601590000000012,0.2811810000000001,0.267706000000004,0.9932400000000001,0.6334099999999978,0.28056000000000836,0.5468639999999994,0.5661029999999982,1.1088437000000004,0.6787290000000041,0.8118820000000007,0.18320800000000048,0.2656119999999973
27,0.11318500000000142,0.2731640000000013,0.30840639999999997,0.15406800000000054,0.3132963000000011,0.17473949999999983,0.2920179999999988,0.3081630000000004,1.0607529999999983,0.7094299999999976,0.2811800000000062,0.4638649999999984,0.3449119999999972,1.0505756999999996,0.561396000000002,0.7344709999999992,0.17451499999999953,0.3706010000000006
28,0.1241940000000028,0.2982150000000008,0.3276767999999999,0.16656399999999927,0.3346743000000014,0.18710709999999997,0.3025839999999995,0.3538830000000033,1.146801,0.762849999999986,0.29399000000000797,0.496929999999999,0.48371999999999815,1.1227068999999998,0.5557110000000023,0.7980110000000025,0.1842110000000048,0.3857900000000001
29,0.12024900000000116,0.2658319999999996,0.3004786999999993,0.15400299999999945,0.30767729999999993,0.17519570000000018,0.27990799999999894,0.29251500000000163,0.9851840000000003,0.692229999999995,0.32358000000000686,0.5257450000000006,0.5379320000000014,1.1926556999999995,0.6539280000000076,0.7681129999999996,0.17291500000000326,0.30720600000000076
30,0.12101200000000034,0.2728540000000006,0.3084226999999995,0.15646199999999943,0.3167252999999999,0.17847780000000002,0.29236999999999824,0.3035509999999988,1.0228639999999984,0.6973999999999876,0.3097099999999955,0.4907749999999993,0.4774160000000016,1.1650514000000003,0.6527450000000101,0.7534879999999973,0.17717400000000083,0.3343149999999966
31,0.10111100000000306,0.24611600000000067,0.2761445,0.13667199999999902,0.27925230000000134,0.15818960000000004,0.2602480000000007,0.2507969999999986,0.8537700000000008,0.5851399999999956,0.2745000000000033,0.43760599999999883,0.40734600000000043,0.9782476999999998,0.5876070000000055,0.6516330000000004,0.16341299999999848,0.2826549999999983
32,0.10111100000000306,0.24611600000000067,0.2761445,0.13667199999999902,0.27925230000000134,0.15818960000000004,0.2602480000000007,0.2507969999999986,0.8537700000000008,0.5851399999999956,0.2745000000000033,0.43760599999999883,0.40734600000000043,0.9782476999999998,0.5876070000000055,0.6516330000000004,0.16341299999999848,0.2826549999999983
33,0.12184700000000248,0.2943130000000007,0.3262918999999993,0.16659199999999963,0.33247030000000066,0.18639530000000004,0.27470599999999834,0.30600600000000355,1.0396849999999986,0.6521299999999997,0.2509600000000063,0.4881469999999979,0.49756299999999953,1.1521682000000002,0.6430320000000052,0.7878599999999985,0.19115599999999944,0.32545999999999964
34,0.10715000000000074,0.2411329999999996,0.2826846999999999,0.1446159999999992,0.2885023000000011,0.16759270000000015,0.2609870000000001,0.2983079999999987,1.0027079999999984,0.6746699999999919,0.2828700000000026,0.46309499999999915,0.47497100000000003,1.1144243999999999,0.5229060000000061,0.7075509999999987,0.16441700000000026,0.3329079999999962
35,0.07159400000000105,0.17598100000000017,0.2132657,0.10596099999999886,0.2137682999999999,0.12873979999999996,0.20279700000000034,0.21796300000000457,0.7591549999999998,0.5145499999999856,0.20456000000000074,0.36530799999999886,0.2663189999999993,0.7515102999999996,0.37922999999999263,0.509088000000002,0.1337790000000041,0.2717519999999993
36,0.08097500000000224,0.19010700000000114,0.23682399999999948,0.12025000000000041,0.24126530000000024,0.1438138000000002,0.2265270000000008,0.25348500000000485,0.8553180000000005,0.5734799999999893,0.24107000000000767,0.39950100000000077,0.3819839999999992,0.9065776000000003,0.40559500000000526,0.5887530000000005,0.14743299999999948,0.29038899999999757
37,0.08399900000000216,0.22133400000000059,0.24786429999999982,0.12502499999999905,0.24888130000000075,0.14757109999999996,0.21976300000000037,0.24730399999999975,0.8563289999999988,0.5736699999999928,0.21056000000000097,0.39335200000000015,0.3048870000000008,0.8763391,0.46860300000000166,0.6168369999999967,0.14732099999999804,0.2934219999999996
38,0.08720900000000142,0.2202320000000011,0.24869249999999976,0.12467900000000043,0.25096330000000044,0.14743590000000006,0.22829799999999878,0.24041900000000282,0.8215240000000001,0.5573599999999885,0.24361000000000388,0.38458599999999876,0.34609999999999985,0.9293196999999997,0.49100899999999115,0.6178100000000022,0.14755999999999858,0.2722359999999995
39,0.0807070000000003,0.17670200000000058,0.2392523999999998,0.11471699999999885,0.22501230000000128,0.1391992000000002,0.20339699999999894,0.24484800000000462,0.8202749999999988,0.5546899999999937,0.23293999999999926,0.39364300000000085,0.40139699999999934,0.9015281000000002,0.4138930000000016,0.5672969999999999,0.14121000000000095,0.28087500000000176
40,0.0629380000000026,0.14628300000000038,0.23619589999999935,0.09891599999999912,0.1843433000000001,0.12184309999999998,0.1638169999999981,0.22194900000000217,0.7212569999999978,0.49169999999998026,0.20074999999999932,0.3700109999999981,0.41478599999999943,0.8090365000000004,0.3679390000000069,0.49786299999999883,0.11849300000000085,0.24758099999999672
41,0.09408200000000022,0.23230600000000123,0.2650290999999996,0.13462999999999958,0.2686793000000005,0.15719519999999987,0.23971500000000034,0.2688020000000009,0.8972119999999997,0.6049199999999928,0.2535699999999963,0.4221389999999978,0.3586330000000011,0.9978854999999998,0.5028559999999942,0.6636740000000003,0.16047100000000114,0.295538999999998
42,0.09430300000000003,0.21285000000000132,0.26720329999999937,0.13062299999999993,0.25999529999999993,0.15363689999999997,0.23880899999999983,0.2572070000000011,0.8491989999999987,0.6094200000000001,0.2913300000000021,0.47741599999999806,0.5012380000000007,1.0737372,0.5547399999999953,0.6695540000000015,0.15465199999999868,0.27228499999999656
43,0.07990200000000058,0.19532500000000041,0.22886570000000006,0.1164430000000003,0.23013130000000004,0.13978150000000023,0.20585300000000117,0.2387119999999996,0.8281209999999994,0.5635699999999986,0.20456000000000074,0.36750499999999775,0.30750400000000155,0.8286833000000007,0.43751999999999214,0.5858179999999997,0.14363600000000076,0.2881849999999986
44,0.06369199999999964,0.14603699999999975,0.17685459999999953,0.0877599999999994,0.17490330000000043,0.10982700000000012,0.1600830000000002,0.17812400000000395,0.6187219999999982,0.4221499999999878,0.16818999999999562,0.30483899999999764,0.2116250000000015,0.6321664,0.3583500000000015,0.43591400000000036,0.10783500000000146,0.22620799999999974
45,0.06897600000000281,0.15407300000000035,0.19004649999999934,0.09647999999999968,0.1895573000000006,0.11933369999999988,0.16945099999999869,0.1999530000000007,0.6756759999999993,0.4606599999999901,0.18000999999999578,0.31939299999999804,0.25366,0.7079971,0.39254099999999426,0.4916809999999998,0.11958100000000371,0.24324699999999666
46,0.08874400000000193,0.2296010000000006,0.2606548000000002,0.12904400000000038,0.2623913000000009,0.15103029999999995,0.2455379999999998,0.2536929999999984,0.8919739999999976,0.6008999999999958,0.2353700000000032,0.39947099999999836,0.289714,0.8681610000000006,0.48298499999999933,0.6190929999999994,0.15329900000000407,0.31487200000000115
47,0.12879700000000227,0.31480200000000025,0.34765960000000007,0.17709299999999928,0.35523730000000064,0.19550840000000003,0.3303539999999998,0.31944100000000475,1.1018310000000007,0.7889099999999871,0.3650400000000076,0.5820679999999996,0.666131,1.2483493999999995,0.7776060000000058,0.8639240000000008,0.16597800000000262,0.3224489999999989
48,0.1386490000000009,0.33962999999999965,0.3673574999999998,0.18815700000000035,0.3806403000000014,0.20892510000000009,0.3512039999999992,0.40322499999999906,1.2677659999999982,0.8471799999999803,0.36132999999999527,0.5999719999999975,0.638935,1.3633373000000004,0.7246009999999927,0.8899749999999997,0.1955430000000007,0.40446500000000185
49,0.10371300000000261,0.25301800000000085,0.2860395999999996,0.14413399999999932,0.29117130000000024,0.16599779999999997,0.26639000000000124,0.29074500000000114,0.9863269999999993,0.6605299999999943,0.2723799999999983,0.4291039999999988,0.3821480000000008,1.0400912999999994,0.5199190000000016,0.6898710000000001,0.17476400000000325,0.33748399999999634
50,0.08162800000000203,0.18883399999999995,0.23313969999999973,0.1176440000000003,0.23239829999999984,0.1413766999999999,0.20783699999999783,0.24132500000000334,0.8235059999999983,0.5569600000000037,0.2247899999999987,0.38666800000000023,0.3333909999999989,0.8847253999999998,0.4337510000000009,0.5905780000000007,0.14604500000000087,0.2816189999999992
51,0.13721400000000017,0.3322079999999996,0.3535597999999993,0.18418699999999966,0.36308830000000114,0.20276810000000012,0.3203259999999979,0.33530600000000277,1.1507509999999996,0.7807699999999897,0.35828999999999667,0.6461709999999989,0.7047129999999981,1.3441963000000001,0.7775839999999903,0.9059460000000001,0.17558000000000362,0.3313039999999958
52,0.08236600000000038,0.20227799999999974,0.2334220999999994,0.11578199999999939,0.23400130000000097,0.1384061000000001,0.22199300000000122,0.23175200000000018,0.8314509999999977,0.5706699999999785,0.21891999999999712,0.37439900000000037,0.24570500000000095,0.7826198,0.42927099999999996,0.5657429999999977,0.14107400000000325,0.29837599999999753
53,0.12294699999999992,0.3043700000000005,0.3343851999999998,0.1677939999999989,0.3395513000000001,0.1871486,0.30980200000000124,0.31044700000000347,1.0439219999999985,0.7093199999999911,0.31356999999999857,0.49276000000000053,0.49195800000000034,1.1526724000000002,0.6956739999999968,0.8083429999999971,0.19058700000000073,0.3367280000000008
54,0.09739800000000187,0.21944799999999987,0.2638866999999996,0.13558499999999896,0.27117130000000067,0.15938920000000012,0.24763300000000044,0.28417400000000015,0.9542490000000008,0.6404799999999966,0.2695800000000048,0.4369829999999979,0.4535049999999998,1.0433637000000004,0.4765989999999931,0.6673789999999968,0.16258700000000204,0.3231180000000009
55,0.09683300000000017,0.21736300000000064,0.26999959999999934,0.13500200000000007,0.2689213000000006,0.1594755000000001,0.24407199999999918,0.28089400000000353,0.934076000000001,0.6314299999999946,0.27826000000000306,0.4587059999999994,0.4888769999999987,1.0741068999999994,0.5181319999999943,0.664952999999997,0.16151400000000393,0.30548100000000034
56,0.1072000000000024,0.2533310000000011,0.2876557000000002,0.1452139999999993,0.2941683000000008,0.16711320000000018,0.2714099999999995,0.28068700000000035,0.9402399999999993,0.6431299999999851,0.29045999999999594,0.4504419999999989,0.43918399999999735,1.0860532000000003,0.6148680000000013,0.7149909999999977,0.16831600000000435,0.306283999999998
57,0.10925500000000099,0.2513190000000005,0.28703140000000005,0.146253999999999,0.2943193000000015,0.1681039000000002,0.26941400000000115,0.28209700000000026,0.9442149999999998,0.6530400000000043,0.29922999999999433,0.4739620000000002,0.4710200000000029,1.1185104,0.6200409999999863,0.7252410000000005,0.1649409999999989,0.30413099999999815
58,0.07903300000000257,0.21064600000000056,0.24190999999999985,0.12037899999999979,0.24497930000000068,0.14325369999999982,0.22760599999999798,0.23766200000000026,0.8216409999999996,0.547079999999994,0.23536,0.36983499999999836,0.3512219999999999,0.8617029,0.43263199999999813,0.5663080000000029,0.14645200000000358,0.27583299999999866
59,0.08846300000000085,0.21561499999999967,0.24951049999999952,0.1264889999999994,0.25307030000000097,0.1497408,0.2283539999999995,0.26022700000000043,0.8634740000000001,0.5819299999999998,0.24294000000000437,0.39569099999999935,0.3334919999999997,0.9411111000000005,0.47482399999999814,0.6182210000000019,0.15219199999999944,0.29170299999999827
60,-9.9999e+98,0.10134700000000052,0.15113549999999965,0.0715609999999991,0.13595130000000033,0.09138540000000006,0.1300479999999986,0.13497800000000382,0.5569649999999982,0.4070199999999886,0.16575000000000273,0.2748829999999991,0.22977700000000212,0.5640240000000007,0.2848149999999947,0.34349399999999974,0.053035000000001276,0.21299599999999685
61,0.09288100000000199,0.22810699999999962,0.25278329999999993,0.1263880000000004,0.2559583000000014,0.14882360000000006,0.23545899999999875,0.23588399999999865,0.8063949999999984,0.5544399999999996,0.2553699999999992,0.39603699999999975,0.3906869999999998,0.9375667999999999,0.530612000000005,0.6318260000000002,0.15073800000000404,0.2677329999999998
62,0.09725300000000203,0.21346500000000113,0.2697580999999998,0.134701999999999,0.2693303,0.15804719999999994,0.2533929999999991,0.290737,0.9691849999999995,0.6501499999999965,0.2680600000000055,0.44583000000000084,0.46319700000000097,1.0092556000000004,0.43657800000001146,0.667425999999999,0.1600570000000019,0.33110099999999676
63,0.07740500000000239,0.18787999999999982,0.21972069999999988,0.11133399999999938,0.22024630000000123,0.13360439999999985,0.19319699999999784,0.2193900000000042,0.7236820000000002,0.4893199999999922,0.211190000000002,0.3643769999999975,0.32452400000000026,0.8349266000000002,0.4465760000000074,0.5746690000000001,0.13811000000000462,0.24561299999999875
64,0.10202800000000067,0.26172099999999965,0.2853468000000001,0.14452200000000026,0.2904762999999999,0.16050889999999995,0.30818499999999815,0.25523300000000404,0.9487379999999987,0.6681700000000035,0.32701000000000136,0.5910669999999989,0.5984520000000018,1.1336146999999999,0.8321750000000065,0.7927320000000009,0.15269599999999883,0.24879200000000168
65,0.1261560000000017,0.29865400000000086,0.33723029999999987,0.17015899999999995,0.3472603000000003,0.19125019999999981,0.3255790000000012,0.34600800000000476,1.1497379999999993,0.7617599999999811,0.33073000000000263,0.5262399999999978,0.4599379999999975,1.1957750999999996,0.6480350000000072,0.8166730000000015,0.19079200000000185,0.3853329999999957
66,0.10858600000000251,0.2865929999999999,0.3094545000000002,0.15296500000000002,0.3097543000000016,0.17129400000000006,0.26963399999999993,0.2694660000000013,0.946988000000001,0.6209599999999966,0.24232000000000653,0.4315599999999975,0.3834579999999974,0.9472719999999999,0.5857359999999971,0.7128920000000001,0.16048400000000385,0.3183089999999993
67,0.11144800000000288,0.26916600000000024,0.30367500000000014,0.15272799999999975,0.31050930000000143,0.1742140000000001,0.28587500000000077,0.2997360000000029,1.020789999999998,0.6822099999999978,0.295029999999997,0.48437099999999944,0.3842339999999993,1.0795940000000002,0.5933940000000035,0.7321090000000012,0.16880600000000356,0.3457250000000016
68,0.10670700000000011,0.25116799999999984,0.2863971999999997,0.1429949999999991,0.29090030000000056,0.16468630000000006,0.2672559999999997,0.2785070000000047,0.9477569999999993,0.6339999999999861,0.27451000000000647,0.421288999999998,0.372363,1.0121936000000007,0.5563319999999976,0.6779100000000007,0.17040700000000442,0.31550299999999964
69,0.10988900000000257,0.24825799999999987,0.2852927999999997,0.14630299999999963,0.2924913,0.1685897999999999,0.26457500000000067,0.28878600000000176,0.9716379999999987,0.6614500000000021,0.28940000000000055,0.4738599999999984,0.45329500000000067,1.1189467000000004,0.5842119999999937,0.7247549999999983,0.16854899999999873,0.32172699999999566
70,0.0968250000000026,0.23157300000000092,0.2824730999999998,0.13751800000000003,0.2695003000000007,0.15685249999999984,0.2627839999999999,0.24001000000000516,0.8969670000000001,0.6230999999999938,0.2959500000000048,0.584733,0.5835679999999996,1.1268874000000002,0.6581050000000062,0.7649950000000025,0.16579399999999822,0.24589199999999778
71,-9.9999e+98,0.10630900000000132,0.1901843999999997,0.0827429999999989,0.15183130000000133,0.1029665999999998,0.14389699999999905,0.18602900000000488,0.6528029999999987,0.4802999999999997,0.19625999999999522,0.3414900000000003,0.34278099999999867,0.7218346999999996,0.27302600000000155,0.4117020000000018,0.09965799999999803,0.23983499999999935
72,0.06069600000000008,0.14732000000000056,0.1780159999999995,0.08868000000000009,0.17644630000000028,0.11063720000000021,0.1604600000000005,0.17330199999999962,0.6115639999999978,0.4164600000000007,0.1733300000000071,0.31152600000000064,0.23241099999999904,0.6540887,0.3713520000000017,0.44736699999999985,0.11023200000000344,0.22547999999999746
73,0.06745700000000099,0.14490300000000111,0.23136590000000012,0.09663100000000036,0.17759930000000068,0.1192359999999999,0.16536199999999823,0.22418900000000264,0.7631239999999977,0.5498199999999827,0.22149000000000285,0.3702679999999994,0.41550900000000013,0.8088260000000003,0.3235339999999951,0.4981429999999989,0.1135319999999993,0.26906999999999925
74,0.10911100000000218,0.247656000000001,0.2908881000000001,0.14705999999999975,0.29729830000000135,0.1692353999999998,0.2723659999999981,0.2927800000000005,0.9863900000000001,0.6634799999999927,0.2856400000000008,0.45348599999999806,0.46616500000000016,1.0752276000000007,0.5704799999999892,0.7015319999999967,0.16341100000000353,0.32594499999999726
75,0.049175000000001745,0.13418799999999997,0.17439360000000015,0.08627199999999924,0.1713263000000005,0.1078323000000001,0.16299199999999914,0.179269000000005,0.6323690000000006,0.4406799999999862,0.17086000000000467,0.30896100000000004,0.22862199999999788,0.6032264999999999,0.3329750000000047,0.42792299999999983,0.10788200000000359,0.23783199999999738
76,0.1096180000000011,0.26153400000000104,0.29303990000000013,0.14507000000000048,0.2975293000000008,0.16597540000000022,0.2767710000000001,0.28026700000000204,0.9642130000000009,0.6393099999999947,0.27240000000000464,0.44565700000000064,0.3470829999999978,0.9855292999999996,0.555655999999999,0.6675380000000004,0.16901299999999964,0.3305739999999986
77,0.12001300000000015,0.2826190000000004,0.3071571999999998,0.15403500000000037,0.31291630000000126,0.1731351000000001,0.29448899999999867,0.2640000000000029,0.9293459999999989,0.6666799999999853,0.3233199999999954,0.49108099999999766,0.5308649999999986,1.1012237999999996,0.6833489999999927,0.7555459999999989,0.18460100000000068,0.2865059999999957
78,-9.9999e+98,0.10416500000000006,0.14555899999999955,0.06919899999999934,0.1355833000000004,0.08820970000000017,0.13063299999999956,0.11679399999999873,0.5053090000000005,0.35208000000000084,0.14121000000000095,0.26268699999999967,0.19830100000000073,0.48676659999999927,0.2657650000000018,0.291167999999999,0.05100500000000352,0.19121599999999717
79,0.11833900000000241,0.26162000000000063,0.2996774999999996,0.15259599999999907,0.3072353000000003,0.17394359999999986,0.2806290000000011,0.29250100000000145,0.977726999999998,0.6746799999999951,0.30973000000000184,0.48768799999999857,0.4855149999999995,1.1498870000000005,0.6458879999999994,0.7564980000000006,0.16987100000000055,0.31544199999999734
80,0.0782170000000022,0.19080300000000072,0.24079460000000008,0.11914099999999905,0.2340433000000015,0.14297480000000018,0.2077770000000001,0.24500900000000314,0.8310679999999984,0.5610700000000008,0.22785000000000366,0.39750199999999936,0.3666070000000019,0.9132987000000004,0.4427949999999896,0.6048390000000019,0.1459600000000023,0.2808339999999987
81,0.09338600000000241,0.22651300000000063,0.26740679999999983,0.13345299999999938,0.26594930000000083,0.15602850000000013,0.25401899999999955,0.28509900000000243,0.9873349999999981,0.6833999999999776,0.26394000000000517,0.4650320000000008,0.45278399999999763,0.9086563999999999,0.43230699999999445,0.6582660000000011,0.15921900000000022,0.3461009999999973
82,0.09427300000000116,0.22099900000000083,0.2693177999999996,0.13157200000000024,0.2619012999999999,0.1542802000000001,0.24917100000000048,0.28502800000000406,0.968630000000001,0.6659899999999936,0.2613900000000058,0.45331799999999944,0.47057000000000215,0.9169282999999995,0.4267509999999959,0.6522560000000013,0.15574399999999855,0.33587099999999737
83,0.1002090000000031,0.22783900000000123,0.26390909999999934,0.13324099999999994,0.2697503000000001,0.1564618000000002,0.24727499999999836,0.265381000000005,0.899919999999998,0.603999999999985,0.26776999999999873,0.4144529999999982,0.3765199999999993,0.9840061000000002,0.5103849999999994,0.6480530000000009,0.1617260000000016,0.30247099999999705
84,0.09223100000000173,0.2230129999999999,0.25408719999999985,0.12957999999999892,0.2599473000000003,0.15322060000000004,0.24018900000000087,0.2712190000000021,0.9105460000000001,0.6100099999999884,0.25641000000000247,0.41397500000000065,0.3893449999999987,0.9852286999999995,0.4553580000000039,0.6366639999999997,0.15413600000000116,0.310099000000001
85,0.10082500000000039,0.2324110000000008,0.2721954999999996,0.139168999999999,0.27922329999999995,0.16237520000000005,0.25427900000000037,0.2794370000000015,0.9600970000000011,0.6450499999999977,0.2759800000000041,0.44115700000000047,0.42689900000000236,1.0560960999999995,0.5148949999999957,0.6781380000000006,0.16789700000000352,0.3274249999999981
86,0.07040600000000197,0.1503370000000004,0.2065595,0.09860299999999889,0.19181630000000105,0.1220211,0.18015000000000114,0.2155920000000009,0.7545169999999999,0.5363699999999767,0.2121800000000036,0.35020000000000095,0.2909870000000012,0.7290431999999996,0.3750089999999915,0.5074210000000008,0.12058400000000091,0.2759929999999997
87,0.10082099999999983,0.23496399999999973,0.27193999999999985,0.13988099999999903,0.278023300000001,0.1630045,0.24834299999999843,0.2836720000000028,0.9498669999999976,0.6410799999999881,0.2698600000000084,0.45157899999999884,0.42554799999999915,1.0727108000000003,0.5166159999999991,0.6904229999999991,0.16322200000000464,0.3148270000000011
88,0.07470200000000204,0.17653300000000094,0.213546,0.10804399999999958,0.21509029999999996,0.13146710000000006,0.19658799999999843,0.2277480000000054,0.7595479999999988,0.5153099999999995,0.212530000000001,0.37915100000000024,0.28928200000000004,0.8024892999999995,0.4163589999999999,0.5353579999999987,0.13362200000000257,0.26860099999999676
89,0.10898800000000008,0.25085400000000035,0.286848,0.14509299999999925,0.2920923000000002,0.16663760000000005,0.26542200000000093,0.28040200000000226,0.9472920000000009,0.6428599999999847,0.28012999999999977,0.44684799999999925,0.41687299999999894,1.0602807999999992,0.5815709999999967,0.7110850000000006,0.17080899999999843,0.31139299999999537
90,0.10204099999999983,0.2449469999999998,0.27471339999999955,0.14134099999999883,0.2773223000000016,0.16275759999999995,0.23572599999999966,0.2673040000000029,0.9003489999999985,0.6046599999999955,0.2600400000000036,0.4715159999999976,0.4417580000000001,1.0602210000000003,0.5451210000000088,0.7224409999999999,0.16287499999999966,0.2825909999999965
91,0.11215400000000031,0.2765959999999996,0.29896619999999974,0.14931499999999964,0.30050230000000155,0.1672962,0.2723259999999996,0.24478100000000325,0.8808799999999977,0.6071399999999869,0.28239999999999554,0.46982399999999913,0.47835800000000006,0.9964202000000002,0.6488470000000035,0.7367099999999986,0.17810300000000012,0.2719799999999992
92,0.08118600000000242,0.21364600000000067,0.23826219999999942,0.11927200000000049,0.23486130000000038,0.14336890000000002,0.22080499999999859,0.2556119999999993,0.9002869999999987,0.6287499999999966,0.2389399999999995,0.4073840000000004,0.345834,0.8324418000000002,0.42242099999999994,0.6024230000000017,0.14264700000000374,0.322499999999998
93,0.1056910000000002,0.2566450000000007,0.2908216000000001,0.14716400000000007,0.29737530000000056,0.1691278999999999,0.2721549999999979,0.29776199999999875,0.9993529999999993,0.6696799999999996,0.28494000000000597,0.4471919999999976,0.37196400000000196,1.0659128999999998,0.5501979999999946,0.7151059999999987,0.17022899999999908,0.3423000000000016
94,0.07465900000000047,0.1603349999999999,0.21749689999999955,0.10282899999999984,0.20275029999999994,0.12641139999999984,0.19024999999999892,0.2259379999999993,0.7587599999999988,0.5203199999999981,0.20350000000000534,0.35982299999999867,0.3091550000000005,0.7631025999999999,0.37007900000000404,0.5197749999999992,0.12626300000000157,0.27222899999999584
95,0.12209100000000106,0.2959720000000008,0.310937,0.15803599999999918,0.3133353000000003,0.1798997,0.27637499999999804,0.3194960000000009,1.0561809999999987,0.7086499999999774,0.3002400000000023,0.521411999999998,0.5499599999999987,1.1712093000000001,0.6057229999999976,0.7766559999999991,0.17644100000000407,0.33746999999999616
96,0.10538600000000287,0.25454500000000024,0.28530509999999953,0.1417509999999993,0.28934430000000155,0.1626859999999999,0.2680410000000002,0.26161100000000204,0.894448999999998,0.6083699999999794,0.2794899999999956,0.46097699999999975,0.41366000000000014,1.0124119,0.6136979999999994,0.6845199999999991,0.16878400000000227,0.29927299999999946
97,0.11050499999999985,0.25811200000000056,0.29524799999999995,0.15104900000000043,0.30196930000000144,0.1729466999999998,0.2717020000000012,0.30786700000000167,1.029240999999999,0.6922599999999761,0.28636000000000195,0.4690519999999978,0.45847399999999894,1.1255161000000005,0.5483700000000056,0.7317119999999981,0.17237300000000033,0.34064999999999657
98,0.13994300000000237,0.3637379999999997,0.37917989999999957,0.1899129999999989,0.3886783000000005,0.20599619999999996,0.3814700000000002,0.3225010000000026,1.122605,0.8200499999999806,0.39507000000000403,0.5578179999999975,0.6900019999999998,1.2160262,0.8647030000000058,0.8452309999999983,0.17778600000000466,0.3147459999999995
99,0.1289490000000022,0.32125500000000073,0.3370635000000002,0.1737459999999995,0.34851730000000103,0.1958947000000002,0.3212229999999998,0.3404560000000032,1.1294709999999988,0.8048499999999876,0.38568999999999676,0.6153480000000009,0.7071719999999999,1.3655320999999994,0.7690359999999998,0.8452540000000006,0.18440000000000367,0.343831999999999
100,0.014287000000003047,0.11875500000000017,0.1841254000000001,0.08397100000000002,0.1604763000000009,0.10551900000000014,0.1504589999999979,0.18401599999999974,0.6426109999999987,0.4544699999999864,0.17517000000000849,0.31717300000000037,0.2860730000000018,0.6718508000000005,0.3156800000000004,0.4152640000000005,0.1046440000000004,0.23824599999999663
101,0.12311300000000003,0.29720800000000125,0.3261022999999996,0.16295399999999916,0.3325673000000009,0.18319509999999983,0.31038699999999864,0.29958500000000043,1.0064069999999994,0.6951899999999966,0.32484999999999786,0.48009099999999805,0.5203779999999973,1.1465085999999998,0.6976379999999978,0.7605599999999981,0.18368300000000204,0.3184320000000014
102,-9.9999e+98,0.10691300000000048,0.15197109999999991,0.0746380000000002,0.1391283000000012,0.0943719999999999,0.12907200000000074,0.14626400000000217,0.5633990000000004,0.40032999999999674,0.15596000000000743,0.27849900000000005,0.2361969999999971,0.5964265000000006,0.3110190000000017,0.36113900000000143,0.05733500000000191,0.20895000000000152
103,0.11399000000000115,0.28129200000000054,0.30980779999999974,0.15359199999999973,0.30439730000000154,0.17617459999999996,0.275189000000001,0.32413300000000334,1.0848319999999987,0.7283799999999871,0.2959199999999953,0.49697399999999803,0.5474429999999977,1.1559351999999992,0.5295249999999925,0.7574159999999992,0.17636200000000457,0.36249499999999557
104,0.11137100000000189,0.29126399999999997,0.3094539999999997,0.15264099999999914,0.31202030000000036,0.1689440000000002,0.3029049999999991,0.23503900000000044,0.8770749999999978,0.6270799999999781,0.2971900000000005,0.4594099999999983,0.47618500000000097,0.9739022999999998,0.6922119999999978,0.7191829999999975,0.1643100000000004,0.24810899999999947
105,0.07982000000000156,0.19250800000000012,0.23835739999999994,0.11764599999999881,0.23115230000000153,0.1416271,0.21077899999999872,0.2524440000000041,0.8746039999999979,0.60745,0.23778000000000077,0.3847629999999995,0.34869799999999884,0.8096300000000003,0.42119000000000995,0.5922540000000005,0.13970300000000435,0.3118259999999964
106,0.11108899999999977,0.2582090000000008,0.2917877999999998,0.1487639999999999,0.29809529999999995,0.17032110000000023,0.2693860000000008,0.28943000000000296,0.9689990000000002,0.6610099999999761,0.2914700000000039,0.4725839999999977,0.44725000000000037,1.1050312,0.6083380000000034,0.7420550000000006,0.16430000000000433,0.31525299999999845
107,0.08077300000000065,0.20364200000000032,0.23391269999999942,0.1168969999999998,0.2366703000000001,0.1398275,0.2206489999999981,0.23228800000000405,0.8096730000000001,0.5433799999999849,0.22767000000000337,0.3925149999999995,0.29000699999999924,0.8433676000000006,0.4378410000000059,0.5694820000000007,0.14419800000000293,0.282629
108,0.11304499999999962,0.27717800000000103,0.3115186999999997,0.15463199999999944,0.3169043000000009,0.1752091,0.2974199999999989,0.29568499999999887,1.0367989999999985,0.6870299999999929,0.28614000000000317,0.4711219999999976,0.36805800000000133,1.0425006000000003,0.5905900000000059,0.7235250000000022,0.17453100000000177,0.3545219999999958
109,0.11796800000000118,0.2796130000000012,0.3091495999999996,0.1542399999999997,0.3148243000000015,0.1748685000000001,0.2931589999999993,0.27825700000000353,0.9615179999999981,0.6609399999999823,0.3059599999999989,0.45582100000000025,0.4791610000000013,1.0994086999999997,0.6537079999999946,0.7224520000000005,0.1736800000000045,0.3089650000000006
110,0.11671300000000073,0.2806730000000002,0.30540579999999995,0.15575899999999976,0.31227230000000006,0.17739450000000012,0.28610399999999814,0.3285620000000051,1.0982020000000006,0.7385299999999972,0.2908400000000029,0.4710250000000009,0.467098,1.1036863000000006,0.5326909999999998,0.7542860000000005,0.17820999999999998,0.3716049999999953
111,0.10281800000000274,0.22530800000000006,0.2733375999999996,0.13794299999999993,0.2798103000000012,0.16033799999999987,0.2661119999999997,0.28321900000000255,0.9604029999999995,0.636179999999996,0.2741500000000059,0.4514250000000004,0.4533379999999987,1.0001920999999996,0.4859600000000057,0.6666039999999995,0.16048899999999833,0.3209289999999996
112,0.10689400000000049,0.25588800000000056,0.29375969999999985,0.14840099999999978,0.3008873000000012,0.1701429000000001,0.28009600000000034,0.30058700000000016,1.0260110000000005,0.683339999999987,0.2850999999999999,0.452418999999999,0.4062650000000012,1.0657491000000006,0.5347739999999988,0.7148249999999976,0.17222800000000404,0.34964000000000084
113,0.10629700000000142,0.25148100000000007,0.2906569000000001,0.1438410000000001,0.2949603000000014,0.16446760000000005,0.2822059999999986,0.28038899999999956,0.9810119999999998,0.6494999999999891,0.2706699999999955,0.4554979999999986,0.34106599999999787,0.9644295000000005,0.5189150000000069,0.6763499999999993,0.1676130000000029,0.339070999999997
114,0.07557200000000108,0.1839820000000003,0.21995689999999968,0.11056999999999917,0.22139630000000032,0.13366450000000007,0.200213999999999,0.2282640000000029,0.7543559999999978,0.5100799999999879,0.21429000000000542,0.3526549999999986,0.2885019999999976,0.8202733999999996,0.4256029999999953,0.5497649999999972,0.1362450000000024,0.26273700000000133
115,0.07357999999999976,0.16363500000000109,0.22411529999999935,0.10441900000000004,0.20211429999999986,0.12799270000000007,0.1784700000000008,0.22627800000000065,0.7464720000000007,0.5090699999999799,0.19195000000000562,0.3483959999999975,0.3314640000000004,0.798591,0.4074989999999872,0.5402969999999989,0.12717400000000367,0.2604989999999958
116,0.06721399999999988,0.14410600000000073,0.21621669999999948,0.09660500000000027,0.1843073000000004,0.11988360000000009,0.17230599999999896,0.21884299999999968,0.7499549999999999,0.5342599999999891,0.21357000000000426,0.3556519999999992,0.334070999999998,0.7681298999999999,0.34930599999999856,0.4956010000000006,0.11729600000000318,0.27141900000000163
117,0.09192900000000037,0.21692,0.26311139999999966,0.13066500000000048,0.2582433000000002,0.15409499999999987,0.22963400000000078,0.2619180000000014,0.892440999999998,0.6036299999999812,0.25238000000000227,0.42712900000000076,0.41900599999999955,1.0148738999999996,0.47768900000001224,0.6567989999999995,0.15486899999999792,0.2938839999999985
118,0.12427900000000136,0.29265900000000045,0.32299719999999965,0.1614760000000004,0.3302313000000012,0.18225330000000017,0.31057699999999855,0.3048789999999997,1.0214929999999995,0.6916999999999973,0.3156500000000051,0.5102340000000005,0.46506199999999964,1.1431934000000004,0.6967750000000024,0.7644780000000004,0.18137000000000114,0.3366359999999986
119,0.08080200000000204,0.17853100000000133,0.23235660000000014,0.11456399999999967,0.2276643000000007,0.1384504999999998,0.21057499999999862,0.23757400000000217,0.8261269999999996,0.5584099999999808,0.22588000000000363,0.383227999999999,0.35236400000000145,0.8697789,0.4005300000000034,0.5714749999999995,0.14193300000000164,0.2852979999999974
120,0.07028900000000249,0.15394500000000022,0.2399766999999997,0.1023619999999994,0.19591630000000038,0.1260473000000002,0.17539599999999922,0.2290789999999987,0.7364859999999993,0.4996699999999805,0.211749999999995,0.3762429999999988,0.41108799999999945,0.8480116000000004,0.37369599999999537,0.5114300000000007,0.12499900000000252,0.2514409999999998
121,0.09729600000000005,0.25749900000000103,0.2803490999999996,0.13846200000000053,0.2806533000000009,0.15832930000000012,0.24988799999999856,0.25391000000000474,0.8926610000000004,0.5899000000000001,0.22552000000000305,0.40324000000000026,0.34719300000000075,0.8920003000000003,0.5186680000000052,0.6587129999999988,0.16053600000000046,0.3068150000000003
122,0.09110300000000038,0.2386879999999998,0.2615071999999996,0.1282300000000003,0.2628773000000013,0.14966539999999995,0.24426599999999965,0.22801700000000125,0.8061849999999993,0.5462499999999864,0.2457600000000042,0.4031649999999978,0.3509019999999978,0.8942448999999995,0.5434199999999976,0.5958989999999993,0.15136499999999842,0.2726029999999966
123,0.0992910000000009,0.2340119999999999,0.2714312999999997,0.13522999999999996,0.27597629999999995,0.15725180000000005,0.25847599999999815,0.26738399999999984,0.9172939999999983,0.6103999999999985,0.25985000000000014,0.4356240000000007,0.3205600000000004,0.9541156000000006,0.51025700000001,0.6453130000000016,0.15822400000000414,0.3119230000000002
124,0.1124609999999997,0.27678900000000084,0.30900709999999965,0.15515899999999938,0.31274230000000003,0.1754169000000001,0.280777999999998,0.29559300000000377,1.0051999999999985,0.672789999999992,0.2807899999999961,0.4549219999999998,0.4042369999999984,1.0646003000000004,0.5929000000000002,0.7528679999999994,0.17783299999999969,0.328758999999998
125,0.07748800000000244,0.17730200000000096,0.22381259999999958,0.11073700000000031,0.2202763000000001,0.13459649999999979,0.20096900000000062,0.23093800000000186,0.7810369999999978,0.5270299999999963,0.22141999999999484,0.37013999999999925,0.3331610000000005,0.8507911000000004,0.40456199999999853,0.5460760000000029,0.1368799999999979,0.2731980000000007
126,0.11281300000000272,0.2787760000000006,0.3033060000000001,0.15187099999999987,0.30089330000000025,0.1746884999999998,0.2730150000000009,0.3238109999999992,1.0782419999999995,0.7247299999999939,0.2953200000000038,0.49481799999999865,0.5343030000000013,1.1432726000000004,0.5241570000000024,0.7518390000000004,0.17565199999999948,0.36414299999999855
127,0.07194800000000257,0.17397700000000071,0.21500770000000013,0.1080729999999992,0.2160143000000012,0.13120880000000001,0.2035589999999985,0.230279000000003,0.7817049999999988,0.5346600000000024,0.2100499999999954,0.37738999999999834,0.28699999999999903,0.7821246000000004,0.40232699999999966,0.5429329999999979,0.1356099999999998,0.2828129999999973
128,0.08475800000000078,0.22098800000000018,0.24566209999999966,0.12542700000000018,0.24680230000000059,0.1481275000000002,0.2102240000000002,0.2509769999999989,0.850128999999999,0.5629299999999944,0.2017500000000041,0.38465799999999817,0.33564600000000056,0.8898505999999999,0.47848199999999963,0.6292660000000012,0.1485839999999996,0.28558900000000165
129,0.09815299999999993,0.23928300000000036,0.27221289999999954,0.13637299999999897,0.2747243000000008,0.1585504000000002,0.2601389999999988,0.2841280000000026,0.9977160000000005,0.6967099999999959,0.26757999999999527,0.42033400000000043,0.28539599999999865,0.8887664999999996,0.49102099999998927,0.6568709999999989,0.16255100000000056,0.35761999999999716
130,0.11783000000000143,0.2788060000000012,0.31437449999999956,0.15852299999999886,0.3216873000000007,0.17994619999999983,0.2953639999999993,0.31284899999999993,1.0472019999999986,0.7019599999999855,0.3098800000000068,0.4968989999999991,0.4129770000000015,1.1274588999999997,0.6322980000000058,0.7570099999999975,0.18355000000000388,0.3489629999999977
131,0.12192600000000198,0.2853279999999998,0.3200972999999996,0.1623000000000001,0.32477730000000093,0.1821902999999998,0.28526199999999946,0.3058019999999999,1.044201000000001,0.6922399999999982,0.2792100000000062,0.4809659999999987,0.44035000000000224,1.1251217000000002,0.6081550000000107,0.7892180000000018,0.17803500000000128,0.3345330000000004
132,0.09714699999999965,0.23946100000000037,0.2714641999999996,0.13541500000000006,0.274166300000001,0.15741629999999995,0.2495599999999989,0.26057200000000336,0.9022259999999989,0.6058400000000006,0.2553099999999944,0.4319109999999995,0.33309500000000014,0.958272,0.518488000000005,0.6494309999999999,0.15915499999999838,0.30922199999999833
133,0.09234500000000168,0.20844899999999988,0.2550454999999996,0.12820499999999946,0.25749129999999987,0.1512338999999998,0.2439700000000009,0.27113400000000354,0.9233559999999983,0.6221699999999828,0.25086000000000297,0.4243859999999984,0.3974550000000008,0.9314877999999993,0.41468400000000827,0.6342779999999983,0.15314200000000255,0.32168399999999764
134,0.12533600000000078,0.32462199999999974,0.3530311999999993,0.17465200000000003,0.3572293000000002,0.19314920000000013,0.33030000000000115,0.32569200000000365,1.104140000000001,0.733809999999977,0.30701000000000533,0.4989719999999984,0.42889299999999864,1.1202915000000004,0.7025519999999972,0.795659999999998,0.17967500000000314,0.3622389999999953
135,0.09671100000000266,0.2315290000000001,0.2662711,0.1341190000000001,0.26974430000000105,0.1567470000000002,0.24692599999999842,0.2702950000000044,0.9323639999999997,0.6283799999999928,0.25446999999999775,0.43815099999999774,0.3112940000000002,0.9576263999999997,0.4947509999999937,0.6599550000000001,0.16041799999999995,0.32723699999999667
136,0.11400900000000291,0.2669270000000008,0.302543,0.15366999999999997,0.30901630000000146,0.17513239999999985,0.2797319999999992,0.3122800000000012,1.0322320000000005,0.692799999999977,0.2904699999999991,0.4647149999999982,0.405107000000001,1.1100546000000007,0.5748470000000054,0.7419590000000014,0.17596800000000457,0.34138699999999744
137,0.1004610000000028,0.23672100000000107,0.27714149999999993,0.14028899999999922,0.28117330000000074,0.16259880000000004,0.26096899999999934,0.28944299999999856,1.005161000000001,0.6825699999999983,0.25867999999999824,0.4312599999999982,0.36767099999999786,0.9611942000000004,0.48093400000000486,0.6875149999999977,0.17001600000000394,0.35407299999999964
138,0.1004610000000028,0.23672100000000107,0.27714149999999993,0.14028899999999922,0.28117330000000074,0.16259880000000004,0.26096899999999934,0.28944299999999856,1.005161000000001,0.6825699999999983,0.25867999999999824,0.4312599999999982,0.36767099999999786,0.9611942000000004,0.48093400000000486,0.6875149999999977,0.17001600000000394,0.35407299999999964
139,0.09301400000000015,0.2288420000000002,0.2567408999999996,0.13017900000000004,0.2594992999999999,0.1524418999999999,0.23025699999999816,0.24976500000000357,0.8418279999999996,0.5703199999999811,0.24662000000000717,0.415932999999999,0.3778959999999998,0.9694079999999996,0.5176179999999988,0.661366000000001,0.15331799999999873,0.2802250000000015
140,0.09089900000000029,0.23917199999999994,0.2643380999999998,0.12997299999999967,0.2640363000000008,0.1506816999999998,0.23928300000000036,0.23931100000000072,0.8528649999999978,0.5702299999999809,0.22057999999999822,0.381335,0.31388199999999955,0.8357799000000004,0.4925410000000028,0.6142269999999996,0.1475550000000041,0.2976069999999993
141,0.10532600000000159,0.24140799999999984,0.2803230000000001,0.14270600000000044,0.28724030000000056,0.16546919999999998,0.26281099999999924,0.2813300000000041,0.9541029999999999,0.6486899999999878,0.2840500000000077,0.4546290000000006,0.4730659999999993,1.0845716000000003,0.5741780000000034,0.6904740000000018,0.17173800000000483,0.31042599999999965
142,0.05773900000000154,0.1315059999999999,0.1890400999999997,0.08857099999999996,0.17319130000000094,0.11117219999999994,0.1583369999999995,0.19150300000000442,0.6355660000000007,0.43146999999999025,0.18307000000000073,0.31678600000000046,0.2956140000000005,0.7062036999999997,0.3283750000000083,0.43780399999999986,0.11143299999999812,0.22864299999999815
143,0.07854600000000289,0.18268100000000054,0.22690319999999975,0.11416299999999957,0.22571330000000067,0.1379847999999999,0.20850499999999883,0.2511920000000032,0.8334519999999976,0.5718599999999867,0.21577000000000623,0.3748749999999994,0.31945400000000035,0.8148800999999999,0.4163169999999923,0.5687169999999995,0.14178000000000424,0.295105999999997
144,0.08540100000000095,0.1876899999999999,0.2398036999999995,0.1203019999999988,0.23859830000000137,0.1443213000000001,0.2202750000000009,0.2527210000000011,0.8593779999999995,0.5795499999999834,0.24402000000000612,0.40836699999999837,0.3851949999999995,0.9328123999999995,0.4254710000000017,0.6013510000000011,0.14724199999999854,0.2944359999999975
145,0.11147100000000165,0.2674120000000002,0.2977488999999993,0.15048299999999948,0.30117430000000134,0.1711315,0.26736100000000107,0.306752000000003,1.0365259999999985,0.6875100000000032,0.24996000000000151,0.44521100000000047,0.4083560000000013,1.0455117999999999,0.5013199999999927,0.7206019999999995,0.1767240000000001,0.3541359999999969
146,0.11875300000000166,0.2743140000000004,0.3061387999999994,0.15482499999999888,0.31440730000000094,0.17675229999999997,0.28935599999999795,0.3048610000000025,1.029758000000001,0.6906199999999956,0.3105199999999968,0.4953259999999986,0.413018000000001,1.1277366999999998,0.6203289999999981,0.7431010000000029,0.17026900000000467,0.3443940000000012
147,0.09272200000000197,0.22236600000000095,0.25722109999999976,0.1296129999999991,0.2617333000000013,0.15271729999999994,0.2395959999999988,0.25867500000000376,0.8883690000000009,0.596919999999983,0.25969999999999516,0.42202299999999937,0.32452400000000026,0.9560760000000004,0.4793470000000042,0.6373710000000017,0.1545109999999994,0.30516899999999936
148,0.07425500000000085,0.16708600000000118,0.21309120000000004,0.10516999999999932,0.2087393000000013,0.12875840000000016,0.19652899999999818,0.2233060000000009,0.7730290000000011,0.5308799999999962,0.20731999999999573,0.3773230000000005,0.2943320000000007,0.7665458000000003,0.3860870000000034,0.5264130000000016,0.1312730000000002,0.2795330000000007
149,0.082175000000003,0.21253800000000034,0.2371428,0.12159100000000045,0.23619330000000005,0.14099379999999995,0.21621299999999977,0.2182900000000032,0.751297000000001,0.5094299999999805,0.23255000000000337,0.45582100000000025,0.4126310000000011,0.9088456000000003,0.494023999999996,0.6783339999999995,0.14273000000000025,0.21491400000000027
150,0.08544700000000205,0.22185600000000072,0.24373199999999962,0.12222299999999997,0.24306630000000062,0.14359840000000013,0.21084000000000103,0.22744399999999843,0.7713029999999996,0.519929999999988,0.22120999999999924,0.38085399999999936,0.3562839999999987,0.8708391999999998,0.48152999999999224,0.6254370000000016,0.1435510000000022,0.26080400000000026
151,0.09398200000000045,0.23836000000000013,0.2684349999999993,0.13338300000000025,0.27024130000000035,0.15515020000000002,0.24534200000000084,0.2543890000000033,0.8794949999999986,0.5904500000000041,0.25092999999999677,0.42184199999999805,0.33710299999999904,0.9316187000000005,0.510508999999999,0.6381969999999981,0.15811700000000428,0.30112700000000103
152,0.12575200000000208,0.3205140000000011,0.3521592,0.17415499999999895,0.3593243000000008,0.19375069999999983,0.3532890000000002,0.32645800000000236,1.0915479999999995,0.7236199999999826,0.32518000000000313,0.5088219999999986,0.46294599999999875,1.1468370000000006,0.7334490000000073,0.7838379999999994,0.19742800000000216,0.35567199999999843
153,0.11513500000000221,0.27824700000000036,0.3026831999999997,0.15499200000000002,0.3092283000000009,0.17635379999999978,0.27626300000000015,0.3187910000000045,1.0699199999999998,0.7145599999999774,0.28073999999999444,0.478707,0.4913190000000007,1.1252208999999995,0.5243549999999999,0.7442400000000013,0.17128300000000252,0.35954799999999665
154,0.07464799999999983,0.16268100000000096,0.24160899999999952,0.10703099999999921,0.20586630000000028,0.13080049999999988,0.18228699999999876,0.23195900000000336,0.7752130000000008,0.5287500000000023,0.20235999999999876,0.3669620000000009,0.3844890000000021,0.8250085,0.4005159999999961,0.5510920000000006,0.12762100000000487,0.26398799999999767
155,0.10443700000000078,0.2469380000000001,0.2820518999999999,0.14091400000000043,0.2859613000000003,0.16252349999999982,0.26159999999999783,0.27476000000000056,0.9346719999999991,0.6269599999999969,0.27261000000000024,0.44162000000000035,0.3561310000000013,1.0005702000000003,0.554583000000008,0.6697020000000009,0.1667320000000032,0.313288
156,0.062445000000000306,0.13991500000000023,0.1800366999999996,0.09001899999999985,0.1778903000000014,0.1123877000000002,0.16854499999999817,0.19818100000000527,0.6775579999999977,0.47912999999999784,0.18394999999999584,0.31700899999999876,0.2493060000000007,0.6339692999999995,0.3496319999999997,0.45288599999999946,0.11264200000000102,0.2533559999999966
157,0.09350099999999983,0.23692400000000013,0.2670583999999998,0.13264199999999882,0.2683762999999999,0.15425639999999996,0.24273600000000073,0.25012100000000004,0.8833370000000009,0.5922400000000039,0.23774000000000228,0.41278299999999746,0.32634200000000035,0.9045199999999998,0.5039639999999963,0.634877999999997,0.1535039999999981,0.30679800000000057
158,0.13080100000000172,0.31680000000000064,0.3587045999999994,0.18100699999999925,0.3699513000000003,0.20168980000000003,0.35957300000000103,0.3698450000000051,1.1577959999999976,0.7857300000000009,0.35147999999999513,0.5842980000000004,0.5628580000000021,1.2385885000000005,0.7455259999999981,0.837415,0.19139499999999998,0.3632089999999977
159,0.13080100000000172,0.31680000000000064,0.3587045999999994,0.18100699999999925,0.3699513000000003,0.20168980000000003,0.35957300000000103,0.3698450000000051,1.1577959999999976,0.7857300000000009,0.35147999999999513,0.5842980000000004,0.5628580000000021,1.2385885000000005,0.7455259999999981,0.837415,0.19139499999999998,0.3632089999999977
160,0.07139300000000048,0.15708500000000036,0.1931358999999997,0.09755000000000003,0.1925333000000009,0.12011899999999986,0.17217600000000033,0.19859300000000246,0.6658039999999978,0.452699999999993,0.18722999999999956,0.3258189999999992,0.27343899999999977,0.7402971000000003,0.39883199999999874,0.5001010000000008,0.12194800000000328,0.23551199999999994
161,0.11131600000000219,0.2674690000000002,0.30342109999999956,0.1527200000000004,0.30864530000000023,0.17369440000000003,0.28348399999999785,0.3021230000000017,1.0444999999999993,0.699719999999985,0.2841800000000063,0.4792400000000008,0.3576250000000023,1.0772250999999997,0.5562620000000038,0.7374909999999986,0.1755369999999985,0.3643339999999995
162,0.12274800000000141,0.30262800000000034,0.33408319999999936,0.1671289999999992,0.33653830000000085,0.18550509999999987,0.2910180000000011,0.3078429999999983,1.0666919999999998,0.6914500000000032,0.25007999999999697,0.4409220000000005,0.4154630000000026,1.0610945000000003,0.5947480000000098,0.779087999999998,0.18459299999999956,0.34677099999999683
163,0.12591500000000266,0.3098590000000012,0.3316941999999994,0.16965199999999925,0.3415633000000007,0.18989970000000023,0.32079900000000094,0.317731000000002,1.0733180000000004,0.7769600000000025,0.36951000000000533,0.5772370000000002,0.6633139999999997,1.2693358999999997,0.7526539999999926,0.8246690000000001,0.17832899999999796,0.3208279999999988
164,0.10030700000000081,0.24716000000000093,0.2746467999999993,0.1403730000000003,0.2770733000000014,0.16172379999999986,0.2417689999999979,0.26366399999999857,0.8883289999999988,0.6100299999999947,0.27550000000000807,0.4763549999999981,0.4579740000000001,1.0435786,0.5664840000000027,0.7124820000000014,0.16185600000000022,0.2797739999999962
165,0.08494800000000069,0.21296599999999977,0.24383229999999934,0.12280299999999933,0.24628830000000157,0.1457693,0.22443900000000028,0.2451950000000025,0.8457259999999991,0.5713799999999765,0.23494999999999777,0.41277399999999886,0.30533199999999994,0.8833696,0.47340799999999206,0.6102969999999992,0.14673799999999915,0.2960160000000016
166,0.11768100000000103,0.25463400000000114,0.29582779999999964,0.15130399999999966,0.30498329999999996,0.1739244000000002,0.28056199999999976,0.3033050000000017,1.0013240000000003,0.6857100000000003,0.307690000000008,0.49069399999999774,0.5009300000000003,1.1659645999999997,0.632505000000009,0.7341750000000005,0.16717400000000282,0.320966999999996
167,0.12209400000000059,0.27631599999999956,0.30852909999999945,0.15646100000000018,0.3139023000000005,0.1768101999999998,0.2863149999999983,0.28819000000000017,0.9875979999999984,0.6847699999999861,0.31131000000000597,0.4934340000000006,0.48943399999999926,1.1380117000000007,0.6504029999999972,0.7729759999999999,0.1771540000000016,0.31637899999999775
168,-9.9999e+98,0.11141100000000037,0.15300069999999977,0.07470399999999877,0.1429223000000004,0.09495150000000008,0.133817999999998,0.1433940000000007,0.5664529999999992,0.40480999999999767,0.16196999999999662,0.26567599999999914,0.20827600000000146,0.5577821000000007,0.3138929999999931,0.3630250000000004,0.050640999999998826,0.21309999999999718
169,0.07882600000000295,0.19238,0.2260719,0.11392000000000024,0.2275683000000015,0.13715020000000022,0.20810200000000023,0.23007199999999983,0.8012920000000001,0.5439899999999795,0.21613999999999578,0.38578899999999905,0.27194300000000027,0.8115722999999999,0.43819499999999323,0.5629460000000002,0.1424909999999997,0.2838509999999985
170,0.05968299999999971,0.13238199999999978,0.19494339999999966,0.09027399999999908,0.17694830000000117,0.11264779999999996,0.16713000000000022,0.19613600000000275,0.6653020000000005,0.45604000000000156,0.18367000000000644,0.3278149999999975,0.29440699999999964,0.6846612000000007,0.31347799999998927,0.4472549999999984,0.11430100000000465,0.2437709999999953
171,0.10161800000000198,0.2315750000000012,0.28432129999999933,0.14194200000000023,0.28224930000000015,0.16546670000000008,0.2546849999999985,0.2900410000000022,0.9834460000000007,0.6638399999999933,0.2820899999999966,0.4666630000000005,0.5046900000000001,1.1095923,0.5214720000000028,0.6940539999999977,0.1612170000000006,0.3257759999999976
172,0.07170300000000296,0.15906200000000048,0.19403369999999942,0.09754500000000021,0.19405430000000123,0.12041389999999996,0.17778900000000064,0.2048690000000022,0.6908940000000001,0.4718199999999797,0.18713999999999942,0.33897400000000033,0.24642199999999903,0.7017352999999993,0.39339100000000826,0.48941099999999693,0.12127500000000424,0.24972599999999545
173,0.07309600000000316,0.15735300000000052,0.2436827999999993,0.10570799999999991,0.20286330000000063,0.12961979999999995,0.18131899999999845,0.23699300000000534,0.768459,0.5221699999999885,0.21393000000000484,0.3778240000000004,0.4186960000000006,0.8372059000000007,0.3810330000000022,0.534164999999998,0.1260070000000013,0.2645119999999963
174,0.08917399999999986,0.22177399999999992,0.24776309999999935,0.12521300000000046,0.24754930000000108,0.14628679999999994,0.21675300000000064,0.23564700000000016,0.786525000000001,0.5409099999999967,0.23901999999999646,0.4059859999999986,0.3890059999999984,0.9186558000000007,0.49568800000000124,0.644047999999998,0.1477429999999984,0.2552820000000011
175,0.08917399999999986,0.22177399999999992,0.24776309999999935,0.12521300000000046,0.24754930000000108,0.14628679999999994,0.21675300000000064,0.23564700000000016,0.786525000000001,0.5409099999999967,0.23901999999999646,0.4059859999999986,0.3890059999999984,0.9186558000000007,0.49568800000000124,0.644047999999998,0.1477429999999984,0.2552820000000011
176,0.07349200000000167,0.1758980000000001,0.2108131999999996,0.10527100000000011,0.20952130000000047,0.12829669999999993,0.1936,0.22265000000000157,0.7742809999999984,0.5434300000000007,0.21620000000000061,0.3376979999999996,0.24219500000000238,0.7093255999999997,0.40619100000000685,0.5182880000000019,0.13215600000000194,0.28094199999999603
177,0.12201200000000156,0.29839400000000005,0.32499270000000013,0.16028399999999898,0.32853330000000014,0.1797032999999999,0.30516700000000085,0.29274300000000153,1.0079649999999987,0.6727199999999982,0.29009999999999536,0.47109999999999985,0.40885700000000114,1.054589,0.6634540000000015,0.7354330000000004,0.17706000000000444,0.33916599999999875
178,0.045548000000000144,0.11807100000000048,0.19720970000000015,0.08731299999999997,0.1648543,0.10930669999999987,0.15099199999999868,0.20035299999999978,0.6475450000000009,0.4413899999999842,0.18032999999999788,0.3308169999999997,0.3664410000000018,0.7236528,0.30166900000000396,0.41089600000000104,0.10763200000000239,0.22495599999999882
179,0.08936900000000136,0.21361399999999975,0.252694,0.12838499999999975,0.25352630000000076,0.15135260000000006,0.22427700000000073,0.2533689999999993,0.8510679999999979,0.5794399999999769,0.24960000000000093,0.4270579999999988,0.3885249999999978,1.0018553999999993,0.49489900000000375,0.6612120000000026,0.1495960000000025,0.27444099999999594
180,0.08376499999999965,0.21522600000000125,0.2411664999999994,0.11918999999999969,0.24021130000000035,0.14133070000000014,0.22282900000000083,0.23649199999999837,0.8399269999999994,0.577699999999993,0.21537999999999613,0.36815899999999857,0.24685500000000005,0.7728443999999994,0.4491560000000021,0.5738410000000016,0.13978300000000132,0.3034049999999979
181,0.10612300000000019,0.2376339999999999,0.28114110000000014,0.14413899999999913,0.28927930000000046,0.16709050000000003,0.26415099999999825,0.29995699999999914,1.0020109999999995,0.6720399999999813,0.28567999999999927,0.4559229999999985,0.44713899999999995,1.089379,0.5244909999999976,0.7016819999999981,0.16525700000000398,0.3376429999999999
182,0.08355500000000049,0.2179549999999999,0.24871,0.12443000000000026,0.24148930000000135,0.14626129999999993,0.20066599999999823,0.23815000000000452,0.8017259999999986,0.5261299999999949,0.21047000000000082,0.4021860000000004,0.37069699999999983,0.9157074999999999,0.48081600000000435,0.6478839999999977,0.14421200000000312,0.26117299999999943
183,0.11548100000000261,0.26433000000000106,0.2948721999999995,0.14893299999999954,0.2997303000000002,0.17007569999999994,0.27152699999999896,0.28958899999999943,0.9726989999999986,0.6580599999999777,0.28200999999999965,0.4522139999999979,0.4163439999999987,1.0730791000000002,0.5862479999999977,0.7338629999999995,0.17037100000000294,0.3201570000000018
184,0.12253700000000123,0.2834820000000011,0.30341789999999946,0.1554479999999998,0.31376830000000133,0.1784709000000002,0.2877559999999981,0.3197850000000031,1.0547579999999996,0.7091099999999813,0.3115800000000064,0.5059059999999995,0.5549199999999992,1.1857493000000003,0.612647999999993,0.7407849999999989,0.17150800000000288,0.3431280000000001
185,0.14172600000000202,0.374232000000001,0.3901525999999995,0.19515299999999947,0.39553230000000106,0.21047230000000017,0.34088999999999814,0.33416400000000124,1.1554009999999977,0.7297299999999893,0.28508000000000777,0.5357379999999985,0.5375580000000006,1.1735290000000003,0.783023,0.8683680000000003,0.1789060000000049,0.36306899999999587
186,0.098078000000001,0.24387199999999964,0.27504249999999963,0.13678999999999952,0.27665830000000113,0.1585068999999999,0.261099999999999,0.2826530000000034,0.9794149999999995,0.6748599999999954,0.24772000000000105,0.4172109999999982,0.27207599999999843,0.8797040000000003,0.48897700000000555,0.6572519999999997,0.15992599999999868,0.35399400000000014
187,0.09664400000000128,0.2291439999999998,0.26645369999999957,0.13532099999999936,0.2726013000000016,0.15831160000000022,0.24883799999999923,0.2733300000000014,0.9242020000000011,0.6224899999999991,0.27060000000000173,0.4558169999999997,0.35203200000000123,1.0075491999999997,0.5116940000000056,0.6742220000000003,0.1629210000000043,0.3190880000000007
188,0.07496200000000286,0.17968899999999977,0.2213881999999998,0.10864100000000043,0.2131993000000012,0.13152790000000003,0.18608700000000056,0.21943699999999922,0.7328939999999982,0.49374999999997726,0.19711999999999819,0.35711399999999927,0.30368999999999957,0.8187669999999994,0.4368639999999999,0.5575179999999982,0.13345199999999835,0.254446999999999
189,0.09717200000000048,0.23404000000000025,0.2666744999999997,0.13280799999999893,0.2711453000000006,0.1550817000000002,0.2504629999999999,0.25866299999999853,0.883112999999998,0.5907299999999793,0.2600500000000068,0.4301259999999978,0.33727099999999766,0.9416039999999999,0.5206829999999911,0.6273179999999989,0.15615199999999874,0.3024289999999965
190,0.08243700000000231,0.19938500000000126,0.23431109999999933,0.11732799999999877,0.2348163000000003,0.13940039999999998,0.2094850000000008,0.2211460000000045,0.7583759999999984,0.5153499999999838,0.22475000000000023,0.36791399999999896,0.3341940000000001,0.8615246999999995,0.4667049999999904,0.5974229999999991,0.14419200000000387,0.25820600000000127
191,0.08085700000000173,0.1819500000000005,0.24081269999999932,0.11677699999999902,0.2299933000000003,0.14099709999999988,0.21216300000000032,0.24560900000000174,0.8442879999999988,0.5702399999999841,0.23721000000000458,0.40323199999999915,0.4093340000000012,0.9072186999999996,0.4036830000000009,0.5837649999999996,0.14100499999999982,0.29029299999999836
192,0.12327200000000005,0.30266899999999985,0.3336471999999997,0.16753600000000013,0.3383143000000004,0.18685680000000016,0.3055470000000007,0.3210510000000042,1.056201999999999,0.7098499999999888,0.3015000000000043,0.48436900000000094,0.4645130000000002,1.1389759000000002,0.6690190000000058,0.803803000000002,0.18829200000000412,0.34271299999999627
193,0.09732300000000293,0.24386500000000133,0.2798707999999994,0.13874099999999956,0.2832503000000006,0.1597803,0.27028800000000075,0.2705350000000024,0.9614919999999998,0.6434799999999825,0.2561500000000052,0.4356749999999998,0.3034019999999984,0.9412041000000002,0.49556600000001083,0.6653720000000014,0.1608850000000004,0.34057200000000165
194,0.09181099999999986,0.21591200000000121,0.25332759999999954,0.1301059999999996,0.25749630000000145,0.1536105000000001,0.2300009999999979,0.2642099999999985,0.9086469999999984,0.6110400000000027,0.2432100000000048,0.42299699999999874,0.40043500000000165,0.966564,0.4677369999999996,0.6472840000000026,0.1536660000000012,0.3117499999999964
195,0.1425680000000007,0.35438599999999987,0.3856384999999998,0.19374299999999955,0.39629030000000043,0.21219920000000014,0.37956399999999846,0.3854910000000018,1.218830999999998,0.8241799999999841,0.3641199999999998,0.5904929999999986,0.5699840000000016,1.2798905999999999,0.8047289999999947,0.8813999999999993,0.19000700000000137,0.38060000000000116
196,0.07490000000000308,0.1786329999999996,0.21912729999999936,0.11086199999999913,0.22081830000000124,0.13447569999999986,0.2058099999999996,0.2322290000000038,0.8007899999999992,0.5464399999999898,0.21411000000000513,0.3843369999999986,0.2812870000000025,0.8003157000000005,0.41517499999999075,0.5539819999999978,0.13995700000000255,0.2844160000000002
197,0.09351200000000048,0.24540900000000043,0.2699045999999994,0.13291699999999906,0.2695962999999999,0.15363270000000018,0.24187299999999823,0.2415240000000054,0.8510179999999998,0.5685499999999877,0.2318300000000022,0.40384599999999793,0.33975300000000175,0.8818846000000002,0.5115789999999976,0.6312519999999999,0.15615700000000032,0.2915300000000016
198,0.10155200000000164,0.2491810000000001,0.27967109999999984,0.139799,0.2832983000000002,0.16113739999999988,0.25779199999999847,0.26244200000000006,0.9046710000000004,0.6105000000000018,0.26784000000000674,0.45419000000000054,0.3810280000000006,0.9907596000000005,0.5569349999999957,0.6773710000000008,0.1664779999999979,0.304313999999998
199,0.10339700000000107,0.24814899999999973,0.3023221999999999,0.14108000000000054,0.2792843000000005,0.1650157000000001,0.25476099999999846,0.283095000000003,0.9346560000000004,0.6716299999999933,0.32723000000000013,0.552350999999998,0.6175260000000016,1.2207533000000002,0.6139699999999948,0.7186430000000001,0.15973500000000485,0.29164600000000007
200,0.0731470000000023,0.16568499999999986,0.22839609999999944,0.10582499999999939,0.2050843000000011,0.12949829999999984,0.18045700000000053,0.22695300000000174,0.7617119999999993,0.5208799999999769,0.19366000000000838,0.3454580000000007,0.3193570000000001,0.7867946000000003,0.41048299999999927,0.5463589999999989,0.12820400000000376,0.2662339999999972
201,0.1354120000000023,0.33603000000000094,0.37863389999999963,0.18847899999999917,0.3878243000000001,0.20654610000000018,0.36954199999999915,0.37067400000000106,1.2534509999999983,0.8207899999999881,0.3365399999999994,0.5503679999999989,0.44672800000000024,1.2211129000000005,0.7081090000000074,0.8632449999999992,0.19249700000000303,0.4187820000000002
202,0.13611700000000226,0.3467880000000001,0.3849735000000001,0.18917099999999998,0.3923773000000015,0.20589259999999987,0.38430699999999973,0.3599579999999989,1.2190109999999983,0.792759999999987,0.32524999999999693,0.5364709999999988,0.4271749999999983,1.1531523999999997,0.7336179999999928,0.851109000000001,0.18766300000000058,0.4063469999999967
203,0.07438900000000004,0.15576599999999985,0.22892210000000013,0.10279599999999967,0.19933630000000058,0.1265215999999998,0.1783760000000001,0.2199990000000014,0.737563999999999,0.5017599999999902,0.20583000000000595,0.358981,0.3600519999999996,0.8234583000000004,0.38192800000000204,0.5224919999999997,0.1255920000000046,0.2545989999999989
204,0.07911600000000263,0.21274800000000127,0.23687650000000016,0.11753899999999895,0.2385242999999999,0.13996699999999995,0.21783599999999836,0.21891899999999964,0.7683520000000001,0.5196899999999971,0.23160000000000025,0.3892629999999997,0.3174039999999998,0.8604899999999995,0.4716290000000072,0.5697660000000013,0.14715900000000204,0.26468899999999707
205,0.07671600000000112,0.1836940000000009,0.22304499999999994,0.1123460000000005,0.224578300000001,0.13554919999999981,0.20271599999999879,0.23188400000000087,0.7678949999999993,0.5191999999999837,0.2179399999999987,0.3585010000000004,0.29212599999999966,0.8386520000000006,0.43029199999999435,0.5571989999999971,0.13980000000000103,0.263776
206,0.10677800000000204,0.25379799999999975,0.29085239999999946,0.14753599999999878,0.29637630000000037,0.16924599999999979,0.27384199999999836,0.30598900000000384,1.0388979999999997,0.6987399999999866,0.2733400000000046,0.4528409999999994,0.36821500000000285,1.0317508000000002,0.5164249999999981,0.7260290000000005,0.17547199999999918,0.36379199999999656
207,0.09957700000000003,0.2507950000000001,0.2789501999999997,0.13735799999999898,0.28158430000000045,0.15839049999999988,0.2605819999999994,0.25331299999999857,0.8862020000000008,0.5914099999999962,0.2567200000000014,0.4207579999999993,0.35104300000000066,0.9347970000000005,0.5566129999999987,0.6279420000000009,0.15854300000000165,0.29827799999999627
208,0.07841000000000165,0.20945000000000036,0.23439869999999985,0.11707900000000038,0.23628129999999992,0.13956310000000016,0.21541699999999864,0.22670700000000465,0.7609209999999997,0.5188599999999894,0.23471000000000686,0.38880400000000037,0.33229800000000154,0.8794427000000002,0.4797279999999944,0.585448999999997,0.14771000000000356,0.25806199999999535
209,0.11758100000000127,0.2960080000000005,0.32710360000000005,0.16113799999999934,0.329073300000001,0.17928610000000011,0.3004499999999979,0.2972290000000015,1.0398420000000002,0.6865299999999763,0.2625500000000045,0.4488990000000008,0.3790210000000016,0.9971847,0.5830789999999979,0.7384249999999994,0.1736750000000029,0.35936799999999636
210,0.12903900000000235,0.3116450000000004,0.3440943000000001,0.17484400000000022,0.34724230000000134,0.19287069999999984,0.2962619999999987,0.3120370000000037,1.068636999999999,0.7042899999999861,0.2976900000000029,0.5228219999999979,0.5322420000000001,1.1655825000000002,0.6850629999999995,0.8382159999999992,0.169474000000001,0.3285020000000003
211,0.09242599999999968,0.23025200000000012,0.25461249999999946,0.1271109999999993,0.25649429999999995,0.14901870000000006,0.23404000000000025,0.23857000000000284,0.8051499999999976,0.5545299999999997,0.25055000000000405,0.39451099999999784,0.387278000000002,0.9334971000000003,0.5295620000000127,0.639482000000001,0.1529689999999988,0.26546499999999895
212,0.09753900000000115,0.24296499999999988,0.27202329999999986,0.1356749999999991,0.2743043000000007,0.15701609999999988,0.24656200000000084,0.2588220000000021,0.8798290000000009,0.5903199999999913,0.24860999999999933,0.43578199999999967,0.3557839999999999,0.9437112999999995,0.5247600000000006,0.6581940000000017,0.15705100000000272,0.30016299999999774
213,0.12345800000000295,0.3048700000000011,0.33506210000000003,0.16795600000000022,0.34031829999999985,0.1874011000000002,0.31232499999999774,0.3126490000000004,1.051527,0.716070000000002,0.31378999999999735,0.48515899999999945,0.48775799999999947,1.1531098000000002,0.6945610000000073,0.8011739999999996,0.19195700000000215,0.33903499999999553
214,0.11828700000000225,0.26954300000000053,0.3192567999999998,0.15841700000000003,0.32420830000000045,0.17814109999999994,0.31275699999999773,0.3189970000000031,1.094740999999999,0.7311699999999917,0.29211999999999705,0.4867460000000001,0.39662699999999873,1.0255969,0.5245060000000024,0.7481979999999986,0.17396800000000212,0.3793450000000007
215,0.11253800000000069,0.26897400000000005,0.3058002999999996,0.1531659999999988,0.3081193000000013,0.17325580000000018,0.27559499999999915,0.3102390000000028,1.0630120000000005,0.7063199999999767,0.24725000000000819,0.42350899999999925,0.36786299999999983,1.0221752000000004,0.5058790000000073,0.7201219999999999,0.1729610000000008,0.3657929999999965
216,0.11253800000000069,0.26897400000000005,0.3058002999999996,0.1531659999999988,0.3081193000000013,0.17325580000000018,0.27559499999999915,0.3102390000000028,1.0630120000000005,0.7063199999999767,0.24725000000000819,0.42350899999999925,0.36786299999999983,1.0221752000000004,0.5058790000000073,0.7201219999999999,0.1729610000000008,0.3657929999999965
217,0.03764300000000276,0.13038200000000089,0.1726795000000001,0.08442900000000009,0.16956330000000008,0.10562549999999993,0.161998999999998,0.16705500000000484,0.6053449999999998,0.41060999999999126,0.16794000000000153,0.3117699999999992,0.23828100000000063,0.6032101000000001,0.29656599999999855,0.3919169999999994,0.10334900000000147,0.22132299999999816
218,0.11418000000000106,0.27756300000000067,0.3121999999999998,0.1574410000000004,0.3198243000000005,0.17889409999999994,0.2976379999999992,0.3192590000000024,1.076391000000001,0.7168999999999812,0.30181000000000324,0.49970799999999826,0.3862609999999975,1.1187912999999998,0.5869440000000026,0.7594979999999971,0.1735389999999981,0.36547499999999644
219,0.06399299999999997,0.14755800000000008,0.17966319999999936,0.0905819999999995,0.17819630000000153,0.11297980000000019,0.16185000000000116,0.19225399999999837,0.6454260000000005,0.44383999999999446,0.1720200000000034,0.31958900000000057,0.2440490000000004,0.6571407000000002,0.3809660000000008,0.46382600000000096,0.11370399999999847,0.23627700000000118
220,0.06781000000000148,0.15257500000000057,0.20251389999999958,0.09832699999999939,0.19365330000000114,0.12162210000000018,0.17903499999999894,0.21760000000000446,0.7155090000000008,0.4870999999999981,0.19612999999999658,0.339811000000001,0.3112390000000005,0.7532654000000001,0.3540579999999949,0.49138500000000107,0.12400900000000092,0.25473199999999707
221,0.07473500000000044,0.17012800000000006,0.21773249999999944,0.10801399999999894,0.21273330000000001,0.13185659999999988,0.19314800000000076,0.224256000000004,0.772002999999998,0.5254400000000032,0.20976000000000283,0.36112699999999975,0.3112679999999983,0.8105402000000002,0.4132859999999994,0.546557,0.1323070000000044,0.27534299999999945
222,0.06946100000000044,0.1591699999999996,0.21620999999999935,0.09958099999999881,0.19174030000000108,0.12268519999999983,0.1699719999999978,0.2187669999999997,0.7296200000000006,0.5081099999999878,0.2050700000000063,0.3318709999999996,0.27209700000000225,0.7145907999999999,0.39836800000000494,0.5170829999999995,0.12171299999999974,0.25762799999999686
223,0.12329200000000284,0.306852000000001,0.3345029999999998,0.16598899999999972,0.3395293000000006,0.1847850000000002,0.31915099999999796,0.28741899999999987,0.9902529999999992,0.6916899999999941,0.3290900000000079,0.4790220000000005,0.5217929999999988,1.1099374999999991,0.7256840000000011,0.757797,0.18010199999999799,0.30778399999999806
224,-9.9999e+98,0.10559800000000052,0.14762219999999981,0.06961199999999934,0.13762630000000087,0.08858750000000004,0.13429899999999861,0.12428799999999995,0.5231229999999982,0.37339000000000055,0.14341000000000292,0.2513949999999987,0.18138899999999936,0.4672022,0.2668159999999915,0.3059459999999987,0.05134800000000439,0.19992500000000035
225,0.08106300000000033,0.18564500000000095,0.23234069999999996,0.11321399999999926,0.2188642999999999,0.13530560000000014,0.18522300000000058,0.22719899999999882,0.7272919999999985,0.48877999999999133,0.2130599999999987,0.3964490000000005,0.3550600000000017,0.8782481999999998,0.45896999999999366,0.6074860000000015,0.14077100000000087,0.24220100000000144
226,0.06139700000000303,0.1420849999999998,0.19196420000000014,0.09236100000000036,0.1829263000000001,0.11500559999999993,0.17342499999999816,0.20127899999999954,0.6834229999999977,0.470169999999996,0.17955999999999506,0.31722699999999904,0.2650170000000003,0.6687552999999999,0.3306259999999952,0.4602390000000014,0.11489800000000372,0.2483659999999972
227,-9.9999e+98,0.10935800000000029,0.16514510000000016,0.07249399999999895,0.13002430000000054,0.09174820000000006,0.12112000000000123,0.1513390000000001,0.5534399999999984,0.3925699999999779,0.1539499999999947,0.2801189999999991,0.2902400000000007,0.6345082,0.27631099999999265,0.3349279999999979,0.051397999999998945,0.19834799999999575
228,0.07548300000000197,0.1783979999999996,0.2219186999999998,0.10914099999999927,0.21432030000000069,0.13201479999999988,0.18729399999999785,0.22370700000000454,0.739094999999999,0.497950000000003,0.19781000000000404,0.3555189999999975,0.30266200000000154,0.8175015999999999,0.435489000000004,0.5572869999999988,0.1329860000000025,0.2552480000000017
229,0.13003199999999993,0.316592,0.34466989999999953,0.17526699999999984,0.35674530000000004,0.1968125999999999,0.33640199999999965,0.3530020000000036,1.1350259999999999,0.7696100000000001,0.34738000000000113,0.5541959999999975,0.5346909999999987,1.2679079999999994,0.7382400000000047,0.8352229999999992,0.20350100000000282,0.3632289999999969
230,0.12916500000000042,0.31445200000000106,0.35857009999999967,0.1777319999999989,0.3618243000000003,0.19529819999999987,0.3381860000000003,0.3720610000000022,1.2229589999999995,0.8171399999999949,0.28699000000000296,0.49440699999999893,0.45354200000000233,1.1116481999999994,0.5464640000000003,0.8111139999999999,0.17247300000000365,0.42063399999999973
231,0.10103600000000057,0.24235800000000118,0.2736729999999996,0.13896599999999992,0.2781742999999999,0.16122309999999995,0.24859299999999962,0.27271000000000356,0.9121249999999996,0.6154799999999909,0.26447000000000287,0.4361709999999981,0.3829689999999992,1.0212390999999998,0.5339910000000003,0.6926090000000009,0.16441000000000372,0.3018339999999995
232,0.10088100000000111,0.25736000000000026,0.2865259,0.1422749999999997,0.2868553000000009,0.1623212999999999,0.2562630000000006,0.2731250000000003,0.9556909999999981,0.6395799999999952,0.23062000000000182,0.4090670000000003,0.31558300000000017,0.9183306,0.5014139999999969,0.6758950000000006,0.16444800000000015,0.3285899999999984
233,0.09917800000000199,0.2259550000000008,0.2685119999999994,0.13746499999999884,0.27495329999999996,0.16090090000000012,0.2530019999999986,0.29361800000000216,0.9751069999999977,0.6554999999999893,0.2676299999999969,0.4373830000000005,0.4187660000000015,1.0332869000000002,0.4813120000000026,0.6741320000000002,0.1635570000000044,0.3372279999999961
234,0.1143160000000023,0.26904200000000067,0.30046069999999947,0.1530319999999996,0.30374230000000146,0.17283459999999984,0.2677039999999984,0.27975800000000106,0.9643920000000001,0.6653299999999831,0.30067999999999984,0.5025130000000004,0.49680199999999886,1.1156439999999996,0.6235590000000002,0.7643389999999997,0.17576199999999886,0.29992599999999925
235,0.07667000000000002,0.1904350000000008,0.22600969999999965,0.11382899999999907,0.22660230000000148,0.13716410000000012,0.20975500000000125,0.23367100000000107,0.824462999999998,0.5680399999999963,0.2112199999999973,0.3772979999999997,0.2849560000000011,0.7907479999999998,0.4258260000000007,0.5625220000000013,0.1398939999999982,0.29408600000000007
236,0.07667000000000002,0.1904350000000008,0.22600969999999965,0.11382899999999907,0.22660230000000148,0.13716410000000012,0.20975500000000125,0.23367100000000107,0.824462999999998,0.5680399999999963,0.2112199999999973,0.3772979999999997,0.2849560000000011,0.7907479999999998,0.4258260000000007,0.5625220000000013,0.1398939999999982,0.29408600000000007
237,0.06792800000000199,0.14752900000000047,0.19570750000000015,0.09627199999999903,0.19336930000000052,0.11808350000000001,0.18606300000000076,0.20531000000000432,0.7026730000000008,0.4847199999999816,0.19240000000000634,0.34953900000000004,0.29229999999999734,0.6464715999999999,0.3122159999999923,0.4670120000000004,0.11988099999999946,0.2540690000000012
238,0.13538899999999998,0.34060500000000005,0.3754875999999996,0.18689099999999925,0.3851153000000007,0.2058388,0.3793930000000003,0.35541700000000276,1.1788959999999982,0.7813599999999781,0.35069000000000017,0.559943999999998,0.5068970000000022,1.2249040000000004,0.7767449999999911,0.8469480000000011,0.18305300000000102,0.3809309999999968
239,0.08279300000000234,0.2142110000000006,0.23419529999999966,0.11736099999999894,0.23378030000000116,0.13849709999999993,0.20740499999999784,0.21668100000000123,0.725674999999999,0.5003799999999785,0.22968000000000188,0.40437499999999815,0.3630819999999986,0.8707897999999998,0.47929100000000346,0.6129430000000013,0.14553700000000447,0.2434730000000016
240,0.13600300000000232,0.3340890000000005,0.3719182999999999,0.1872910000000001,0.3822093000000013,0.2066823000000002,0.3623580000000004,0.38246200000000385,1.1863779999999977,0.8061099999999897,0.35696000000000083,0.5799179999999993,0.5618109999999987,1.2686330000000003,0.7773320000000012,0.857842999999999,0.1847309999999993,0.37179199999999923
241,0.06988700000000136,0.15543200000000112,0.19189269999999947,0.09756699999999974,0.18992530000000052,0.1201333,0.16733199999999826,0.19686899999999952,0.6687879999999993,0.4559899999999857,0.17825999999999453,0.31952099999999817,0.28050899999999857,0.7432556999999997,0.4032629999999955,0.5072189999999992,0.12107600000000218,0.23155500000000018
242,0.07822900000000033,0.1849380000000007,0.23369660000000003,0.11491999999999969,0.2272823000000006,0.1386639999999999,0.2036289999999994,0.2378089999999986,0.7857500000000002,0.5341299999999762,0.22823999999999955,0.38163899999999984,0.3542820000000013,0.9030199000000003,0.43676300000001334,0.5761390000000013,0.1393460000000033,0.26502699999999635
243,0.12488000000000099,0.3070510000000013,0.3282303999999998,0.16831400000000052,0.3385902999999999,0.18961929999999994,0.3125719999999994,0.3266630000000035,1.0781919999999978,0.7645799999999952,0.3606800000000021,0.5674980000000005,0.6332149999999999,1.2771169999999996,0.7243239999999957,0.8148430000000033,0.17981400000000036,0.3332860000000011
244,0.09733600000000209,0.21800499999999978,0.2660252999999999,0.13470899999999908,0.26990030000000154,0.15845660000000006,0.2498730000000009,0.2887270000000015,0.9554520000000011,0.6384999999999934,0.26773000000000025,0.4356219999999986,0.4711950000000016,1.0268797000000003,0.46008399999999483,0.6614170000000001,0.15877499999999856,0.3223470000000006
245,0.11439000000000021,0.3100750000000012,0.3285058999999997,0.16365199999999902,0.3336503000000004,0.17879539999999983,0.3369959999999992,0.25674400000000475,0.9734139999999982,0.7098799999999983,0.34230999999999767,0.5340339999999983,0.6111159999999991,1.0787797000000001,0.7155659999999955,0.7759509999999992,0.16812600000000089,0.2610659999999996
246,0.09494300000000067,0.24517100000000092,0.27055399999999974,0.13475199999999887,0.2703673000000002,0.1560229999999998,0.23773900000000125,0.26268699999999967,0.909749999999999,0.6064499999999953,0.22102999999999895,0.3937829999999991,0.32323900000000094,0.8896847999999995,0.5023680000000041,0.6493749999999991,0.15760099999999966,0.3176339999999982
247,0.08665000000000234,0.20222400000000107,0.2440736000000001,0.12449099999999902,0.2455873000000004,0.14792650000000007,0.21677700000000044,0.2556989999999999,0.8465969999999992,0.57029,0.23556999999999562,0.40665500000000065,0.37007799999999946,0.9583523999999999,0.4674940000000021,0.6297960000000025,0.1488300000000038,0.28233000000000175
248,0.11532200000000259,0.2685150000000007,0.3028417999999995,0.1539419999999989,0.3104963000000005,0.17571730000000008,0.28464500000000115,0.2975320000000039,1.0064050000000009,0.686489999999992,0.30398999999999887,0.48051200000000094,0.45490099999999956,1.1480259999999998,0.637662000000006,0.7520300000000013,0.17171799999999848,0.32693899999999587
249,0.07836900000000213,0.18813300000000055,0.22109449999999953,0.11055700000000002,0.2228463000000005,0.1336043,0.2034729999999989,0.22456999999999994,0.7588419999999978,0.5121000000000038,0.21760000000000446,0.37353900000000095,0.27543099999999754,0.8082292999999998,0.423372999999998,0.5406580000000005,0.1400860000000037,0.26740999999999815
250,0.09258200000000016,0.23865800000000092,0.2755789000000002,0.13173999999999886,0.25851230000000136,0.15588159999999984,0.22971399999999775,0.2721510000000009,0.9212980000000002,0.62106,0.2576099999999997,0.44477600000000095,0.4629709999999996,1.0267024999999999,0.47674199999998734,0.6633910000000007,0.15798800000000313,0.30900700000000114
251,0.07351400000000297,0.15571200000000118,0.23469240000000013,0.10214299999999987,0.1944593000000001,0.12594139999999987,0.18002399999999952,0.23034400000000232,0.7874079999999992,0.5543999999999869,0.21806000000000836,0.3702949999999987,0.3854860000000002,0.8075527999999998,0.3628130000000027,0.5292670000000008,0.1226830000000021,0.2768650000000008
252,0.10570200000000085,0.27075100000000063,0.30136830000000003,0.1485909999999997,0.30336430000000014,0.16824439999999985,0.284323999999998,0.2854889999999983,1.0096589999999992,0.6777299999999968,0.25790000000000646,0.42465699999999984,0.31274600000000063,0.9430765999999995,0.5378960000000035,0.6952789999999993,0.17277500000000146,0.3557689999999951
253,0.1042190000000005,0.26060000000000016,0.29839409999999944,0.1441599999999994,0.2852843000000007,0.16771950000000002,0.2604059999999997,0.31702299999999894,1.0372039999999991,0.6981299999999919,0.2844699999999989,0.47520399999999796,0.5230169999999994,1.0930153999999996,0.49415400000000886,0.716431,0.1646870000000007,0.3497459999999961
254,0.0886230000000019,0.2154720000000001,0.2455885999999996,0.12429200000000051,0.24741430000000086,0.14691229999999988,0.22221199999999897,0.24905499999999847,0.8211909999999989,0.5626999999999782,0.24045999999999879,0.39388199999999784,0.35379999999999967,0.9054064000000004,0.4831879999999984,0.63063,0.1444760000000045,0.2651119999999949
255,0.05971500000000063,0.14306100000000121,0.23315829999999949,0.0964539999999996,0.17683730000000075,0.11896430000000002,0.16413599999999917,0.222719000000005,0.7499760000000002,0.5292499999999905,0.20759999999999934,0.3745960000000004,0.442342,0.8307751999999997,0.32067100000000437,0.49067099999999897,0.11460999999999899,0.2619809999999987
256,0.07010700000000014,0.15112099999999984,0.22082639999999998,0.10090499999999913,0.19704730000000126,0.12382479999999996,0.1865610000000011,0.22577900000000284,0.760624,0.532749999999993,0.2093100000000021,0.38589199999999835,0.3608140000000013,0.7672650000000001,0.31857000000000824,0.5104740000000021,0.12441499999999905,0.27374799999999766
257,0.09696200000000132,0.2518810000000009,0.28142699999999987,0.13913299999999929,0.2830223000000007,0.15985229999999984,0.2653359999999978,0.2719370000000012,0.963438,0.650589999999994,0.2512300000000067,0.40993199999999774,0.2827719999999978,0.9032801999999993,0.4992649999999941,0.659634999999998,0.16286800000000312,0.34375299999999953
258,0.12484200000000101,0.3057060000000007,0.33673410000000015,0.17095600000000033,0.34608030000000056,0.19203159999999997,0.3207999999999984,0.34198700000000315,1.1046659999999981,0.7603199999999788,0.3394399999999962,0.5372139999999987,0.5484259999999992,1.2334592000000004,0.6998349999999931,0.810568,0.1958669999999998,0.34626300000000043
259,0.12668700000000044,0.29683600000000077,0.34755369999999974,0.17367899999999992,0.3553923000000001,0.19334890000000016,0.3419409999999985,0.377752000000001,1.1905929999999998,0.7845999999999833,0.3211299999999966,0.5330829999999978,0.4952450000000006,1.1523931000000003,0.5962789999999956,0.8198310000000006,0.18540699999999788,0.4024569999999983
260,0.09066600000000236,0.22364600000000046,0.2524040999999997,0.12842200000000048,0.2547782999999999,0.15059909999999999,0.2257560000000005,0.2473280000000031,0.825492999999998,0.563209999999998,0.24828999999999724,0.41947000000000045,0.39002299999999934,0.9718764999999996,0.5105290000000053,0.6568249999999978,0.15052299999999974,0.27014700000000147
261,0.1197499999999998,0.28604200000000013,0.30939979999999956,0.15403500000000037,0.31173129999999993,0.17234689999999997,0.2837849999999982,0.25885099999999994,0.9151419999999995,0.6396000000000015,0.3013300000000072,0.470641999999998,0.48805600000000027,1.0386391999999995,0.669792000000001,0.7511620000000008,0.18161500000000075,0.28518100000000146
262,-9.9999e+98,0.10980900000000027,0.20033939999999983,0.08352399999999882,0.15443630000000041,0.10469879999999998,0.1437439999999981,0.19039200000000278,0.6409489999999991,0.448459999999983,0.17040000000000077,0.31658399999999887,0.3504770000000015,0.7279026000000002,0.2942910000000012,0.4004949999999994,0.10200600000000293,0.22935799999999773
263,0.0763309999999997,0.2058920000000004,0.23362329999999965,0.11488499999999924,0.23561429999999994,0.1371882000000002,0.2201979999999999,0.2228890000000021,0.7675799999999988,0.5106199999999887,0.2261000000000024,0.37626500000000007,0.2783139999999982,0.8061051999999993,0.43789599999999496,0.5320149999999977,0.14287300000000158,0.2640249999999966
264,0.12243000000000137,0.28665699999999994,0.31787739999999953,0.16211799999999954,0.324015300000001,0.18277939999999981,0.2861319999999985,0.3227410000000006,1.0850609999999996,0.7168999999999812,0.28197000000000116,0.48624399999999923,0.47425600000000045,1.1518215000000005,0.5716029999999961,0.7770900000000012,0.17732800000000282,0.3523229999999984
265,0.10501800000000117,0.25611600000000045,0.28415629999999936,0.14078899999999983,0.2857663000000006,0.16110069999999999,0.2585930000000012,0.2612230000000011,0.8929329999999993,0.5996399999999937,0.2571000000000083,0.4431919999999998,0.380193000000002,0.9607926999999998,0.5657560000000075,0.6773559999999996,0.16577000000000197,0.30171299999999945
266,0.08695900000000023,0.22879900000000042,0.25824099999999994,0.12697299999999956,0.259348300000001,0.1486873000000002,0.24409499999999795,0.24055800000000005,0.8698589999999982,0.586119999999994,0.22825000000000273,0.38356999999999886,0.29066999999999865,0.835769,0.4792730000000063,0.612527,0.14970900000000142,0.3077550000000002
267,0.0866540000000029,0.20570800000000133,0.23732889999999962,0.11976499999999923,0.24010730000000002,0.14315580000000017,0.22365800000000036,0.24602099999999893,0.8485589999999981,0.5733899999999892,0.23024999999999807,0.40609199999999746,0.2878779999999992,0.8674325999999999,0.4481889999999993,0.5912629999999979,0.14619600000000332,0.29815999999999576
268,0.13254000000000232,0.32058100000000067,0.35005180000000014,0.1788930000000004,0.36313630000000074,0.20057940000000007,0.3367269999999998,0.3939629999999994,1.2150849999999984,0.8071300000000008,0.34744999999999493,0.5827549999999988,0.613347000000001,1.3003073999999994,0.6777599999999921,0.843554000000001,0.20592500000000058,0.39502900000000096
269,0.0788720000000005,0.19183100000000053,0.22148949999999967,0.11165800000000026,0.22141630000000134,0.1344978000000001,0.19604599999999905,0.22631300000000465,0.7648669999999989,0.5165599999999984,0.1970100000000059,0.3681190000000001,0.2846270000000004,0.7998909000000003,0.44282100000000924,0.559549999999998,0.136690999999999,0.26774799999999743
270,0.0737400000000008,0.1565360000000009,0.22638960000000008,0.10230799999999896,0.19710129999999992,0.12608659999999983,0.17821599999999904,0.2293900000000022,0.7567789999999981,0.5215199999999811,0.1963000000000079,0.3485599999999991,0.3531210000000016,0.7652929999999998,0.3792930000000041,0.5270609999999998,0.12400300000000186,0.2668949999999981
271,0.08455900000000227,0.22094700000000067,0.24685569999999935,0.12503699999999895,0.2484043000000007,0.14771309999999982,0.21880900000000025,0.24627500000000424,0.8568889999999989,0.5736399999999833,0.21505000000000507,0.3871450000000003,0.3161389999999997,0.8888105,0.4611720000000048,0.6199250000000021,0.14866599999999863,0.2924730000000011
272,0.07126200000000082,0.16003399999999957,0.22237360000000006,0.10275000000000034,0.20144430000000035,0.1266343000000001,0.18245899999999793,0.22677399999999892,0.7412509999999983,0.5036999999999807,0.20636000000000365,0.35445299999999946,0.34465199999999996,0.8049057,0.3739580000000018,0.5145489999999988,0.12722899999999981,0.26195699999999533
273,0.08729900000000157,0.20971700000000126,0.2399464,0.12091799999999964,0.24256030000000095,0.14413359999999997,0.2201909999999998,0.24246899999999982,0.8314839999999997,0.5611899999999821,0.23337000000000785,0.4052739999999986,0.2987099999999998,0.8861124999999994,0.46468199999999626,0.5986389999999986,0.14838999999999913,0.28933500000000123
274,0.10372500000000073,0.25205000000000055,0.2825090999999995,0.14234300000000033,0.2857983000000015,0.16371689999999983,0.2554920000000003,0.2749780000000044,0.9531810000000007,0.6377200000000016,0.2568300000000079,0.4288570000000007,0.36077200000000076,1.0110413999999999,0.5145049999999998,0.6910589999999992,0.16627600000000342,0.3272130000000004
275,0.07052400000000247,0.15182099999999998,0.2224157999999994,0.10155199999999986,0.1985323000000001,0.12508359999999996,0.1853909999999992,0.22601500000000385,0.7444699999999997,0.5066099999999949,0.20774000000000115,0.36525299999999916,0.3586659999999995,0.7927645999999999,0.3507759999999962,0.5065930000000023,0.1266650000000027,0.2646129999999971
276,0.1381680000000003,0.3409089999999999,0.3879638999999999,0.19304099999999913,0.3977973000000006,0.2104168999999998,0.3809189999999987,0.3988250000000022,1.2767510000000009,0.8350700000000018,0.3483200000000011,0.5730499999999985,0.4585610000000031,1.2361449999999996,0.7267410000000041,0.8933289999999978,0.198241000000003,0.42069499999999493
277,0.09526500000000127,0.23510100000000023,0.2690792000000002,0.13307000000000002,0.2630573000000016,0.1571072,0.2399470000000008,0.2900029999999987,0.9585809999999988,0.6470099999999945,0.26041000000000736,0.43643199999999993,0.4723550000000003,1.0046754,0.4528370000000024,0.652391999999999,0.15819700000000125,0.3248529999999974
278,0.09526500000000127,0.23510100000000023,0.2690792000000002,0.13307000000000002,0.2630573000000016,0.1571072,0.2399470000000008,0.2900029999999987,0.9585809999999988,0.6470099999999945,0.26041000000000736,0.43643199999999993,0.4723550000000003,1.0046754,0.4528370000000024,0.652391999999999,0.15819700000000125,0.3248529999999974
279,0.10758700000000232,0.28061899999999973,0.29721879999999956,0.15161200000000008,0.2989473,0.1682288999999999,0.28589600000000104,0.24298100000000034,0.9262699999999988,0.6097800000000007,0.29375000000000284,0.5462859999999985,0.5680569999999996,1.0325033000000001,0.6927719999999908,0.7859090000000002,0.16676000000000357,0.23308399999999807
280,0.10171200000000269,0.2542970000000011,0.27974059999999934,0.14080799999999982,0.28198730000000083,0.1618700999999998,0.24935899999999833,0.2648810000000026,0.8911259999999999,0.6000499999999818,0.25871999999999673,0.4343439999999994,0.4073069999999994,1.0022711000000006,0.5540400000000005,0.7000150000000005,0.1702799999999982,0.29278599999999955
281,0.0706150000000001,0.1770510000000005,0.21912220000000016,0.10764900000000033,0.21494630000000114,0.1312487,0.19574099999999817,0.22636900000000537,0.7524569999999997,0.5074400000000026,0.21350999999999942,0.3495500000000007,0.3213349999999977,0.8092066999999998,0.39630900000000224,0.5300020000000032,0.1323939999999979,0.2577619999999996
282,0.07859700000000203,0.20550800000000002,0.23630209999999963,0.11849199999999982,0.24000529999999998,0.1415860000000002,0.2225369999999991,0.23830699999999894,0.8137900000000009,0.5453399999999817,0.239609999999999,0.4017099999999978,0.31539199999999923,0.8748145999999997,0.4363349999999997,0.5723439999999975,0.14509100000000075,0.27907899999999586
283,0.12322100000000091,0.34736299999999964,0.35411649999999995,0.17544200000000032,0.3572433000000004,0.18810510000000003,0.3620570000000001,0.2605789999999999,1.010152999999999,0.7114699999999914,0.3359099999999984,0.5180229999999995,0.5731649999999995,1.0393071999999997,0.8126360000000119,0.8156340000000029,0.1519790000000043,0.2531789999999958
284,0.07346500000000233,0.1860090000000003,0.22295609999999932,0.1113780000000002,0.22335630000000073,0.134417,0.2068329999999996,0.22859900000000266,0.7859499999999997,0.5333899999999971,0.2096599999999995,0.37073600000000084,0.26582799999999907,0.7932375,0.42640699999999754,0.544748000000002,0.13863400000000325,0.2777230000000017
285,0.07116200000000106,0.14920299999999997,0.20559159999999999,0.0975640000000002,0.18983430000000112,0.1210488999999999,0.17776999999999887,0.21895700000000318,0.7473770000000002,0.5315200000000004,0.2130200000000002,0.3438820000000007,0.2847849999999994,0.7192425,0.3720210000000037,0.49868999999999986,0.12013199999999813,0.2749820000000014
286,0.13197600000000165,0.36759900000000023,0.3661259999999995,0.18381199999999964,0.3739353000000012,0.19441130000000006,0.40973299999999924,0.3112910000000042,1.145505,0.8089200000000005,0.38418000000000063,0.6390010000000004,0.688562000000001,1.3081236,1.0888559999999927,0.9085709999999985,0.14853700000000458,0.3213170000000005
287,0.09266500000000022,0.25306800000000074,0.26576220000000017,0.13550099999999965,0.26417930000000034,0.15339919999999996,0.2444570000000006,0.21877700000000289,0.8196750000000002,0.5330099999999902,0.24524999999999864,0.46961299999999895,0.4595389999999995,0.8833728000000001,0.5396440000000098,0.7200980000000001,0.1576170000000019,0.21790699999999674
288,0.08377199999999974,0.2091290000000008,0.23791389999999968,0.11987199999999909,0.2418483000000009,0.14320129999999986,0.2206399999999995,0.2371000000000052,0.8033070000000002,0.5436699999999917,0.2507700000000028,0.40814400000000006,0.32720899999999986,0.9133804999999997,0.4783899999999903,0.5925229999999999,0.147984000000001,0.27408099999999536
289,0.06417200000000278,0.1548020000000001,0.19316960000000005,0.09540599999999877,0.19205930000000038,0.1177918,0.18275699999999873,0.19997899999999902,0.6851309999999984,0.4656799999999919,0.18484000000000833,0.33308299999999846,0.23358800000000102,0.6691339999999997,0.3493469999999945,0.46661299999999883,0.11749499999999813,0.24986299999999773
290,0.06417200000000278,0.1548020000000001,0.19316960000000005,0.09540599999999877,0.19205930000000038,0.1177918,0.18275699999999873,0.19997899999999902,0.6851309999999984,0.4656799999999919,0.18484000000000833,0.33308299999999846,0.23358800000000102,0.6691339999999997,0.3493469999999945,0.46661299999999883,0.11749499999999813,0.24986299999999773
291,0.1016919999999999,0.24773500000000048,0.2866596999999995,0.14291799999999988,0.27769630000000056,0.16187590000000007,0.26304199999999867,0.25362400000000207,0.9155479999999976,0.6198200000000043,0.2862300000000033,0.572616,0.5607509999999998,1.1114764,0.6188800000000043,0.7792829999999995,0.17048000000000485,0.2508189999999999
292,0.07732000000000028,0.18680699999999995,0.23634690000000003,0.1177469999999996,0.23604030000000087,0.1416634000000001,0.21728399999999937,0.24329200000000384,0.826871999999998,0.5539199999999767,0.2396399999999943,0.3898459999999986,0.4030730000000027,0.9046646000000003,0.41412400000000105,0.5729799999999976,0.14507799999999804,0.27940399999999954
293,0.057477999999999696,0.14506200000000113,0.17358459999999987,0.0857960000000002,0.1702123000000011,0.10718639999999979,0.15556099999999873,0.16465300000000127,0.6102589999999992,0.4258399999999938,0.16764999999999475,0.27885200000000054,0.20609999999999928,0.5818116,0.3709450000000061,0.43434299999999837,0.10416000000000025,0.22825199999999768
294,-9.9999e+98,0.10779400000000017,0.15927889999999945,0.07618499999999884,0.14262330000000034,0.09629000000000021,0.13163099999999872,0.1480370000000022,0.5650370000000002,0.3959999999999866,0.15061000000000035,0.27186499999999825,0.23546199999999828,0.6041952000000004,0.3206090000000046,0.3683669999999992,0.052449000000002854,0.20992199999999883
295,0.12399500000000074,0.2987800000000007,0.31543109999999963,0.16264099999999893,0.3241623000000011,0.18419810000000014,0.2881849999999986,0.3365930000000006,1.1060739999999996,0.7331999999999823,0.29589,0.5122979999999977,0.530975999999999,1.2013024000000003,0.5803840000000093,0.7875240000000012,0.1886870000000016,0.3634580000000014
296,0.10728600000000199,0.27050400000000074,0.29017800000000005,0.14864999999999995,0.29496630000000046,0.17051809999999978,0.2586510000000004,0.3071729999999988,1.0352150000000009,0.681999999999988,0.25342000000000553,0.46600099999999856,0.47302799999999934,1.0863977,0.49224399999999946,0.7221140000000013,0.17439999999999856,0.344614
297,0.12694899999999976,0.3159130000000001,0.34959449999999936,0.173055999999999,0.3572063000000014,0.19284120000000016,0.35021400000000114,0.3263510000000025,1.097379,0.7249099999999942,0.32393000000000427,0.5106499999999983,0.453047999999999,1.1442717,0.7221880000000027,0.7868479999999991,0.19655800000000312,0.3600059999999985
298,0.08274100000000217,0.2125950000000003,0.23212169999999954,0.11837699999999884,0.23268030000000017,0.1408735000000001,0.1985059999999983,0.23234599999999972,0.7856190000000005,0.5235199999999907,0.19763000000000375,0.3730669999999989,0.3350769999999983,0.8572066999999999,0.47329899999999725,0.6047650000000004,0.14915299999999831,0.265467000000001
299,0.10356499999999969,0.23374900000000132,0.27864749999999994,0.14198500000000003,0.2830933000000009,0.16485970000000005,0.25911100000000076,0.2959650000000025,1.0129079999999995,0.6831099999999992,0.2721599999999995,0.44968899999999934,0.4373730000000009,1.0351177000000007,0.493503000000004,0.7034079999999996,0.16225200000000228,0.3473899999999972
300,0.08487900000000081,0.20022600000000068,0.2352438999999995,0.11932999999999971,0.23703730000000078,0.14159200000000016,0.21039099999999777,0.23323800000000006,0.7692270000000008,0.5258499999999913,0.2318700000000007,0.3903970000000001,0.357526,0.9132373999999999,0.4775100000000094,0.6170439999999999,0.14688100000000048,0.2566879999999969
301,0.11869400000000141,0.27707700000000024,0.31621019999999955,0.157176999999999,0.31876430000000155,0.17683930000000014,0.298925999999998,0.3201480000000032,1.1060479999999977,0.7540899999999908,0.2770699999999948,0.46230899999999764,0.33492000000000033,0.9885479000000004,0.5273350000000079,0.7394859999999994,0.17160700000000162,0.3898420000000016
302,0.11869400000000141,0.27707700000000024,0.31621019999999955,0.157176999999999,0.31876430000000155,0.17683930000000014,0.298925999999998,0.3201480000000032,1.1060479999999977,0.7540899999999908,0.2770699999999948,0.46230899999999764,0.33492000000000033,0.9885479000000004,0.5273350000000079,0.7394859999999994,0.17160700000000162,0.3898420000000016
303,0.07969000000000293,0.18235400000000013,0.2567811999999998,0.11597800000000014,0.22558030000000073,0.14048470000000002,0.2007790000000007,0.24845499999999987,0.816199000000001,0.554000000000002,0.23771000000000697,0.4126860000000008,0.442971,0.9555978999999999,0.4289019999999937,0.5847079999999991,0.14081500000000347,0.2720519999999951
304,0.12595699999999965,0.3053790000000003,0.3323695999999998,0.16941699999999926,0.3394333000000014,0.1898780000000002,0.30642699999999934,0.3446580000000026,1.1090279999999986,0.7523699999999849,0.3177699999999959,0.512166999999998,0.516921,1.2225726000000003,0.660650000000004,0.8185070000000003,0.1924330000000012,0.3535089999999954
305,-9.9999e+98,0.025972000000001216,0.09822810000000004,0.041233000000000075,0.08218730000000107,0.05058179999999979,0.0806830000000005,0.09048599999999851,0.3953959999999981,0.30264999999999986,0.12873000000000445,0.21754999999999924,0.1971430000000005,0.4491270000000007,0.17440099999998893,0.20900500000000122,5.000000001587068e-06,0.1639509999999973
306,0.07763900000000135,0.21300500000000078,0.22909139999999972,0.11979499999999987,0.22833030000000143,0.1384905999999999,0.22078799999999887,0.19860200000000106,0.7464109999999984,0.46580000000000155,0.22601000000000226,0.44724199999999925,0.5019959999999983,0.8296356999999999,0.5444049999999976,0.6635010000000001,0.13846300000000156,0.18452800000000025
307,0.09868000000000166,0.2516820000000006,0.27646760000000015,0.1396569999999997,0.27830830000000084,0.1607761000000001,0.2395569999999978,0.2580719999999985,0.8937269999999984,0.5935699999999997,0.24058000000000845,0.4262499999999996,0.38155499999999876,0.9859818000000002,0.5315070000000048,0.6941580000000016,0.16384200000000249,0.29371499999999884
308,0.09868000000000166,0.2516820000000006,0.27646760000000015,0.1396569999999997,0.27830830000000084,0.1607761000000001,0.2395569999999978,0.2580719999999985,0.8937269999999984,0.5935699999999997,0.24058000000000845,0.4262499999999996,0.38155499999999876,0.9859818000000002,0.5315070000000048,0.6941580000000016,0.16384200000000249,0.29371499999999884
309,0.11921700000000257,0.2966449999999998,0.32952959999999987,0.16232800000000047,0.3308593000000002,0.18043820000000022,0.3011449999999982,0.30940500000000526,1.0653079999999981,0.7073900000000037,0.2594799999999964,0.4422089999999983,0.3507200000000026,0.9988744,0.564897000000002,0.7406369999999995,0.1730489999999989,0.36702599999999563
310,0.09148900000000282,0.22283400000000064,0.28685449999999957,0.13276999999999894,0.25609530000000014,0.15626940000000022,0.2165469999999985,0.2703990000000047,0.8838340000000002,0.5936199999999872,0.2613400000000041,0.4925859999999993,0.5067439999999976,1.1198709999999998,0.5110150000000004,0.6827249999999978,0.15719800000000106,0.2763879999999972
311,0.10112200000000016,0.23733499999999985,0.27653380000000016,0.1404519999999998,0.27886130000000087,0.16309510000000005,0.24961199999999906,0.27811499999999967,0.9268619999999999,0.6362000000000023,0.281099999999995,0.4690170000000009,0.4592240000000025,1.0850897999999995,0.5614300000000014,0.7093680000000013,0.1658960000000036,0.29532199999999875
312,0.04598600000000275,0.1223200000000002,0.17973769999999956,0.08529500000000034,0.1621523000000007,0.10716860000000006,0.14576599999999829,0.18318299999999965,0.6169709999999995,0.42393999999998755,0.16952000000000567,0.30272199999999927,0.2801039999999979,0.6824791000000001,0.34131200000000206,0.432388999999997,0.10667600000000022,0.21918900000000008
313,0.06160300000000163,0.1493580000000012,0.1931453999999997,0.09499699999999933,0.19112630000000053,0.11671569999999987,0.18374000000000024,0.19622400000000084,0.6863889999999984,0.4728399999999908,0.18886000000000536,0.342136,0.23393000000000086,0.6373469999999992,0.3229249999999979,0.46246200000000215,0.11839300000000463,0.25114999999999554
314,0.07461300000000293,0.17225800000000113,0.22415439999999975,0.11008200000000024,0.21889230000000026,0.13371900000000014,0.20473199999999991,0.23112400000000122,0.7934330000000003,0.5376899999999978,0.22043999999999642,0.39629899999999907,0.32128700000000165,0.8347100999999997,0.39931699999999637,0.5483429999999991,0.13782499999999942,0.28168999999999755
315,0.07084800000000158,0.1585560000000008,0.21116279999999943,0.09982499999999916,0.19397930000000052,0.12335930000000017,0.17729699999999937,0.22158200000000505,0.7557510000000001,0.5355299999999943,0.21819999999999595,0.33915199999999857,0.27816999999999936,0.7113161999999997,0.3879660000000058,0.5111729999999994,0.12226000000000425,0.27303399999999556
316,0.09262700000000024,0.23327899999999957,0.26262969999999974,0.13065800000000038,0.26394430000000035,0.15253329999999998,0.24085099999999926,0.2552730000000025,0.8918779999999984,0.6009799999999927,0.23514000000000124,0.40780699999999825,0.3003169999999997,0.8859105000000005,0.48743899999999485,0.6305119999999995,0.15286700000000053,0.31151299999999793
317,0.1138670000000026,0.2809000000000008,0.3049124000000001,0.15525199999999906,0.3068653000000001,0.1738021999999999,0.2603919999999995,0.2634650000000036,0.9299259999999983,0.6110499999999774,0.2720300000000009,0.5019379999999991,0.495042999999999,1.0571237,0.6317190000000039,0.7782540000000004,0.18105100000000363,0.28663199999999733
318,0.09247200000000078,0.2270070000000004,0.2648165999999996,0.13334500000000027,0.2673223,0.15607900000000008,0.24891099999999966,0.27582900000000166,0.9569089999999996,0.6529199999999946,0.24383000000000266,0.4099889999999995,0.3333060000000003,0.8933720000000003,0.46531299999999476,0.6455349999999989,0.15562900000000468,0.33966099999999955
319,0.10244000000000142,0.23425800000000052,0.2913388999999995,0.14192099999999996,0.28029730000000086,0.16593800000000014,0.25222300000000075,0.297581000000001,0.9926719999999989,0.6702599999999848,0.28943999999999903,0.48618000000000094,0.5231729999999999,1.1336705999999994,0.5254119999999887,0.7046150000000004,0.16312899999999786,0.3318489999999983
320,0.11007600000000295,0.2766180000000009,0.29825129999999955,0.15135199999999926,0.2996043000000004,0.1731834000000001,0.2622329999999984,0.31164900000000273,1.0544340000000005,0.694439999999986,0.2588400000000064,0.4782510000000002,0.5083909999999996,1.1163286000000001,0.4953909999999979,0.7344000000000008,0.17165400000000375,0.34590299999999985
321,0.1002900000000011,0.2596500000000006,0.27941150000000015,0.13945099999999933,0.28030930000000076,0.15844930000000002,0.2578490000000002,0.23065499999999872,0.824069999999999,0.5707999999999913,0.26529000000000735,0.45494099999999804,0.45385900000000134,0.9463898000000004,0.6090010000000063,0.7123339999999985,0.1639419999999987,0.25026499999999885
322,-9.9999e+98,0.1003570000000007,0.1723555999999995,0.0771569999999997,0.14015730000000026,0.09704639999999998,0.1305039999999984,0.16579200000000327,0.5963379999999994,0.4264199999999789,0.1700400000000002,0.2930419999999998,0.2879100000000001,0.6633320000000005,0.2918820000000011,0.3755260000000007,0.05382900000000035,0.2169979999999967
323,0.09219300000000175,0.22444100000000056,0.2555942999999994,0.12789800000000007,0.2586373000000002,0.15071939999999984,0.23648999999999987,0.2521520000000024,0.8695570000000004,0.5837999999999965,0.2516999999999996,0.4067459999999983,0.31625700000000023,0.9287357999999992,0.4743999999999886,0.6174180000000007,0.1514710000000008,0.2927539999999951
324,0.11205700000000007,0.2621890000000011,0.29981929999999934,0.15284100000000045,0.3063433,0.1745135000000002,0.27701700000000073,0.3244070000000008,1.0475959999999986,0.7036200000000008,0.2867700000000042,0.46312099999999745,0.45082800000000134,1.1229517999999992,0.5428529999999938,0.7325839999999992,0.17381900000000172,0.3528400000000005
325,0.10958500000000271,0.2556539999999998,0.29381460000000015,0.1469989999999992,0.30035330000000116,0.16856289999999996,0.2799030000000009,0.2811149999999998,0.963435999999998,0.6453799999999887,0.29158999999999935,0.47460299999999833,0.39862900000000323,1.0512490000000003,0.6013730000000095,0.7003780000000006,0.16480400000000373,0.32334000000000174
326,0.07087200000000138,0.16990700000000025,0.20851720000000018,0.10394799999999904,0.2099833000000011,0.12695979999999984,0.193365,0.2166300000000021,0.7189820000000005,0.48251999999999384,0.20395999999999503,0.3316759999999981,0.31180599999999714,0.7733660000000002,0.3734540000000095,0.49566799999999844,0.13038200000000444,0.2505439999999979
327,0.0998650000000012,0.24041000000000068,0.27580579999999966,0.14009099999999997,0.2805623000000015,0.16227729999999996,0.252006999999999,0.2751780000000039,0.9458750000000009,0.635249999999985,0.2639199999999988,0.4361689999999996,0.36599600000000265,1.0294705000000004,0.5138770000000079,0.686674,0.16749800000000192,0.320260999999995
328,0.09002800000000022,0.22696700000000014,0.25204069999999934,0.1257780000000004,0.2536163000000009,0.1477797999999999,0.22990799999999822,0.23586999999999847,0.8073219999999992,0.5496399999999824,0.24192999999999643,0.3859630000000003,0.36194400000000115,0.9148328000000001,0.5046910000000082,0.6280230000000024,0.15150700000000228,0.27097200000000043
329,0.12612500000000182,0.30019799999999996,0.3384678000000001,0.16945299999999897,0.34326730000000083,0.1885207000000002,0.3088589999999982,0.3379860000000008,1.1131910000000005,0.7307899999999847,0.2807099999999991,0.5013919999999992,0.39908000000000143,1.1168862000000006,0.6045890000000043,0.8013799999999982,0.1931510000000003,0.3750269999999958
330,0.019600000000000506,0.121969,0.1872815999999995,0.08551199999999959,0.16567730000000047,0.1073618999999999,0.15684399999999954,0.18863600000000247,0.6512749999999983,0.458849999999984,0.17396999999999707,0.32502799999999965,0.289944000000002,0.6667142999999998,0.3021739999999937,0.42499799999999865,0.10761800000000221,0.24096999999999724
331,0.11379800000000273,0.2687369999999998,0.30425849999999954,0.15249299999999977,0.31051430000000124,0.17361039999999983,0.2862860000000005,0.2907250000000019,0.9784609999999994,0.6613399999999956,0.30077,0.49523599999999846,0.43576499999999996,1.0914944999999996,0.6422609999999906,0.7355680000000007,0.167743999999999,0.3242580000000004
332,0.07233599999999996,0.17844499999999996,0.21507499999999968,0.10765600000000042,0.2151973000000016,0.1305765000000001,0.19519999999999982,0.22077500000000327,0.7473039999999997,0.5072299999999927,0.20436999999999728,0.3666409999999978,0.26479499999999945,0.7797939000000005,0.42633600000000627,0.5325959999999981,0.13271699999999953,0.2647539999999964
333,0.06569700000000012,0.13622900000000016,0.1908164999999995,0.09120799999999996,0.17331930000000106,0.11362560000000022,0.154478000000001,0.19435000000000002,0.6596639999999994,0.4542199999999923,0.1702499999999958,0.30963799999999964,0.2826790000000017,0.6981471999999993,0.3727090000000004,0.4728349999999999,0.11381099999999833,0.23234099999999813
334,0.07811099999999982,0.19024500000000089,0.22540039999999983,0.1137870000000003,0.22855130000000123,0.13728229999999986,0.20769500000000107,0.23498200000000224,0.7716969999999996,0.5220899999999915,0.22781000000000518,0.36464699999999794,0.3071850000000005,0.8696541,0.43400600000001077,0.5621540000000032,0.14169499999999857,0.25932799999999645
335,0.09715500000000077,0.24397100000000016,0.2705663999999999,0.1359729999999999,0.27211229999999986,0.15708369999999983,0.24185699999999954,0.24726800000000537,0.8523789999999991,0.5781399999999906,0.2574900000000042,0.42422699999999836,0.40602499999999964,0.9735965999999996,0.5454199999999929,0.6872120000000024,0.15728100000000467,0.27993000000000023
336,0.06955600000000217,0.16168799999999983,0.19801739999999945,0.09712199999999882,0.1973293000000016,0.11906529999999993,0.18764799999999937,0.19324399999999997,0.680965999999998,0.46116999999998143,0.18623999999999796,0.32576999999999856,0.22320999999999813,0.6703986000000004,0.3681610000000006,0.47554699999999883,0.11983400000000444,0.25136499999999984
337,0.12100600000000128,0.29152600000000106,0.32283819999999963,0.16647299999999987,0.33107430000000093,0.18659479999999995,0.2688059999999979,0.29009599999999836,1.017754,0.6336699999999951,0.25199999999999534,0.5150839999999981,0.5350320000000011,1.193594,0.6725720000000024,0.797308000000001,0.18535200000000174,0.3150679999999966
338,0.12100600000000128,0.29152600000000106,0.32283819999999963,0.16647299999999987,0.33107430000000093,0.18659479999999995,0.2688059999999979,0.29009599999999836,1.017754,0.6336699999999951,0.25199999999999534,0.5150839999999981,0.5350320000000011,1.193594,0.6725720000000024,0.797308000000001,0.18535200000000174,0.3150679999999966
339,0.09311500000000095,0.24326000000000114,0.2870381999999996,0.1333089999999988,0.2597023000000007,0.15771509999999989,0.23366899999999902,0.2930199999999985,0.9811799999999984,0.6664299999999912,0.2563899999999961,0.4544320000000006,0.5347450000000009,0.9849474000000003,0.43405500000000075,0.673489,0.15620100000000292,0.32983999999999725
340,0.0705360000000006,0.1638730000000006,0.2094598999999997,0.1022160000000003,0.2023963000000002,0.12565399999999993,0.18679500000000004,0.2198580000000021,0.7428989999999978,0.5100400000000036,0.19652999999999565,0.3578329999999994,0.26980899999999863,0.7402185999999995,0.39741700000000435,0.5105979999999981,0.1275359999999992,0.2688799999999958
341,0.11321200000000076,0.2835029999999996,0.3092174999999999,0.1514369999999996,0.3119662999999999,0.1713798999999998,0.2960180000000001,0.275381000000003,0.9545719999999989,0.6333099999999945,0.2761299999999949,0.441241999999999,0.38341199999999986,0.9979508999999993,0.6321920000000034,0.6839450000000014,0.17352800000000457,0.31792999999999694
342,0.09538300000000177,0.23376200000000047,0.2674099999999999,0.13653300000000002,0.2714793000000011,0.15924329999999998,0.2407769999999978,0.276247000000005,0.914276000000001,0.6164100000000019,0.25578000000000145,0.4334099999999985,0.3992779999999989,1.0274146000000002,0.505117999999996,0.6740190000000013,0.16165399999999863,0.300855999999996
343,0.09164600000000078,0.23189100000000096,0.2624738999999998,0.13354900000000036,0.2647313000000011,0.1564331000000001,0.23575400000000002,0.2765839999999997,0.9507550000000009,0.6416399999999953,0.22939999999999827,0.41333900000000057,0.38808899999999724,0.9283237,0.4549569999999932,0.6549729999999983,0.15540400000000432,0.3283309999999986
344,0.11742900000000134,0.27912900000000107,0.3206154999999997,0.16006499999999946,0.31727030000000056,0.17921750000000003,0.30634900000000087,0.28874199999999917,1.0504469999999984,0.7552299999999832,0.3748900000000077,0.6766369999999995,0.7724779999999996,1.3395850999999999,0.6947370000000035,0.8504570000000022,0.16452300000000264,0.29684199999999805
345,0.04456700000000069,0.1316380000000006,0.17516929999999942,0.08602899999999991,0.17063330000000043,0.10717219999999994,0.16540099999999924,0.17763599999999968,0.6462749999999993,0.46102999999999383,0.17454000000000747,0.3107450000000007,0.21850200000000086,0.5924022999999998,0.29156400000000815,0.4270320000000005,0.10599700000000212,0.2415189999999967
346,0.12092900000000029,0.31717000000000084,0.3388837999999996,0.16837499999999928,0.3448803000000016,0.1860419000000002,0.33082800000000034,0.28030499999999847,0.9832539999999987,0.7050899999999842,0.3440400000000068,0.494057999999999,0.5526370000000007,1.1045873000000004,0.7590569999999985,0.7832410000000003,0.18547699999999878,0.2921890000000005
347,0.12127100000000013,0.2911140000000003,0.3294378999999994,0.16276500000000027,0.3356363000000009,0.1826951000000001,0.32010899999999864,0.3150100000000009,1.0723640000000003,0.7051899999999875,0.2996300000000076,0.48666199999999904,0.3844689999999993,1.0724974999999999,0.6327859999999959,0.752435000000002,0.17964400000000325,0.3612589999999969
348,0.08331400000000144,0.18222800000000028,0.24186459999999954,0.1191759999999995,0.2358653000000004,0.14332389999999995,0.21716800000000092,0.2607309999999998,0.859455999999998,0.5802699999999845,0.23668999999999585,0.39896699999999896,0.37774399999999986,0.9055081999999999,0.4203159999999997,0.5918499999999973,0.14597100000000296,0.2959589999999963
349,0.12327200000000005,0.3033979999999996,0.3391484999999994,0.16786300000000054,0.3418213000000012,0.18633260000000007,0.31474799999999803,0.330249000000002,1.1259270000000008,0.7538899999999842,0.28197000000000116,0.47054199999999824,0.35009099999999904,1.0611968000000003,0.5786779999999965,0.7848459999999982,0.1728480000000019,0.39491199999999793
350,0.07257800000000003,0.1758380000000006,0.24493719999999986,0.10969199999999901,0.20750130000000055,0.13330989999999998,0.17883699999999791,0.23695299999999975,0.7876340000000006,0.5314199999999971,0.19732000000000482,0.37930399999999764,0.3902429999999981,0.8399028,0.41948499999999456,0.581194,0.13439800000000446,0.2670359999999974
351,0.07257800000000003,0.1758380000000006,0.24493719999999986,0.10969199999999901,0.20750130000000055,0.13330989999999998,0.17883699999999791,0.23695299999999975,0.7876340000000006,0.5314199999999971,0.19732000000000482,0.37930399999999764,0.3902429999999981,0.8399028,0.41948499999999456,0.581194,0.13439800000000446,0.2670359999999974
352,0.08288300000000248,0.21431100000000036,0.2523428999999995,0.12015199999999915,0.23525829999999992,0.14455410000000013,0.2190000000000012,0.2640300000000053,0.8986839999999994,0.6195299999999975,0.23275999999999897,0.40827099999999916,0.40568500000000185,0.8696628,0.4191709999999915,0.611377000000001,0.14125899999999803,0.3153080000000017
353,0.07143800000000056,0.18179800000000057,0.21805589999999953,0.10724800000000023,0.21808930000000082,0.1293736000000001,0.20863100000000045,0.21896600000000177,0.7535740000000004,0.508829999999989,0.20807000000000642,0.36744099999999946,0.2578510000000023,0.7427435999999998,0.38128400000000795,0.5174830000000021,0.13481500000000324,0.26825900000000047
354,0.11749400000000065,0.2804890000000011,0.31406129999999965,0.1568909999999999,0.3203043000000001,0.17751530000000004,0.2988679999999988,0.28172100000000455,0.9629429999999992,0.6757499999999936,0.3232900000000001,0.47315799999999797,0.5341090000000008,1.1167276,0.6784760000000034,0.7347259999999984,0.177697000000002,0.3029820000000001
355,0.08575100000000191,0.20864700000000092,0.24562249999999963,0.12431400000000004,0.2504892999999999,0.14785450000000022,0.23100499999999968,0.25631500000000074,0.8671189999999989,0.5793499999999767,0.24670000000000414,0.3957499999999996,0.39606799999999964,0.9292490999999998,0.437263999999999,0.6028530000000032,0.14813200000000393,0.2912940000000006
356,0.12493399999999966,0.3169839999999997,0.3415555999999995,0.17133399999999988,0.3436463000000014,0.1883134000000002,0.30241399999999885,0.28778799999999904,1.0000599999999977,0.6675499999999772,0.29798999999999864,0.5410380000000004,0.5161449999999981,1.0838926000000004,0.7250070000000051,0.8166639999999994,0.18824599999999947,0.30477499999999935
357,0.08934600000000259,0.22241900000000037,0.25390710000000016,0.12810799999999922,0.2570233000000002,0.15107530000000002,0.232838000000001,0.257398000000002,0.8775440000000003,0.5911099999999863,0.24770999999999788,0.41971699999999856,0.3180290000000028,0.9342755999999994,0.4835250000000002,0.6246709999999993,0.1511509999999987,0.3020009999999971
358,0.05971500000000063,0.14781300000000108,0.18573910000000016,0.09325899999999976,0.18433930000000132,0.11605510000000008,0.17449599999999776,0.20141300000000228,0.70411,0.4988699999999824,0.19261000000000195,0.32526799999999767,0.2507799999999989,0.6493827999999997,0.3567520000000002,0.4704049999999995,0.11682900000000274,0.26234699999999833
359,0.04143900000000045,0.13450900000000132,0.17178000000000004,0.08418299999999945,0.16760330000000145,0.10560329999999984,0.1596049999999991,0.1672100000000043,0.6235379999999999,0.4420299999999884,0.17235999999999763,0.29500499999999974,0.22276400000000152,0.5792412000000002,0.33765799999999047,0.41084999999999994,0.1048370000000034,0.23703299999999672
360,0.10060000000000002,0.24186300000000038,0.27999229999999997,0.1411920000000002,0.282611300000001,0.16313280000000008,0.26600099999999927,0.30491900000000527,1.0512659999999983,0.7359099999999899,0.2824800000000067,0.444113999999999,0.4023609999999991,0.9069603000000002,0.4621619999999922,0.6775669999999998,0.16639299999999935,0.3680249999999958
361,0.11881699999999995,0.265212,0.30491579999999985,0.15443999999999924,0.31250230000000023,0.1758223000000001,0.28838400000000064,0.2890830000000051,0.9824689999999983,0.6830599999999833,0.3174900000000065,0.48971699999999885,0.5064050000000009,1.1577588000000008,0.6537450000000007,0.7517320000000005,0.17213699999999932,0.30826599999999615
362,0.10756800000000055,0.26295999999999964,0.29228649999999945,0.14499299999999948,0.29536230000000074,0.16379339999999987,0.27773600000000087,0.2435469999999995,0.8616039999999998,0.6138799999999947,0.2956999999999965,0.4492130000000003,0.473904000000001,1.0129639,0.6377190000000041,0.7145309999999974,0.1713319999999996,0.2710909999999984
363,0.07062400000000224,0.1579580000000007,0.19630149999999968,0.09766100000000044,0.1933643000000007,0.12067380000000005,0.17882200000000026,0.2074619999999996,0.6968779999999981,0.4753499999999917,0.1921300000000059,0.34835899999999853,0.2652639999999984,0.7237476000000003,0.3892840000000035,0.493113000000001,0.12365400000000193,0.253110999999997
364,0.07470100000000102,0.16567299999999996,0.2015772,0.10162099999999974,0.20025130000000146,0.12436740000000013,0.17677300000000074,0.20772099999999938,0.7131879999999988,0.49052999999997837,0.18836000000000297,0.32762599999999864,0.26062900000000155,0.7206866000000005,0.4144030000000072,0.5127869999999994,0.12754999999999939,0.2542189999999991
365,0.1036520000000003,0.23253000000000057,0.27447649999999957,0.14140599999999992,0.2823163000000015,0.1644912999999999,0.25614200000000054,0.29458199999999835,0.9800149999999981,0.6604499999999973,0.2815999999999974,0.4533309999999986,0.41479,1.0805979,0.5170160000000124,0.7012950000000018,0.16332799999999992,0.3393949999999961
366,0.07404400000000066,0.16981400000000058,0.21925629999999963,0.10583499999999901,0.20759930000000004,0.1295582999999998,0.18536999999999892,0.22894099999999895,0.746690000000001,0.5077799999999968,0.20372000000000412,0.3547539999999998,0.3109479999999998,0.8151057000000002,0.4102890000000059,0.5382010000000008,0.1302999999999983,0.2614200000000011
367,0.0803900000000013,0.17870500000000078,0.2309220999999999,0.11343899999999962,0.22474030000000056,0.1375983999999999,0.20471399999999917,0.23918300000000414,0.8091620000000006,0.5462499999999864,0.2268800000000084,0.3792699999999982,0.3688520000000004,0.8760078,0.4037170000000003,0.5552470000000014,0.140388999999999,0.2776220000000009
368,0.12575700000000012,0.2960419999999999,0.3138614999999998,0.16129199999999955,0.3251463000000001,0.18386749999999985,0.2987049999999982,0.3323080000000047,1.0708979999999997,0.729770000000002,0.3263199999999955,0.519044000000001,0.5332509999999999,1.2388877999999997,0.6691119999999984,0.7819299999999991,0.1829490000000007,0.3421200000000013
369,0.06419400000000053,0.16279100000000035,0.19220579999999998,0.09333799999999925,0.1903213000000008,0.1149631000000002,0.17520299999999978,0.16670500000000033,0.6176889999999986,0.41661999999999466,0.18232000000000426,0.3089309999999976,0.24120000000000275,0.6604954999999997,0.3759940000000057,0.450484000000003,0.11323699999999803,0.22920799999999986
370,0.10015000000000285,0.23310100000000133,0.27488149999999933,0.1405739999999991,0.28097430000000045,0.16339959999999998,0.25786099999999834,0.2966470000000001,0.999879,0.673579999999987,0.26968000000000814,0.4434149999999981,0.42031600000000324,1.0260667000000003,0.4922029999999893,0.6912550000000017,0.16505300000000034,0.3443709999999953
371,0.07179500000000161,0.16686600000000062,0.21005179999999957,0.10262999999999955,0.20117730000000122,0.12574590000000008,0.1775960000000012,0.2101340000000036,0.7229209999999995,0.49474999999998204,0.1845700000000079,0.3256370000000004,0.2741049999999987,0.7460583000000005,0.4114490000000046,0.5260679999999986,0.1280619999999999,0.2548479999999955
372,0.11348100000000017,0.26192300000000124,0.29924190000000017,0.15073899999999973,0.3063273000000013,0.17274009999999995,0.282076,0.30423600000000306,1.0038309999999981,0.6721399999999846,0.29353000000000407,0.4678830000000005,0.4441660000000027,1.0959314000000004,0.5936269999999979,0.7144960000000005,0.17294300000000362,0.332495999999999
373,-9.9999e+98,0.10134799999999977,0.14991129999999941,0.06657399999999924,0.12111430000000034,0.08543769999999995,0.11681700000000106,0.12273300000000376,0.5244539999999986,0.38253999999997745,0.15597999999999956,0.2658309999999986,0.24937700000000262,0.5746833999999996,0.24068499999999915,0.30654400000000237,0.0510540000000006,0.19605999999999568
374,0.06773700000000105,0.14069899999999969,0.22352939999999943,0.09889599999999987,0.1919953000000003,0.12184179999999989,0.18144399999999905,0.22315800000000507,0.7524149999999992,0.5253500000000031,0.2079700000000031,0.3830239999999989,0.3978280000000005,0.7807188999999992,0.31365499999999713,0.4858380000000011,0.1186920000000029,0.2647720000000007
375,0.1002989999999997,0.2360780000000009,0.2731841999999993,0.13850199999999901,0.2780383000000004,0.16129399999999983,0.25220600000000104,0.2787150000000054,0.9472339999999981,0.6369200000000035,0.26506999999999437,0.4258670000000002,0.3902239999999999,1.0256432000000002,0.49817600000000084,0.6731610000000003,0.1635789999999986,0.32237099999999685
376,0.10672399999999982,0.267551000000001,0.29583959999999987,0.14721800000000052,0.2973303000000005,0.16665509999999983,0.26203100000000035,0.27956999999999965,0.959858999999998,0.6291699999999878,0.22741999999999507,0.4251509999999996,0.3640669999999986,0.9633380000000002,0.5350800000000078,0.6996889999999993,0.17047000000000168,0.3269459999999995
377,0.0742130000000003,0.170871,0.2137815999999999,0.10573799999999878,0.20896130000000035,0.12918010000000013,0.18929899999999833,0.22343100000000504,0.7509939999999986,0.512219999999985,0.2021699999999953,0.37062799999999996,0.2834760000000003,0.7796181999999998,0.4139820000000043,0.5303639999999987,0.13038999999999845,0.26856199999999575
378,0.12019599999999997,0.28970300000000115,0.3143747000000001,0.16201199999999893,0.31566130000000037,0.1822165,0.25979699999999895,0.30329000000000406,1.023937,0.6639799999999809,0.28115999999999985,0.5511960000000009,0.5442520000000002,1.2144561999999999,0.6192029999999988,0.800298999999999,0.18471100000000007,0.30339899999999886
379,0.11694100000000063,0.319071000000001,0.3286009999999999,0.16319399999999895,0.32922030000000113,0.17793189999999992,0.31503700000000023,0.23787200000000297,0.9404409999999999,0.6389299999999878,0.29407000000000494,0.5263139999999993,0.5185980000000008,0.9738021999999997,0.6962919999999997,0.7865909999999978,0.17016600000000182,0.24509599999999665
380,0.09851400000000154,0.23793799999999976,0.26872130000000016,0.1365540000000003,0.27244130000000055,0.15887420000000008,0.24389599999999945,0.26801499999999834,0.8890069999999994,0.6068699999999865,0.2641500000000008,0.4361519999999999,0.40404399999999896,1.0235846999999998,0.5438510000000036,0.6833819999999982,0.16555999999999926,0.28988700000000023
381,0.1156850000000027,0.26884500000000067,0.3016268999999996,0.15155599999999936,0.30391930000000045,0.17063650000000008,0.27724100000000007,0.26972299999999905,0.937895000000001,0.653349999999989,0.29654000000000735,0.4695389999999975,0.46987499999999827,1.0620501999999998,0.6230400000000031,0.7438159999999989,0.1726069999999993,0.292898000000001
382,0.09762200000000121,0.2395530000000008,0.27568329999999985,0.13830800000000032,0.2710132999999999,0.15908349999999993,0.2421059999999997,0.2549270000000021,0.8680819999999976,0.5974799999999902,0.2790899999999965,0.5119140000000009,0.4955030000000029,1.0724317999999995,0.5740949999999998,0.7365880000000011,0.16250800000000254,0.2621079999999978
383,0.08020500000000297,0.21592700000000065,0.23777219999999932,0.12130200000000002,0.23909130000000012,0.1439191000000002,0.20395699999999906,0.24177200000000454,0.807382999999998,0.5353199999999845,0.20153000000000532,0.39755899999999755,0.33994399999999914,0.8740098999999999,0.4851759999999956,0.6158099999999997,0.14966499999999883,0.2756089999999958
384,0.0793689999999998,0.20971000000000117,0.23538809999999977,0.12002399999999902,0.23645830000000068,0.14318259999999983,0.20609599999999872,0.24221500000000162,0.8360929999999982,0.5645999999999844,0.2135899999999964,0.36504799999999804,0.317064000000002,0.8538504000000007,0.461039999999997,0.6002329999999994,0.1457669999999993,0.2861949999999993
385,0.10140400000000227,0.25126200000000054,0.2826940999999996,0.14076099999999947,0.2851883000000015,0.16189549999999997,0.26557799999999787,0.27632499999999993,0.9775069999999992,0.6591499999999826,0.25476000000000454,0.42997199999999935,0.29776700000000034,0.9441467000000001,0.5071510000000075,0.6762060000000005,0.16746200000000044,0.3460449999999966
386,0.08848500000000215,0.20057100000000005,0.24998059999999978,0.12482099999999896,0.24834129999999988,0.14870569999999983,0.2244489999999999,0.2630109999999988,0.8758429999999997,0.5909800000000018,0.24286999999999637,0.4004170000000009,0.3727339999999977,0.9477495999999999,0.45074900000000184,0.6117559999999997,0.14930600000000283,0.29658299999999826
387,0.1304450000000017,0.3332709999999999,0.3651603999999997,0.18195300000000003,0.373546300000001,0.2012062000000001,0.36233000000000004,0.33954700000000315,1.1271799999999992,0.7621299999999849,0.3445200000000028,0.5480689999999981,0.5385169999999988,1.204656,0.7703960000000052,0.8220750000000017,0.1769000000000034,0.36086600000000146
388,0.07795100000000232,0.17635100000000037,0.21334620000000015,0.10715199999999925,0.21444930000000006,0.13050110000000004,0.20093800000000073,0.2269760000000005,0.7744959999999992,0.5265299999999797,0.20704000000000633,0.36945300000000003,0.27112200000000186,0.7697735999999997,0.3884910000000019,0.5259679999999989,0.13105600000000095,0.27442699999999576
389,0.12114900000000262,0.2673380000000005,0.3039100000000001,0.15403899999999915,0.3123073000000005,0.17648080000000022,0.28749699999999834,0.308443000000004,1.0263799999999996,0.6902899999999761,0.3030300000000068,0.48585999999999885,0.49201300000000003,1.1438856,0.6154949999999957,0.7314920000000029,0.17093100000000305,0.3364389999999986
390,0.10313500000000175,0.25245600000000046,0.2811930999999994,0.1409319999999994,0.2837643000000014,0.16177609999999998,0.25585099999999983,0.25972600000000057,0.889441999999999,0.6055999999999813,0.2690099999999944,0.43168700000000015,0.4143800000000013,0.9979497999999998,0.5738939999999957,0.6989389999999993,0.16365900000000266,0.2917229999999975
391,0.11444200000000038,0.2732340000000004,0.30367370000000005,0.15575399999999995,0.30689030000000095,0.17505240000000022,0.25778700000000043,0.2745350000000002,0.9575819999999986,0.6290799999999876,0.2747099999999989,0.5046590000000002,0.4966089999999994,1.0989236,0.6128560000000078,0.7811200000000014,0.1790060000000011,0.29897599999999613
392,0.12532400000000266,0.31017600000000023,0.3272003999999997,0.16886199999999896,0.33843330000000016,0.19026569999999987,0.31251100000000065,0.3250630000000001,1.085560000000001,0.7735500000000002,0.3669500000000028,0.586351999999998,0.6616409999999995,1.3053374,0.7418409999999938,0.828911999999999,0.1862210000000033,0.3355710000000016
393,0.1231560000000016,0.307836,0.32196859999999994,0.16278900000000007,0.32359130000000036,0.18526290000000012,0.29214899999999844,0.3509330000000048,1.1440029999999979,0.7676799999999844,0.3127900000000068,0.5196979999999982,0.5764580000000024,1.2115328000000005,0.566504000000009,0.7922560000000018,0.17955200000000104,0.37931700000000035
394,-9.9999e+98,0.09698400000000085,0.15920929999999966,0.07204699999999953,0.13181730000000158,0.09152339999999981,0.12499299999999991,0.14834499999999906,0.5669569999999986,0.4142399999999782,0.1673200000000037,0.28197199999999967,0.26269000000000275,0.6193477000000005,0.2695269999999965,0.34224299999999985,0.0506950000000046,0.2113999999999976
395,0.0938990000000004,0.21842999999999968,0.26004059999999996,0.13301500000000033,0.2651623000000001,0.1566380999999999,0.24512100000000103,0.2812770000000029,0.955411999999999,0.6447399999999845,0.25665999999999656,0.42655699999999896,0.4068959999999997,0.9703874999999993,0.4616099999999932,0.651683000000002,0.16196099999999802,0.3304059999999964
396,0.05666400000000138,0.12772200000000034,0.18875239999999938,0.08767499999999906,0.16984930000000098,0.1099367,0.15895399999999782,0.19447500000000417,0.656955,0.45518999999998755,0.17341000000000406,0.31440100000000015,0.2856240000000021,0.6741042999999998,0.3301830000000052,0.43800299999999837,0.10938300000000112,0.2395879999999977
397,0.08524900000000102,0.23024299999999975,0.2528857999999996,0.12445499999999932,0.25244730000000004,0.14544420000000002,0.22792300000000054,0.22901099999999985,0.815058999999998,0.5454499999999882,0.2142300000000006,0.37017799999999923,0.30750900000000314,0.8160585000000005,0.4803200000000061,0.5881310000000006,0.14342299999999852,0.28666599999999676
398,0.09469600000000256,0.23112599999999972,0.25939159999999983,0.12972300000000025,0.2622543000000004,0.15208639999999995,0.24015899999999846,0.24437900000000212,0.8405680000000011,0.5718200000000024,0.2525200000000041,0.3958440000000003,0.37038800000000194,0.9482800999999998,0.5291169999999994,0.6369769999999981,0.15319900000000075,0.28053899999999743
399,0.09364599999999967,0.21761799999999987,0.25994269999999986,0.13303999999999938,0.26500530000000033,0.1566576999999998,0.2479559999999985,0.28603600000000284,0.964385,0.6497699999999895,0.2576999999999998,0.4328070000000004,0.41108999999999796,0.9770591,0.45053500000000213,0.6540520000000001,0.15988300000000066,0.33426399999999745
400,0.0898210000000006,0.22395900000000069,0.24883569999999988,0.12762599999999935,0.24957030000000024,0.1493679000000001,0.21225399999999794,0.2447870000000023,0.8108569999999986,0.5452599999999848,0.2358600000000024,0.4271609999999981,0.39121800000000206,0.9648925999999998,0.49295399999999745,0.6716259999999998,0.14759800000000212,0.26310399999999845
401,0.08901300000000134,0.2161369999999998,0.2473188999999998,0.12492299999999901,0.25039730000000127,0.14799030000000002,0.226344000000001,0.24642700000000417,0.8471539999999997,0.5709399999999789,0.2394299999999987,0.3893500000000003,0.32426200000000094,0.9244437999999997,0.4674720000000008,0.6145909999999972,0.15178300000000178,0.2875609999999966
402,0.10821100000000072,0.26446600000000053,0.2900494,0.14827999999999975,0.2954763000000007,0.17082880000000022,0.27064999999999984,0.3133720000000011,1.0618359999999996,0.7162099999999896,0.2827000000000055,0.4672659999999986,0.47377499999999984,1.0718974000000001,0.5061290000000014,0.7265039999999985,0.17183299999999946,0.3637329999999963
403,0.10726400000000069,0.25827000000000133,0.2931444000000001,0.148536,0.2981513000000007,0.16972999999999994,0.26702399999999926,0.29179600000000505,0.9994039999999984,0.6688399999999888,0.2706699999999955,0.448599999999999,0.37658700000000067,1.0652385000000004,0.5334730000000008,0.7163280000000007,0.17480900000000332,0.3378549999999976
404,0.12736700000000312,0.29892000000000074,0.33774570000000015,0.16995399999999883,0.3465303000000013,0.19094539999999993,0.32124800000000064,0.3478160000000017,1.1262830000000008,0.7490299999999763,0.32280000000000086,0.5172589999999992,0.47331299999999743,1.1897275,0.6617509999999953,0.7993349999999992,0.1902770000000018,0.3688679999999991
405,0.06953200000000237,0.16041500000000042,0.20072270000000003,0.0999920000000003,0.19930430000000143,0.12306069999999991,0.1811019999999992,0.20430500000000507,0.6910939999999997,0.4684299999999837,0.20314000000000476,0.3519269999999999,0.27112599999999887,0.7565590999999996,0.3932570000000055,0.5035720000000019,0.12682600000000122,0.24919099999999617
406,0.019237000000000393,0.10501000000000005,0.17325120000000016,0.07829399999999964,0.14273230000000048,0.09852559999999988,0.1352019999999996,0.17205799999999982,0.6259549999999976,0.46388999999999214,0.19625000000000625,0.3019779999999983,0.2727240000000002,0.6448774999999998,0.2904699999999991,0.39930999999999983,0.09514000000000067,0.23467399999999827
407,0.0827730000000031,0.23629000000000033,0.2519909,0.12581099999999878,0.24893130000000063,0.14568309999999984,0.21352800000000016,0.22379000000000104,0.7642929999999986,0.5099899999999877,0.21526000000000067,0.39239099999999993,0.3714220000000026,0.8405905999999996,0.4957849999999979,0.6427300000000002,0.14511699999999905,0.24990899999999527
408,0.069936000000002,0.14249700000000054,0.21923709999999996,0.09809399999999968,0.1848673000000005,0.12111610000000006,0.17321899999999957,0.22934800000000166,0.7729970000000002,0.5607499999999845,0.22970000000000823,0.3660199999999989,0.3624989999999997,0.7852493999999997,0.3327239999999989,0.5098500000000001,0.12077800000000138,0.27622300000000166
409,0.11311600000000155,0.2533290000000008,0.2894027000000001,0.14641199999999976,0.2963703000000013,0.1682011000000001,0.28086199999999906,0.3045049999999989,1.0334660000000007,0.6875100000000032,0.2847399999999993,0.46550599999999775,0.4796580000000006,1.0528827000000005,0.4891219999999947,0.706622000000003,0.16495199999999954,0.34747600000000034
410,0.129876000000003,0.325526,0.35429969999999944,0.17725599999999986,0.3606063000000006,0.19598059999999995,0.3370029999999993,0.3244110000000049,1.090170999999998,0.7542100000000005,0.34058000000000277,0.5058179999999979,0.5366900000000001,1.1855282000000003,0.7450230000000033,0.815293999999998,0.17240400000000022,0.343595999999998
411,0.12540300000000215,0.2993439999999996,0.33383519999999933,0.1689279999999993,0.34397829999999985,0.1903659000000002,0.3192549999999983,0.35752899999999954,1.1404119999999978,0.7566799999999887,0.323670000000007,0.5280400000000007,0.5018740000000008,1.1965876999999994,0.636312999999987,0.7999919999999996,0.1868780000000001,0.3769629999999964
412,0.10507899999999992,0.26512400000000014,0.28985659999999935,0.1443379999999994,0.2913113000000003,0.16385460000000007,0.26045699999999883,0.25565300000000235,0.8898279999999978,0.6002799999999979,0.2640999999999991,0.46030199999999866,0.41052799999999934,0.9800912999999998,0.5906460000000067,0.706348000000002,0.16742400000000401,0.29331599999999725
413,0.09831400000000201,0.25012399999999957,0.2738239999999994,0.137791,0.27359930000000077,0.15783460000000016,0.23914399999999958,0.2436130000000034,0.8439039999999984,0.5733999999999924,0.2544900000000041,0.43758499999999856,0.42776699999999934,0.9612372000000002,0.5548830000000038,0.6977429999999991,0.1594610000000003,0.2699879999999979
414,0.08246600000000015,0.20752300000000012,0.2474843,0.11717699999999986,0.22940630000000084,0.14126839999999996,0.21537999999999968,0.25861000000000445,0.8792259999999992,0.606979999999993,0.23103000000000407,0.40571299999999866,0.3912269999999971,0.8579828000000003,0.39956800000000214,0.5934899999999992,0.14324600000000487,0.31192000000000064
415,0.09005800000000264,0.24821700000000035,0.25946469999999966,0.1338670000000004,0.260511300000001,0.15230010000000016,0.2511650000000003,0.2192930000000004,0.8259690000000006,0.5327699999999993,0.2661099999999976,0.4988589999999995,0.5481149999999992,0.9528203999999993,0.6232490000000013,0.7249969999999983,0.15769500000000392,0.20055999999999585
416,0.10109900000000138,0.2408330000000003,0.2739697999999997,0.13882499999999887,0.2796143000000004,0.1615766999999999,0.2551459999999999,0.2779900000000026,0.922031999999998,0.6249099999999999,0.27406000000000574,0.4331770000000006,0.4006059999999998,1.0346937,0.5527239999999978,0.6753670000000014,0.16591199999999873,0.3029060000000001
417,0.087449000000003,0.22006600000000098,0.253088,0.12686799999999998,0.25545730000000155,0.14963879999999996,0.2391520000000007,0.25165300000000457,0.9000999999999983,0.6106800000000021,0.23615999999999815,0.411524,0.2807290000000009,0.8818058999999998,0.4663140000000112,0.6226550000000017,0.14903800000000444,0.32511699999999877
418,0.07763300000000228,0.1942339999999998,0.21814519999999948,0.10749299999999984,0.21782130000000066,0.12953970000000004,0.1983549999999994,0.20317400000000418,0.7010359999999984,0.4753599999999949,0.2066599999999994,0.3572009999999999,0.29022400000000204,0.7822663000000007,0.43202199999998925,0.5272310000000004,0.13204300000000302,0.24516500000000008
419,0.0865770000000019,0.1929300000000005,0.24028310000000008,0.11990999999999907,0.2360743000000003,0.1433190999999998,0.20853699999999975,0.24301700000000181,0.8119419999999984,0.5479699999999923,0.23006999999999778,0.398498,0.3562569999999994,0.9301482999999999,0.4609269999999981,0.6116859999999988,0.14582599999999957,0.2741619999999969
420,0.08801300000000012,0.22521000000000058,0.2523415999999994,0.12691899999999912,0.2545843000000012,0.14899400000000007,0.22788699999999906,0.2442350000000033,0.8434579999999983,0.564489999999978,0.22885000000000844,0.41964699999999766,0.3416420000000002,0.8964411999999999,0.4902879999999925,0.6262280000000011,0.1511120000000048,0.2899549999999991
421,0.09466300000000061,0.22188099999999977,0.2825362,0.13338300000000025,0.2606153000000013,0.1571079000000002,0.22819199999999995,0.27332300000000487,0.9036380000000008,0.6120499999999822,0.26335000000000264,0.4727390000000007,0.4913489999999996,1.0989411999999996,0.5108040000000074,0.6808869999999985,0.15192799999999806,0.28806000000000154
422,0.11720900000000256,0.26391100000000023,0.3026464999999998,0.1524719999999995,0.3030493000000014,0.17485300000000015,0.27271299999999954,0.3177000000000021,1.0211129999999997,0.6985599999999863,0.30752999999999986,0.519563999999999,0.5529580000000003,1.2036889000000004,0.6161099999999919,0.7510760000000012,0.1693830000000034,0.3246290000000016
423,0.08488200000000035,0.21790999999999983,0.24199150000000014,0.12114500000000028,0.2420252999999999,0.14278270000000015,0.2132000000000005,0.22799799999999948,0.7743959999999994,0.52149,0.22133999999999787,0.39439199999999985,0.33133499999999927,0.8685180999999993,0.48036500000000615,0.6134640000000005,0.14613800000000055,0.26291499999999957
424,0.10961100000000101,0.26620300000000086,0.2988092,0.1504329999999996,0.3025373000000009,0.17133470000000006,0.2791969999999999,0.3121280000000013,1.0636639999999993,0.7176800000000014,0.266680000000008,0.4489699999999992,0.402629000000001,1.0069517000000001,0.4962600000000066,0.7221030000000006,0.17867100000000136,0.3684159999999963
425,0.07711600000000018,0.19335400000000114,0.22620799999999974,0.11239299999999908,0.22506830000000022,0.1348891000000001,0.20334300000000027,0.22937000000000296,0.7850779999999986,0.5369999999999777,0.1992699999999985,0.35673399999999944,0.2573910000000019,0.7692593999999993,0.4367289999999997,0.5492639999999973,0.14032000000000266,0.2761589999999998
426,0.09154100000000298,0.24358600000000052,0.26756840000000004,0.133246999999999,0.2680193000000006,0.1542387999999999,0.2351479999999988,0.25171500000000435,0.8731369999999998,0.5766699999999787,0.21611000000000047,0.3991989999999994,0.33698599999999956,0.8811355000000001,0.501583999999994,0.6429969999999976,0.15569700000000353,0.2977169999999987
427,0.1271470000000008,0.31236900000000034,0.34189999999999987,0.17332599999999942,0.3482213000000005,0.19073070000000003,0.3336629999999978,0.29952800000000224,1.0685369999999992,0.765059999999977,0.35940000000000794,0.584305999999998,0.6672149999999988,1.1980167000000002,0.7705610000000007,0.8488850000000028,0.16237999999999886,0.3039330000000007
428,0.1271470000000008,0.31236900000000034,0.34189999999999987,0.17332599999999942,0.3482213000000005,0.19073070000000003,0.3336629999999978,0.29952800000000224,1.0685369999999992,0.765059999999977,0.35940000000000794,0.584305999999998,0.6672149999999988,1.1980167000000002,0.7705610000000007,0.8488850000000028,0.16237999999999886,0.3039330000000007
429,0.09389499999999984,0.21971700000000105,0.2585739,0.13115400000000044,0.26447030000000105,0.15447480000000002,0.24266399999999777,0.265976000000002,0.9048979999999993,0.6069299999999771,0.26031000000000404,0.4135150000000003,0.36236299999999844,0.9798168,0.4802099999999996,0.6376509999999982,0.1574460000000002,0.3067619999999991
430,0.061562000000002115,0.14383800000000058,0.1819588999999997,0.08973299999999895,0.17761830000000067,0.1121658000000001,0.1618639999999978,0.1870180000000019,0.6336689999999976,0.43217999999998824,0.17788000000000181,0.32354899999999986,0.2384200000000014,0.6719343000000002,0.3613989999999916,0.45158899999999846,0.11217900000000469,0.2306779999999975
431,0.1098239999999997,0.2688220000000001,0.29963680000000004,0.14872899999999944,0.30293729999999996,0.16906450000000017,0.27953899999999976,0.27158000000000015,0.9426489999999994,0.6378100000000018,0.2814599999999956,0.46111799999999903,0.4069369999999992,1.0284073999999999,0.6231259999999992,0.7086699999999979,0.17668199999999956,0.3095999999999961
432,0.09482000000000212,0.24149200000000093,0.2888036999999999,0.13567600000000013,0.26688130000000143,0.15985169999999993,0.2494410000000009,0.3016550000000038,1.0002980000000008,0.6735999999999933,0.2731899999999996,0.4697800000000001,0.5367329999999981,1.0294410000000003,0.43132199999999443,0.6702680000000001,0.1582690000000042,0.33694399999999547
433,0.06321700000000163,0.15414300000000125,0.19247199999999953,0.09635399999999983,0.1916593000000013,0.11916929999999981,0.18157400000000123,0.20764300000000446,0.7082709999999999,0.4899699999999996,0.18886999999999432,0.3391629999999992,0.24797300000000178,0.6882419999999998,0.3672940000000011,0.48285800000000023,0.12252099999999899,0.25920999999999594
434,0.13241999999999976,0.3198830000000008,0.35284849999999945,0.17877599999999916,0.36477630000000083,0.20001999999999986,0.34853000000000023,0.36007800000000145,1.162306000000001,0.7813899999999876,0.3497300000000081,0.5679729999999985,0.5445969999999996,1.2679470000000004,0.7308179999999993,0.8321100000000001,0.2060560000000038,0.3711009999999959
435,0.1034700000000015,0.2678609999999999,0.2926196999999995,0.146234999999999,0.2946813000000006,0.1658388999999998,0.2602100000000007,0.27073100000000494,0.9164309999999993,0.6084400000000016,0.253540000000001,0.4581869999999988,0.39589499999999944,0.9909727000000004,0.5784790000000015,0.7089940000000006,0.1693700000000007,0.30428799999999967
436,0.08195500000000067,0.18107499999999987,0.23857060000000008,0.11717400000000033,0.23022830000000027,0.14136270000000017,0.20822700000000083,0.24956800000000356,0.843947,0.5731899999999825,0.2313699999999983,0.39384899999999945,0.3721810000000012,0.8876273000000001,0.41964800000000935,0.5870399999999982,0.14324700000000234,0.28926799999999986
437,0.10428900000000141,0.23217700000000008,0.27513899999999936,0.13999899999999954,0.2793093000000013,0.1635762999999999,0.25303500000000057,0.2864879999999985,0.9653609999999979,0.651139999999998,0.27965000000000373,0.4574479999999994,0.4817940000000007,1.0880409000000002,0.52203200000001,0.6826170000000005,0.16466199999999986,0.32227400000000017
438,0.13142400000000265,0.3342880000000008,0.36346929999999933,0.18089900000000014,0.37116730000000153,0.1998669999999998,0.35460099999999883,0.3310080000000042,1.1135540000000006,0.7539799999999843,0.3455799999999982,0.5301629999999982,0.5197290000000017,1.2055582999999999,0.7882709999999946,0.8261690000000002,0.17745500000000192,0.35726100000000116
439,0.09634500000000301,0.22484900000000074,0.26554270000000013,0.13448299999999946,0.2685873000000001,0.15825669999999992,0.243348000000001,0.2699320000000043,0.9044309999999989,0.6151699999999778,0.2766799999999989,0.4422940000000004,0.4141799999999982,1.0454067,0.5373630000000134,0.6762240000000013,0.16273900000000197,0.300931999999996
440,0.1185299999999998,0.2848410000000001,0.3055101999999996,0.15682799999999908,0.31459930000000114,0.1790885000000002,0.28947900000000004,0.32964799999999883,1.1046699999999987,0.7390099999999791,0.30266000000000304,0.4889639999999993,0.5049339999999987,1.1658128000000003,0.5434289999999891,0.7585470000000001,0.17471100000000206,0.37071299999999496
441,0.07480699999999985,0.18260900000000113,0.2170008999999995,0.11009499999999939,0.21852630000000062,0.13274089999999994,0.1947960000000002,0.22146400000000455,0.7255830000000003,0.494339999999994,0.21484999999999843,0.3628719999999994,0.321828,0.842727,0.4470829999999921,0.5646119999999968,0.13705600000000118,0.2463729999999984
442,0.10847100000000154,0.24991800000000097,0.28814850000000014,0.1480579999999989,0.2967113000000001,0.17099619999999982,0.2700659999999999,0.3071680000000043,1.0232579999999984,0.6871299999999962,0.2940200000000033,0.47250000000000014,0.4905290000000022,1.1315174,0.5495769999999993,0.7174440000000004,0.1695360000000008,0.3398809999999983
443,0.10847100000000154,0.24991800000000097,0.28814850000000014,0.1480579999999989,0.2967113000000001,0.17099619999999982,0.2700659999999999,0.3071680000000043,1.0232579999999984,0.6871299999999962,0.2940200000000033,0.47250000000000014,0.4905290000000022,1.1315174,0.5495769999999993,0.7174440000000004,0.1695360000000008,0.3398809999999983
444,0.09016200000000296,0.22952800000000018,0.25143239999999967,0.12447799999999987,0.2521013000000014,0.14572969999999996,0.22897000000000034,0.2262010000000032,0.778137000000001,0.5319499999999948,0.23980000000000246,0.41311800000000076,0.3664020000000008,0.8890853000000005,0.5209909999999951,0.6157470000000025,0.14839900000000483,0.2619150000000019
445,0.06717800000000196,0.16369599999999984,0.19884589999999935,0.09831799999999902,0.1985942999999999,0.12061600000000006,0.18768499999999833,0.20100700000000415,0.6955220000000004,0.47285999999999717,0.18891000000000702,0.3351009999999981,0.23838500000000096,0.6909249000000006,0.3763450000000006,0.4827859999999973,0.12293100000000123,0.25497299999999967
446,0.06717800000000196,0.16369599999999984,0.19884589999999935,0.09831799999999902,0.1985942999999999,0.12061600000000006,0.18768499999999833,0.20100700000000415,0.6955220000000004,0.47285999999999717,0.18891000000000702,0.3351009999999981,0.23838500000000096,0.6909249000000006,0.3763450000000006,0.4827859999999973,0.12293100000000123,0.25497299999999967
447,0.11233000000000004,0.2558870000000013,0.2995263999999995,0.14892899999999898,0.29314530000000083,0.17003449999999987,0.2575359999999982,0.2808240000000026,0.9468049999999977,0.656880000000001,0.30819999999999936,0.5533450000000002,0.5508360000000003,1.1858905999999996,0.6258229999999969,0.7706230000000005,0.17657300000000475,0.2866989999999987
448,0.09039900000000145,0.23290700000000086,0.25766579999999983,0.129802999999999,0.2609193000000012,0.15140829999999994,0.2378239999999998,0.2370170000000016,0.8045979999999986,0.5669800000000009,0.2723799999999983,0.4270700000000005,0.4336100000000016,0.9771585000000007,0.559108000000009,0.6696789999999986,0.15634800000000126,0.26312199999999564
449,0.08489600000000053,0.21768100000000068,0.24677360000000004,0.12235899999999944,0.2417973,0.1465310999999998,0.22386699999999848,0.26253100000000273,0.8851119999999995,0.5989399999999989,0.24102999999999497,0.4106109999999994,0.3741689999999984,0.9125920000000001,0.4337469999999968,0.612643000000002,0.1455230000000043,0.3097629999999967
450,0.09291400000000039,0.2615809999999996,0.2704776999999998,0.13543699999999959,0.26653330000000075,0.1534137000000002,0.23528100000000052,0.2201480000000018,0.7877779999999994,0.5105899999999792,0.22043999999999642,0.4423959999999987,0.4242089999999976,0.8251198999999998,0.5360429999999923,0.6843420000000009,0.15431900000000098,0.22809199999999663
451,0.09138200000000296,0.21059699999999992,0.2505299000000001,0.1290659999999999,0.25579530000000084,0.15295270000000016,0.23037300000000016,0.26273100000000227,0.9053709999999988,0.6113799999999969,0.25124999999999886,0.42091299999999876,0.4086110000000005,0.9827320999999998,0.46802900000000136,0.6405129999999986,0.15381299999999953,0.30932099999999707
452,0.1251899999999999,0.2783870000000004,0.3198067999999994,0.1602389999999989,0.32551430000000003,0.17993479999999984,0.30833200000000005,0.28155000000000285,0.9857610000000001,0.7117599999999982,0.34062000000000126,0.4969859999999997,0.5901990000000019,1.1210505999999993,0.6968229999999949,0.7608499999999978,0.169395999999999,0.298333999999997
453,0.11395600000000172,0.287172,0.3133201999999997,0.15697399999999995,0.3149773000000007,0.1756937999999999,0.2644990000000007,0.2741460000000018,0.9732269999999978,0.6219899999999825,0.22834000000000287,0.45094299999999876,0.42413600000000073,1.0123041000000006,0.5954160000000002,0.7396250000000002,0.16892100000000454,0.3183340000000001
454,0.13004500000000263,0.3125,0.3487719,0.17575899999999933,0.3597463000000012,0.1965264000000002,0.34898899999999955,0.33140900000000073,1.1048299999999998,0.7542499999999848,0.35228999999999644,0.5466130000000007,0.5596760000000032,1.2355592,0.7622089999999986,0.8259459999999983,0.20439400000000063,0.35237699999999705
455,0.09082000000000079,0.22138300000000122,0.25226469999999956,0.12650599999999912,0.2519473000000012,0.15044769999999996,0.23361699999999885,0.2671230000000051,0.9084210000000006,0.6116099999999847,0.2493300000000005,0.4167050000000003,0.392120000000002,0.9531146000000001,0.4387789999999967,0.6263670000000019,0.151405000000004,0.31403999999999854
456,0.07147500000000306,0.1674350000000011,0.19994599999999974,0.1003709999999991,0.1984723000000006,0.1232861999999999,0.18184499999999915,0.216109000000003,0.7405100000000004,0.5230499999999836,0.2141600000000068,0.3256920000000001,0.23281300000000016,0.6793073999999999,0.3993549999999999,0.5018649999999987,0.12411300000000125,0.26878500000000116
457,0.124170000000003,0.29116100000000067,0.3120234000000002,0.1598209999999991,0.3229683000000012,0.1827842999999998,0.2993029999999983,0.32447900000000374,1.0713019999999993,0.725609999999989,0.32309000000000765,0.5311069999999987,0.581862000000001,1.2167899000000002,0.6404259999999908,0.7566939999999995,0.18099200000000337,0.3445570000000018
458,0.11028800000000061,0.25655500000000053,0.29090469999999957,0.14655600000000035,0.29553530000000094,0.16769699999999998,0.26880799999999994,0.28188700000000466,0.9474879999999999,0.6430699999999945,0.2802199999999999,0.4473869999999991,0.42161199999999965,1.0560779,0.5910169999999937,0.7228759999999994,0.16965100000000177,0.3122449999999972
459,0.08126600000000295,0.19294800000000123,0.2342941999999999,0.11599200000000032,0.23548730000000084,0.13806779999999996,0.22561899999999824,0.23415700000000328,0.8164859999999976,0.5526499999999999,0.2239100000000036,0.3945319999999981,0.2860440000000004,0.7976041999999994,0.40279700000000673,0.5673349999999999,0.14186700000000485,0.28730199999999684
460,0.12353099999999984,0.30162699999999987,0.31713460000000016,0.16285099999999986,0.3261793000000015,0.18569369999999985,0.2982200000000006,0.3516389999999987,1.143421,0.7647099999999796,0.32095999999999947,0.5203810000000004,0.5931679999999986,1.2374269,0.583311000000009,0.7849290000000018,0.1807799999999986,0.37633799999999695
461,0.1341070000000002,0.33046500000000023,0.34919659999999997,0.18168099999999932,0.36027830000000094,0.20211919999999983,0.3113519999999994,0.37124899999999883,1.1873319999999978,0.7878800000000012,0.3356799999999964,0.5911019999999994,0.6360380000000028,1.3538554000000005,0.7112800000000021,0.8766649999999991,0.18124200000000457,0.3651479999999978
462,0.0746450000000003,0.18310600000000044,0.22107649999999968,0.10951500000000003,0.22091130000000092,0.13216090000000014,0.2100280000000012,0.22698400000000163,0.7931989999999978,0.5467699999999809,0.20720000000000027,0.3592189999999995,0.24829499999999882,0.743036,0.40485499999999774,0.5376469999999998,0.13637899999999803,0.2871499999999969
463,0.0847110000000022,0.20106999999999964,0.26794399999999996,0.12413600000000002,0.2398023000000009,0.14899150000000017,0.22391000000000005,0.2846490000000017,0.9652269999999987,0.6847999999999956,0.2724100000000078,0.4341419999999978,0.4796650000000007,0.9006591999999998,0.40719299999999237,0.6336070000000014,0.14446099999999973,0.33605999999999625
464,0.10179600000000022,0.27163299999999957,0.2900483999999999,0.14432399999999923,0.28965830000000103,0.1624892,0.2591409999999996,0.23482900000000484,0.8462549999999993,0.5744699999999909,0.25938999999999623,0.47404900000000083,0.4411719999999981,0.9336159999999998,0.6090309999999874,0.7230929999999987,0.1691640000000021,0.2653789999999958
465,0.05863700000000094,0.11981800000000042,0.19934609999999964,0.08910599999999924,0.16906730000000003,0.11136010000000018,0.15851599999999877,0.19488300000000436,0.6801080000000006,0.47333000000000425,0.18254000000000303,0.33683699999999916,0.3570809999999973,0.7444298000000007,0.2984030000000075,0.4326030000000003,0.11074899999999843,0.2448179999999951
466,0.07472500000000082,0.18868600000000058,0.25288109999999975,0.1088559999999994,0.20535330000000052,0.13291299999999984,0.1861460000000008,0.24382900000000518,0.8130120000000005,0.5541699999999992,0.22279000000000337,0.40803299999999965,0.4886310000000016,0.8980123999999998,0.3692909999999898,0.5473309999999998,0.1315570000000008,0.27339800000000025
467,0.04492400000000174,0.13222700000000032,0.17670180000000002,0.08460099999999926,0.16819629999999997,0.10649020000000009,0.15807299999999813,0.17040599999999984,0.6050749999999994,0.41159999999999286,0.17199000000000808,0.3171849999999985,0.2346819999999994,0.6424002,0.3260569999999916,0.4103240000000028,0.10596000000000316,0.22226599999999763
468,0.07235999999999976,0.1645380000000003,0.23742410000000014,0.10937899999999878,0.21571430000000014,0.13322030000000007,0.20295600000000036,0.23627300000000417,0.8085749999999976,0.5477499999999793,0.2211199999999991,0.3867119999999993,0.4126839999999987,0.8188703000000004,0.3438819999999936,0.5434439999999974,0.13640800000000297,0.28011800000000164
469,0.07634600000000091,0.18583300000000058,0.21734849999999994,0.10941899999999904,0.21966730000000112,0.13247579999999992,0.1999159999999982,0.22244200000000092,0.7263789999999979,0.4962899999999877,0.21931000000000722,0.3540910000000004,0.31835299999999833,0.8528507000000003,0.4375039999999899,0.5402260000000005,0.1380139999999983,0.24558199999999886
470,0.11545000000000272,0.28243800000000086,0.3132615999999997,0.156388999999999,0.3169833000000004,0.17655749999999992,0.2876310000000011,0.29559400000000124,1.0064250000000001,0.6743400000000008,0.2864100000000036,0.48516099999999796,0.4040019999999984,1.0625875999999996,0.6177479999999917,0.7465539999999997,0.17098400000000424,0.33619199999999694
471,0.10922500000000213,0.2746240000000011,0.30009070000000015,0.15082799999999885,0.3015573000000007,0.16871880000000017,0.2758439999999993,0.2547100000000029,0.9098760000000006,0.6297099999999887,0.28687999999999647,0.49188600000000093,0.49827900000000014,1.0395759,0.6382179999999948,0.7582280000000026,0.17639300000000446,0.27576799999999935
472,0.07169100000000128,0.16853300000000004,0.23465690000000006,0.10563099999999892,0.20705030000000058,0.12910699999999986,0.19549500000000108,0.23777499999999918,0.7952930000000009,0.5462100000000021,0.21528999999999598,0.3839349999999975,0.4140630000000023,0.8065753999999998,0.328440999999998,0.5174240000000019,0.12909799999999905,0.27185099999999807
473,0.07597100000000268,0.17374000000000045,0.22665839999999982,0.10987399999999958,0.21743130000000122,0.13381029999999994,0.2015260000000012,0.23302699999999987,0.7983559999999983,0.5418799999999919,0.21482000000000312,0.3678849999999976,0.33985199999999693,0.8201843999999996,0.3931869999999975,0.5465870000000024,0.13323400000000163,0.2796990000000008
474,0.11101500000000186,0.2686679999999999,0.30330429999999975,0.15181100000000036,0.3093503000000002,0.17305469999999978,0.2858239999999981,0.2950830000000053,1.019517999999998,0.6795400000000029,0.28946999999999434,0.4751170000000009,0.3680489999999992,1.0549853000000002,0.5784379999999913,0.722770999999998,0.17460300000000473,0.3483659999999986
475,0.11304499999999962,0.253305000000001,0.2887759000000001,0.14666800000000002,0.29416630000000055,0.16776729999999995,0.26795100000000005,0.2773340000000033,0.9315649999999991,0.650589999999994,0.30236999999999625,0.4768259999999991,0.47380799999999823,1.1049857000000003,0.6223459999999932,0.7297410000000006,0.16293999999999897,0.29598299999999966
476,0.104298,0.2424900000000001,0.27924490000000013,0.14165700000000037,0.28575529999999993,0.16418169999999987,0.26083699999999865,0.27894799999999975,0.9499379999999995,0.6398499999999956,0.2822000000000031,0.43938699999999997,0.3985560000000028,1.0535886000000003,0.5549900000000036,0.6925960000000018,0.17259599999999864,0.31719799999999765
477,0.10143599999999964,0.25582300000000124,0.2793921999999993,0.14030499999999968,0.2798303000000004,0.16039359999999991,0.24735700000000094,0.2472100000000026,0.8632579999999983,0.5938999999999908,0.26688000000000045,0.44023899999999827,0.4356420000000014,0.9762032999999999,0.5742219999999918,0.7030840000000005,0.16266099999999994,0.2733119999999971
478,0.12460100000000196,0.32232899999999987,0.3465251999999994,0.17292499999999933,0.34797730000000016,0.1900088000000002,0.30214699999999794,0.29290800000000417,1.020315,0.6715499999999963,0.288809999999998,0.5216659999999997,0.4937170000000002,1.0807352999999997,0.7089480000000066,0.8009720000000016,0.17852599999999796,0.32466300000000103
479,0.07187800000000166,0.16615000000000002,0.22025059999999996,0.10460199999999986,0.2025143000000007,0.1283420999999998,0.1843609999999991,0.22876300000000072,0.8006840000000004,0.573459999999983,0.24375000000000568,0.3438750000000006,0.2667190000000019,0.7106284999999994,0.4076159999999902,0.5352180000000004,0.1298050000000046,0.2910059999999959
480,0.07187800000000166,0.16615000000000002,0.22025059999999996,0.10460199999999986,0.2025143000000007,0.1283420999999998,0.1843609999999991,0.22876300000000072,0.8006840000000004,0.573459999999983,0.24375000000000568,0.3438750000000006,0.2667190000000019,0.7106284999999994,0.4076159999999902,0.5352180000000004,0.1298050000000046,0.2910059999999959
481,0.0880180000000017,0.21815800000000074,0.24872810000000012,0.12584499999999998,0.2505513000000015,0.14830440000000022,0.22274999999999778,0.2463030000000046,0.8260199999999998,0.5592900000000043,0.23623000000000616,0.39913999999999916,0.3546280000000017,0.9395705000000003,0.4860579999999999,0.6405940000000001,0.14871800000000235,0.277197000000001
482,0.10443599999999975,0.2435810000000007,0.2795363000000002,0.14189099999999932,0.28540530000000075,0.16426600000000002,0.2592029999999994,0.2796110000000027,0.952455999999998,0.6418999999999926,0.2757299999999958,0.4382939999999991,0.3984960000000015,1.0502099000000005,0.5451580000000007,0.6876790000000028,0.1672840000000022,0.31909100000000024
483,0.11882300000000257,0.27940500000000057,0.30822159999999954,0.1568170000000002,0.3153233000000011,0.17571640000000022,0.2986709999999988,0.27025700000000086,0.9621490000000001,0.6875299999999811,0.34029999999999916,0.5718299999999985,0.6191960000000023,1.1669874,0.7263370000000009,0.7931479999999986,0.1740220000000008,0.2793449999999993
484,0.11836600000000175,0.28546799999999983,0.3097791999999995,0.15816099999999977,0.3186503000000016,0.17987889999999984,0.30217400000000083,0.33796600000000154,1.1296870000000006,0.7535999999999774,0.3073700000000059,0.5059359999999984,0.5422030000000007,1.1395128000000003,0.514961999999997,0.7619529999999983,0.17284500000000236,0.37450799999999873
485,0.08620400000000217,0.2095330000000004,0.2431694999999996,0.12362199999999923,0.2487553000000009,0.14752449999999984,0.22734300000000118,0.248305000000002,0.854492999999998,0.57353999999998,0.2501100000000065,0.39834199999999953,0.41759799999999814,0.9470028000000008,0.45665300000000286,0.6081809999999983,0.1512000000000029,0.2819329999999951
486,0.09288900000000311,0.22265900000000016,0.2643753999999996,0.13415799999999933,0.2690973000000003,0.1569581000000002,0.25441199999999853,0.2796459999999996,0.9632210000000008,0.6521999999999935,0.2594799999999964,0.4548729999999992,0.339580999999999,0.9551283000000002,0.4698400000000049,0.6671949999999995,0.1635610000000014,0.34149999999999636
487,0.0931240000000031,0.2042230000000007,0.26568859999999983,0.131257999999999,0.2600053000000013,0.15526730000000022,0.24302699999999788,0.2852969999999999,0.9535370000000007,0.6414999999999793,0.2620200000000068,0.441946999999999,0.4604120000000016,0.9955920999999996,0.4402079999999984,0.6528769999999966,0.15939200000000397,0.3283270000000016
488,0.09558900000000037,0.24370400000000103,0.27080279999999934,0.13519400000000026,0.2729783000000001,0.15647220000000006,0.24388599999999983,0.24945000000000306,0.8716989999999996,0.5834099999999864,0.2475199999999944,0.4355979999999988,0.35940100000000186,0.9383433000000005,0.522159000000002,0.6622889999999977,0.15789000000000186,0.29813000000000045
489,0.1217780000000026,0.271922,0.30927930000000003,0.15504799999999896,0.31515629999999994,0.17629830000000002,0.29149599999999865,0.2987409999999997,1.003903000000001,0.6794999999999902,0.2979100000000017,0.4644200000000005,0.4364680000000014,1.1058546999999992,0.6345450000000028,0.731501999999999,0.1694570000000013,0.32490299999999905
490,0.08728600000000242,0.21631100000000103,0.24781239999999993,0.12506600000000034,0.25096330000000044,0.14800179999999985,0.2264949999999999,0.24552900000000477,0.8354320000000008,0.5648899999999912,0.2468199999999996,0.4181279999999994,0.3315930000000016,0.9314991999999993,0.48358799999999746,0.6195419999999991,0.15307299999999913,0.28488799999999515
491,0.08375700000000208,0.20914800000000078,0.23787559999999974,0.1180330000000005,0.23789430000000067,0.1405896000000002,0.22193400000000096,0.23849200000000081,0.8320079999999983,0.5678999999999803,0.21761000000000763,0.3765590000000003,0.2602550000000008,0.7956794,0.44735299999999256,0.5716810000000017,0.1405460000000005,0.296172999999996
492,0.07205500000000242,0.1565000000000012,0.22034709999999968,0.1051120000000001,0.20811230000000158,0.12760209999999983,0.1987029999999983,0.23125699999999938,0.7779150000000001,0.5435300000000041,0.21849000000000274,0.4019580000000005,0.36038199999999776,0.7618504000000001,0.3358400000000046,0.5206930000000014,0.1309140000000042,0.27935599999999994
493,0.10516800000000259,0.24548700000000068,0.29276439999999937,0.1436479999999989,0.2811123000000002,0.1651587000000001,0.24491799999999841,0.271564000000005,0.9134980000000006,0.6277999999999793,0.29126999999999725,0.5339449999999992,0.5166229999999992,1.1381924999999997,0.5909879999999958,0.7465949999999992,0.1697020000000009,0.28004399999999663
494,0.10558100000000081,0.2379270000000009,0.2903481000000001,0.1453919999999993,0.2905823000000005,0.16891450000000008,0.26497699999999824,0.3052860000000024,1.0229399999999984,0.6857399999999814,0.29332000000000846,0.47996599999999745,0.5374669999999995,1.1317092999999998,0.523924000000008,0.7067499999999995,0.16626200000000324,0.3408489999999986
495,0.08804300000000254,0.22332899999999967,0.25028459999999964,0.12346799999999902,0.2496893,0.14519759999999993,0.2302180000000007,0.24274400000000185,0.8566909999999979,0.5836400000000026,0.21448999999999785,0.3728189999999998,0.26125299999999996,0.8012940000000004,0.4585390000000018,0.5900239999999997,0.14479400000000453,0.3021230000000017
496,0.1273300000000006,0.308663000000001,0.33418990000000015,0.17046599999999934,0.3452123,0.19218350000000006,0.31913399999999825,0.37994300000000436,1.17192,0.7789899999999932,0.32822000000000173,0.5348739999999985,0.5479230000000008,1.2396761000000005,0.6256730000000061,0.8129939999999998,0.19049000000000404,0.38646200000000164
497,0.11474800000000229,0.2785150000000005,0.3021911999999993,0.1551259999999992,0.3098243000000007,0.17698139999999984,0.27834800000000115,0.316870999999999,1.0591149999999985,0.7113200000000006,0.29377999999999815,0.4845889999999997,0.48227099999999723,1.1549814999999999,0.5611310000000032,0.7477159999999969,0.17818199999999962,0.3520779999999988
498,0.10359800000000163,0.25698299999999996,0.2861260999999997,0.14395000000000024,0.29074430000000007,0.16515220000000008,0.2630020000000002,0.27965300000000326,0.9428099999999979,0.6343999999999994,0.2755499999999955,0.46976399999999785,0.3803060000000009,1.0251166999999999,0.5652819999999963,0.7039079999999984,0.1755720000000025,0.32235800000000125
499,0.07762900000000172,0.17652800000000113,0.24517719999999965,0.11355999999999966,0.22248730000000094,0.13756829999999987,0.20899999999999963,0.24723300000000137,0.8476379999999999,0.5827999999999918,0.22965999999999553,0.3999549999999985,0.386018,0.8382487999999997,0.38354900000000214,0.5745049999999985,0.13840600000000336,0.29845499999999703
500,0.11320900000000123,0.2671120000000009,0.29992799999999953,0.1550029999999989,0.30358830000000125,0.17487319999999995,0.25405899999999804,0.283173000000005,0.9709669999999981,0.6381099999999833,0.27357000000000653,0.5132519999999978,0.4988729999999997,1.1290442,0.6003029999999967,0.7782830000000018,0.17328299999999786,0.295338000000001
501,0.07347700000000046,0.17999999999999972,0.2173273,0.1082029999999996,0.21693030000000135,0.1309307999999998,0.1975359999999995,0.21476900000000398,0.7540079999999989,0.5125799999999856,0.2012900000000002,0.3568429999999978,0.2537930000000017,0.7560533999999999,0.42530200000000207,0.5329969999999982,0.13717000000000468,0.2686780000000013
502,0.08372000000000313,0.18923100000000126,0.23286490000000004,0.11920199999999959,0.23797730000000072,0.1431802000000002,0.21573099999999812,0.2474990000000048,0.8216909999999977,0.5553999999999917,0.2437100000000072,0.3935849999999981,0.3530060000000006,0.9303198999999998,0.44694300000000453,0.5952789999999979,0.14682900000000387,0.27958399999999983
503,0.11286400000000185,0.279674,0.3167958999999998,0.1504929999999991,0.29841030000000046,0.17446399999999995,0.2710359999999987,0.32255500000000126,1.0330359999999992,0.709069999999997,0.32147000000000503,0.5496559999999988,0.636263999999997,1.2645406999999995,0.6316580000000016,0.7394369999999988,0.1693819999999988,0.33237199999999945
504,0.12592599999999976,0.2770469999999996,0.3160426999999997,0.15869999999999962,0.3239882999999999,0.1797947999999998,0.30866100000000074,0.32532799999999895,1.0861839999999994,0.71678,0.30536999999999637,0.49566099999999835,0.44996300000000033,1.1002301,0.5692990000000009,0.7516619999999996,0.17312499999999886,0.3647160000000014
505,0.08412600000000126,0.1909010000000002,0.23628809999999945,0.1180690000000002,0.23090330000000137,0.14092409999999989,0.1993009999999984,0.23661900000000458,0.7788760000000003,0.5221300000000042,0.220799999999997,0.40083299999999866,0.3472930000000005,0.9222910000000004,0.46151600000000315,0.6187450000000005,0.14551699999999812,0.26161099999999493
506,0.12001400000000118,0.3026780000000002,0.3294837999999993,0.16350399999999965,0.331729300000001,0.1817924999999998,0.3054269999999981,0.2789730000000006,0.9830649999999999,0.6733699999999772,0.30760000000000787,0.49350399999999794,0.46765900000000116,1.0748208999999997,0.6934320000000014,0.770620000000001,0.1837069999999983,0.3147739999999999
507,0.10294600000000287,0.2644990000000007,0.2908938999999995,0.1446519999999989,0.29322030000000154,0.1647892999999998,0.26380400000000037,0.26880400000000293,0.9268140000000002,0.61878999999999,0.26015999999999906,0.45304199999999994,0.38117300000000043,0.9786826999999994,0.564495000000008,0.6892359999999975,0.1707930000000033,0.3151849999999996
508,0.07014500000000012,0.13068100000000094,0.21409509999999976,0.09394799999999925,0.17676530000000135,0.11676779999999987,0.16447799999999901,0.21313200000000165,0.7272819999999989,0.51921999999999,0.20608000000000004,0.3563510000000001,0.3327089999999977,0.7700393999999999,0.34669099999999275,0.4840060000000008,0.11546700000000243,0.26464999999999606
509,0.09752100000000041,0.22386900000000054,0.2641967999999997,0.13564500000000024,0.2699443000000006,0.15910119999999983,0.2456239999999994,0.28849400000000003,0.9572769999999977,0.6449899999999786,0.2623399999999947,0.43534700000000015,0.4046449999999986,1.0089127000000007,0.48724099999999737,0.668963999999999,0.1650290000000041,0.33389199999999875
510,0.09752100000000041,0.22386900000000054,0.2641967999999997,0.13564500000000024,0.2699443000000006,0.15910119999999983,0.2456239999999994,0.28849400000000003,0.9572769999999977,0.6449899999999786,0.2623399999999947,0.43534700000000015,0.4046449999999986,1.0089127000000007,0.48724099999999737,0.668963999999999,0.1650290000000041,0.33389199999999875
511,0.10613299999999981,0.2584680000000006,0.2888852000000002,0.14479299999999995,0.2910653000000014,0.16477500000000012,0.26329099999999883,0.2564570000000046,0.89499,0.6172699999999907,0.2823900000000066,0.4462930000000007,0.4453969999999998,1.0197301999999997,0.602333999999999,0.7201850000000007,0.16501300000000185,0.28994199999999637
512,0.08847900000000308,0.20512700000000095,0.24137770000000014,0.12213899999999889,0.24457030000000124,0.14558360000000015,0.22982000000000014,0.25249500000000324,0.878933,0.5934399999999869,0.2340899999999948,0.3951209999999996,0.3345090000000006,0.8881921999999998,0.42615700000000345,0.5992660000000001,0.14426699999999926,0.3078739999999982
513,0.07107200000000091,0.1517660000000003,0.19108150000000013,0.09573999999999927,0.18674630000000114,0.11869139999999989,0.1665290000000006,0.20149700000000337,0.6775939999999991,0.46410000000000196,0.17785999999999547,0.3164069999999981,0.25793099999999924,0.7170668999999998,0.3864680000000078,0.4920650000000002,0.11927599999999927,0.24025699999999972
514,0.125116000000002,0.30696100000000115,0.3282406,0.1696390000000001,0.3367433000000002,0.18890779999999996,0.3059720000000006,0.3084260000000043,1.0598840000000003,0.7378399999999772,0.3496899999999954,0.6132579999999983,0.6617379999999997,1.2708909000000004,0.7458360000000113,0.8537710000000018,0.1777969999999982,0.3086149999999961
515,0.09137300000000081,0.23438400000000037,0.2663424999999995,0.12919899999999984,0.25552430000000115,0.1531536,0.23007699999999787,0.2621680000000026,0.8652599999999993,0.5972299999999962,0.2688700000000068,0.45760100000000037,0.4518749999999976,1.0549832000000006,0.5305819999999954,0.6585919999999987,0.15601900000000057,0.2827130000000011
516,0.11258000000000123,0.27648899999999976,0.31053849999999983,0.14922299999999922,0.29660130000000073,0.17314929999999995,0.26943199999999834,0.31421000000000276,1.0242930000000001,0.7004199999999798,0.31440000000000623,0.5351819999999989,0.6147050000000007,1.2389799999999997,0.6204859999999996,0.7313760000000009,0.16504799999999875,0.3304720000000003
517,0.08570500000000081,0.24046000000000056,0.2563626000000001,0.12790000000000035,0.25463330000000006,0.14754129999999988,0.2225849999999987,0.22675900000000127,0.7638739999999977,0.5159799999999848,0.22848000000000468,0.43509599999999793,0.39807999999999666,0.8727920000000005,0.5227330000000023,0.6547079999999994,0.14767100000000255,0.24954499999999769
518,0.08868200000000215,0.20962300000000056,0.24273919999999993,0.12255799999999972,0.24550030000000156,0.14583689999999994,0.22842100000000087,0.24901100000000298,0.8697330000000001,0.5887899999999888,0.2377699999999976,0.41292999999999935,0.28666800000000237,0.8806940000000001,0.45406400000000247,0.6062320000000021,0.14593200000000195,0.3057889999999972
519,0.11794000000000082,0.2616940000000003,0.30011920000000014,0.15424599999999877,0.3077253000000013,0.17594410000000016,0.27713199999999816,0.30704000000000065,1.018529000000001,0.697039999999987,0.30535000000000423,0.5044129999999996,0.5151369999999993,1.1741577999999997,0.622366999999997,0.7629429999999999,0.17263200000000012,0.32492099999999624
520,0.11952400000000196,0.2849959999999996,0.31901639999999976,0.16136599999999923,0.3279323000000005,0.1831391,0.30246199999999845,0.3226310000000012,1.0819949999999992,0.7218699999999956,0.3130400000000009,0.49469900000000067,0.4501999999999988,1.1606961999999994,0.6244850000000071,0.767075000000002,0.1880080000000035,0.359220999999998
521,0.07121500000000225,0.15389000000000053,0.2041592999999997,0.09970299999999988,0.19518630000000137,0.1231713000000001,0.18403299999999945,0.21934900000000113,0.7656700000000001,0.5499499999999955,0.22212000000000387,0.3498449999999984,0.27085799999999693,0.7083659000000004,0.3840399999999988,0.5143780000000007,0.12729800000000324,0.2830469999999963
522,0.12637000000000143,0.30671300000000024,0.3344281999999996,0.17170799999999886,0.34322930000000085,0.1921765999999998,0.29943099999999845,0.3589729999999989,1.1382089999999998,0.738759999999985,0.28907999999999845,0.5193779999999997,0.5067780000000006,1.2355726999999996,0.6133739999999932,0.826867,0.19363400000000297,0.3655040000000014
523,0.08948200000000028,0.2504270000000002,0.2680007999999994,0.13586999999999883,0.2736293000000014,0.1514101000000001,0.3228989999999996,0.2692160000000001,0.9411529999999999,0.6288099999999872,0.31439000000000306,0.5557589999999983,0.6973109999999991,1.2486885999999995,0.9242539999999906,0.7738060000000004,0.13878799999999814,0.2779729999999958
524,0.09678200000000103,0.23919599999999974,0.2692223,0.13525600000000004,0.2734543000000009,0.15778589999999992,0.24931600000000032,0.2640039999999999,0.8903549999999996,0.6013700000000028,0.2717099999999988,0.4395559999999996,0.3642690000000002,0.9893866999999998,0.5422160000000105,0.6674630000000015,0.16045400000000143,0.2996219999999994
525,0.12805900000000037,0.3196910000000006,0.35508829999999936,0.1770700000000005,0.3633123000000005,0.19701199999999996,0.34760599999999897,0.3372200000000021,1.125322999999998,0.7509000000000015,0.3379599999999954,0.5211419999999976,0.48032500000000056,1.2039526999999994,0.7392040000000009,0.8162120000000002,0.18254300000000256,0.36325399999999775
526,0.12388300000000285,0.2977559999999997,0.3140255999999999,0.16095299999999924,0.32288229999999984,0.18406160000000016,0.29521099999999834,0.3376560000000026,1.0914490000000008,0.7411099999999919,0.3276699999999977,0.5364009999999979,0.6163469999999975,1.2630983000000002,0.6580189999999959,0.7736049999999999,0.1828300000000027,0.3480169999999987
527,0.06038700000000219,0.12429999999999986,0.21589549999999935,0.09247500000000031,0.17164430000000053,0.11458469999999998,0.15972499999999812,0.21278300000000172,0.7217750000000009,0.519299999999987,0.20450999999999908,0.36180599999999785,0.36781799999999976,0.7821289,0.31831099999999424,0.4729309999999991,0.11299199999999843,0.2589180000000013
528,0.07568900000000056,0.16418100000000102,0.24215479999999978,0.10875500000000038,0.20803430000000134,0.1326003,0.18403599999999898,0.23419900000000382,0.7837779999999981,0.53252999999998,0.2112199999999973,0.38423699999999883,0.42335999999999885,0.8626898999999995,0.4078839999999957,0.5575590000000012,0.13347300000000217,0.26680999999999955
529,0.1014530000000029,0.23540700000000037,0.2707227999999997,0.1383669999999988,0.27663930000000114,0.1616354000000002,0.25027899999999903,0.28034999999999854,0.9368189999999998,0.6336799999999982,0.2734099999999984,0.441789,0.4264119999999991,1.0588375,0.5263860000000022,0.6779469999999996,0.16489599999999882,0.30610300000000024
530,0.1289970000000018,0.31413200000000074,0.34896119999999975,0.17742900000000006,0.36044230000000077,0.19824129999999984,0.3389749999999978,0.3925960000000046,1.2280549999999977,0.8121699999999805,0.33912999999999727,0.5662599999999998,0.5611449999999998,1.2642947999999992,0.6319819999999936,0.8489090000000026,0.19091000000000236,0.40535899999999714
531,0.08279100000000028,0.17882700000000007,0.23828359999999993,0.11692099999999961,0.23138330000000096,0.14049509999999987,0.21892599999999973,0.2502630000000039,0.8661010000000005,0.5960900000000038,0.2285399999999953,0.3983989999999977,0.36351700000000164,0.8357185000000005,0.3908479999999912,0.5857759999999992,0.14414899999999875,0.3050969999999964
532,0.09876700000000227,0.2570820000000005,0.2789294999999994,0.1389839999999989,0.2793303000000016,0.1591197000000002,0.2422949999999986,0.24730699999999928,0.8649039999999992,0.5757399999999961,0.23725000000000307,0.4333349999999996,0.3750630000000008,0.9334653999999993,0.5488769999999903,0.6806979999999996,0.15972700000000373,0.287512999999997
533,0.06579500000000138,0.14083800000000046,0.19848589999999966,0.09376499999999943,0.18333330000000103,0.11660920000000008,0.17278599999999855,0.21037300000000414,0.7038139999999977,0.4897399999999834,0.18613999999999464,0.333359999999999,0.2907119999999992,0.7039896999999993,0.334935999999999,0.4739380000000004,0.11754400000000231,0.25728600000000057
534,-9.9999e+98,0.0988939999999996,0.1607826000000001,0.07237100000000041,0.13940529999999995,0.09192409999999995,0.13517599999999774,0.14254000000000389,0.550262,0.3907600000000002,0.1539499999999947,0.29573800000000006,0.24296799999999763,0.5758577000000002,0.24191499999999166,0.3206629999999997,0.052969000000004485,0.20272699999999588
535,0.09002600000000172,0.21686799999999984,0.24699729999999942,0.12345900000000043,0.24918330000000033,0.14629219999999998,0.22757000000000005,0.24428900000000198,0.8472729999999977,0.5706600000000037,0.23366000000000042,0.40080000000000027,0.2926499999999983,0.8777188000000002,0.4674720000000008,0.593357000000001,0.14855500000000177,0.291723999999995
536,0.07420700000000124,0.19407300000000127,0.22352189999999972,0.11128800000000005,0.22443430000000042,0.1334708,0.20337299999999914,0.2118110000000044,0.7236909999999988,0.4926799999999787,0.2159599999999955,0.37651400000000024,0.3087690000000016,0.8287874999999998,0.44838299999999265,0.5599230000000013,0.1372520000000037,0.24991599999999892
537,0.10852099999999965,0.26942600000000105,0.2941047999999995,0.14616099999999932,0.29554030000000076,0.16593150000000012,0.26676300000000097,0.27669200000000416,0.9259880000000003,0.6233699999999942,0.2652999999999963,0.44541899999999757,0.38311099999999954,0.9900567000000002,0.5833700000000022,0.7052220000000027,0.17012100000000174,0.3077639999999988
538,0.1182540000000003,0.2844560000000005,0.3142516999999998,0.16001099999999902,0.32351230000000086,0.18216980000000005,0.29702800000000096,0.3315470000000005,1.089462000000001,0.7277599999999893,0.3100299999999976,0.49437599999999904,0.4956850000000017,1.1763171999999997,0.6026669999999967,0.7645370000000007,0.17733600000000393,0.35907499999999715
539,0.1182540000000003,0.2844560000000005,0.3142516999999998,0.16001099999999902,0.32351230000000086,0.18216980000000005,0.29702800000000096,0.3315470000000005,1.089462000000001,0.7277599999999893,0.3100299999999976,0.49437599999999904,0.4956850000000017,1.1763171999999997,0.6026669999999967,0.7645370000000007,0.17733600000000393,0.35907499999999715
540,0.12736900000000162,0.3003030000000013,0.3356925999999998,0.16982799999999898,0.34267230000000026,0.19033409999999984,0.31176400000000015,0.3405880000000039,1.1145250000000004,0.749229999999983,0.3134799999999984,0.49719599999999886,0.4531799999999997,1.1921988,0.657905999999997,0.8090389999999985,0.19011300000000375,0.36312300000000164
541,0.09382700000000099,0.22034900000000057,0.2532443999999998,0.12803399999999954,0.25660930000000093,0.15110219999999996,0.2320329999999977,0.253070000000001,0.8594930000000005,0.5808700000000044,0.24956000000000245,0.40129699999999957,0.34350000000000236,0.9588087999999999,0.48554800000000853,0.6302769999999995,0.15541900000000197,0.28366499999999917
542,0.09073900000000279,0.22448699999999988,0.2519450000000001,0.12512399999999957,0.2538613000000005,0.14741420000000005,0.23150000000000048,0.2390320000000017,0.8238920000000007,0.5546199999999999,0.2418700000000058,0.4075609999999976,0.3260329999999989,0.8970355999999997,0.49598100000000045,0.6026510000000016,0.14925699999999864,0.28322800000000115
543,0.07572600000000307,0.16008200000000095,0.2347519,0.10449399999999898,0.20208530000000025,0.12857340000000006,0.18390099999999876,0.23472300000000246,0.7702500000000008,0.5258599999999944,0.21044999999999447,0.3706089999999982,0.38646500000000117,0.8111306000000003,0.3752630000000039,0.5336590000000001,0.12681900000000468,0.2715040000000002
544,0.08762500000000273,0.2226530000000011,0.24740939999999956,0.1240199999999998,0.2467333000000007,0.14539960000000018,0.21655399999999858,0.2334900000000033,0.7949149999999996,0.5345299999999895,0.22079000000000804,0.38149299999999897,0.34581700000000026,0.8779371999999999,0.48279599999999334,0.6322490000000016,0.14637900000000315,0.26884700000000095
545,-9.9999e+98,0.10010399999999997,0.18843349999999948,0.08126399999999911,0.14447230000000033,0.10127629999999987,0.13541799999999782,0.18400499999999909,0.6459949999999992,0.47690000000000055,0.19836000000000809,0.32579199999999986,0.32057299999999955,0.7141882000000002,0.2803260000000023,0.4040019999999984,0.09758700000000431,0.23698199999999758
546,-9.9999e+98,0.09397400000000111,0.12975799999999982,0.06122099999999975,0.11137530000000062,0.07841390000000015,0.10862900000000053,0.10757399999999961,0.4822029999999984,0.363049999999987,0.1548400000000072,0.2338749999999976,0.18285000000000196,0.46030060000000006,0.25416800000000705,0.2763300000000015,-0.0011739999999988981,0.18741800000000097
547,0.09859400000000207,0.24348499999999973,0.27332719999999977,0.1366379999999996,0.27603930000000076,0.15804740000000006,0.25052499999999966,0.2553960000000046,0.8625809999999987,0.5887099999999919,0.26493000000000677,0.45269099999999796,0.4017610000000005,0.9759953000000001,0.5717010000000045,0.6796240000000004,0.16084400000000443,0.2913110000000003
548,0.09859400000000207,0.24348499999999973,0.27332719999999977,0.1366379999999996,0.27603930000000076,0.15804740000000006,0.25052499999999966,0.2553960000000046,0.8625809999999987,0.5887099999999919,0.26493000000000677,0.45269099999999796,0.4017610000000005,0.9759953000000001,0.5717010000000045,0.6796240000000004,0.16084400000000443,0.2913110000000003
549,0.12708200000000147,0.3104490000000002,0.3469128999999995,0.1721989999999991,0.35456530000000086,0.19242170000000014,0.3495360000000005,0.3189120000000045,1.0858269999999983,0.7248599999999783,0.3302800000000019,0.5269370000000002,0.4773449999999997,1.1454757999999998,0.7085790000000003,0.7764000000000024,0.19556299999999993,0.3516249999999985
550,0.05335900000000038,0.14947800000000022,0.18312429999999935,0.08894399999999969,0.1785053000000012,0.11043970000000014,0.16942399999999935,0.1844159999999988,0.6593559999999989,0.473559999999992,0.18836000000000297,0.28994499999999945,0.18996999999999886,0.5659158,0.3644080000000116,0.44001300000000043,0.10798400000000186,0.24892099999999573
551,0.0736130000000017,0.16898000000000124,0.23917389999999994,0.10632299999999972,0.20169130000000024,0.13021819999999984,0.1882230000000007,0.23839900000000114,0.8375880000000002,0.6044799999999952,0.24688000000000443,0.38792199999999966,0.38503100000000146,0.8277292999999997,0.3734330000000057,0.5541689999999981,0.13094300000000203,0.30146799999999985
552,0.07097900000000124,0.15735899999999958,0.2324231000000001,0.10149099999999933,0.19047130000000045,0.12441840000000015,0.18037499999999795,0.2345550000000003,0.7959740000000011,0.57423,0.22704000000000235,0.39994000000000085,0.4363899999999994,0.8387511000000001,0.326943,0.5253599999999992,0.12076300000000373,0.279122000000001
553,0.07097900000000124,0.15735899999999958,0.2324231000000001,0.10149099999999933,0.19047130000000045,0.12441840000000015,0.18037499999999795,0.2345550000000003,0.7959740000000011,0.57423,0.22704000000000235,0.39994000000000085,0.4363899999999994,0.8387511000000001,0.326943,0.5253599999999992,0.12076300000000373,0.279122000000001
554,0.08769100000000307,0.20075700000000118,0.2507500999999994,0.12518700000000038,0.2489833000000008,0.1491908999999998,0.2295349999999985,0.2662639999999996,0.9006100000000004,0.6053499999999872,0.2466399999999993,0.40932300000000055,0.4205180000000013,0.9434693999999997,0.4246740000000102,0.6159880000000015,0.1472960000000043,0.306484999999995
555,0.08248999999999995,0.18055400000000077,0.24337300000000006,0.11761399999999966,0.23252930000000127,0.14189279999999993,0.21373799999999932,0.2510520000000014,0.849377999999998,0.573599999999999,0.23474000000000217,0.39525099999999824,0.386766999999999,0.8927236000000001,0.41362800000000277,0.5852229999999992,0.14582700000000415,0.29257099999999525
556,0.06248300000000029,0.13453600000000066,0.2169143999999994,0.0945419999999988,0.18398530000000157,0.11741119999999983,0.1728689999999986,0.21641699999999986,0.699895999999999,0.477090000000004,0.1963000000000079,0.35050199999999876,0.3702219999999983,0.7565751000000001,0.3056839999999994,0.4630529999999986,0.11875500000000017,0.24689499999999498
557,-9.9999e+98,-9.9999e+98,0.09221509999999977,0.018359999999999488,0.07448630000000023,0.05086900000000005,0.07327399999999784,0.08402800000000354,0.3620190000000001,0.2712499999999807,0.11186999999999614,0.20437399999999784,0.19634399999999985,0.3927491999999999,0.13317200000000184,0.17990299999999948,-9.9999e+98,0.152864000000001
558,0.07713999999999999,0.17757800000000046,0.2436607999999998,0.1124179999999999,0.21856130000000107,0.1368317000000001,0.2012420000000006,0.2481780000000029,0.8329479999999982,0.5690699999999822,0.22612999999999772,0.39749300000000076,0.4071639999999981,0.8561632000000001,0.3901290000000017,0.5706549999999986,0.13763399999999848,0.28985600000000034
559,0.07078900000000132,0.13941900000000018,0.22380819999999968,0.0987809999999989,0.18400430000000156,0.12157390000000001,0.17073099999999997,0.22329500000000024,0.763304999999999,0.5457299999999918,0.21671000000000618,0.3816980000000001,0.3754080000000002,0.8200129999999994,0.357325000000003,0.5146119999999996,0.12302700000000044,0.2742189999999951
560,0.0795070000000031,0.17228300000000019,0.23704880000000017,0.11321300000000001,0.22149330000000056,0.1376786000000001,0.19993900000000053,0.24477200000000465,0.806559,0.5456099999999822,0.23403000000000418,0.3932520000000004,0.41283099999999706,0.9032974000000005,0.41129899999999964,0.5675109999999997,0.13970799999999883,0.27468999999999966
561,0.16829400000000305,0.4068839999999998,0.44665039999999934,0.2253930000000004,0.4636483000000009,0.2398286999999999,0.4655079999999998,0.43387100000000345,1.3935099999999991,0.9340799999999945,0.4221200000000067,0.6966560000000008,0.7112489999999987,1.4156822,0.9658670000000029,1.0239579999999968,0.21721800000000258,0.4180939999999964
562,0.08529500000000212,0.23028400000000104,0.26437180000000016,0.12404800000000016,0.2401593000000002,0.14761310000000005,0.2068349999999981,0.25387900000000485,0.835528,0.5598799999999926,0.23775000000000546,0.44279500000000027,0.4352050000000034,1.0276395999999997,0.4730550000000022,0.640432999999998,0.151330999999999,0.27026199999999534
563,0.07115000000000293,0.15922500000000106,0.2055669,0.09997899999999937,0.19660529999999987,0.12344599999999994,0.18157899999999927,0.221264000000005,0.7301569999999984,0.5014400000000023,0.19516000000000133,0.3563469999999995,0.28152100000000146,0.7384953999999997,0.38731500000000096,0.5041650000000004,0.1232830000000007,0.26362599999999503
564,-9.9999e+98,0.1004750000000012,0.15269889999999986,0.06983600000000045,0.1336453000000013,0.08949659999999993,0.12906500000000065,0.13220000000000454,0.5493449999999989,0.40053999999997814,0.1617700000000042,0.26377000000000095,0.20854200000000134,0.5523997999999999,0.25425200000000814,0.3272720000000007,0.05293999999999954,0.21008299999999736
565,0.07561899999999966,0.17276000000000025,0.2258488999999999,0.10768799999999956,0.21135130000000046,0.13156770000000018,0.19371399999999994,0.23204799999999892,0.8045720000000003,0.5630799999999851,0.22042000000000428,0.3586349999999996,0.31135100000000193,0.7458168999999994,0.40025500000000136,0.5418079999999996,0.13345699999999994,0.2862689999999972
566,0.0906860000000016,0.20480700000000063,0.2762626999999993,0.12979200000000013,0.2557603000000004,0.15342220000000006,0.2414120000000004,0.29272900000000135,0.9651649999999989,0.6602999999999781,0.2608600000000081,0.45713500000000096,0.49566700000000097,0.9446145000000001,0.4142930000000007,0.6483139999999992,0.1556280000000001,0.3302800000000019
567,0.11709500000000261,0.2907530000000005,0.31667690000000004,0.1582069999999991,0.3198693000000006,0.17746569999999995,0.2909000000000006,0.28651700000000346,0.9716039999999992,0.6605299999999943,0.29837999999999454,0.49429199999999796,0.45848099999999903,1.0817664999999996,0.6644329999999883,0.7694289999999988,0.17689700000000386,0.3136349999999979
568,0.12093199999999982,0.2777849999999997,0.30776760000000003,0.16237600000000008,0.31451530000000005,0.1820952,0.26110399999999956,0.27440500000000156,0.9894359999999978,0.6331500000000005,0.27476000000000056,0.5805959999999999,0.5726820000000004,1.1960588999999997,0.6562850000000111,0.7952200000000005,0.18303300000000178,0.273697999999996
569,0.08969300000000047,0.21314600000000006,0.2496735000000001,0.12537999999999982,0.2531663000000002,0.1484382000000002,0.23693600000000004,0.2520319999999998,0.8858739999999976,0.5940300000000036,0.2399300000000011,0.39378899999999817,0.3331790000000012,0.8982140999999997,0.4395839999999964,0.6144339999999993,0.1462630000000047,0.304040999999998
570,0.06081999999999965,0.14012300000000089,0.19174619999999987,0.09143300000000032,0.18025530000000067,0.11410790000000004,0.16711099999999846,0.1938340000000025,0.6578589999999984,0.44793999999998846,0.1882400000000075,0.3390069999999987,0.274794,0.7019773999999996,0.34419400000000167,0.45661799999999886,0.11638200000000154,0.24003700000000094
571,0.06836500000000001,0.21487300000000076,0.22782089999999933,0.11621799999999993,0.23879530000000138,0.13234840000000014,0.31755099999999814,0.26556599999999975,0.8839399999999991,0.5912799999999834,0.30590999999999724,0.5267339999999976,0.7326599999999992,1.2856766999999998,0.9506209999999982,0.7121860000000027,0.11943300000000079,0.2929499999999976
572,0.08551700000000295,0.21704900000000116,0.25182469999999935,0.126536999999999,0.24480530000000122,0.14931029999999978,0.199542000000001,0.25342400000000254,0.8424550000000011,0.5467399999999998,0.19566000000000372,0.38639699999999877,0.3776239999999973,0.9263382,0.48326500000000294,0.6479910000000011,0.14953400000000272,0.27498399999999634
573,0.1308850000000028,0.3324809999999996,0.35905149999999963,0.18026000000000053,0.3629893000000006,0.19703610000000005,0.33296800000000104,0.3159470000000013,1.0798570000000005,0.7516499999999837,0.33871000000000606,0.5305979999999977,0.5735880000000009,1.1519827000000005,0.7730320000000006,0.8568800000000003,0.17132900000000006,0.321514999999998
574,0.11672200000000288,0.28807899999999975,0.3173741999999997,0.16001200000000004,0.3209363000000014,0.1792482999999998,0.2770109999999981,0.2906770000000023,0.9890149999999984,0.6523299999999779,0.27447999999999695,0.49984500000000054,0.45374200000000187,1.0819190999999995,0.6424569999999932,0.7795120000000004,0.17634600000000233,0.31998399999999805
575,0.060090999999999894,0.12775200000000098,0.2142980999999997,0.09309000000000012,0.17541530000000094,0.11541729999999983,0.1661779999999986,0.213082,0.7265799999999984,0.5244399999999985,0.2071899999999971,0.3678500000000007,0.35070200000000185,0.7729618,0.3036740000000009,0.4796209999999981,0.11293600000000481,0.260748999999997
576,0.06895500000000254,0.15176700000000132,0.20450469999999932,0.09961700000000029,0.19850730000000105,0.1233249999999999,0.18079999999999785,0.21435800000000427,0.6950830000000003,0.4689199999999971,0.2090299999999985,0.34319400000000044,0.35796099999999953,0.8038841000000003,0.36249599999999305,0.48381900000000044,0.12589900000000398,0.23810499999999735
577,0.07234100000000154,0.17614900000000056,0.22064469999999936,0.10889899999999919,0.21826230000000102,0.13261520000000004,0.19977300000000042,0.22794300000000334,0.7579129999999985,0.5100999999999942,0.2218600000000066,0.3607559999999985,0.3342799999999997,0.8408678999999992,0.3946630000000084,0.5385300000000015,0.138575000000003,0.2575379999999967
578,0.129251,0.32647900000000085,0.35842189999999974,0.1785370000000004,0.36664330000000156,0.19809080000000012,0.3554290000000009,0.33158000000000243,1.1024899999999995,0.7483199999999783,0.34270999999999674,0.5374479999999977,0.538727999999999,1.1908156000000005,0.7625919999999979,0.812417,0.17265600000000347,0.352879999999999
579,0.08858000000000033,0.22612400000000044,0.2561567999999994,0.12664000000000009,0.2557493000000015,0.1487232999999999,0.23971399999999932,0.25872300000000337,0.9044969999999992,0.6245600000000024,0.2313699999999983,0.3879780000000004,0.24979199999999935,0.8132504000000003,0.45658000000000243,0.6019020000000026,0.14661500000000416,0.3297729999999959
580,0.08501900000000262,0.20804700000000054,0.2395890999999999,0.11939999999999884,0.2407623000000001,0.14224019999999982,0.2269830000000006,0.24536000000000513,0.8487159999999996,0.576849999999979,0.22414000000000556,0.39209599999999867,0.26409400000000005,0.8350337000000003,0.44426099999999735,0.5842559999999999,0.1436430000000044,0.30249699999999535
581,0.12190200000000218,0.29626600000000103,0.32544919999999955,0.16397899999999943,0.32883430000000047,0.1813505000000002,0.3048870000000008,0.27426900000000387,0.9810230000000004,0.6793299999999931,0.31606000000000734,0.5359920000000002,0.5518870000000007,1.1099609,0.7146950000000061,0.8130549999999985,0.1765230000000031,0.2891699999999986
582,0.08716000000000079,0.2072970000000005,0.2441728999999997,0.12210900000000002,0.2469733000000005,0.14506739999999985,0.23359199999999802,0.245352000000004,0.8586339999999986,0.5758799999999837,0.23784999999999457,0.415578,0.2993479999999984,0.8804358999999993,0.44236499999999523,0.5976530000000011,0.1457279999999983,0.29872599999999494
583,0.11023700000000147,0.27157300000000006,0.3067538000000001,0.1530819999999995,0.31196030000000086,0.17395680000000002,0.290616,0.3062320000000014,1.039994,0.6925099999999986,0.2842899999999986,0.465993000000001,0.3537329999999983,1.0562917,0.5649449999999945,0.7249510000000008,0.17395199999999988,0.3578729999999979
584,0.05433200000000227,0.13800400000000046,0.1788413999999996,0.08844700000000039,0.17202030000000157,0.1107686000000001,0.15763099999999852,0.1909260000000046,0.6503359999999994,0.4543299999999988,0.17477999999999838,0.31248099999999823,0.2608050000000013,0.6534617999999996,0.3678819999999945,0.45756099999999833,0.11227600000000137,0.2430659999999989
585,0.10687700000000078,0.2570810000000012,0.29169290000000014,0.14791199999999982,0.2988023000000002,0.16992830000000003,0.27336700000000036,0.29466899999999896,0.9991950000000003,0.6710799999999892,0.2943700000000007,0.48097199999999773,0.378423999999999,1.080768,0.5708960000000047,0.7236089999999997,0.1697810000000004,0.3392819999999972
586,0.018119999999999692,0.10812899999999992,0.18957109999999933,0.08238500000000037,0.15307830000000067,0.10293550000000007,0.14429499999999962,0.1859670000000051,0.6360849999999978,0.4467899999999929,0.1724800000000073,0.32757900000000006,0.3459959999999995,0.7113376000000002,0.27129100000000506,0.38373599999999897,0.09833600000000331,0.2278529999999961
587,0.0970089999999999,0.23296200000000056,0.2667552999999998,0.13492399999999982,0.27145930000000007,0.15755220000000003,0.2468660000000007,0.27473900000000384,0.9199929999999981,0.6189799999999934,0.26095000000000823,0.44716299999999976,0.3383029999999998,0.9858029000000004,0.5057429999999954,0.6612150000000021,0.15975699999999904,0.3191799999999958
588,0.12372200000000078,0.2908280000000012,0.3213132999999999,0.1656809999999993,0.3272213000000015,0.18408179999999996,0.2946069999999992,0.28614000000000317,1.0179399999999994,0.6932699999999841,0.32680000000000575,0.592092000000001,0.6131670000000007,1.2108753000000005,0.7003069999999951,0.8357760000000027,0.1817010000000039,0.29757000000000033
589,0.12159800000000232,0.299392000000001,0.3140773000000001,0.16193599999999897,0.32500130000000027,0.1846306000000002,0.29645100000000113,0.3370960000000025,1.095479000000001,0.7396799999999928,0.32314999999999827,0.519798999999999,0.545973,1.2451048,0.6419060000000059,0.7820570000000018,0.1825760000000045,0.3571189999999973
590,0.10079700000000003,0.26006600000000013,0.28474109999999975,0.14271300000000053,0.28639230000000104,0.16299829999999993,0.25161199999999795,0.2662430000000029,0.9057220000000008,0.6019799999999975,0.24886000000000763,0.44815399999999883,0.37967100000000187,0.9894302000000001,0.5538209999999992,0.7030200000000022,0.16973000000000127,0.299318999999997
591,0.12126300000000256,0.30968200000000046,0.3281779999999994,0.16751999999999967,0.32990730000000035,0.1842488000000002,0.29395299999999835,0.2577400000000054,0.9860289999999985,0.6380499999999927,0.291640000000001,0.5506390000000003,0.5579239999999999,1.063726,0.6326810000000052,0.8190719999999985,0.1801230000000018,0.25973099999999505
592,0.021335000000000548,0.11418199999999956,0.19084099999999982,0.08360399999999935,0.1571473000000001,0.10502190000000011,0.14680299999999846,0.1867640000000037,0.6452539999999978,0.45740999999998166,0.17831999999999937,0.32064399999999793,0.32223100000000215,0.7000294999999994,0.3036919999999981,0.41250300000000095,0.10453100000000148,0.23600100000000168
593,0.09624900000000025,0.2264929999999996,0.2639255999999994,0.13468499999999928,0.26947030000000005,0.15783989999999992,0.2434069999999977,0.26670899999999875,0.9165390000000002,0.6181299999999794,0.2644999999999982,0.4282079999999979,0.36531400000000147,1.0175242000000004,0.5018779999999907,0.6667290000000001,0.16052900000000392,0.31233599999999484
594,-9.9999e+98,0.10365499999999983,0.15301510000000018,0.07417500000000032,0.1365633000000006,0.09420859999999998,0.12775599999999798,0.153057000000004,0.5775599999999983,0.4209599999999796,0.1732200000000006,0.2782689999999981,0.23435500000000076,0.5965881,0.301597000000001,0.366973999999999,0.05104400000000453,0.21622899999999845
595,0.1346240000000023,0.32233800000000024,0.36708490000000005,0.18390400000000007,0.37787030000000144,0.20341150000000008,0.36205,0.3659370000000024,1.2082489999999986,0.7961999999999989,0.34677000000000646,0.5615020000000008,0.46100299999999805,1.2375649000000006,0.7203219999999959,0.8557640000000006,0.19796600000000097,0.40030300000000096
596,0.08874700000000146,0.2163800000000009,0.2501232,0.12662300000000037,0.25380930000000035,0.1498832000000001,0.23261300000000062,0.2623710000000017,0.8835650000000008,0.5966299999999762,0.24666999999999462,0.4287840000000003,0.31129800000000074,0.9298674,0.47679899999999975,0.6250590000000003,0.15017600000000186,0.3092189999999988
597,0.07405200000000178,0.20659799999999962,0.23310289999999956,0.11467700000000036,0.23401330000000087,0.1370300000000002,0.2196889999999989,0.22579300000000302,0.7890990000000002,0.5274000000000001,0.2177199999999999,0.37213299999999805,0.25962100000000277,0.8023208999999998,0.4232030000000009,0.5429429999999975,0.1405150000000006,0.27633300000000105
598,0.10022500000000178,0.2512540000000012,0.2781862999999998,0.13734499999999983,0.2793953000000009,0.15818310000000002,0.2551439999999978,0.25405800000000056,0.872049999999998,0.5877799999999809,0.2537899999999951,0.4257679999999979,0.3638869999999983,0.9414264000000001,0.5562309999999968,0.6514029999999984,0.15833700000000306,0.2942059999999955
599,0.08154800000000151,0.18020800000000037,0.23266149999999985,0.11613999999999969,0.23240529999999993,0.138274,0.2232529999999997,0.24122799999999955,0.8557500000000005,0.6028099999999768,0.23371000000000208,0.4140589999999982,0.3249510000000022,0.7606937,0.38017100000000426,0.575177,0.13728100000000154,0.31073599999999857
600,0.09532000000000096,0.24439700000000109,0.26927399999999935,0.13732800000000012,0.26908129999999986,0.15766400000000003,0.2316590000000005,0.2505740000000003,0.8514710000000001,0.572180000000003,0.24952000000000396,0.45696299999999823,0.43560500000000246,0.9864524000000001,0.5376909999999953,0.7080759999999984,0.15782399999999797,0.2649550000000005
601,0.04319300000000226,0.12900800000000068,0.17221569999999975,0.0839749999999988,0.16513929999999988,0.10598280000000004,0.15474599999999938,0.17240999999999929,0.6163080000000001,0.4233199999999897,0.169399999999996,0.3131939999999993,0.23675899999999928,0.6240102000000007,0.3241160000000036,0.4171750000000003,0.10493699999999961,0.2255479999999963
602,0.09922300000000206,0.2366229999999998,0.2709809999999999,0.138304999999999,0.27611330000000045,0.16106439999999989,0.24751799999999946,0.27618000000000364,0.9284910000000011,0.6267899999999997,0.26578999999999553,0.4363430000000008,0.39586399999999955,1.0418836000000002,0.5198149999999941,0.6798180000000009,0.16530099999999948,0.30798199999999554
603,0.07267900000000083,0.17685900000000032,0.2151128,0.10731499999999983,0.2142073,0.13038170000000004,0.20297199999999904,0.22564700000000215,0.8117899999999985,0.584149999999994,0.23994000000000426,0.35448200000000085,0.2347520000000003,0.6868126999999999,0.4114880000000056,0.5325620000000022,0.13224600000000208,0.30204599999999715
604,0.07387500000000102,0.1769829999999999,0.2133661,0.1074509999999993,0.2144983000000007,0.13075729999999997,0.19416800000000123,0.216661000000002,0.7472390000000004,0.506939999999986,0.2103000000000037,0.37353599999999787,0.27445900000000023,0.7974864000000004,0.41570200000001023,0.5305250000000008,0.13312200000000018,0.2627859999999984
605,0.07530200000000065,0.18528599999999962,0.22640100000000007,0.11429899999999904,0.2296693000000012,0.13761240000000008,0.21605399999999975,0.23616799999999927,0.812618999999998,0.5453399999999817,0.22697999999999752,0.3793860000000002,0.34130500000000197,0.8500449000000003,0.3918159999999915,0.555258000000002,0.14140700000000095,0.27957899999999825
606,0.08955800000000025,0.21683400000000042,0.24666999999999994,0.12436800000000048,0.24994130000000148,0.14751819999999993,0.2283590000000011,0.24281700000000228,0.8230809999999984,0.5634799999999984,0.24863000000000568,0.39439399999999836,0.37686199999999914,0.9473434000000003,0.49503500000000145,0.6144339999999993,0.15207399999999893,0.2694919999999996
607,0.09590200000000237,0.2414360000000002,0.26922669999999993,0.1360639999999993,0.27223430000000093,0.1577253999999999,0.2387379999999979,0.2610170000000025,0.8752150000000007,0.583139999999986,0.24549000000000376,0.44620899999999963,0.37263300000000044,0.9780639000000004,0.5229939999999971,0.6831220000000009,0.16088700000000244,0.2914120000000011
608,0.113151000000002,0.2787310000000005,0.3162902000000001,0.1547269999999994,0.30979830000000064,0.17767810000000006,0.28793199999999786,0.3383540000000025,1.1019809999999985,0.7335399999999765,0.3121799999999979,0.5138590000000001,0.5997430000000001,1.1824838,0.5344120000000032,0.7478739999999995,0.16842600000000374,0.36074399999999684
609,0.113151000000002,0.2787310000000005,0.3162902000000001,0.1547269999999994,0.30979830000000064,0.17767810000000006,0.28793199999999786,0.3383540000000025,1.1019809999999985,0.7335399999999765,0.3121799999999979,0.5138590000000001,0.5997430000000001,1.1824838,0.5344120000000032,0.7478739999999995,0.16842600000000374,0.36074399999999684
610,0.10239300000000284,0.23273800000000122,0.28787999999999947,0.14150300000000016,0.28042630000000024,0.1656019999999998,0.2533229999999982,0.3002010000000013,0.9845189999999988,0.6657999999999902,0.2909000000000077,0.4867299999999979,0.5297790000000013,1.1428096000000005,0.5346629999999948,0.6939430000000009,0.16403300000000343,0.325685
611,0.0681989999999999,0.15476400000000012,0.1905473999999998,0.09518399999999971,0.18801230000000047,0.11787079999999994,0.17369799999999813,0.20316199999999895,0.7064579999999978,0.5001900000000035,0.20246000000000208,0.31382699999999986,0.22218499999999963,0.6443184999999998,0.38348300000001245,0.48032300000000205,0.11759500000000145,0.26083899999999716
612,0.0681989999999999,0.15476400000000012,0.1905473999999998,0.09518399999999971,0.18801230000000047,0.11787079999999994,0.17369799999999813,0.20316199999999895,0.7064579999999978,0.5001900000000035,0.20246000000000208,0.31382699999999986,0.22218499999999963,0.6443184999999998,0.38348300000001245,0.48032300000000205,0.11759500000000145,0.26083899999999716
613,0.06690100000000143,0.1469920000000009,0.19774829999999977,0.09537399999999963,0.1861453000000015,0.11859969999999986,0.17469900000000038,0.21724900000000247,0.7252529999999986,0.5128399999999829,0.20158999999999594,0.3360459999999996,0.2759229999999988,0.7002701,0.3648150000000072,0.48951299999999875,0.11967700000000292,0.26779899999999657
614,0.0804530000000021,0.20884900000000073,0.23656319999999997,0.11695899999999959,0.23674630000000008,0.1392669999999998,0.22584300000000113,0.23504799999999904,0.8466810000000002,0.5929899999999861,0.22665000000000646,0.3682239999999979,0.24397200000000296,0.7629157000000006,0.43949500000000796,0.5702149999999975,0.14080299999999824,0.3085960000000014
615,0.11643000000000114,0.2810560000000013,0.3017854,0.15583599999999898,0.3115123000000004,0.17853649999999988,0.2827799999999989,0.3255720000000011,1.061353999999998,0.7179099999999892,0.30965000000000487,0.5078639999999979,0.550891,1.1991945999999993,0.6033800000000014,0.7505729999999993,0.1730310000000017,0.3458660000000009
616,0.07450299999999999,0.1701309999999996,0.22092489999999998,0.10672999999999888,0.2079133000000013,0.13023590000000018,0.18286699999999811,0.23067199999999843,0.7447829999999982,0.5060399999999845,0.19889999999999475,0.3535609999999991,0.3280409999999989,0.8300752999999998,0.4153129999999976,0.5434850000000004,0.12955500000000342,0.25559700000000163
617,0.12553300000000078,0.30498200000000075,0.3292950000000001,0.1688749999999999,0.3411823000000016,0.19115480000000007,0.3138639999999988,0.3428510000000031,1.1246389999999984,0.7594699999999932,0.3358000000000061,0.5387649999999979,0.5394749999999995,1.2713209,0.6873989999999992,0.8134110000000021,0.19398000000000337,0.3609659999999977
618,0.11427500000000279,0.27843900000000055,0.3113639999999993,0.15660199999999946,0.31565630000000056,0.1768588000000002,0.28307200000000066,0.3005250000000004,1.009792000000001,0.6752099999999928,0.2842899999999986,0.46396899999999874,0.4196249999999999,1.0803952000000008,0.6049419999999941,0.7586680000000001,0.17825200000000052,0.3311160000000015
619,0.0960610000000024,0.221464000000001,0.27346679999999957,0.13389199999999946,0.2640443000000001,0.15761510000000012,0.23526899999999884,0.2733570000000043,0.9070800000000006,0.6180399999999793,0.2696600000000018,0.45966499999999755,0.4623820000000016,1.0750568000000005,0.5171909999999968,0.6734039999999979,0.16016000000000474,0.2923100000000005
620,0.10463100000000125,0.23591099999999976,0.2762853999999999,0.14061500000000038,0.28246630000000117,0.16333200000000003,0.2575420000000008,0.3002830000000003,0.9793120000000002,0.657669999999996,0.2717400000000083,0.4364299999999979,0.40845799999999954,1.0515121,0.495553000000001,0.6838729999999984,0.16704500000000166,0.33633100000000127
621,0.0931280000000001,0.23092899999999972,0.25813099999999967,0.128207999999999,0.2592283000000002,0.15000860000000005,0.23672200000000032,0.2472890000000021,0.8705999999999996,0.5865000000000009,0.23001000000000715,0.40092699999999937,0.3038029999999985,0.8652370999999999,0.4833940000000041,0.6196970000000022,0.15173500000000217,0.3059469999999962
622,0.08904599999999974,0.2212019999999999,0.2520505000000002,0.12519099999999916,0.25265629999999994,0.1474673000000002,0.23518499999999776,0.25027000000000044,0.880313000000001,0.5988099999999861,0.22502000000000066,0.38982700000000037,0.26995199999999997,0.8383447000000004,0.45928499999999417,0.6048849999999995,0.1457460000000026,0.3115230000000011
623,0.105043000000002,0.2538020000000003,0.28711919999999935,0.14583499999999994,0.2945813000000008,0.16824139999999987,0.2697029999999998,0.29252699999999976,0.9902580000000007,0.6639699999999777,0.2890900000000016,0.44916299999999865,0.4148879999999977,1.0779201999999994,0.5555840000000103,0.708122999999997,0.16964600000000019,0.3357389999999967
624,0.10375000000000156,0.2672439999999998,0.29622499999999974,0.14593400000000045,0.2981393000000008,0.16572280000000017,0.280542999999998,0.2794990000000013,0.9956980000000009,0.6696599999999933,0.2543100000000038,0.41682499999999933,0.3071300000000008,0.9250091999999999,0.5294229999999942,0.684429999999999,0.17045900000000103,0.3546009999999953
625,0.1272410000000015,0.30627400000000016,0.34398909999999994,0.1729869999999991,0.34944530000000107,0.1922176000000002,0.31677099999999925,0.34916600000000386,1.1601999999999997,0.7701199999999915,0.2966200000000043,0.49014700000000033,0.41895600000000144,1.1542776000000003,0.5970259999999996,0.8138259999999988,0.18652000000000157,0.39296999999999827
626,0.06932300000000069,0.18281800000000104,0.21169420000000017,0.10470399999999991,0.2120753000000004,0.12716100000000008,0.19339499999999887,0.20301900000000472,0.697420000000001,0.4719599999999957,0.2039000000000044,0.3547229999999999,0.2761230000000019,0.7630192999999998,0.4153530000000103,0.5080349999999996,0.1306510000000003,0.2453999999999965
627,0.10586500000000143,0.25627900000000103,0.2914784999999993,0.14718799999999987,0.2954313000000006,0.16821930000000007,0.2665559999999978,0.29770600000000513,1.0141729999999995,0.67971,0.2619800000000083,0.4436119999999981,0.3916569999999986,1.0279759000000004,0.5090409999999963,0.712654999999998,0.17263900000000376,0.34986200000000167
628,0.08270900000000125,0.1993109999999998,0.2654886999999997,0.12447000000000052,0.24154630000000132,0.1493129999999998,0.22574699999999837,0.2873349999999988,0.9628659999999982,0.6828299999999956,0.2724100000000078,0.43379699999999843,0.4512229999999988,0.8999024999999996,0.4254549999999995,0.6390910000000005,0.1473100000000045,0.33904299999999665
629,0.10095300000000051,0.23452100000000087,0.2762779000000002,0.13709599999999966,0.2805243000000015,0.15839440000000016,0.2668539999999986,0.2688940000000031,0.9350740000000002,0.6212500000000034,0.26030000000000086,0.44054399999999916,0.31640799999999913,0.9435431999999997,0.5019219999999933,0.6523840000000014,0.1604460000000003,0.3227029999999971
630,0.07399600000000106,0.1813230000000008,0.22119719999999976,0.1114569999999997,0.2232283000000006,0.13468100000000005,0.21013500000000107,0.22930900000000065,0.8037080000000003,0.5468199999999968,0.2157100000000014,0.3869889999999998,0.2776910000000008,0.8064200000000001,0.409427000000008,0.555019999999999,0.1397090000000034,0.28546699999999703
631,0.07399600000000106,0.1813230000000008,0.22119719999999976,0.1114569999999997,0.2232283000000006,0.13468100000000005,0.21013500000000107,0.22930900000000065,0.8037080000000003,0.5468199999999968,0.2157100000000014,0.3869889999999998,0.2776910000000008,0.8064200000000001,0.409427000000008,0.555019999999999,0.1397090000000034,0.28546699999999703
632,0.12195600000000084,0.2928890000000006,0.3223469999999997,0.15979399999999977,0.32682130000000065,0.17929700000000004,0.30665699999999774,0.2791120000000049,0.9686190000000003,0.6727799999999888,0.3166400000000067,0.4589250000000007,0.5035050000000005,1.0941088999999993,0.6843609999999956,0.7408840000000012,0.1839820000000003,0.3028890000000004
633,0.06067300000000131,0.14133900000000033,0.1800588999999997,0.08913499999999885,0.17806930000000065,0.11111139999999997,0.1690909999999981,0.18292500000000445,0.6440559999999991,0.44227999999998246,0.1754800000000074,0.3185070000000003,0.23085400000000078,0.6397313000000002,0.3426730000000049,0.4428219999999996,0.1111709999999988,0.23928399999999783
634,0.07479600000000275,0.16456400000000038,0.22228889999999968,0.1070139999999995,0.21087130000000087,0.13085000000000013,0.19808300000000045,0.22984300000000246,0.7920209999999983,0.5431600000000003,0.21079000000000292,0.3717119999999987,0.33012899999999945,0.7896010000000002,0.3789739999999995,0.5380849999999988,0.132911,0.28023999999999916
635,0.10228999999999999,0.24326199999999965,0.2787600000000001,0.13848899999999986,0.2830983000000007,0.16017839999999994,0.26159399999999877,0.26934599999999875,0.9179259999999978,0.6119400000000041,0.2674599999999998,0.43750299999999953,0.34585400000000277,0.9693562,0.543491000000003,0.6403610000000022,0.1603279999999998,0.3090229999999963
636,0.0970329999999997,0.2339020000000005,0.26834060000000015,0.1354690000000005,0.2719283000000008,0.15812720000000002,0.24592699999999823,0.26924500000000506,0.9150919999999978,0.6162799999999891,0.2575000000000074,0.4150179999999999,0.3596389999999978,0.9971328999999995,0.493551999999994,0.6563090000000003,0.15919200000000444,0.30615499999999685
637,0.11952500000000299,0.2877799999999997,0.31311149999999977,0.15963200000000022,0.3200353000000007,0.18061689999999997,0.2892659999999978,0.3115050000000039,1.039508999999999,0.7092099999999846,0.3069399999999973,0.4978359999999995,0.4812100000000008,1.1725364999999996,0.6431350000000009,0.7746180000000003,0.178449999999998,0.3309159999999949
638,0.07757199999999997,0.2157150000000012,0.24218409999999935,0.1190920000000002,0.24396730000000133,0.14123390000000002,0.22949799999999954,0.2283000000000044,0.8069609999999976,0.5367899999999963,0.2259600000000006,0.38114599999999754,0.27336700000000036,0.8255669000000001,0.44136899999999457,0.5636030000000005,0.14283600000000263,0.277395999999996
639,0.12429300000000154,0.30016,0.3275408999999998,0.1634879999999992,0.3309963000000007,0.18179599999999985,0.30681200000000075,0.2834800000000044,0.9829699999999981,0.6862299999999948,0.3171700000000044,0.4831310000000002,0.5077779999999983,1.0961805,0.699774000000005,0.7814529999999991,0.18087500000000034,0.3042480000000012
640,0.08948300000000131,0.21453699999999998,0.2527777999999996,0.12871799999999922,0.2558813000000004,0.15209260000000002,0.23474900000000076,0.265582000000002,0.9240829999999995,0.6279399999999953,0.24048000000000513,0.41327799999999826,0.36649399999999943,0.9089517000000003,0.45126500000000647,0.6381890000000006,0.15115200000000328,0.32917400000000185
641,0.08418400000000048,0.22671300000000016,0.24801179999999956,0.12323100000000053,0.24821430000000078,0.14443839999999986,0.22191799999999873,0.22594399999999837,0.7737990000000003,0.5246999999999957,0.2293599999999998,0.40911999999999793,0.3553110000000004,0.8723763,0.4941710000000086,0.6167079999999991,0.1454349999999991,0.26250399999999985
642,0.08378400000000141,0.21424100000000124,0.2369854999999994,0.1179749999999995,0.2373063000000002,0.13979700000000017,0.21176399999999873,0.21873100000000534,0.7616960000000006,0.5136699999999905,0.21823000000000548,0.3909129999999976,0.3279899999999998,0.8349470999999999,0.4727829999999926,0.5935850000000009,0.1451240000000027,0.2660100000000014
643,0.09232500000000243,0.2251650000000005,0.26003309999999935,0.13112999999999886,0.26333030000000157,0.15398859999999992,0.23878299999999797,0.2616560000000021,0.8992499999999986,0.6045999999999765,0.24976999999999805,0.40393999999999863,0.32668899999999823,0.9513458999999997,0.48412300000001096,0.6402740000000016,0.15303800000000223,0.30563800000000185
644,0.11194800000000171,0.25870899999999963,0.29205589999999937,0.14739400000000025,0.2959113000000002,0.1678166000000001,0.2680439999999997,0.2753310000000013,0.9279270000000004,0.6385899999999936,0.2884999999999991,0.4595729999999989,0.45351300000000094,1.0624237,0.6101320000000072,0.7359009999999984,0.16684300000000007,0.29971199999999953
645,0.10913400000000095,0.25355400000000117,0.28811249999999955,0.1457689999999996,0.2924533,0.1666023000000001,0.2671460000000003,0.2737210000000019,0.926244999999998,0.6444699999999841,0.29420000000000357,0.46425100000000086,0.4580120000000001,1.0791556,0.6055220000000077,0.7203289999999996,0.1711519999999993,0.29436299999999704
646,0.09980499999999992,0.2486460000000008,0.2725084999999998,0.140193,0.27475230000000117,0.16099400000000008,0.23643900000000073,0.2592950000000016,0.8732179999999978,0.5878399999999999,0.26618000000000563,0.4857389999999988,0.4643659999999983,1.0444512999999995,0.558811999999989,0.7239590000000007,0.16309100000000143,0.2699539999999985
647,0.0701810000000016,0.1875890000000009,0.2194085999999995,0.10876799999999953,0.2210523000000002,0.13163400000000003,0.20393400000000028,0.21990800000000377,0.7407749999999993,0.4951499999999953,0.2128799999999984,0.3361780000000003,0.29315599999999975,0.7946461999999999,0.3960830000000044,0.5116750000000003,0.13703000000000287,0.2529309999999967
648,0.09744799999999998,0.2404130000000002,0.2701041000000002,0.136493999999999,0.2724933000000007,0.15723529999999997,0.24718899999999877,0.24645500000000453,0.8484200000000008,0.5997999999999877,0.281959999999998,0.4655869999999993,0.4659870000000019,1.0143496,0.5792500000000018,0.7013929999999995,0.15874600000000072,0.26819799999999816
649,0.07774300000000167,0.17335800000000035,0.2297072,0.11153099999999938,0.21911530000000035,0.1357012000000002,0.1996070000000003,0.2420710000000028,0.8072009999999992,0.5496499999999855,0.21949999999999648,0.3761620000000008,0.3562420000000017,0.8399118999999997,0.40836399999999173,0.5621249999999982,0.13823500000000166,0.2822850000000017
650,-9.9999e+98,0.11155000000000115,0.17171979999999998,0.0800029999999996,0.15233130000000017,0.10054939999999979,0.1446089999999991,0.16991800000000268,0.6132999999999988,0.4328599999999767,0.16494000000000142,0.3120689999999975,0.2977960000000017,0.6521331999999997,0.27556099999999617,0.3763809999999985,0.09695400000000376,0.2227049999999977
651,0.12315200000000104,0.2997240000000012,0.3251936999999998,0.16661399999999915,0.3333913000000006,0.1876597000000002,0.2995349999999988,0.33275799999999833,1.0937419999999989,0.7389199999999789,0.3150200000000041,0.5200040000000001,0.5205620000000017,1.2328728999999994,0.6524310000000071,0.8098340000000022,0.18773800000000307,0.35210199999999503
652,0.07806300000000022,0.2102599999999999,0.2299945000000001,0.11270700000000033,0.22763130000000054,0.13416110000000003,0.20534199999999814,0.21820900000000165,0.772237999999998,0.5311399999999935,0.20620999999999867,0.3266379999999991,0.25622900000000115,0.7144487999999996,0.44178599999999335,0.5335079999999977,0.1375590000000031,0.2727639999999951
653,0.10602100000000192,0.2712230000000009,0.29710069999999966,0.14699699999999893,0.29961530000000103,0.16503220000000018,0.28248100000000065,0.24155100000000118,0.8626149999999981,0.616439999999983,0.2943700000000007,0.44921599999999984,0.47395699999999863,0.9919862999999998,0.6558449999999993,0.7094549999999984,0.17210599999999943,0.26247299999999996
654,0.08301600000000064,0.19594500000000004,0.22791080000000008,0.11666699999999963,0.22983430000000027,0.13880420000000004,0.19677099999999825,0.22332600000000014,0.7464860000000009,0.5023699999999849,0.2160999999999973,0.39082999999999757,0.3571460000000002,0.8857034000000006,0.4675720000000041,0.6113549999999996,0.1454829999999987,0.25360299999999825
655,0.058889000000000635,0.13775400000000104,0.1869227999999996,0.0900199999999991,0.17386930000000156,0.11250410000000022,0.155818,0.19565000000000055,0.6472859999999976,0.4445599999999956,0.1711999999999989,0.3017429999999983,0.2633019999999995,0.6839284999999995,0.3637779999999964,0.45883300000000204,0.11168599999999884,0.2275239999999954
656,0.11728100000000197,0.2913490000000003,0.3159945999999998,0.16030699999999953,0.31954430000000045,0.1791497999999998,0.26467799999999997,0.2726469999999992,0.964023000000001,0.6121899999999982,0.2515199999999993,0.5019649999999984,0.48178700000000063,1.0631901,0.643377000000001,0.7676960000000008,0.1762990000000002,0.3092800000000011
657,0.0680390000000024,0.14791500000000113,0.21381229999999984,0.10001399999999983,0.19545630000000003,0.12271710000000002,0.18581800000000115,0.22253700000000265,0.759646,0.5391099999999938,0.2081400000000002,0.3797859999999993,0.3298849999999973,0.7524544999999998,0.32459599999999966,0.5099759999999982,0.12403900000000334,0.27596099999999524
658,0.07284399999999991,0.190353,0.22163630000000012,0.10947099999999921,0.22182530000000078,0.13160859999999985,0.2021809999999995,0.20476100000000486,0.7278249999999993,0.4911899999999889,0.21063999999999794,0.3606809999999996,0.28699399999999997,0.7699863000000002,0.4369399999999928,0.5284680000000002,0.13516200000000111,0.25761099999999715
659,0.07198800000000105,0.17788299999999957,0.21746350000000003,0.10781599999999969,0.21599130000000066,0.13130359999999985,0.19610099999999875,0.22912500000000335,0.7425369999999987,0.5022099999999909,0.2194199999999995,0.3512699999999995,0.2936140000000016,0.8266286999999997,0.40491099999999847,0.5330159999999999,0.13404299999999836,0.25576699999999875
660,0.07314600000000127,0.18049800000000005,0.23870829999999987,0.10630699999999926,0.2024713000000009,0.1295204000000001,0.19238700000000009,0.24467500000000086,0.8285680000000006,0.5991599999999835,0.23708000000000595,0.41719600000000057,0.44852599999999754,0.8539393,0.33802199999999516,0.5477899999999991,0.1277030000000039,0.29136199999999945
661,0.1253850000000014,0.32078200000000123,0.34729479999999935,0.17301999999999929,0.35067629999999994,0.19077879999999992,0.3047930000000001,0.31003100000000217,1.0739079999999994,0.6881699999999853,0.25428999999999746,0.4767739999999989,0.4457029999999982,1.0731713000000003,0.6560410000000019,0.7911180000000009,0.17608400000000302,0.3538519999999963
662,0.07079799999999992,0.1556160000000002,0.22783830000000016,0.10189499999999896,0.19856730000000056,0.12530699999999984,0.18696100000000015,0.2273449999999997,0.7614370000000008,0.5247200000000021,0.20744999999999436,0.3712559999999989,0.3580639999999988,0.7834698000000007,0.34287100000000237,0.5147220000000026,0.12472499999999798,0.2711059999999961
663,0.1233290000000018,0.2999320000000001,0.32941790000000015,0.1674799999999994,0.3367933000000001,0.18647420000000015,0.31319500000000033,0.29551000000000016,1.0270709999999994,0.7315299999999922,0.3498000000000019,0.5759860000000003,0.6444940000000017,1.2106841,0.7574190000000129,0.8221589999999992,0.17329200000000355,0.2996210000000019
664,0.10338600000000042,0.22152700000000003,0.2706786000000001,0.13575599999999888,0.2751183000000008,0.15761380000000003,0.2622870000000006,0.271250000000002,0.953322,0.63997999999998,0.26953000000000316,0.45889000000000024,0.39085899999999896,0.9501365000000002,0.44848000000000354,0.6638690000000018,0.1582690000000042,0.33083799999999997
665,0.1093400000000031,0.26109500000000097,0.2951327999999993,0.15006999999999948,0.30071130000000146,0.17129610000000017,0.2684490000000004,0.3021829999999994,1.006581999999998,0.6732399999999927,0.27477000000000373,0.45763099999999923,0.3966470000000015,1.0860064000000005,0.5436169999999976,0.73095,0.16949500000000484,0.3373769999999965
666,0.09455000000000169,0.22237300000000104,0.2789937,0.131888,0.25838430000000123,0.15581749999999994,0.22935199999999867,0.27286900000000003,0.8933979999999977,0.612419999999986,0.270780000000002,0.4749459999999992,0.4984019999999987,1.0949863999999998,0.5253089999999929,0.6704849999999993,0.15628399999999942,0.2877459999999985
667,0.10003299999999982,0.24505100000000013,0.27501389999999937,0.1387540000000005,0.27795130000000157,0.1604047999999998,0.24565399999999826,0.2645920000000004,0.9180659999999996,0.6120200000000011,0.24407000000000778,0.4185719999999975,0.36082199999999887,0.9843018999999993,0.5066330000000079,0.6788850000000011,0.16424800000000062,0.3032299999999992
668,0.11792000000000158,0.2883620000000011,0.31113500000000016,0.1590329999999991,0.32063929999999985,0.1814901,0.29365999999999914,0.3351510000000033,1.087098000000001,0.7277599999999893,0.31068000000000495,0.49731399999999937,0.5321210000000001,1.1907037999999996,0.5999989999999968,0.7598739999999999,0.17679700000000054,0.35913099999999787
669,0.058886000000001104,0.13538800000000073,0.18839179999999978,0.09089099999999917,0.17947230000000047,0.11326159999999996,0.1702060000000003,0.19493200000000144,0.6663539999999983,0.456089999999989,0.1868599999999958,0.3430889999999991,0.2836339999999993,0.6771196000000002,0.3166169999999937,0.4467730000000003,0.11574999999999847,0.24295099999999792
670,0.10849800000000087,0.23957900000000087,0.28938739999999985,0.1468279999999993,0.29540630000000156,0.17004799999999998,0.270150000000001,0.3035600000000045,1.004165999999998,0.6760799999999847,0.2953799999999944,0.4791950000000007,0.5475580000000022,1.1305456999999999,0.5694529999999958,0.7074299999999987,0.16655500000000245,0.3271960000000007
671,0.12921500000000208,0.3430370000000007,0.3640352999999994,0.18006600000000006,0.36878530000000076,0.19737369999999999,0.3483149999999995,0.3143999999999991,1.073827999999999,0.7366700000000037,0.33446999999999605,0.4877749999999992,0.5278240000000025,1.1401956000000002,0.7624899999999997,0.7953379999999974,0.16645000000000465,0.3356449999999995
672,0.1057900000000025,0.2707620000000013,0.2974116999999996,0.1484849999999991,0.3002963000000012,0.16810979999999986,0.26642400000000066,0.27994600000000247,0.9487360000000002,0.623519999999985,0.24966000000000577,0.4579139999999988,0.3908280000000026,0.9947102000000001,0.562979999999996,0.7081129999999973,0.17439099999999996,0.32234499999999855
673,0.10664300000000182,0.24795300000000076,0.2931930999999999,0.1479569999999999,0.2999143000000011,0.1695597000000002,0.2841680000000011,0.3040769999999995,1.0406469999999999,0.6911699999999996,0.2842500000000001,0.46895199999999804,0.46332999999999913,1.0598276000000002,0.4947970000000055,0.7059929999999994,0.16753899999999788,0.35172399999999726
674,0.12529400000000024,0.3092070000000007,0.3336864999999998,0.17133600000000015,0.3428383000000004,0.1923132999999999,0.3061949999999989,0.3489709999999988,1.1323889999999999,0.757409999999993,0.3173699999999968,0.5294840000000001,0.5294659999999993,1.2550660000000002,0.6549380000000014,0.8296300000000016,0.19497499999999945,0.36546200000000084
675,0.08083400000000296,0.19647199999999998,0.22689950000000003,0.1150260000000003,0.22837830000000103,0.13746560000000008,0.2008599999999987,0.22376700000000227,0.7533369999999984,0.5076299999999776,0.2159599999999955,0.3917660000000005,0.3228880000000025,0.8522002999999998,0.4612160000000074,0.5946609999999986,0.1464070000000035,0.26381399999999644
676,0.06779200000000074,0.14518300000000117,0.20844819999999942,0.09607399999999977,0.18237730000000063,0.1188047000000001,0.160067999999999,0.20164100000000218,0.69313,0.47685999999998785,0.18637999999999977,0.32434599999999847,0.2957439999999991,0.7289979999999998,0.3951590000000067,0.5099219999999995,0.12011300000000347,0.24756299999999953
677,0.09089800000000281,0.23918600000000012,0.2633554,0.12962600000000002,0.2636593000000005,0.15082169999999984,0.23941899999999805,0.23626600000000053,0.8300370000000008,0.5579699999999832,0.23985000000000412,0.40485999999999933,0.3433969999999995,0.886495,0.5126599999999968,0.6221529999999973,0.1490349999999978,0.28650499999999823
678,0.09763400000000289,0.23363400000000034,0.2929170000000001,0.1376609999999996,0.26619930000000025,0.16084379999999987,0.2237310000000008,0.28194100000000333,0.9193800000000003,0.6104599999999891,0.2589499999999987,0.49445499999999853,0.5001330000000017,1.1259786000000007,0.5138869999999969,0.7075800000000001,0.1606999999999985,0.2863089999999957
679,0.0635930000000009,0.1447130000000012,0.1803075999999999,0.09095100000000045,0.1768213000000003,0.1131880999999999,0.15707199999999943,0.1881529999999998,0.6488990000000001,0.44970999999998185,0.17870999999999526,0.30788300000000035,0.25182200000000066,0.6649436000000009,0.3907390000000106,0.47844700000000273,0.11386300000000205,0.23648099999999772
680,0.09281500000000165,0.21946400000000033,0.25615149999999964,0.12667500000000054,0.25083130000000153,0.15078190000000014,0.2322880000000005,0.26875000000000426,0.9195789999999988,0.6208799999999997,0.2523000000000053,0.4275120000000001,0.4370320000000021,0.9617120000000003,0.42340099999999836,0.6281089999999985,0.15058400000000205,0.3192370000000011
681,0.09456199999999981,0.22362500000000018,0.2602226999999999,0.13304399999999994,0.2653243000000014,0.1565048,0.23893800000000098,0.2653310000000033,0.9066240000000008,0.6124099999999828,0.2602799999999945,0.42677699999999774,0.3981059999999985,1.0236351,0.49431199999999365,0.659914999999998,0.15651199999999932,0.30238699999999596
682,0.11939399999999978,0.2733369999999997,0.3112743999999994,0.15887700000000038,0.31686430000000065,0.17941649999999987,0.27834100000000106,0.30468799999999874,1.037786999999998,0.691379999999981,0.2817100000000039,0.4845480000000002,0.4548099999999984,1.1401079999999997,0.5917319999999933,0.7734999999999985,0.18367700000000298,0.33281799999999606
683,0.13743200000000044,0.32862599999999986,0.3682793999999996,0.18786399999999936,0.37736330000000073,0.2067076000000001,0.3349580000000003,0.3967000000000027,1.228593,0.8076899999999796,0.32237999999999545,0.5450869999999988,0.5294670000000004,1.2923996999999998,0.6887329999999992,0.8844299999999983,0.18529999999999802,0.3922600000000003
684,0.08577700000000021,0.21339799999999975,0.24820809999999938,0.12423899999999932,0.250713300000001,0.1469263999999999,0.2360919999999993,0.2516820000000024,0.8761909999999986,0.5930899999999895,0.23412000000000432,0.4091950000000004,0.2821719999999992,0.8712363999999999,0.46412999999999727,0.6128539999999987,0.14883199999999874,0.31270399999999654
685,0.10578100000000035,0.24420300000000061,0.2815916999999999,0.14449499999999915,0.2894413,0.16748010000000013,0.26349799999999846,0.299902000000003,1.0034759999999991,0.6737499999999841,0.28454999999999586,0.458359999999999,0.47550700000000035,1.1003848999999999,0.524981000000011,0.7018100000000018,0.16409000000000162,0.3348370000000003
686,0.07284800000000047,0.16274300000000075,0.22733329999999974,0.10764999999999958,0.2116213000000009,0.13131959999999987,0.1992629999999984,0.23266900000000135,0.808682000000001,0.5635699999999986,0.21079000000000292,0.37072099999999963,0.3280739999999973,0.7805951000000002,0.3751609999999914,0.5494140000000023,0.13366599999999806,0.28920199999999596
687,0.10192699999999988,0.2474760000000007,0.2791813999999997,0.13907899999999884,0.28197530000000093,0.16048289999999987,0.25985199999999864,0.25710400000000533,0.8728189999999998,0.6022700000000043,0.27608000000000743,0.42049300000000045,0.4278960000000005,0.9963120999999999,0.5883400000000023,0.6761119999999998,0.16037500000000193,0.28538199999999847
688,0.133305,0.33273300000000106,0.3597508999999999,0.18209300000000006,0.3704122999999999,0.19963299999999995,0.3664519999999989,0.3126760000000033,1.1068169999999995,0.8161699999999996,0.3938500000000005,0.5935589999999991,0.7389989999999997,1.2584884,0.865895000000009,0.840206000000002,0.1682869999999994,0.3102650000000011
689,0.08026800000000023,0.21851600000000104,0.26317769999999996,0.12121400000000015,0.23121430000000132,0.1454561000000001,0.19552600000000098,0.253066000000004,0.8612420000000007,0.5722499999999968,0.20826999999999884,0.4065809999999992,0.4378359999999972,0.9191439999999993,0.45055199999998763,0.6262259999999991,0.14826800000000162,0.28224199999999655
690,0.08918099999999995,0.23867500000000064,0.25805079999999947,0.12780399999999936,0.25673730000000106,0.1473787999999998,0.2324149999999996,0.22380800000000534,0.766407000000001,0.5327299999999866,0.24276000000000408,0.3994099999999996,0.39679399999999987,0.8752410999999993,0.5351170000000138,0.6456009999999992,0.14663999999999788,0.24306899999999843
691,0.0775160000000028,0.20389000000000124,0.22749489999999994,0.1127369999999992,0.228651300000001,0.13521289999999997,0.20871100000000098,0.2140020000000007,0.7501420000000003,0.506229999999988,0.22141000000000588,0.3763109999999976,0.29368200000000044,0.8226665000000004,0.4436859999999996,0.5472070000000002,0.14174299999999818,0.2615130000000008
692,-9.9999e+98,0.08799199999999985,0.13442639999999972,0.06839800000000018,0.10149730000000012,0.07537320000000003,0.0998209999999986,0.11232800000000509,0.465561000000001,0.3438500000000033,0.14294999999999902,0.23646499999999904,0.2090910000000008,0.5010297000000001,0.2181240000000031,0.24692699999999945,0.00038800000000094315,0.17843399999999576
693,0.09211499999999972,0.264443,0.27051979999999975,0.13729499999999994,0.26968230000000126,0.15486889999999987,0.2584179999999989,0.21636000000000166,0.8211119999999994,0.5213299999999776,0.25396999999999537,0.4732209999999988,0.5396480000000032,0.8787157000000008,0.6250369999999918,0.7149389999999975,0.15740999999999872,0.1982009999999974
694,0.10559399999999997,0.26856800000000014,0.29297039999999974,0.1480699999999988,0.29461030000000044,0.16689549999999986,0.2617510000000003,0.2550190000000043,0.9014699999999998,0.6165599999999927,0.27917999999999665,0.4811230000000002,0.47071200000000246,1.0284635999999994,0.6062890000000039,0.7492799999999988,0.17229900000000242,0.27879999999999683
695,0.13285199999999975,0.32893100000000075,0.3606163999999996,0.18267200000000017,0.3710103,0.20240290000000005,0.34693299999999994,0.3349450000000047,1.1395090000000003,0.79425999999998,0.3702600000000018,0.5541300000000007,0.6131019999999978,1.2787596000000008,0.7812600000000032,0.8581229999999991,0.18046600000000268,0.35201800000000105
696,0.08570100000000025,0.21240599999999965,0.23695869999999974,0.11926599999999965,0.24068530000000088,0.1426432000000002,0.22007199999999827,0.23527100000000445,0.793651999999998,0.5380199999999888,0.24190000000000111,0.37830100000000044,0.3407890000000009,0.9096022999999995,0.479290000000006,0.5791319999999978,0.15074100000000357,0.26565000000000083
697,0.0817610000000002,0.18857900000000072,0.24616409999999966,0.11867799999999917,0.23493930000000063,0.14251270000000016,0.2112809999999996,0.24600300000000175,0.8102909999999994,0.5526499999999999,0.23838999999999544,0.39696099999999745,0.3815690000000025,0.9497157999999999,0.44674499999999284,0.5965309999999988,0.14738499999999988,0.2695539999999994
698,0.06597299999999962,0.15033999999999992,0.19705269999999953,0.09620899999999999,0.1903933000000002,0.11860509999999991,0.182068000000001,0.2115350000000049,0.726617000000001,0.5150199999999927,0.19498000000000104,0.3476019999999984,0.27602300000000213,0.6791415000000001,0.3208629999999886,0.48131899999999916,0.11893100000000345,0.26687499999999886
699,0.10167500000000018,0.25453300000000034,0.27966779999999947,0.14308499999999924,0.2816523000000011,0.16388559999999996,0.2335320000000003,0.2581699999999998,0.8976649999999999,0.5845899999999915,0.2397799999999961,0.4487029999999983,0.42755299999999963,1.0200699999999996,0.5390769999999918,0.7209700000000012,0.16629100000000108,0.28856299999999635
700,0.08976900000000043,0.19254500000000085,0.25059209999999954,0.12524599999999886,0.2505753000000013,0.1485772999999999,0.2362259999999985,0.26353000000000293,0.8982719999999986,0.6057600000000036,0.2511400000000066,0.4237839999999977,0.4081009999999985,0.9430405000000004,0.4093510000000009,0.6232489999999977,0.15033400000000086,0.31134999999999735
701,0.09209300000000198,0.22240900000000074,0.26230819999999966,0.130903,0.25689130000000127,0.1534285999999998,0.2248689999999982,0.25867200000000423,0.8565380000000005,0.5829399999999794,0.255589999999998,0.4458309999999983,0.41088099999999983,0.9868964,0.5023040000000094,0.6689959999999999,0.1504850000000033,0.27289899999999534
702,0.10784900000000164,0.24425100000000022,0.2997518999999995,0.14536900000000053,0.28371030000000097,0.16753969999999985,0.24383200000000116,0.28179599999999994,0.9439430000000009,0.6465900000000033,0.29219000000000506,0.5311319999999995,0.5496860000000012,1.1614285000000004,0.5805119999999988,0.7394759999999998,0.16677299999999917,0.2879919999999956
703,0.06227300000000113,0.13111800000000073,0.21959030000000013,0.093947,0.17657130000000087,0.11654719999999985,0.16485600000000034,0.21685099999999835,0.7321519999999992,0.522609999999986,0.20610999999999535,0.35385699999999787,0.3534669999999984,0.7735130000000003,0.3292080000000084,0.48242099999999866,0.1141760000000005,0.2630929999999978
704,0.07170699999999997,0.1785969999999999,0.21397909999999953,0.10582299999999911,0.21468630000000033,0.12840059999999998,0.2037559999999985,0.21929099999999835,0.7458290000000005,0.5016200000000026,0.20556999999999448,0.3632950000000008,0.25900500000000193,0.7440249000000003,0.38465300000000013,0.5151840000000014,0.1317769999999996,0.2645470000000003
705,0.09545800000000071,0.24202600000000096,0.26679169999999974,0.1373899999999999,0.2690103000000015,0.15873369999999998,0.22217299999999796,0.25656800000000146,0.8624310000000008,0.561790000000002,0.23546000000000333,0.44700500000000076,0.41935399999999845,1.0073222,0.5200490000000002,0.7036750000000005,0.16015399999999858,0.2799449999999979
706,0.08315200000000189,0.19194900000000104,0.2676381000000001,0.11988799999999955,0.23384129999999992,0.14397349999999998,0.209147999999999,0.24908200000000136,0.8114659999999994,0.5650299999999788,0.2591199999999958,0.44789600000000007,0.4601360000000021,1.0254189,0.48618600000000356,0.6192869999999999,0.14561600000000396,0.2600830000000016
707,0.05854200000000276,0.1314890000000002,0.19780589999999965,0.09044399999999975,0.17151730000000143,0.11305699999999996,0.15651499999999885,0.2015129999999985,0.6880740000000003,0.4849700000000041,0.19173000000000684,0.3172929999999994,0.3006719999999987,0.6965535999999997,0.34260000000000446,0.4651689999999995,0.1116400000000013,0.2476559999999992
708,0.12275400000000047,0.3104779999999998,0.3364899000000001,0.16644099999999895,0.33868030000000005,0.1844610000000002,0.303052000000001,0.2976340000000022,1.0276019999999981,0.673720000000003,0.2696300000000065,0.47375299999999854,0.42241200000000134,1.0270656000000002,0.6497119999999938,0.7640230000000017,0.18393300000000323,0.3429829999999967
709,0.08588200000000157,0.20617400000000075,0.23645769999999988,0.12038899999999941,0.23823930000000004,0.14385920000000008,0.21311000000000035,0.24596000000000373,0.8485869999999984,0.5742400000000032,0.21922000000000708,0.3849899999999984,0.3318450000000013,0.8687464,0.4429800000000057,0.6000769999999989,0.14424000000000348,0.289794999999998
710,0.08007300000000228,0.20372900000000094,0.22983069999999994,0.11531300000000044,0.23071330000000145,0.13827560000000005,0.20974000000000004,0.2329470000000029,0.8078669999999981,0.5492999999999881,0.2138000000000062,0.38034999999999997,0.2655920000000016,0.8159307,0.44238599999999906,0.5671419999999969,0.14265400000000028,0.2838039999999964
711,0.11275800000000302,0.317399,0.32995470000000005,0.1628589999999992,0.33265030000000095,0.17727260000000022,0.3335089999999994,0.24516500000000008,0.9410850000000011,0.6801700000000039,0.3176899999999989,0.48297900000000027,0.5304280000000006,1.0054357000000005,0.7013549999999924,0.7600909999999992,0.16411899999999946,0.25350699999999904
712,0.09015700000000137,0.23392400000000002,0.27480800000000016,0.13062299999999993,0.2545553000000016,0.15512749999999986,0.23570099999999883,0.2974280000000036,0.9869020000000006,0.6810899999999833,0.2559800000000081,0.45279999999999987,0.5164389999999983,0.9373845999999997,0.4266900000000078,0.6635950000000008,0.15415699999999788,0.33533800000000014
713,0.09911699999999968,0.24065500000000029,0.2704122,0.1352569999999993,0.27392329999999987,0.1571701000000001,0.2510130000000004,0.2545290000000051,0.8602740000000004,0.5886099999999885,0.2704400000000078,0.44001300000000043,0.40020200000000017,0.9841791000000004,0.5733189999999979,0.6714990000000007,0.16085199999999844,0.2871929999999949
714,0.12407400000000024,0.29163100000000064,0.3144486999999998,0.15963700000000003,0.32306530000000144,0.18133959999999982,0.2979149999999997,0.31092900000000157,1.040424999999999,0.7089799999999968,0.3143799999999999,0.4909940000000006,0.4726210000000002,1.1829722,0.6638799999999918,0.7731439999999985,0.18008199999999874,0.33751399999999876
715,0.12061200000000127,0.2656590000000012,0.3053485999999994,0.15466900000000017,0.31331430000000005,0.17618240000000007,0.2894140000000007,0.2966910000000027,0.9831900000000005,0.6827999999999861,0.31710999999999956,0.489884,0.507005000000003,1.1593144999999998,0.657441999999989,0.7521019999999972,0.17385699999999815,0.3127050000000011
716,0.10729200000000105,0.2380620000000011,0.2731268,0.14070300000000024,0.2806463000000008,0.16370810000000002,0.25444900000000104,0.273493000000002,0.9252389999999977,0.6385199999999998,0.29240000000000066,0.4767249999999983,0.45723600000000175,1.1089826,0.5888379999999955,0.709659000000002,0.16438300000000083,0.30003599999999864
717,0.08932400000000129,0.20535800000000037,0.24897480000000005,0.12600899999999982,0.25258930000000035,0.149019,0.23948199999999886,0.26295100000000105,0.9074469999999977,0.6148499999999899,0.24984000000000606,0.44267400000000023,0.3600619999999992,0.9094692000000002,0.4243629999999996,0.6263939999999977,0.1492900000000006,0.3189819999999983
718,0.12372099999999975,0.2797610000000006,0.31429999999999936,0.15819899999999976,0.32223630000000014,0.17975850000000015,0.2975360000000009,0.31441600000000136,1.0381779999999985,0.695999999999998,0.3140099999999961,0.49895899999999926,0.4285420000000002,1.1393360000000001,0.6456579999999974,0.7564059999999984,0.1773150000000001,0.3461500000000015
719,0.09534299999999973,0.222646000000001,0.2540319999999996,0.12827399999999933,0.2582703000000013,0.15144689999999983,0.235004,0.25163200000000074,0.8529090000000004,0.5775500000000022,0.2566500000000076,0.4035109999999982,0.3578089999999996,0.9635904999999996,0.5074079999999981,0.6322699999999983,0.15530499999999847,0.2861159999999998
720,0.11796900000000221,0.2847090000000012,0.3044728999999995,0.15644999999999953,0.31333829999999985,0.17853370000000002,0.29051399999999816,0.33329200000000014,1.1228479999999976,0.753169999999983,0.29968999999999824,0.4897999999999989,0.5114690000000017,1.1441033999999997,0.5132969999999943,0.757204999999999,0.1714940000000027,0.3807699999999983
721,0.117483,0.2877280000000013,0.30821189999999987,0.1584070000000004,0.3176843000000016,0.18075969999999986,0.29219699999999804,0.33398800000000506,1.1153340000000007,0.7458499999999901,0.3064600000000013,0.49880899999999784,0.5152950000000018,1.1771875000000005,0.5520880000000119,0.7655349999999999,0.17723099999999903,0.3730669999999989
722,0.11969900000000067,0.2632070000000013,0.3008158999999999,0.15200499999999906,0.309610300000001,0.17423110000000008,0.2906739999999992,0.2975670000000008,1.0055259999999997,0.674129999999991,0.30584000000000344,0.48214499999999916,0.43504000000000076,1.1202329999999998,0.6135659999999916,0.731113999999998,0.1690940000000012,0.3277050000000017
723,0.13645200000000202,0.3360010000000013,0.3662976999999996,0.18776499999999885,0.3745612999999999,0.2059605000000002,0.31203199999999853,0.34061600000000425,1.1508029999999998,0.7268399999999815,0.2927999999999997,0.5355989999999977,0.590517000000002,1.2645473000000003,0.7340419999999881,0.8702909999999981,0.17919200000000046,0.3490859999999998
724,0.09332600000000113,0.23743600000000065,0.2713595,0.1332810000000002,0.2623313000000014,0.1575356000000001,0.24136499999999828,0.29327299999999923,0.9701090000000008,0.6562600000000032,0.2640400000000085,0.44846899999999934,0.4686090000000007,0.9984087000000006,0.4572210000000041,0.6708960000000026,0.15842100000000414,0.3334469999999996
725,0.0703080000000007,0.1583110000000012,0.19725759999999948,0.09884699999999924,0.19392030000000027,0.12215679999999995,0.1741829999999993,0.2122010000000003,0.7056900000000006,0.48198999999999614,0.18843999999999994,0.3274259999999991,0.28265900000000244,0.7462697,0.3850970000000018,0.4985650000000028,0.12271900000000358,0.2521769999999961
726,0.07006200000000007,0.1551159999999996,0.19013409999999986,0.09683199999999914,0.18951330000000155,0.11975479999999994,0.169357999999999,0.20441000000000287,0.6924939999999999,0.4767699999999877,0.17767999999999518,0.3093599999999981,0.26112099999999927,0.710693,0.3889989999999983,0.4947119999999998,0.12042000000000286,0.2502989999999983
727,0.10294000000000025,0.24737400000000065,0.2771132999999999,0.13907399999999903,0.2810113000000012,0.16067609999999988,0.2564360000000008,0.26228900000000266,0.874884999999999,0.6018399999999815,0.28204999999999814,0.4632089999999991,0.42913700000000077,1.0147490000000001,0.5956489999999945,0.6971279999999993,0.16423000000000343,0.29302599999999757
728,0.1172070000000005,0.2909810000000004,0.3178410999999999,0.16063699999999947,0.3207153000000016,0.17951929999999994,0.266451,0.27597899999999953,0.9808979999999998,0.6259999999999764,0.24984000000000606,0.48759899999999945,0.46342599999999834,1.0529507000000002,0.6275359999999921,0.7715169999999993,0.17477300000000184,0.31302000000000163
729,0.134011000000001,0.3259950000000007,0.36228699999999936,0.18307300000000026,0.36975729999999984,0.20217289999999988,0.33781000000000105,0.36358600000000507,1.1785770000000007,0.7933799999999849,0.3334700000000055,0.5317000000000007,0.5013170000000002,1.2535508000000002,0.721628999999993,0.8648340000000019,0.1859620000000035,0.3804850000000002
730,0.1263690000000004,0.2919490000000007,0.32876579999999933,0.16638799999999954,0.3351533,0.1866481000000002,0.30051899999999776,0.33682600000000207,1.0999809999999997,0.7310599999999852,0.29572000000000287,0.48898399999999853,0.4177350000000004,1.1492775000000002,0.609683000000004,0.7933939999999993,0.1837850000000003,0.3690700000000007
731,0.10741900000000015,0.24957700000000038,0.2853430999999995,0.14630200000000038,0.2914893000000003,0.16796420000000012,0.26211199999999835,0.28150700000000484,0.9521440000000005,0.6564799999999877,0.29466000000000747,0.4883330000000008,0.47465700000000055,1.1191388,0.5967950000000002,0.7368510000000015,0.1684759999999983,0.30091999999999786
732,0.07634499999999989,0.1695960000000003,0.2369406999999999,0.10849699999999984,0.20954430000000102,0.13204640000000012,0.1830449999999999,0.2324690000000018,0.7533299999999983,0.5097399999999936,0.20502000000000464,0.3725670000000001,0.3603360000000002,0.8679737999999997,0.4227810000000005,0.5587269999999975,0.13023700000000105,0.25398299999999807
733,0.0823040000000006,0.19687900000000091,0.23803969999999985,0.12106700000000004,0.23949730000000002,0.14473899999999995,0.21833699999999823,0.2550420000000031,0.8767180000000003,0.5983599999999853,0.2212899999999962,0.3895939999999989,0.34423599999999865,0.8598334000000003,0.432036999999994,0.6008080000000007,0.14354000000000156,0.3065519999999964
734,0.1256750000000011,0.3026750000000007,0.3284856999999999,0.16710899999999995,0.3377553000000013,0.18829669999999998,0.3122429999999987,0.3215840000000014,1.0728289999999987,0.7416899999999771,0.3362599999999958,0.522988999999999,0.5426409999999997,1.2273589999999999,0.6998279999999966,0.7994009999999996,0.19157299999999822,0.3388119999999972
735,0.10202200000000161,0.23783700000000074,0.2725602999999994,0.13914199999999965,0.2784533000000007,0.16201869999999996,0.25148499999999885,0.2706530000000029,0.9209089999999982,0.6263299999999958,0.27430999999999983,0.44424300000000017,0.4025730000000003,1.0488942000000003,0.5539120000000111,0.6931919999999998,0.1673329999999993,0.30769199999999586
736,0.01100100000000026,0.12496800000000086,0.16075250000000008,0.07730199999999954,0.15522330000000117,0.0977169,0.14807599999999965,0.1314530000000005,0.562187999999999,0.3901499999999771,0.14826999999999657,0.2635930000000002,0.17524900000000088,0.5356386999999998,0.31170000000000186,0.37397299999999944,0.09260600000000352,0.21488899999999944
737,0.08681900000000198,0.22201300000000046,0.2606792999999996,0.12348599999999976,0.2404933000000007,0.14800060000000004,0.22132299999999816,0.2738429999999994,0.9246370000000006,0.6343799999999931,0.23958000000000368,0.41904599999999803,0.4748720000000013,0.8981303999999994,0.41113,0.6215189999999993,0.14497700000000435,0.3167709999999957
738,0.11687400000000281,0.2659880000000001,0.30466570000000015,0.15622999999999898,0.3115503000000004,0.17758070000000004,0.27556200000000075,0.3139970000000005,1.042002,0.6943799999999953,0.2860299999999967,0.49085299999999776,0.4636080000000007,1.1479040999999999,0.5751769999999965,0.7602259999999994,0.17581400000000258,0.3454669999999993
739,0.11687400000000281,0.2659880000000001,0.30466570000000015,0.15622999999999898,0.3115503000000004,0.17758070000000004,0.27556200000000075,0.3139970000000005,1.042002,0.6943799999999953,0.2860299999999967,0.49085299999999776,0.4636080000000007,1.1479040999999999,0.5751769999999965,0.7602259999999994,0.17581400000000258,0.3454669999999993
740,0.09798200000000179,0.230143,0.2720642,0.13805900000000015,0.2768303000000003,0.16062589999999988,0.2618039999999979,0.2898580000000024,1.0028170000000003,0.6820999999999913,0.25861000000000445,0.4341019999999993,0.35931500000000227,0.9579760999999998,0.46660500000000127,0.6768579999999993,0.16772999999999882,0.3538730000000001
741,0.07530000000000214,0.16535800000000123,0.21473159999999947,0.10462799999999994,0.20641530000000152,0.12840739999999995,0.18713299999999933,0.2210230000000024,0.7414379999999987,0.5030599999999765,0.21047000000000082,0.3552369999999989,0.3078089999999989,0.8067099999999998,0.3933719999999994,0.5275429999999979,0.12954500000000024,0.25993599999999617
742,0.11953000000000102,0.3027949999999997,0.3228434999999994,0.16201299999999996,0.3241983000000008,0.17983079999999996,0.2689640000000004,0.25937700000000063,0.9518920000000008,0.6004399999999919,0.23850000000000193,0.47701100000000096,0.47497900000000115,0.9963334999999995,0.6514939999999996,0.7518570000000011,0.18168599999999913,0.30172199999999805
743,0.1067600000000013,0.25194700000000125,0.2839596999999996,0.1452600000000004,0.28856130000000135,0.16677320000000018,0.25094899999999853,0.2800330000000031,0.9570340000000002,0.6339399999999955,0.25677000000000305,0.45802600000000027,0.40741900000000086,1.0744614000000006,0.5333289999999948,0.7190169999999974,0.17427299999999946,0.31014899999999557
744,0.08427700000000016,0.21267500000000084,0.24222319999999975,0.11999699999999969,0.2420573000000008,0.1424546000000002,0.2285250000000012,0.24257800000000174,0.865988999999999,0.6056199999999876,0.2333500000000015,0.37783100000000047,0.24898800000000065,0.7845709999999997,0.4527010000000047,0.5837050000000019,0.1417460000000048,0.3187209999999965
745,0.1032820000000001,0.23389200000000088,0.2938413999999998,0.14393300000000053,0.2866762999999999,0.16706030000000016,0.2657109999999996,0.3116540000000043,1.0342610000000008,0.6938899999999819,0.28820000000000334,0.4771989999999988,0.5240970000000011,1.0954420999999996,0.47536699999999144,0.7059120000000014,0.16595800000000338,0.3478989999999982
746,0.08288399999999996,0.19731699999999996,0.2320511999999999,0.11690499999999915,0.23484830000000123,0.13991109999999995,0.21429200000000037,0.23410499999999956,0.8002569999999984,0.5414700000000039,0.23147000000000162,0.39893499999999804,0.3040729999999989,0.8553753000000004,0.4544439999999952,0.5873230000000014,0.14768800000000226,0.28115100000000126
747,0.05694599999999994,0.13840700000000083,0.17776639999999944,0.08779000000000003,0.17379230000000057,0.10962009999999989,0.1658059999999999,0.18653900000000334,0.6644100000000002,0.4754999999999825,0.1868300000000005,0.3064789999999995,0.2299919999999993,0.5973382000000003,0.33609900000000437,0.43663399999999797,0.1092349999999982,0.251297000000001
748,0.07439200000000312,0.17280300000000004,0.22520469999999992,0.10922000000000054,0.21684630000000027,0.1327060000000002,0.20491300000000123,0.23412799999999834,0.8137749999999997,0.5667899999999975,0.2135499999999979,0.38039500000000004,0.29266400000000203,0.7622401000000005,0.3940630000000027,0.5509609999999974,0.13633899999999954,0.29552799999999735
749,0.09332799999999963,0.24054100000000034,0.2644624999999996,0.13301500000000033,0.26484530000000106,0.15233380000000007,0.2460199999999979,0.23407500000000425,0.810690000000001,0.5663600000000031,0.2653800000000075,0.4638089999999977,0.46255299999999977,0.9620788999999998,0.5599870000000067,0.7042910000000013,0.1548220000000029,0.24767299999999892
750,0.09687200000000118,0.24227100000000057,0.27563039999999983,0.13655499999999954,0.27644030000000086,0.15763460000000018,0.252558999999998,0.2647150000000025,0.932110999999999,0.6285199999999804,0.23856000000000677,0.4086289999999977,0.29171499999999995,0.8895084999999998,0.49222599999998806,0.6515580000000014,0.1567760000000007,0.32995299999999617
751,0.07021000000000299,0.1542570000000012,0.21314089999999997,0.10109499999999905,0.19722630000000052,0.12478610000000012,0.18518399999999957,0.2256190000000018,0.7750409999999981,0.5524099999999805,0.22069000000000472,0.35459399999999874,0.290934,0.7338054000000005,0.38493300000000374,0.5214789999999994,0.1266430000000014,0.28341100000000097
752,0.09863300000000308,0.22959400000000052,0.26599479999999964,0.134544,0.2717003000000009,0.15771820000000014,0.24849199999999882,0.2707680000000039,0.9087429999999976,0.6108499999999992,0.26890000000000214,0.4171839999999989,0.37596399999999974,0.9935638999999998,0.5146799999999985,0.6565839999999987,0.1614539999999991,0.30391999999999797
753,-9.9999e+98,0.10488199999999992,0.14219379999999937,0.06660600000000017,0.12305330000000048,0.08538770000000007,0.1191609999999983,0.12565800000000138,0.5200560000000003,0.37825999999998317,0.15372999999999593,0.2580290000000005,0.20736399999999833,0.5520967000000008,0.2530539999999917,0.29899199999999837,0.0505240000000029,0.19722600000000057
754,0.092646000000002,0.2236609999999999,0.25066139999999937,0.12783100000000047,0.25296130000000083,0.15008670000000013,0.221661000000001,0.245155000000004,0.8250829999999993,0.5590699999999913,0.2420800000000014,0.4186809999999994,0.37953100000000006,0.9687733999999999,0.4971049999999906,0.6596340000000005,0.14871300000000076,0.27170699999999925
755,0.09858100000000292,0.258439000000001,0.27909570000000006,0.13931000000000004,0.2766953000000001,0.1584013999999998,0.2393289999999979,0.23641700000000299,0.839300999999999,0.5613400000000013,0.24115000000000464,0.4252769999999977,0.410698,0.9167902000000003,0.5487849999999952,0.6981189999999984,0.15924400000000105,0.2681490000000011
756,0.11196600000000245,0.272749000000001,0.30513160000000017,0.1516269999999995,0.3106743000000005,0.17248969999999986,0.2889999999999979,0.28978500000000196,1.0043860000000002,0.6669299999999794,0.285499999999999,0.4664709999999985,0.36839399999999856,1.0271683999999999,0.5914680000000061,0.7056320000000014,0.17130500000000382,0.3443619999999967
757,0.09003600000000134,0.22579600000000077,0.2548319999999995,0.1275859999999991,0.2523453,0.15176919999999994,0.230046999999999,0.27086600000000516,0.9139839999999992,0.6172599999999875,0.25278000000000134,0.42281499999999994,0.413293000000003,0.9710760999999994,0.4530910000000006,0.6381790000000009,0.15162700000000484,0.3140319999999974
758,-9.9999e+98,0.09855899999999984,0.15804809999999936,0.07098899999999908,0.13493530000000042,0.09053420000000001,0.13007100000000094,0.1368310000000008,0.5443320000000007,0.3881399999999928,0.14925999999999817,0.28838099999999756,0.2481749999999998,0.5812765000000004,0.24746100000000126,0.316514999999999,0.05181500000000483,0.20184799999999825
759,0.08533400000000313,0.204009000000001,0.23960839999999983,0.12120499999999979,0.24023230000000062,0.14492910000000014,0.21778499999999923,0.2518670000000043,0.8686930000000004,0.5907899999999984,0.2292099999999948,0.3902940000000008,0.3461970000000001,0.8772039999999999,0.4360769999999974,0.6053069999999998,0.14374600000000015,0.30098100000000017
760,-9.9999e+98,0.10824500000000015,0.15987289999999987,0.06974899999999984,0.12332830000000072,0.08861920000000012,0.1170429999999989,0.13568700000000433,0.5576889999999999,0.42178999999998723,0.17954000000000292,0.2828109999999988,0.25348200000000176,0.5972537999999998,0.2546080000000046,0.3400299999999987,0.05206400000000144,0.21361299999999517
761,0.040999000000002894,0.13576100000000046,0.16882239999999982,0.08255400000000002,0.16389330000000157,0.10377919999999996,0.15437100000000115,0.16040100000000024,0.6127660000000006,0.43726999999998384,0.17552999999999486,0.27766599999999997,0.19609200000000016,0.5490834000000007,0.3469220000000064,0.417625000000001,0.10039900000000301,0.2336609999999979
762,0.10414900000000316,0.2568760000000001,0.2800345999999996,0.1416889999999995,0.2834973000000005,0.16165470000000015,0.25778199999999885,0.24737900000000224,0.8586969999999994,0.6002799999999979,0.28566000000000713,0.4849589999999999,0.49345399999999984,1.0472008000000006,0.6177220000000005,0.7314569999999989,0.1679980000000043,0.2635980000000018
763,0.08492600000000294,0.1936049999999998,0.23293289999999978,0.11814099999999961,0.2358872999999999,0.14160810000000001,0.21551200000000037,0.2430659999999989,0.8268459999999997,0.5592499999999916,0.23167000000000826,0.40665699999999916,0.3021029999999989,0.8742258000000005,0.44960600000000284,0.5904650000000018,0.1478040000000007,0.28770000000000095
764,-9.9999e+98,0.09911400000000015,0.1691368999999998,0.07814799999999877,0.14057930000000063,0.09752600000000022,0.12861299999999787,0.16765399999999886,0.5846719999999976,0.40586999999999307,0.1548700000000025,0.2929269999999988,0.3273949999999992,0.6586191000000001,0.2896599999999978,0.3632200000000019,0.05689800000000389,0.2071729999999974
765,0.0733920000000019,0.1511420000000001,0.2118606999999999,0.09807699999999997,0.1895503000000005,0.12162050000000013,0.1763559999999984,0.22002400000000222,0.7571720000000006,0.5400499999999795,0.21710000000000207,0.3458869999999976,0.3066619999999993,0.7312352000000004,0.36279399999999384,0.5037489999999991,0.11954000000000065,0.27501099999999923
766,0.10279200000000088,0.24956599999999973,0.2861180999999995,0.14370199999999933,0.2905533000000009,0.16528149999999986,0.27273699999999934,0.29592200000000446,1.0156460000000003,0.6834899999999777,0.26744999999999663,0.44968199999999925,0.32562900000000283,0.9928198999999998,0.5075369999999992,0.6961580000000005,0.17091400000000334,0.35797099999999915
767,0.10338800000000248,0.24291700000000027,0.28921680000000016,0.14350499999999933,0.2847983000000003,0.1626498999999999,0.2799820000000004,0.2553669999999997,0.9373649999999998,0.6759999999999877,0.3345199999999977,0.5950489999999995,0.6504759999999976,1.1792086,0.6631859999999961,0.7917370000000012,0.16970799999999997,0.26190299999999667
768,0.10047500000000298,0.2530359999999998,0.2787191999999994,0.14051300000000033,0.2792413000000007,0.1605873,0.24509499999999917,0.24862300000000204,0.8615609999999982,0.5881399999999815,0.26515000000000555,0.4513779999999983,0.4435530000000014,0.9806055000000002,0.5732090000000056,0.709225,0.16323600000000482,0.2726460000000017
769,0.11044800000000166,0.2555960000000006,0.2986198999999994,0.14864799999999967,0.30348430000000093,0.16931299999999982,0.2894280000000009,0.29453399999999874,1.0305619999999998,0.6869199999999864,0.2749600000000072,0.46130999999999744,0.33008099999999985,1.0130715000000006,0.5132860000000079,0.704502999999999,0.16575800000000385,0.3595289999999949
770,0.10575100000000148,0.2471040000000002,0.2896738000000001,0.14693800000000046,0.2970373000000013,0.16886400000000013,0.27786199999999894,0.2985350000000011,1.0283139999999982,0.6854199999999935,0.2855200000000053,0.45964599999999933,0.42754099999999795,1.0618201000000003,0.5106800000000078,0.7128990000000002,0.1663250000000005,0.35031899999999894
771,0.07818800000000081,0.17771399999999993,0.21597750000000016,0.10916299999999879,0.21705030000000036,0.1324128,0.20490699999999862,0.22646500000000458,0.811672999999999,0.5750299999999982,0.22424999999999784,0.3723069999999993,0.2857669999999999,0.7444081000000002,0.4213660000000061,0.5472180000000009,0.13552299999999917,0.29895799999999895
772,0.07818800000000081,0.17771399999999993,0.21597750000000016,0.10916299999999879,0.21705030000000036,0.1324128,0.20490699999999862,0.22646500000000458,0.811672999999999,0.5750299999999982,0.22424999999999784,0.3723069999999993,0.2857669999999999,0.7444081000000002,0.4213660000000061,0.5472180000000009,0.13552299999999917,0.29895799999999895
773,0.09328200000000209,0.23386400000000052,0.2665367999999999,0.13409099999999974,0.26857730000000046,0.1562180999999998,0.2415440000000011,0.27017899999999884,0.9272849999999977,0.6227199999999868,0.2345499999999987,0.4041309999999996,0.3163369999999972,0.9269468000000005,0.4709270000000032,0.6548970000000018,0.15604700000000093,0.32267399999999924
774,0.08058400000000177,0.1928289999999997,0.23432090000000017,0.11651999999999951,0.23629230000000057,0.1390712999999999,0.22452499999999986,0.23401700000000147,0.8167639999999992,0.5483799999999803,0.22804000000000713,0.3999769999999998,0.2983569999999993,0.8312689000000004,0.4110849999999999,0.5651399999999995,0.1409230000000008,0.2840829999999954
775,0.08721700000000254,0.21174099999999996,0.24395589999999956,0.12133500000000019,0.24554230000000032,0.14402090000000012,0.23276800000000009,0.24341400000000135,0.857488,0.5798199999999838,0.2276200000000017,0.3976019999999991,0.26697599999999966,0.8453187,0.44809399999999755,0.5912849999999992,0.1451940000000036,0.3041860000000014
776,0.12931200000000231,0.3129260000000009,0.34739629999999977,0.17615400000000037,0.3580743000000002,0.19727970000000017,0.3313610000000011,0.38142799999999966,1.1798409999999997,0.7846899999999835,0.33688000000000784,0.5472239999999999,0.5274640000000019,1.2574293999999995,0.6796739999999915,0.8303469999999997,0.20381799999999828,0.38598799999999756
777,0.09013800000000316,0.21827799999999975,0.25316589999999994,0.12906499999999888,0.2573553000000004,0.1525867999999999,0.23256500000000102,0.2641759999999991,0.8996889999999986,0.6061699999999917,0.24760999999999456,0.4092190000000002,0.36535799999999696,0.9641210999999998,0.470483999999999,0.6316740000000003,0.1531620000000018,0.3076080000000019
778,0.09659700000000271,0.24418200000000034,0.2726500999999999,0.13536599999999943,0.27429730000000063,0.15666940000000018,0.24784999999999968,0.2570570000000032,0.8873229999999985,0.594239999999985,0.24824999999999875,0.4254390000000008,0.34686100000000053,0.9277414999999998,0.516674000000009,0.6418360000000014,0.15748400000000373,0.30630399999999725
779,0.09661200000000036,0.22653000000000034,0.2646543000000001,0.13491799999999898,0.27087730000000043,0.15849409999999997,0.24643100000000118,0.2728749999999991,0.9140569999999997,0.6172799999999938,0.2699000000000069,0.4303859999999986,0.41456099999999907,1.0268917999999996,0.523263,0.6578040000000023,0.16074600000000316,0.30310199999999554
780,0.07190300000000249,0.1662739999999996,0.1981497999999995,0.10014799999999902,0.1968513000000005,0.12225669999999988,0.17195699999999903,0.19842600000000488,0.6663469999999982,0.4497599999999977,0.17450999999999794,0.3457819999999998,0.28742799999999846,0.7342703999999998,0.4260799999999989,0.5229260000000018,0.12473899999999816,0.23351799999999656
781,0.08126900000000248,0.20540599999999998,0.2549903999999996,0.12485000000000035,0.24162530000000082,0.14713319999999985,0.2001829999999991,0.24075100000000305,0.808527999999999,0.5292900000000031,0.21581000000000472,0.41502200000000045,0.37854400000000155,0.9476241000000005,0.4856639999999999,0.6541440000000023,0.1452250000000035,0.26412399999999536
782,0.10961400000000054,0.24999099999999963,0.2948744999999997,0.15048700000000004,0.30401830000000096,0.17273199999999989,0.28386199999999917,0.31710999999999956,1.048532999999999,0.6979299999999853,0.29824000000000694,0.47881399999999985,0.47365999999999886,1.1025612999999996,0.5415410000000094,0.7307179999999995,0.16757199999999983,0.349575999999999
783,0.07137300000000124,0.1569060000000011,0.20032020000000017,0.09944799999999887,0.1920023000000004,0.12228249999999985,0.16788999999999987,0.21231300000000175,0.7103129999999993,0.4889599999999916,0.1868300000000005,0.3153119999999987,0.2757930000000002,0.7281997999999996,0.3987720000000081,0.5162759999999977,0.12312899999999871,0.24992400000000004
784,0.11678500000000014,0.2962310000000006,0.3216694999999996,0.1603639999999995,0.3246123000000001,0.17896540000000005,0.2821549999999995,0.2844049999999996,0.9939779999999985,0.6453400000000045,0.25145999999999447,0.4658540000000002,0.42779099999999914,1.0152443,0.6201070000000044,0.748819000000001,0.17217800000000238,0.33101299999999867
785,0.07080700000000206,0.17000600000000077,0.20993949999999995,0.10417699999999996,0.2075963000000005,0.1275583,0.19096599999999953,0.21611500000000206,0.7379560000000005,0.49992000000000303,0.21079000000000292,0.36718899999999977,0.2847609999999996,0.7848214000000002,0.39360600000000545,0.5168389999999974,0.12922900000000226,0.2623999999999995
786,0.07755200000000073,0.17984600000000128,0.25273259999999986,0.11229699999999987,0.21561330000000112,0.13645750000000012,0.19064699999999846,0.243973000000004,0.8025330000000004,0.5441699999999798,0.22424999999999784,0.40119999999999933,0.42929699999999826,0.9012912999999996,0.40873200000000054,0.5720129999999983,0.13697900000000374,0.27438800000000185
787,0.07755200000000073,0.17984600000000128,0.25273259999999986,0.11229699999999987,0.21561330000000112,0.13645750000000012,0.19064699999999846,0.243973000000004,0.8025330000000004,0.5441699999999798,0.22424999999999784,0.40119999999999933,0.42929699999999826,0.9012912999999996,0.40873200000000054,0.5720129999999983,0.13697900000000374,0.27438800000000185
788,0.12306900000000098,0.3088620000000013,0.33719449999999984,0.16715199999999975,0.3429303000000008,0.1868972000000002,0.32306099999999915,0.3059420000000017,1.0464120000000001,0.7009699999999839,0.312570000000008,0.5034069999999993,0.45202799999999854,1.1274438999999994,0.7128079999999954,0.773223999999999,0.18894000000000233,0.34647299999999603
789,0.12363700000000222,0.28528600000000104,0.31949499999999986,0.16164799999999957,0.325432300000001,0.18203630000000004,0.2964899999999986,0.3077380000000005,1.0368940000000002,0.7102299999999957,0.30907999999999447,0.4883829999999989,0.4756940000000007,1.1549281000000002,0.6582500000000095,0.7822150000000008,0.18040299999999831,0.3307889999999958
790,0.12836200000000275,0.3086460000000013,0.3413472999999998,0.17226199999999992,0.34974530000000037,0.19279370000000018,0.32453299999999885,0.33323400000000447,1.1023989999999984,0.7512999999999863,0.33110999999999535,0.5177799999999984,0.5082169999999984,1.2232959,0.7185620000000057,0.8157640000000015,0.19711600000000118,0.34853100000000126
791,0.10500400000000099,0.24561800000000034,0.30023299999999953,0.1446639999999988,0.2850563000000008,0.16803299999999988,0.25500900000000115,0.3016670000000019,0.9835199999999986,0.6721699999999942,0.294399999999996,0.5103259999999992,0.5711949999999995,1.1749025,0.5748719999999992,0.7214850000000013,0.16759300000000366,0.3132219999999961
792,0.12169100000000199,0.2870419999999996,0.30486529999999945,0.15595099999999995,0.3143193000000011,0.17856110000000003,0.288018000000001,0.3155280000000005,1.0465139999999984,0.707589999999982,0.31054000000000315,0.49328399999999917,0.5199309999999997,1.1856048000000001,0.6256410000000017,0.7487739999999974,0.1750019999999992,0.3397099999999966
793,0.05998000000000303,0.1378060000000012,0.18716449999999973,0.0902169999999991,0.17523530000000065,0.11284790000000022,0.16069500000000048,0.1971850000000046,0.6628280000000011,0.4580100000000016,0.17275000000000773,0.3083810000000007,0.2742190000000022,0.6870022999999996,0.3587479999999914,0.4597900000000017,0.11422900000000169,0.24088700000000074
794,0.07838399999999979,0.18755400000000044,0.23084330000000008,0.11323799999999906,0.22256830000000072,0.1364983999999998,0.1952859999999994,0.23242400000000174,0.7736349999999987,0.5209699999999771,0.20642000000000849,0.36763699999999844,0.3120119999999993,0.8475197999999997,0.4379030000000057,0.5778950000000016,0.13656199999999785,0.26227599999999995
795,0.06386200000000031,0.1401880000000002,0.18901059999999958,0.09172000000000047,0.1780103000000004,0.11443000000000003,0.1680679999999981,0.20650900000000405,0.7152740000000009,0.5185299999999984,0.2147900000000078,0.3240780000000001,0.2578569999999978,0.6693160000000002,0.34995600000000593,0.4665239999999997,0.11434600000000472,0.2657039999999995
796,0.07113999999999976,0.16478700000000046,0.20739739999999962,0.10328900000000019,0.20573830000000015,0.12680820000000015,0.1877059999999986,0.2207170000000005,0.724691,0.4899099999999805,0.20740999999999588,0.34443100000000015,0.29861700000000013,0.7885394999999997,0.3863549999999947,0.5124929999999992,0.13007800000000458,0.25380499999999984
797,0.10318000000000183,0.2733080000000001,0.2867202999999998,0.14650299999999916,0.28841930000000104,0.16409299999999982,0.27564100000000025,0.23550000000000182,0.8892009999999999,0.5762100000000032,0.28480000000000416,0.5274380000000001,0.5709100000000014,1.0199957,0.6778189999999995,0.7618860000000005,0.16080900000000042,0.21389500000000083
798,0.09251400000000132,0.22627600000000037,0.25653989999999993,0.1303889999999992,0.26047430000000027,0.15330010000000005,0.2356689999999979,0.2538060000000044,0.8592650000000006,0.5904199999999946,0.2585899999999981,0.42074699999999865,0.3914880000000025,0.9975901,0.5246990000000125,0.6523080000000014,0.15190700000000135,0.28096299999999985
799,0.0816010000000027,0.20515600000000056,0.23149700000000006,0.11634100000000025,0.23132930000000052,0.13709939999999987,0.20837799999999973,0.21869099999999975,0.721540000000001,0.506229999999988,0.23382999999999754,0.39685599999999965,0.3838469999999994,0.8804818999999995,0.4853400000000079,0.6095999999999968,0.13689399999999807,0.23328099999999807
800,0.12190700000000021,0.3105419999999999,0.33871740000000017,0.16885399999999962,0.3434293000000004,0.18788129999999992,0.31712200000000124,0.3065420000000003,1.0382159999999985,0.7081000000000017,0.31937999999999533,0.5078359999999975,0.4850139999999996,1.1444766,0.7185910000000035,0.7890000000000015,0.19199300000000363,0.33427700000000016
801,0.08945200000000142,0.2230950000000007,0.2696871999999999,0.12630000000000052,0.24756930000000033,0.1509516999999998,0.22160099999999971,0.2637819999999991,0.8837550000000007,0.5994000000000028,0.2612699999999961,0.4481280000000005,0.470362999999999,1.0465086000000001,0.4669939999999997,0.6374819999999985,0.15398300000000376,0.2932130000000015
802,0.014435000000002418,0.11920000000000108,0.15381160000000005,0.07696699999999979,0.1500963000000013,0.0978886000000001,0.1406269999999985,0.14333799999999997,0.5801259999999999,0.4136799999999994,0.16308000000000789,0.27871199999999874,0.21318899999999985,0.5543252000000001,0.326043999999996,0.3754390000000001,0.09426799999999957,0.21935099999999608
803,0.12039800000000156,0.26210999999999984,0.2995334999999999,0.1534040000000001,0.30601630000000135,0.17556910000000014,0.2767939999999989,0.3117870000000025,1.0215999999999994,0.700429999999983,0.31056999999999846,0.5122149999999976,0.5318749999999994,1.1956288000000006,0.6263210000000043,0.7539690000000014,0.1686419999999984,0.3249810000000011
804,0.09036700000000053,0.24471300000000085,0.26277170000000005,0.13268399999999936,0.2625163000000015,0.15318260000000006,0.21945900000000051,0.23960699999999946,0.8143069999999994,0.5315599999999847,0.22266000000000474,0.4363689999999991,0.394323,0.9127538000000008,0.5191579999999902,0.6718899999999977,0.15366699999999867,0.26956599999999753
805,0.11799200000000098,0.2854410000000005,0.31330489999999944,0.15690200000000054,0.31792830000000016,0.17691519999999983,0.29269899999999893,0.28985600000000034,0.981624,0.6742299999999943,0.3031000000000006,0.4644619999999975,0.4726539999999986,1.1030112,0.6589380000000062,0.750824999999999,0.17510500000000206,0.31602000000000174
806,0.07291800000000137,0.1808399999999999,0.2189167999999997,0.10888199999999948,0.21893030000000024,0.13149070000000007,0.20815999999999946,0.2220140000000015,0.7959250000000004,0.5555099999999982,0.20803000000000793,0.35795699999999897,0.25094100000000097,0.7391781999999996,0.40626100000000065,0.539362999999998,0.13937800000000067,0.28832599999999786
807,0.12261100000000269,0.2890680000000003,0.3159092000000001,0.1608319999999992,0.32205130000000004,0.1814743000000001,0.2881,0.31067200000000383,1.0420540000000003,0.7036599999999851,0.2990400000000051,0.4954250000000009,0.4632729999999974,1.1613438999999994,0.6314170000000132,0.7887940000000029,0.18052000000000135,0.3331900000000019
808,0.11555700000000257,0.28104500000000066,0.31409479999999945,0.15846499999999963,0.3189833000000011,0.17903130000000012,0.29499600000000115,0.33246400000000165,1.1134109999999993,0.7494299999999896,0.282669999999996,0.46549899999999766,0.419986999999999,1.0611296000000001,0.528884000000005,0.75854,0.17426900000000245,0.3846799999999959
809,0.11730500000000177,0.27230100000000057,0.30361109999999947,0.15606799999999943,0.30894330000000103,0.1757240000000002,0.274045000000001,0.28404700000000105,0.9760789999999986,0.6740299999999877,0.3109100000000069,0.5483790000000006,0.5506899999999995,1.1756296000000006,0.6573419999999999,0.7920049999999996,0.177381000000004,0.2954549999999969
810,0.09242800000000173,0.20595800000000075,0.2737752999999996,0.12487899999999996,0.24264930000000007,0.149003,0.2151759999999996,0.2586960000000005,0.840602999999998,0.5843399999999974,0.27021000000000583,0.47546799999999934,0.5001889999999989,1.0751347000000004,0.5090849999999989,0.6459969999999977,0.15058400000000205,0.2712319999999977
811,0.09253700000000009,0.21518100000000118,0.27578299999999967,0.13320899999999902,0.2618153000000003,0.1572266,0.23975099999999827,0.2916500000000042,0.9814779999999992,0.6682600000000036,0.2541300000000035,0.4405499999999982,0.4922879999999985,0.9555553000000003,0.43808100000001104,0.6639100000000013,0.15664100000000047,0.33557299999999657
812,0.09865700000000288,0.25082500000000074,0.27702340000000003,0.1384559999999997,0.2772603,0.1581090999999999,0.25082399999999794,0.2450019999999995,0.8413179999999976,0.5859899999999811,0.26677999999999713,0.43996999999999886,0.4358550000000001,0.9597242000000001,0.5773190000000028,0.6923210000000033,0.1609460000000027,0.26241600000000176
813,0.07263800000000131,0.17046700000000037,0.2092761999999997,0.1042039999999993,0.20688830000000102,0.12752089999999994,0.1883039999999987,0.21988699999999994,0.7443209999999993,0.5087999999999795,0.19576000000000704,0.33635599999999855,0.2565500000000007,0.7429800000000002,0.3973880000000065,0.5190669999999997,0.1288550000000015,0.2648709999999994
814,0.06379700000000099,0.14386600000000094,0.18937280000000012,0.09402199999999894,0.1855563,0.11698129999999995,0.1739069999999998,0.2076940000000036,0.6880369999999978,0.4698399999999765,0.1865800000000064,0.3272999999999975,0.2773240000000001,0.7057555999999998,0.34311200000000497,0.4717570000000002,0.11914300000000111,0.247875999999998
815,0.08628200000000064,0.22111000000000125,0.24772000000000016,0.12497199999999964,0.24883029999999984,0.14733300000000016,0.2186579999999978,0.24312400000000167,0.8436279999999989,0.562989999999985,0.21245000000000402,0.38005000000000067,0.322028999999997,0.8754410999999998,0.4638520000000028,0.6141289999999984,0.1490310000000008,0.2853950000000012
816,0.1176060000000021,0.2914310000000011,0.3179746999999997,0.16014599999999923,0.3240223000000011,0.17684979999999983,0.31896899999999917,0.26232800000000367,0.9765689999999978,0.7012299999999811,0.3460500000000053,0.5700699999999976,0.6272310000000019,1.136869,0.6838699999999989,0.8112860000000026,0.17247300000000365,0.2705789999999979
817,0.09112500000000168,0.2214760000000009,0.25414709999999996,0.12954000000000043,0.2575333000000004,0.1524483000000001,0.22864099999999965,0.2558819999999997,0.8665649999999978,0.5835199999999929,0.24439999999999884,0.4135339999999985,0.35272900000000007,0.9740421000000001,0.488545000000002,0.6498560000000033,0.15331300000000425,0.2896259999999984
818,0.057804000000000855,0.12981200000000115,0.18458089999999938,0.08758199999999938,0.1703663000000013,0.1098564999999998,0.16095499999999774,0.19358300000000384,0.6719769999999983,0.47742999999999824,0.18860999999999706,0.3117209999999986,0.27209900000000076,0.6568246000000002,0.3296459999999968,0.4414359999999995,0.11018500000000131,0.24986499999999978
819,0.10563500000000303,0.25639699999999976,0.2891319000000001,0.14721399999999996,0.29246130000000115,0.16796489999999986,0.24785400000000024,0.28532600000000485,0.9682549999999992,0.6270999999999844,0.23011999999999944,0.4357970000000009,0.4017230000000005,1.0436381,0.5238420000000019,0.7201869999999992,0.17371299999999934,0.31338300000000174
820,0.1256200000000014,0.35909600000000097,0.35840479999999975,0.17737799999999915,0.3591963000000007,0.19012079999999987,0.3521959999999993,0.2660200000000046,1.01154,0.6942899999999952,0.31595000000000084,0.5200409999999991,0.5594140000000003,0.9950551999999995,0.7652190000000019,0.8354620000000033,0.1582610000000031,0.26570999999999856
821,0.08785900000000169,0.22518700000000003,0.2567604999999995,0.12616599999999956,0.2480853000000014,0.15028489999999994,0.2281809999999993,0.26768100000000317,0.924233000000001,0.6309699999999907,0.2431799999999953,0.4232379999999978,0.42169700000000176,0.9051553999999999,0.43670399999999177,0.6328560000000003,0.1478400000000022,0.3240509999999972
822,0.07870700000000141,0.19079100000000082,0.2272324000000001,0.11446800000000046,0.22873130000000153,0.13761920000000005,0.20638999999999896,0.2313170000000042,0.7870929999999987,0.532369999999986,0.2197800000000001,0.38992999999999967,0.2938980000000022,0.8385312000000003,0.44172500000000525,0.566913999999997,0.14280399999999815,0.27540899999999624
823,0.12093100000000234,0.2876740000000009,0.3166057999999996,0.1601239999999997,0.32184530000000144,0.17918440000000002,0.2968389999999985,0.289712999999999,0.9894250000000007,0.7056499999999915,0.3325399999999945,0.526571999999998,0.5675339999999984,1.1487046999999997,0.6893099999999919,0.7894159999999992,0.1747569999999996,0.3001999999999967
824,0.005894000000001398,0.10892899999999983,0.1663863000000001,0.07631199999999971,0.14647129999999997,0.09661730000000013,0.1407910000000001,0.15530700000000053,0.5865200000000002,0.4168200000000013,0.1584100000000035,0.29364299999999943,0.26286699999999996,0.6048618000000001,0.26728699999999606,0.3566730000000007,0.09119600000000361,0.21590799999999888
825,0.12256200000000206,0.2992889999999999,0.32802240000000005,0.16366499999999995,0.3329583000000014,0.18326170000000008,0.3058419999999984,0.3014560000000017,1.0252400000000002,0.691900000000004,0.30382000000000176,0.5079619999999991,0.4558460000000011,1.1190075999999998,0.6842229999999887,0.7782529999999994,0.18290600000000268,0.3378230000000002
826,0.13485000000000014,0.32981900000000053,0.36214699999999933,0.18218899999999927,0.37192930000000146,0.20187050000000006,0.3496549999999985,0.34443100000000015,1.138807,0.7784999999999798,0.35272000000000503,0.5509909999999998,0.5686639999999983,1.2522148,0.7790650000000028,0.8501340000000006,0.18355900000000247,0.36283799999999644
827,0.10805300000000173,0.25745799999999974,0.2873937,0.14343399999999917,0.29249730000000085,0.1649364000000002,0.2703419999999994,0.28518100000000146,0.9638799999999996,0.6424299999999903,0.27445000000000164,0.45271999999999935,0.3466079999999998,0.9990948,0.5464410000000015,0.6736210000000007,0.17112300000000147,0.3330759999999984
828,0.12316799999999972,0.3160160000000012,0.3362992,0.16820099999999982,0.3419263000000008,0.18413259999999987,0.3392610000000005,0.2676360000000031,0.9998259999999988,0.723889999999983,0.347769999999997,0.5438849999999995,0.6189959999999992,1.0972477999999999,0.7939489999999978,0.7976039999999998,0.17443899999999957,0.2758529999999979
829,0.12316799999999972,0.3160160000000012,0.3362992,0.16820099999999982,0.3419263000000008,0.18413259999999987,0.3392610000000005,0.2676360000000031,0.9998259999999988,0.723889999999983,0.347769999999997,0.5438849999999995,0.6189959999999992,1.0972477999999999,0.7939489999999978,0.7976039999999998,0.17443899999999957,0.2758529999999979
830,0.11462600000000123,0.2769729999999999,0.3144858999999993,0.15833999999999904,0.31680430000000115,0.17814700000000006,0.27264299999999864,0.29834400000000016,1.0511969999999984,0.677030000000002,0.23050000000000637,0.4270959999999988,0.41482500000000044,1.0759860999999997,0.544903000000005,0.7430270000000014,0.18191000000000201,0.3454459999999955
831,0.09189800000000048,0.22090099999999957,0.2538846000000001,0.1265389999999993,0.2577663000000001,0.14922250000000004,0.2391830000000006,0.24985800000000324,0.8578669999999988,0.5724199999999939,0.24586999999999648,0.41352799999999945,0.31207299999999805,0.9076699999999995,0.47449000000000296,0.6013749999999973,0.14980500000000063,0.29315400000000125
832,0.12502600000000186,0.304901000000001,0.3373419999999996,0.17022899999999908,0.34724030000000106,0.19147550000000013,0.3308719999999994,0.32345700000000477,1.0862969999999983,0.740729999999985,0.3358300000000014,0.5343659999999986,0.5204820000000012,1.2115980999999998,0.7176000000000045,0.7960580000000022,0.19430799999999948,0.3483930000000015
833,0.09976100000000088,0.24494400000000027,0.2733175999999995,0.13566499999999948,0.27510930000000045,0.15684630000000022,0.2509610000000002,0.2543930000000003,0.8581399999999988,0.5821499999999844,0.2583000000000055,0.43633999999999773,0.38201299999999705,0.9513492000000001,0.5606130000000036,0.6644989999999993,0.15825300000000198,0.28968499999999864
834,0.11474899999999977,0.2731329999999996,0.3046616999999996,0.1552699999999998,0.3115463000000016,0.1762343999999998,0.2816130000000001,0.2954520000000045,0.9907019999999989,0.6807999999999765,0.3078399999999988,0.4952319999999979,0.4827510000000004,1.1573544999999994,0.6487719999999939,0.7697789999999998,0.17507400000000217,0.3205589999999958
835,0.10480599999999995,0.22794000000000025,0.28100529999999946,0.1424279999999989,0.2863123000000005,0.16576639999999987,0.26239599999999896,0.2944710000000015,0.9954619999999998,0.6653099999999768,0.2845999999999975,0.4604569999999981,0.5299639999999997,1.0826858000000001,0.5153009999999938,0.6851459999999996,0.16234599999999944,0.33133399999999824
836,0.07951900000000123,0.198874,0.2309315999999999,0.1159599999999994,0.23184230000000028,0.13866850000000008,0.2078339999999983,0.233228000000004,0.779948000000001,0.5265399999999829,0.2175500000000028,0.3607219999999991,0.3108380000000004,0.8493293999999993,0.44846699999999373,0.5758990000000033,0.1403710000000018,0.2674829999999986
837,0.13458800000000082,0.32385900000000056,0.36785079999999937,0.18539799999999929,0.3750163000000004,0.20361230000000008,0.33556899999999956,0.3690730000000002,1.2129440000000002,0.7886499999999899,0.3014699999999948,0.5184299999999986,0.4516290000000005,1.2260740000000006,0.6562180000000097,0.8675719999999991,0.18338899999999825,0.3974449999999976
838,0.06504200000000182,0.13954799999999956,0.20377270000000003,0.0947079999999989,0.18059530000000024,0.11774769999999979,0.16992899999999977,0.2142430000000033,0.7527650000000001,0.5535500000000013,0.229920000000007,0.34308099999999797,0.2848949999999988,0.7077741999999998,0.35889600000000144,0.49178699999999864,0.11607300000000009,0.27593900000000104
839,0.0949460000000002,0.23542600000000036,0.26504569999999994,0.13371699999999898,0.2689163000000008,0.15608000000000022,0.24284700000000115,0.2589410000000001,0.8712449999999983,0.590689999999995,0.2613199999999978,0.4189949999999989,0.38474000000000075,0.9884250999999997,0.5337439999999987,0.6629780000000025,0.15836699999999837,0.29210299999999734
840,0.12958500000000228,0.3149720000000009,0.3379645,0.1732579999999988,0.35059730000000044,0.1954476999999999,0.3244499999999988,0.36083,1.1533869999999986,0.7783900000000017,0.3454499999999996,0.5632269999999977,0.5898000000000003,1.2923656999999995,0.7051319999999919,0.8258159999999997,0.20147099999999796,0.3686909999999983
841,0.07974300000000056,0.18247299999999989,0.24526069999999933,0.11652400000000007,0.22847530000000127,0.14079249999999988,0.2133660000000006,0.25657199999999847,0.8656569999999988,0.5923399999999788,0.22948999999999842,0.40177899999999767,0.3885940000000012,0.8577089999999998,0.4026020000000017,0.5855239999999995,0.14220800000000366,0.3018239999999963
842,0.10358400000000145,0.25659100000000024,0.28790339999999937,0.14222299999999954,0.29032330000000073,0.16274569999999988,0.26709400000000016,0.26501000000000374,0.9123719999999977,0.611329999999981,0.26525999999999783,0.4385589999999979,0.37066700000000097,0.9710834999999998,0.5742469999999997,0.6644040000000011,0.16681700000000177,0.3064719999999994
843,0.10443100000000172,0.25286200000000036,0.28352359999999965,0.14225500000000046,0.2869793000000005,0.1629961999999998,0.26213200000000114,0.25607400000000524,0.8850529999999992,0.6162499999999795,0.2882100000000065,0.4451420000000006,0.45390099999999833,1.0348363000000003,0.6061949999999996,0.7068270000000005,0.1642970000000048,0.2876839999999987
844,0.10103600000000057,0.24856199999999973,0.27809419999999996,0.1419599999999992,0.2827983000000014,0.16446700000000014,0.25912899999999794,0.3035330000000016,1.0194310000000009,0.6897999999999911,0.2628399999999971,0.44590399999999875,0.4506540000000001,0.9915699,0.47095500000000357,0.6960470000000001,0.16890800000000183,0.34900400000000076
845,0.07336600000000004,0.21669499999999964,0.22697309999999948,0.11286600000000035,0.22228630000000038,0.13242619999999983,0.18794799999999867,0.18975500000000523,0.6759160000000008,0.44415999999998235,0.1787700000000001,0.3660289999999975,0.33393799999999985,0.7388653000000005,0.4634199999999993,0.5862300000000005,0.13133200000000045,0.22507699999999886
846,0.08549000000000007,0.21831599999999973,0.2630771999999997,0.12458499999999972,0.24712829999999997,0.14900279999999988,0.23191500000000076,0.26771300000000053,0.9028700000000001,0.6026200000000017,0.2563300000000055,0.4365439999999978,0.5092800000000004,0.9883907000000001,0.4045459999999963,0.6003229999999995,0.15286499999999847,0.2976510000000019
847,0.10838000000000036,0.2709400000000013,0.29416839999999933,0.1492830000000005,0.29524530000000127,0.16769200000000017,0.2603660000000012,0.2520140000000026,0.8962389999999978,0.6000999999999976,0.2736400000000003,0.4978920000000002,0.4852489999999996,1.0265850000000007,0.6099849999999947,0.7582740000000001,0.17471000000000458,0.26805900000000094
848,0.08673600000000192,0.22273099999999957,0.24752809999999936,0.1223869999999998,0.24950630000000018,0.1445835999999998,0.22926199999999852,0.22079000000000093,0.7925819999999995,0.5350799999999936,0.2406299999999959,0.4016409999999979,0.3396259999999991,0.8788426999999999,0.5011149999999986,0.5910040000000016,0.15241199999999822,0.27162299999999817
849,0.07587900000000047,0.21287900000000093,0.23388549999999952,0.11474100000000043,0.23363630000000057,0.13659510000000008,0.21349499999999821,0.2165549999999996,0.7497720000000001,0.5048499999999763,0.2168400000000048,0.3662150000000004,0.29376000000000246,0.8092790000000001,0.45339900000000455,0.5451329999999999,0.13910800000000023,0.2614449999999948
850,0.08756400000000042,0.24727000000000032,0.2650560999999998,0.1324449999999988,0.2663833000000011,0.1479963999999998,0.2846720000000005,0.2278659999999988,0.8461169999999996,0.5843500000000006,0.28791999999999973,0.516604000000001,0.5074679999999994,0.9574075000000004,0.7822050000000047,0.7367709999999974,0.14429400000000214,0.20623199999999997
851,0.09927700000000073,0.227310000000001,0.2714023000000001,0.13741800000000026,0.27672130000000017,0.15990340000000014,0.26152000000000086,0.29264200000000073,0.983663,0.6603299999999876,0.2629400000000004,0.4354680000000002,0.3950579999999988,0.9939388000000005,0.4594469999999973,0.6676839999999977,0.1631619999999998,0.34080799999999556
852,0.0755580000000009,0.20298700000000025,0.23127109999999984,0.11560300000000012,0.23390730000000026,0.1386835999999998,0.21790499999999824,0.23333399999999926,0.8067959999999985,0.5402899999999988,0.22353999999999985,0.3637750000000004,0.31222500000000153,0.8368599000000003,0.41142499999999416,0.5550500000000014,0.14151600000000286,0.2778819999999982
853,0.10402400000000256,0.2522700000000011,0.2820929999999997,0.14412499999999895,0.28685830000000045,0.16546929999999982,0.24847399999999809,0.2770970000000048,0.9418819999999997,0.6195899999999881,0.24835000000000207,0.4524119999999989,0.4029100000000021,1.0564013,0.5325160000000011,0.7134919999999987,0.1728829999999988,0.31223899999999816
854,-9.9999e+98,0.10634600000000027,0.17539329999999964,0.07150000000000034,0.1230853000000014,0.0898083999999999,0.11644099999999824,0.1555099999999996,0.5757189999999994,0.4326599999999985,0.1841399999999993,0.2978059999999978,0.30690699999999893,0.6321037999999994,0.23754900000000134,0.34184099999999873,0.05109900000000067,0.20948299999999875
855,0.09955800000000181,0.23936899999999994,0.28774759999999944,0.14061699999999888,0.2730003000000014,0.16176499999999994,0.24026999999999887,0.26146100000000416,0.8907640000000008,0.6078399999999817,0.28182999999999936,0.539905000000001,0.534597999999999,1.1250562999999998,0.5780299999999983,0.7480340000000005,0.165694000000002,0.266058000000001
856,0.1077300000000001,0.2602840000000004,0.29249159999999996,0.14644099999999938,0.2980173000000015,0.16776899999999983,0.2742769999999979,0.284589000000004,0.9765899999999981,0.6531999999999982,0.2823400000000049,0.4681059999999988,0.3706050000000012,1.0262270000000004,0.5680140000000051,0.6990110000000023,0.1766930000000002,0.3358379999999954
857,0.11043300000000045,0.2674630000000011,0.29792929999999984,0.15158800000000028,0.30128030000000017,0.17155200000000015,0.2591399999999986,0.2816180000000017,0.9554340000000003,0.637219999999985,0.2716999999999956,0.47168800000000033,0.4509839999999983,1.0745269999999998,0.5913259999999951,0.7571280000000016,0.17430699999999888,0.3076769999999982
858,0.11221700000000112,0.2754089999999998,0.3061128999999996,0.15294899999999956,0.31155630000000123,0.1737848999999998,0.28637600000000063,0.29174000000000433,1.000622,0.6689999999999827,0.2915399999999977,0.4809279999999987,0.3976790000000001,1.0550213000000008,0.6079440000000034,0.7270939999999975,0.17418899999999837,0.3409429999999958
859,0.12712100000000248,0.30666800000000016,0.3399668999999994,0.17236800000000052,0.35003330000000155,0.19382749999999982,0.3234080000000006,0.36626300000000356,1.1440199999999976,0.765199999999993,0.3318399999999997,0.5348109999999977,0.5250219999999999,1.2447055000000002,0.6813949999999949,0.8194470000000003,0.19844799999999907,0.372087999999998
860,0.083673000000001,0.18137800000000048,0.2506737999999995,0.11711500000000008,0.23194230000000005,0.14164690000000002,0.20945599999999942,0.24495600000000195,0.820726999999998,0.5553500000000042,0.24089000000000738,0.40128199999999836,0.433326000000001,0.9471691999999994,0.42606899999999825,0.5741230000000002,0.14444199999999796,0.2714390000000009
861,0.083673000000001,0.18137800000000048,0.2506737999999995,0.11711500000000008,0.23194230000000005,0.14164690000000002,0.20945599999999942,0.24495600000000195,0.820726999999998,0.5553500000000042,0.24089000000000738,0.40128199999999836,0.433326000000001,0.9471691999999994,0.42606899999999825,0.5741230000000002,0.14444199999999796,0.2714390000000009
862,0.08414500000000302,0.22224399999999989,0.24999219999999944,0.12426600000000043,0.2532123000000013,0.1472251,0.23437299999999794,0.2383740000000003,0.8225429999999996,0.5522199999999771,0.24455000000000382,0.3769449999999992,0.3457080000000019,0.8998232000000002,0.48619099999999094,0.5838099999999997,0.15025400000000388,0.2725110000000015
863,0.11730299999999971,0.2757810000000003,0.30893009999999954,0.15524699999999925,0.316358300000001,0.1767865999999998,0.29286499999999904,0.30644500000000363,1.0445849999999979,0.6955099999999845,0.30234000000000094,0.482015999999998,0.40645800000000065,1.0894523000000005,0.5928450000000112,0.7321400000000011,0.17055600000000481,0.3511359999999968
864,0.11730299999999971,0.2757810000000003,0.30893009999999954,0.15524699999999925,0.316358300000001,0.1767865999999998,0.29286499999999904,0.30644500000000363,1.0445849999999979,0.6955099999999845,0.30234000000000094,0.482015999999998,0.40645800000000065,1.0894523000000005,0.5928450000000112,0.7321400000000011,0.17055600000000481,0.3511359999999968
865,0.08947300000000169,0.20353900000000102,0.2405930999999999,0.12269399999999919,0.24507330000000138,0.14598049999999985,0.22291099999999986,0.24596300000000326,0.8041429999999998,0.557249999999982,0.2548699999999968,0.4110209999999981,0.39232900000000015,0.9659354000000002,0.510785999999996,0.626147999999997,0.1469060000000013,0.2615499999999997
866,0.07471000000000316,0.181203,0.2191673999999999,0.11025699999999894,0.21875230000000023,0.13347249999999988,0.19541599999999804,0.2303190000000015,0.757715000000001,0.5129399999999862,0.20801000000000158,0.3581380000000003,0.29072400000000087,0.8160385999999997,0.42564799999999536,0.5532620000000001,0.13440299999999894,0.2628249999999994
867,0.1083260000000017,0.2557810000000007,0.2991206000000002,0.14947599999999994,0.30360730000000125,0.17014530000000017,0.2898639999999979,0.3087950000000035,1.062373000000001,0.7185599999999965,0.2746400000000051,0.4598349999999982,0.34361900000000034,0.9991386000000002,0.5038729999999987,0.7197240000000029,0.17029200000000344,0.3719430000000017
868,0.09287100000000237,0.2305229999999998,0.26014939999999953,0.12826699999999924,0.26237829999999995,0.15010689999999993,0.24620499999999979,0.2429340000000053,0.8673549999999999,0.5787799999999947,0.23682999999999765,0.39762699999999995,0.3085260000000005,0.8731850999999997,0.48954499999999257,0.606781999999999,0.15069400000000144,0.302191999999998
869,0.09207800000000077,0.22173599999999993,0.25280840000000016,0.12674900000000022,0.2563343000000007,0.1497234999999999,0.23397100000000037,0.25130400000000463,0.842099000000001,0.5678800000000024,0.25091000000000463,0.3914079999999984,0.34484600000000043,0.9418896999999999,0.498502000000002,0.620826000000001,0.1523469999999989,0.28309199999999635
870,0.10861900000000091,0.25101500000000065,0.28702059999999996,0.1481349999999999,0.29521130000000007,0.17070689999999988,0.2654369999999986,0.30008899999999983,1.0028809999999986,0.677819999999997,0.29240000000000066,0.4815189999999987,0.47220700000000093,1.1379968999999992,0.5653729999999939,0.7292520000000025,0.17113400000000212,0.3299289999999999
871,0.05562100000000214,0.12133400000000094,0.1890698999999998,0.08736099999999958,0.1658993000000013,0.10937239999999981,0.15561500000000095,0.19691500000000417,0.6704070000000009,0.4724199999999996,0.18058000000000618,0.3396340000000002,0.3254410000000014,0.7196992999999994,0.3111020000000053,0.42544300000000135,0.10966499999999968,0.24624500000000182
872,-9.9999e+98,0.09625400000000006,0.14145999999999948,0.06767199999999995,0.12935530000000028,0.08715349999999988,0.1223649999999985,0.1288460000000029,0.5160359999999997,0.3650599999999997,0.14260000000000161,0.2399579999999979,0.21995399999999776,0.5116119999999995,0.26588100000000736,0.30076000000000036,0.05094700000000074,0.1922879999999978
873,0.10841500000000082,0.25710100000000047,0.2920183999999999,0.1454349999999991,0.2973253000000007,0.16653949999999984,0.2748139999999992,0.27234200000000186,0.9411260000000006,0.6315199999999948,0.2845000000000084,0.46555199999999886,0.3994259999999983,1.0159574999999998,0.6025999999999954,0.696397000000001,0.1642930000000007,0.31721199999999783
874,0.07083100000000186,0.15640100000000068,0.1954224999999994,0.09792899999999882,0.18901330000000094,0.12037999999999993,0.1645569999999985,0.20571699999999993,0.6785819999999987,0.46154999999998836,0.17190000000000794,0.3150410000000008,0.27231300000000047,0.7282685999999998,0.40671700000000044,0.5167050000000017,0.1245010000000022,0.23593699999999984
875,0.06906000000000034,0.1636760000000006,0.1972018999999996,0.09647900000000043,0.19599529999999987,0.11850929999999993,0.18239099999999908,0.19713200000000342,0.6680329999999977,0.4500499999999761,0.1844600000000014,0.3237020000000008,0.22432300000000183,0.6697050999999998,0.3666070000000019,0.4607430000000008,0.11801600000000434,0.24217099999999903
876,0.0820740000000022,0.18698999999999977,0.23309170000000012,0.11748199999999898,0.2359283000000012,0.14074510000000018,0.22278999999999982,0.2460890000000049,0.8398749999999993,0.565669999999983,0.23309000000000424,0.40804800000000085,0.3227150000000023,0.8627174999999996,0.40775399999999706,0.5751929999999987,0.14474599999999782,0.29417799999999517
877,0.09759999999999991,0.23611200000000032,0.2759733999999998,0.13801400000000008,0.2744623000000015,0.16134320000000013,0.25846599999999853,0.29619399999999985,1.010355999999998,0.6849199999999769,0.26720000000000255,0.453517999999999,0.43926200000000293,0.9923479999999998,0.45456500000000233,0.6809989999999999,0.16207299999999947,0.35074399999999883
878,0.08273500000000311,0.22307200000000016,0.2645491,0.12279200000000046,0.2389853000000013,0.14637060000000002,0.20970399999999856,0.25581999999999994,0.8372880000000009,0.5687499999999943,0.23969999999999914,0.43009899999999845,0.43724000000000274,0.9983712000000002,0.46659700000000726,0.630158999999999,0.1486980000000031,0.26840899999999834
879,0.017795000000003114,0.12519600000000075,0.1646504999999996,0.0795079999999988,0.15960030000000103,0.09998800000000019,0.1531589999999987,0.14985200000000276,0.5792499999999983,0.4016099999999767,0.15632999999999697,0.282036999999999,0.18998100000000306,0.5431915000000007,0.29440199999999095,0.3746200000000002,0.09574599999999833,0.21952900000000142
880,0.09741999999999962,0.24580100000000016,0.2760591999999997,0.13869700000000051,0.2790853000000002,0.1602275999999998,0.24850899999999854,0.26664000000000243,0.905701999999998,0.6055199999999843,0.25055000000000405,0.4487640000000006,0.3568560000000005,0.9787258999999997,0.5261069999999961,0.6781840000000017,0.16321800000000053,0.3072129999999973
881,0.12866999999999962,0.3109230000000007,0.3468402999999993,0.17522799999999883,0.3567783000000002,0.19595859999999998,0.33529499999999857,0.33705900000000355,1.111979999999999,0.7644200000000012,0.34606000000000847,0.5468909999999987,0.5586459999999995,1.2353050000000003,0.737758999999997,0.8155830000000002,0.20150500000000449,0.35036600000000107
882,0.08537400000000162,0.21703899999999976,0.2421653999999993,0.1223200000000002,0.24316130000000058,0.14488069999999986,0.21391500000000008,0.24433300000000457,0.8174399999999977,0.5478099999999984,0.21806999999999732,0.3821109999999983,0.32354600000000033,0.8825503000000001,0.46414800000000866,0.6085829999999994,0.14796799999999877,0.2757519999999971
883,0.11621400000000293,0.2792830000000013,0.3201495999999997,0.1588460000000005,0.3254123,0.17903059999999993,0.30795399999999873,0.315252000000001,1.0840099999999993,0.7185699999999997,0.2875800000000055,0.46800899999999857,0.37957600000000014,1.0500825000000003,0.5584290000000038,0.7383439999999979,0.17137199999999808,0.3712109999999953
884,-9.9999e+98,0.1113780000000002,0.14849339999999955,0.07215099999999985,0.13868030000000076,0.09221790000000007,0.13118300000000005,0.13593000000000188,0.5561569999999989,0.4043999999999812,0.16724999999999568,0.25319199999999853,0.18642299999999778,0.5051704999999993,0.30862199999999973,0.3562909999999988,0.05352200000000096,0.21025900000000064
885,0.06161700000000181,0.13613699999999973,0.18891919999999995,0.0908850000000001,0.17989630000000112,0.11349339999999986,0.16952999999999818,0.20070400000000177,0.6606309999999986,0.4477100000000007,0.18471999999999866,0.3228599999999986,0.30364199999999997,0.6857313000000005,0.3125930000000068,0.4415719999999972,0.11438000000000415,0.23592899999999872
886,0.10658000000000101,0.2554759999999998,0.2896510999999995,0.14825100000000013,0.29524730000000154,0.16986489999999987,0.26068099999999816,0.2904350000000022,0.9865050000000011,0.6596199999999897,0.2727600000000052,0.4684120000000007,0.4319170000000021,1.1001370999999995,0.5489039999999932,0.7307230000000011,0.16915099999999939,0.3214049999999986
887,0.1296590000000002,0.3130880000000005,0.3496524000000001,0.1772569999999991,0.35591430000000024,0.19600969999999984,0.3075890000000001,0.3365229999999997,1.1193229999999978,0.728839999999991,0.28911000000000797,0.5069379999999981,0.4857200000000006,1.1866317000000004,0.6753879999999981,0.8435600000000001,0.1812189999999987,0.3594590000000011
888,0.12053000000000225,0.2837620000000012,0.32099299999999964,0.16121599999999958,0.3262273000000011,0.18143410000000015,0.29802899999999966,0.3199120000000022,1.0839239999999997,0.7233499999999822,0.29075000000000273,0.4941539999999982,0.381297,1.1041741000000007,0.5832559999999916,0.7682440000000028,0.17566700000000424,0.3723019999999977
889,0.11712900000000204,0.2735219999999998,0.30018849999999997,0.15842699999999965,0.305321300000001,0.17698940000000007,0.26821299999999937,0.2660370000000043,0.9858709999999995,0.6388499999999908,0.2812399999999968,0.5952829999999985,0.5986229999999999,1.1817571000000004,0.5795229999999947,0.7989139999999999,0.17738500000000101,0.2603420000000014
890,0.11817100000000025,0.27978200000000086,0.3088381999999994,0.15485799999999905,0.31348030000000016,0.1751415999999999,0.28672599999999804,0.29117899999999963,0.9788789999999992,0.6672299999999893,0.29372000000000753,0.4598639999999996,0.45223000000000013,1.0906773000000003,0.6415939999999978,0.7540429999999994,0.1786170000000027,0.32076299999999947
891,0.09122300000000294,0.23316400000000037,0.2544084,0.12704899999999952,0.2538633000000008,0.14799700000000016,0.21983999999999781,0.23423999999999978,0.7928840000000008,0.5315799999999911,0.22554999999999836,0.4152459999999998,0.36243599999999887,0.8869859,0.5045159999999953,0.6409260000000003,0.15063700000000324,0.26729999999999876
892,0.09099000000000146,0.21375100000000025,0.24956829999999997,0.1269290000000005,0.25472129999999993,0.15048329999999988,0.23216700000000046,0.25951600000000496,0.8768740000000008,0.5902499999999975,0.2517700000000076,0.40235099999999946,0.35601299999999725,0.9599060000000001,0.4599759999999975,0.6287199999999977,0.15250199999999836,0.2995680000000007
893,0.06942500000000251,0.16322900000000118,0.2177061,0.10114499999999893,0.19944830000000024,0.12477930000000015,0.18097799999999964,0.21629800000000188,0.7247880000000002,0.4930699999999888,0.1999100000000027,0.34028999999999954,0.3121420000000015,0.7775470999999996,0.37584799999999063,0.5042270000000002,0.12611799999999818,0.257169999999995
894,0.1054850000000016,0.259170000000001,0.2917266999999999,0.14681899999999892,0.29560930000000063,0.16760710000000012,0.2646689999999978,0.29135300000000086,0.9775889999999983,0.6536699999999769,0.26578000000000657,0.45949999999999847,0.3648929999999986,1.0296180000000001,0.5364179999999976,0.7039880000000025,0.17651700000000403,0.33271699999999527
895,0.10106500000000196,0.23988300000000073,0.27167799999999964,0.13791599999999882,0.2770543000000014,0.1604432,0.25323900000000066,0.26732200000000006,0.8943969999999979,0.6186699999999803,0.28130000000000166,0.4476459999999989,0.43869199999999964,1.0588389000000005,0.5783780000000007,0.6849379999999989,0.16455200000000048,0.2917100000000019
896,0.10106500000000196,0.23988300000000073,0.27167799999999964,0.13791599999999882,0.2770543000000014,0.1604432,0.25323900000000066,0.26732200000000006,0.8943969999999979,0.6186699999999803,0.28130000000000166,0.4476459999999989,0.43869199999999964,1.0588389000000005,0.5783780000000007,0.6849379999999989,0.16455200000000048,0.2917100000000019
897,0.105163000000001,0.2743260000000003,0.29611069999999984,0.14875900000000009,0.29881130000000056,0.16630579999999995,0.2822849999999981,0.24677499999999952,0.890982000000001,0.6226299999999867,0.2971600000000052,0.5046949999999981,0.5106329999999986,1.0442251000000002,0.6461910000000017,0.7609300000000019,0.17429100000000375,0.26049400000000134
898,0.10272600000000054,0.2510469999999998,0.2818854000000002,0.14131099999999996,0.2857333000000004,0.16255530000000018,0.2590849999999989,0.26698999999999984,0.9124839999999992,0.6165399999999863,0.27027999999999963,0.4601419999999976,0.390269,1.0069283999999996,0.5703170000000028,0.69632,0.16825599999999952,0.3068150000000003
899,0.12553100000000228,0.3082729999999998,0.34305839999999943,0.16982999999999926,0.3503053000000005,0.18991740000000013,0.34244699999999995,0.32778199999999913,1.0809019999999983,0.7149000000000001,0.31976000000000226,0.5041219999999988,0.4459140000000019,1.1314682000000005,0.7034570000000002,0.7752069999999982,0.18989900000000404,0.3567589999999967
900,0.10661200000000193,0.2449640000000013,0.2763852,0.13885299999999923,0.2820563000000007,0.1610936999999999,0.25993199999999916,0.2645180000000025,0.9026849999999982,0.6122799999999984,0.27960000000000207,0.42652,0.4082119999999989,1.0287258000000001,0.5698320000000052,0.6728330000000007,0.16776300000000077,0.2997009999999989
901,0.10567800000000105,0.25870000000000104,0.2910855999999997,0.14476699999999987,0.2944633000000003,0.16556309999999996,0.27098399999999856,0.27243500000000154,0.9303939999999997,0.6273999999999944,0.2802199999999999,0.44411799999999957,0.3870669999999983,1.0123717999999995,0.5910340000000076,0.6843829999999969,0.1646080000000012,0.3078339999999997
902,0.07634800000000297,0.1975920000000002,0.22147879999999986,0.11011399999999938,0.21962530000000058,0.12978960000000006,0.19806600000000074,0.19592200000000304,0.657945999999999,0.45354000000000383,0.20582000000000278,0.37419900000000084,0.3519930000000002,0.7887684000000004,0.45963199999999915,0.5861610000000006,0.1295950000000019,0.2145489999999981
903,0.07392800000000221,0.21000399999999964,0.2363324999999996,0.11502100000000048,0.23648930000000057,0.13663239999999988,0.22595600000000005,0.2197230000000019,0.782038,0.5198299999999847,0.21260999999999797,0.36226800000000026,0.2606330000000021,0.7745541999999999,0.4214020000000005,0.5389369999999971,0.1412949999999995,0.2710749999999962
904,0.05697800000000086,0.12232500000000002,0.2021948,0.08794900000000005,0.16786530000000077,0.11012889999999986,0.15807299999999813,0.19782200000000216,0.6805669999999999,0.4852499999999793,0.18937999999999988,0.3383849999999988,0.3112199999999987,0.7124579000000004,0.30689999999999884,0.44391299999999845,0.10926800000000014,0.2504470000000012
905,-9.9999e+98,0.018767000000000422,0.10423090000000013,0.05070899999999945,0.09304230000000047,0.050960499999999964,0.09267200000000031,0.09503500000000287,0.4126909999999988,0.3042999999999836,0.12041999999999575,0.2218119999999999,0.17670999999999992,0.44026730000000036,0.19673500000000388,0.22324300000000008,0.0010329999999996176,0.17034799999999706
906,0.12695900000000293,0.3040649999999996,0.3435794999999997,0.17127900000000018,0.3475023000000004,0.1899974000000002,0.3193950000000001,0.342997000000004,1.1617010000000008,0.7794299999999907,0.29003000000000156,0.4690189999999994,0.3848230000000008,1.1013583999999996,0.5741799999999984,0.803690999999997,0.17333500000000157,0.4011509999999987
907,0.12145500000000098,0.3076699999999999,0.3285158999999993,0.16732799999999948,0.3294543000000001,0.1834817000000002,0.2987800000000007,0.2679940000000016,0.9966149999999985,0.6516199999999799,0.29170000000000584,0.5429269999999988,0.5334420000000009,1.0576932999999995,0.6273669999999925,0.8289489999999979,0.1763740000000027,0.26235099999999534
908,0.11263900000000149,0.267532000000001,0.29821289999999934,0.14907799999999938,0.3035583000000006,0.16989540000000014,0.2801799999999979,0.2804089999999988,0.9446440000000003,0.6426199999999938,0.2971900000000005,0.4887580000000007,0.43983599999999967,1.0689720999999999,0.6406730000000067,0.7221719999999969,0.17036500000000387,0.31554599999999766
909,0.08536199999999994,0.21359499999999976,0.2448212999999999,0.12267199999999967,0.2469803000000006,0.14553059999999984,0.22973299999999952,0.24299700000000257,0.8539309999999993,0.5759199999999964,0.2327099999999973,0.40658499999999975,0.28916500000000056,0.8667768999999996,0.4694189999999878,0.5962940000000003,0.14598800000000267,0.3041070000000019
910,0.08046600000000126,0.1870080000000005,0.22204259999999998,0.11190500000000014,0.2247193000000003,0.13535740000000018,0.2059740000000012,0.23375599999999963,0.7797289999999997,0.5257100000000037,0.22247000000000128,0.38001299999999816,0.29361100000000206,0.8273001999999998,0.4162630000000007,0.551086999999999,0.13973299999999966,0.27143499999999676
911,0.0802650000000007,0.18412800000000118,0.2448049999999995,0.118112,0.23420430000000003,0.1417234999999999,0.22088399999999808,0.25305600000000084,0.8823860000000003,0.6092399999999998,0.22620000000000573,0.3894999999999982,0.3720089999999985,0.8284986999999999,0.3866660000000053,0.580795000000002,0.14134200000000163,0.3098400000000012
912,0.10663700000000276,0.24517100000000092,0.28889109999999985,0.14731399999999972,0.29614030000000113,0.16947240000000008,0.2763120000000008,0.3110250000000008,1.0502269999999996,0.7030299999999841,0.284000000000006,0.4622460000000004,0.4741110000000006,1.0804552000000003,0.4859649999999931,0.7085080000000019,0.16534099999999796,0.3530149999999992
913,0.07549799999999962,0.1659959999999998,0.21513250000000017,0.10374900000000054,0.20593630000000118,0.12735239999999992,0.19130600000000086,0.22563399999999945,0.7503829999999994,0.5106799999999794,0.20559000000000083,0.367992000000001,0.2904599999999995,0.7736689999999999,0.3878299999999939,0.5163809999999991,0.12823000000000206,0.2683309999999963
914,0.10479000000000127,0.24653300000000122,0.27896680000000007,0.1394789999999997,0.2841213000000007,0.16117740000000014,0.26132199999999983,0.2672269999999983,0.9093969999999985,0.612039999999979,0.27562000000000353,0.45549199999999956,0.38385099999999994,0.9981862000000001,0.5716230000000024,0.6698679999999975,0.1690940000000012,0.3073089999999965
915,0.11548900000000017,0.28409500000000065,0.3125926999999997,0.15519499999999908,0.31633630000000146,0.1752296000000002,0.2900989999999979,0.2980489999999989,1.0025469999999999,0.669339999999977,0.2854600000000005,0.4713560000000001,0.39288900000000027,1.0434803000000006,0.6143690000000106,0.7211030000000029,0.17604400000000453,0.3391209999999987
916,0.0922760000000018,0.219773,0.2587237,0.13097299999999912,0.26437730000000137,0.15420580000000017,0.24352499999999822,0.26562300000000505,0.9002599999999994,0.6036799999999971,0.26388000000000034,0.43711899999999915,0.34597699999999776,0.9682618999999999,0.48449100000000556,0.6447409999999998,0.1559080000000037,0.30766599999999755
917,0.12700700000000253,0.30756900000000087,0.34085759999999965,0.1720430000000004,0.34659629999999986,0.1918213999999998,0.31628399999999957,0.37630800000000164,1.1969740000000009,0.7993799999999851,0.2960000000000065,0.5050139999999992,0.49056699999999864,1.1164411999999997,0.5434139999999985,0.8129899999999992,0.18033199999999994,0.404516000000001
918,0.09078799999999987,0.21175099999999958,0.2510868999999998,0.12870599999999932,0.25638430000000056,0.1525468000000001,0.23451299999999975,0.26921500000000265,0.9110960000000006,0.6141599999999983,0.2524800000000056,0.41615499999999983,0.38133700000000204,0.9716385000000001,0.46445099999999684,0.6431210000000007,0.1538409999999999,0.3156809999999979
919,0.11331100000000305,0.2531150000000011,0.29363329999999976,0.1503009999999989,0.30001430000000084,0.1720098000000001,0.26993599999999773,0.2994559999999993,0.994961,0.6765199999999822,0.2912800000000004,0.4816660000000006,0.4705300000000001,1.1323347999999998,0.5914190000000019,0.7430860000000017,0.16822900000000374,0.3218749999999986
920,0.03918600000000083,0.1300100000000004,0.1720815,0.08456299999999928,0.1683463000000014,0.10603249999999997,0.16096999999999895,0.16571499999999872,0.6188119999999984,0.4258999999999844,0.1691500000000019,0.3122009999999982,0.22532199999999847,0.5953749000000004,0.3108919999999955,0.4122319999999995,0.10431100000000271,0.22776400000000052
921,0.10426200000000208,0.23191900000000132,0.2759859999999996,0.14036499999999918,0.2825683000000012,0.1630522000000001,0.2623180000000005,0.291995,0.9884789999999981,0.6612999999999829,0.2723399999999998,0.44035900000000083,0.41948899999999867,1.0420628999999995,0.48231400000000235,0.6819769999999998,0.15836000000000183,0.33780399999999844
922,0.04106100000000268,0.1326110000000007,0.16763040000000018,0.08329400000000042,0.16137630000000058,0.10478209999999999,0.1446000000000005,0.16735600000000517,0.599415999999998,0.4173600000000022,0.16384000000000754,0.271528,0.22476799999999741,0.6037939999999997,0.36124699999999166,0.4289369999999977,0.10265499999999861,0.21896600000000177
923,0.13018800000000041,0.3159799999999997,0.3352259999999996,0.17448899999999945,0.34217429999999993,0.19374460000000004,0.2939480000000003,0.324380000000005,1.0989229999999992,0.7389199999999789,0.3281900000000064,0.6029319999999991,0.6160509999999988,1.2902180000000003,0.7040870000000012,0.8642140000000005,0.1658299999999997,0.31977299999999786
924,0.13004300000000057,0.3109490000000008,0.3549737999999998,0.1775500000000001,0.36370530000000123,0.19726169999999987,0.3440890000000003,0.37812500000000426,1.1987190000000005,0.7890099999999904,0.3298300000000012,0.5358990000000006,0.48323099999999997,1.1898865,0.6524379999999894,0.8311700000000002,0.18785199999999946,0.3979190000000017
925,-9.9999e+98,0.11458600000000096,0.14984669999999944,0.07384599999999963,0.14322429999999997,0.09413850000000012,0.1335419999999985,0.1355920000000026,0.5449389999999994,0.3833099999999945,0.1464600000000047,0.2710739999999987,0.2210479999999997,0.5485524999999996,0.31677299999999775,0.3456280000000014,0.09144200000000069,0.20823999999999643
926,0.09159999999999968,0.2269319999999997,0.2507235999999997,0.1271930000000001,0.25354330000000047,0.14885789999999988,0.2296130000000005,0.24172800000000194,0.7951100000000011,0.5605099999999936,0.267319999999998,0.4359409999999997,0.43297700000000106,0.9805799000000004,0.5384219999999971,0.6709700000000005,0.1532010000000028,0.25382099999999497
927,0.11448100000000139,0.27553100000000086,0.30091429999999963,0.1556230000000003,0.3032603000000016,0.17429989999999984,0.2556139999999978,0.2595140000000029,0.9375409999999995,0.6037299999999846,0.2602200000000039,0.5187869999999997,0.49870200000000153,1.0758763,0.6133419999999887,0.7791589999999999,0.18153099999999966,0.2693140000000014
928,0.0944970000000005,0.23526900000000062,0.26492700000000013,0.13254899999999914,0.2670823000000002,0.15450529999999985,0.24012499999999903,0.2543160000000029,0.8823869999999978,0.5921500000000037,0.24223000000000638,0.4248739999999991,0.33847199999999944,0.9295843999999995,0.5046680000000094,0.6440849999999969,0.15418499999999824,0.3029319999999984
929,0.045283000000001294,0.12910399999999989,0.17355129999999974,0.08607499999999924,0.16683730000000097,0.10822850000000006,0.15456899999999862,0.1786600000000007,0.6439570000000003,0.45296999999999343,0.17477999999999838,0.30850699999999875,0.25353399999999837,0.6406417999999992,0.3520210000000077,0.4411759999999987,0.10788000000000153,0.24174599999999913
930,0.11468100000000092,0.2704450000000005,0.3071142999999994,0.15691200000000016,0.31472930000000154,0.1783611999999999,0.28543200000000013,0.3110380000000035,1.0304269999999995,0.7009999999999934,0.3045800000000014,0.4931190000000001,0.47650900000000007,1.165406,0.629099999999994,0.769796000000003,0.17682299999999884,0.33203799999999717
931,0.10346200000000039,0.2413280000000011,0.2770811999999996,0.13911300000000004,0.28162730000000025,0.16122170000000002,0.25745099999999965,0.2786830000000009,0.9327240000000003,0.6253700000000038,0.27002000000000237,0.4168619999999983,0.35989500000000163,1.0018700000000003,0.5310550000000092,0.6639729999999986,0.1653700000000029,0.3150019999999998
932,0.10898900000000111,0.25238799999999983,0.29033899999999946,0.14776299999999942,0.29308130000000077,0.16959310000000016,0.2603609999999996,0.29127900000000295,0.9691890000000001,0.662179999999978,0.2940100000000001,0.4997819999999997,0.49422500000000014,1.1438455999999997,0.591307999999998,0.7462920000000004,0.16510399999999947,0.30639499999999487
933,0.12698500000000124,0.30260900000000035,0.3261819999999993,0.1662499999999998,0.33656730000000046,0.18828690000000003,0.31037299999999846,0.336738000000004,1.0988609999999994,0.7426499999999976,0.3273099999999971,0.5207709999999999,0.5259660000000004,1.2331538999999996,0.676755,0.7961729999999996,0.19227800000000173,0.3519930000000002
934,0.06899900000000159,0.15524500000000074,0.20365599999999962,0.09835799999999928,0.18892030000000126,0.12048829999999988,0.1646099999999997,0.19707900000000222,0.6609739999999995,0.4480999999999824,0.18815999999999633,0.3426170000000006,0.29664,0.7806344999999997,0.412462000000005,0.5255890000000001,0.12269200000000069,0.22327999999999548
935,-9.9999e+98,0.0938990000000004,0.1276976999999997,0.06759899999999952,0.10522730000000102,0.07536480000000001,0.1034790000000001,0.1044120000000035,0.46442599999999956,0.35108999999999924,0.1504199999999969,0.23293999999999926,0.19618299999999778,0.45916159999999984,0.24502999999999986,0.26085000000000136,-0.0011219999999951824,0.18624799999999908
936,0.0643659999999997,0.16055300000000017,0.19160500000000003,0.09400899999999979,0.19116930000000032,0.11585810000000007,0.17676499999999962,0.17670300000000339,0.6291909999999987,0.42404999999999404,0.188990000000004,0.3222889999999978,0.24416100000000185,0.6830943999999999,0.3716399999999993,0.4538580000000003,0.11775800000000203,0.23323299999999847
937,0.10633400000000037,0.2662860000000009,0.2946704999999996,0.1487829999999999,0.2984252999999999,0.16877969999999998,0.2567099999999982,0.27950400000000286,0.9536030000000011,0.6187199999999962,0.2388300000000072,0.4647439999999996,0.40584499999999935,1.0290488000000009,0.5478279999999955,0.7216169999999984,0.17351899999999887,0.32122400000000084
938,0.07115100000000041,0.15427700000000044,0.2165013,0.09982100000000038,0.19469530000000113,0.12347410000000014,0.18017899999999898,0.22438900000000217,0.7351969999999994,0.503959999999978,0.19738999999999862,0.34866899999999745,0.3184129999999996,0.7571674999999995,0.371972999999997,0.5080670000000005,0.12349700000000041,0.2630410000000012
939,0.09343100000000248,0.2202920000000006,0.2613072000000001,0.13172899999999998,0.261712300000001,0.15533479999999988,0.23492200000000096,0.2687829999999991,0.9009159999999987,0.6089199999999835,0.25818999999999903,0.42862699999999876,0.41172599999999804,1.0223608000000004,0.481671999999989,0.6563559999999988,0.15577499999999844,0.29952699999999766
940,0.10863900000000015,0.24988800000000033,0.2935477999999998,0.14477199999999968,0.296876300000001,0.16498299999999988,0.28558299999999903,0.2823750000000018,0.9951270000000001,0.6615799999999865,0.2682800000000043,0.4516379999999991,0.36543900000000207,0.9484354999999995,0.4892820000000029,0.6764379999999974,0.1654660000000021,0.3455979999999954
941,0.10863900000000015,0.24988800000000033,0.2935477999999998,0.14477199999999968,0.296876300000001,0.16498299999999988,0.28558299999999903,0.2823750000000018,0.9951270000000001,0.6615799999999865,0.2682800000000043,0.4516379999999991,0.36543900000000207,0.9484354999999995,0.4892820000000029,0.6764379999999974,0.1654660000000021,0.3455979999999954
942,0.06899500000000103,0.16188999999999965,0.19868739999999985,0.09888999999999903,0.19875630000000122,0.12151239999999985,0.185375999999998,0.20250899999999916,0.6994469999999993,0.476019999999977,0.1933999999999969,0.34527399999999986,0.24605000000000032,0.7095364000000002,0.38140699999999583,0.48932399999999987,0.12506400000000184,0.2522120000000001
943,0.12236700000000056,0.3046710000000008,0.3342231,0.1678879999999996,0.3380043000000015,0.1865481,0.3046579999999999,0.29893600000000475,1.0254009999999987,0.695999999999998,0.30933000000000277,0.497522,0.5020769999999999,1.1335521999999996,0.6874410000000069,0.8097290000000008,0.18928800000000479,0.3242399999999961
944,0.08623200000000253,0.2055720000000001,0.24482439999999972,0.12200200000000017,0.24735330000000033,0.14470280000000013,0.2345550000000003,0.248541000000003,0.8558959999999978,0.5734999999999957,0.23696999999999946,0.4126329999999996,0.2971590000000006,0.8705205999999999,0.43501799999999946,0.5977379999999997,0.14627800000000235,0.29643999999999693
945,0.08068600000000004,0.2124050000000004,0.24437979999999992,0.12157799999999952,0.2475283000000008,0.1441821000000001,0.23437299999999794,0.2465040000000016,0.840526999999998,0.5592399999999884,0.23651999999999873,0.4054940000000009,0.32021699999999953,0.8747832999999998,0.4346390000000042,0.582298999999999,0.1448910000000012,0.286839999999998
946,0.0960870000000007,0.2457539999999998,0.2755516,0.13589999999999947,0.27606330000000057,0.15702170000000004,0.2602550000000008,0.2681120000000021,0.9561109999999999,0.6564400000000035,0.24030000000000484,0.402158,0.25694599999999923,0.8587430999999999,0.4882730000000066,0.6496220000000008,0.1593650000000011,0.3461579999999955
947,0.07458600000000004,0.17497499999999988,0.2124315000000001,0.10735500000000009,0.21437930000000094,0.1307551,0.19514999999999816,0.219695999999999,0.7463340000000009,0.505359999999996,0.213940000000008,0.3774729999999984,0.29033899999999946,0.8028212000000003,0.4149230000000017,0.5355160000000012,0.13240499999999855,0.2645079999999993
948,0.08618200000000087,0.23049500000000123,0.25139889999999987,0.12838299999999947,0.25000830000000107,0.14902620000000022,0.21036900000000003,0.24014199999999875,0.7986450000000005,0.5274900000000002,0.22361999999999682,0.42034400000000005,0.38771799999999956,0.9140847000000001,0.495948999999996,0.6733620000000009,0.1493420000000043,0.2544249999999977
949,0.07253900000000257,0.17729399999999984,0.21098980000000012,0.10712999999999973,0.21265330000000127,0.1301861999999998,0.19014999999999915,0.21727200000000124,0.7236909999999988,0.4916099999999801,0.21325000000000216,0.3745060000000002,0.2983480000000007,0.8149169,0.43126900000000035,0.5520220000000009,0.13336300000000278,0.2530789999999996
950,0.12089500000000086,0.2853070000000013,0.31917419999999996,0.16208199999999984,0.32919630000000133,0.1840294,0.30409099999999967,0.33729500000000456,1.093585000000001,0.7293499999999824,0.31758000000000663,0.5031169999999996,0.4662450000000007,1.1739452000000004,0.6218449999999933,0.7742880000000021,0.18149300000000324,0.3671679999999995
951,0.11542400000000086,0.2705540000000006,0.3073956999999998,0.15710099999999905,0.31458429999999993,0.17843860000000022,0.2837239999999994,0.30884100000000103,1.0357059999999976,0.7026099999999929,0.30067999999999984,0.49152799999999885,0.4782470000000032,1.1600233000000006,0.6181380000000019,0.7676230000000004,0.1733210000000014,0.33246799999999865
952,0.12264900000000267,0.3078260000000004,0.3331143999999995,0.16792099999999976,0.3349513000000002,0.18542710000000007,0.2860820000000004,0.2786010000000019,0.9856689999999979,0.6437099999999987,0.2814699999999988,0.5363119999999988,0.5100470000000001,1.0754847000000005,0.6969449999999995,0.7998989999999999,0.1756420000000034,0.29919499999999744
953,0.11673500000000203,0.3148130000000009,0.32895309999999967,0.1652749999999994,0.3344643000000005,0.1787877,0.35258699999999976,0.2751820000000009,1.0314999999999976,0.7297599999999989,0.3510700000000071,0.5998969999999986,0.625003999999997,1.1637123999999996,0.896523000000002,0.8306439999999995,0.15555300000000472,0.2658999999999949
954,0.06729800000000097,0.15240100000000112,0.20897640000000006,0.09836899999999993,0.19462530000000022,0.12165999999999988,0.18264999999999887,0.2138920000000013,0.7176580000000001,0.4848299999999881,0.1971500000000077,0.3413189999999986,0.34211999999999776,0.7523816999999999,0.3349889999999931,0.48027799999999843,0.12388700000000341,0.25570499999999896
955,0.1339560000000013,0.3564450000000008,0.37245930000000005,0.18588699999999925,0.378191300000001,0.20307150000000007,0.3330909999999996,0.32624300000000517,1.1323550000000004,0.7136899999999855,0.27055000000000007,0.5090229999999991,0.5101690000000012,1.1718226999999999,0.7379779999999982,0.830724,0.1771360000000044,0.3648159999999976
956,0.09414500000000103,0.2321580000000001,0.25987599999999933,0.12849100000000035,0.26297130000000024,0.15083180000000018,0.2472539999999981,0.23794699999999835,0.8248709999999981,0.5577299999999923,0.26037999999999784,0.42003899999999916,0.36244499999999746,0.9209722999999999,0.5373689999999982,0.6128529999999976,0.15411399999999986,0.27797199999999833
957,0.06749700000000303,0.14839500000000072,0.20427630000000008,0.09749199999999902,0.18710730000000098,0.12046670000000015,0.16585099999999997,0.21077000000000368,0.6898610000000005,0.47105999999999426,0.1884200000000078,0.3359489999999994,0.31598400000000026,0.7797584999999998,0.3887549999999891,0.5058250000000015,0.12148400000000237,0.239649
958,0.09036299999999997,0.23001200000000033,0.26054390000000005,0.13032600000000016,0.26181829999999984,0.15241559999999987,0.23611800000000116,0.2547660000000036,0.8965320000000006,0.6035200000000032,0.22744000000000142,0.4092509999999976,0.2967259999999996,0.8863310999999996,0.47653599999999585,0.630431999999999,0.15142000000000166,0.31228699999999776
959,0.11565600000000131,0.28699100000000044,0.31505639999999957,0.15729099999999896,0.3185083000000013,0.17696030000000018,0.28739699999999857,0.29498000000000246,0.9994279999999982,0.6696199999999806,0.2829200000000043,0.4844550000000005,0.4106919999999974,1.0590531999999993,0.6253679999999946,0.7543170000000003,0.1792689999999979,0.3315599999999961
960,0.12256300000000309,0.28596300000000063,0.3243463999999996,0.16236499999999943,0.33268130000000085,0.1833806,0.31265399999999843,0.3178040000000024,1.0680329999999998,0.7097299999999791,0.31382999999999583,0.5073720000000002,0.41928700000000063,1.1313028000000003,0.6479259999999982,0.7637849999999986,0.17965300000000184,0.3596679999999992
961,0.08230100000000107,0.2107120000000009,0.2437288999999998,0.12246500000000005,0.245280300000001,0.14567059999999987,0.23166499999999957,0.2566410000000019,0.9040399999999984,0.6309100000000001,0.23966000000000065,0.3935879999999976,0.28228200000000214,0.8274760999999993,0.44614399999998966,0.5995209999999993,0.14596399999999932,0.3291070000000005
962,0.12463200000000185,0.2997170000000011,0.3200941999999998,0.16516399999999898,0.3245343000000016,0.18563960000000002,0.27638199999999813,0.3197979999999987,1.0637609999999995,0.7140100000000018,0.3091699999999946,0.561004999999998,0.5800160000000005,1.2501185000000001,0.6466230000000053,0.8177180000000028,0.18807300000000282,0.32067999999999586
963,0.11450500000000119,0.2834960000000013,0.3079161999999993,0.15264900000000026,0.3020163,0.1755167000000002,0.27637400000000056,0.33313900000000274,1.1054700000000004,0.7444500000000005,0.2968699999999984,0.49877799999999795,0.5548319999999975,1.1274687000000005,0.5140579999999915,0.7556990000000035,0.16764600000000485,0.37341599999999886
964,0.05815500000000284,0.1342680000000005,0.18690499999999943,0.08698500000000031,0.17351030000000023,0.10895959999999993,0.16474900000000048,0.18569300000000055,0.6333309999999983,0.43071999999997956,0.1716300000000075,0.301793,0.2672760000000025,0.6350720000000001,0.30765399999999943,0.42150900000000036,0.10638600000000054,0.22780699999999854
965,0.09979799999999983,0.2365940000000002,0.2724171999999996,0.1369220000000002,0.2775103000000012,0.15930860000000013,0.2546180000000007,0.26874200000000315,0.9285870000000003,0.6219799999999793,0.270150000000001,0.4376350000000002,0.34103700000000003,0.9920920999999998,0.5216849999999909,0.6568769999999979,0.1643669999999986,0.3175409999999985
966,0.11665900000000207,0.27890700000000024,0.3096147,0.15587599999999924,0.31327630000000006,0.17558700000000016,0.27619100000000074,0.2887529999999998,0.9885540000000006,0.6546299999999974,0.26855000000000473,0.4609129999999979,0.4263050000000028,1.0617384000000003,0.5985869999999949,0.7607649999999992,0.17711200000000105,0.32426900000000103
967,0.10707200000000228,0.2616990000000001,0.2953770999999996,0.14829399999999993,0.2991103000000006,0.16886679999999998,0.26993699999999876,0.28778000000000503,0.9895089999999982,0.6601599999999905,0.2657600000000002,0.46718800000000016,0.36717399999999856,1.0324578000000004,0.5436300000000074,0.715052,0.17383200000000443,0.3405130000000014
968,0.09789300000000267,0.23833100000000051,0.2657436999999998,0.13239300000000043,0.2690973000000003,0.15446559999999998,0.24830499999999844,0.2433720000000008,0.842962,0.5772899999999765,0.2635999999999967,0.4035429999999991,0.3963719999999995,0.9649365999999997,0.5587189999999964,0.6447269999999996,0.15615600000000285,0.27797199999999833
969,0.0894919999999999,0.2196940000000005,0.2546840999999995,0.12606199999999923,0.25038030000000155,0.15039990000000003,0.22697399999999845,0.2576430000000016,0.884284000000001,0.5967699999999923,0.25818999999999903,0.4215130000000009,0.41682600000000036,1.0044414000000002,0.45720899999999176,0.624486000000001,0.15646999999999878,0.29700799999999816
970,0.10166900000000112,0.2722560000000005,0.2846433999999993,0.1447269999999996,0.28343130000000016,0.16276119999999983,0.2527000000000008,0.22550800000000493,0.854538999999999,0.5507199999999841,0.24939000000000533,0.48911000000000016,0.4822160000000011,0.9244376000000001,0.5600590000000096,0.7396850000000015,0.16972700000000174,0.23710099999999557
971,0.07618599999999986,0.16875899999999966,0.22007719999999953,0.10737499999999933,0.21231230000000068,0.13099660000000002,0.20074599999999876,0.22850800000000504,0.8176249999999996,0.5834899999999834,0.23278000000000532,0.3669879999999992,0.2774379999999965,0.7296814999999999,0.39514000000001204,0.5444390000000006,0.1349090000000004,0.29955799999999755
972,0.06903400000000204,0.17614600000000102,0.20725529999999992,0.1032869999999999,0.20559830000000012,0.12622540000000004,0.195056000000001,0.21897900000000448,0.8026279999999986,0.5919199999999876,0.2516300000000058,0.32472100000000026,0.1889240000000001,0.6375245999999994,0.40882800000001396,0.5108829999999998,0.12280900000000372,0.295299
973,0.08205700000000249,0.21890500000000124,0.24209730000000018,0.1231359999999988,0.24274330000000077,0.1454601000000002,0.20712800000000087,0.24203500000000133,0.8125579999999992,0.5392799999999909,0.20411,0.3823270000000001,0.3452549999999981,0.8790589999999998,0.482797000000005,0.6287669999999999,0.14514300000000446,0.2756029999999967
974,0.09703900000000232,0.22070900000000115,0.27341689999999996,0.13454299999999897,0.26750529999999983,0.15858170000000005,0.24150500000000008,0.2763139999999993,0.9258029999999984,0.6263500000000022,0.27240000000000464,0.44830599999999876,0.44454999999999956,1.0674484,0.5100300000000004,0.667939999999998,0.16300600000000287,0.3040359999999964
975,0.07416900000000126,0.1629529999999999,0.2454244000000001,0.10571299999999972,0.20125430000000044,0.12969449999999982,0.18693999999999988,0.24136800000000136,0.8147990000000007,0.5691699999999855,0.21762999999999977,0.38732599999999806,0.4354389999999988,0.8427495,0.352831000000009,0.5412859999999995,0.12683900000000392,0.2818269999999998
976,0.11150700000000313,0.25875800000000027,0.29534150000000015,0.1494730000000004,0.29955029999999994,0.16895190000000015,0.27548300000000125,0.2713549999999998,0.9290909999999997,0.6615999999999929,0.30581000000000813,0.5020409999999984,0.5260409999999993,1.1041596,0.6468820000000051,0.7525109999999984,0.17049200000000297,0.28496299999999763
977,0.12288300000000163,0.3162649999999996,0.3425861999999995,0.1703499999999991,0.3465582999999999,0.18898919999999997,0.31730400000000003,0.3102230000000006,1.0547809999999984,0.7082499999999925,0.3053900000000027,0.5115979999999993,0.4588929999999998,1.1223735000000001,0.7051909999999992,0.7904479999999978,0.19300100000000242,0.34511399999999526
978,0.1049900000000008,0.27695899999999973,0.2985131999999995,0.14908900000000003,0.2963213000000007,0.1669830000000001,0.24776500000000112,0.24815500000000412,0.8821039999999982,0.5691400000000044,0.23149999999999693,0.4583759999999977,0.4278119999999994,0.9241590000000004,0.5836940000000084,0.7209789999999998,0.17314900000000222,0.27988099999999605
979,0.12504000000000204,0.29672500000000035,0.3373963,0.16824899999999943,0.34155530000000134,0.18728040000000012,0.3117519999999985,0.33646699999999896,1.14086,0.7530399999999986,0.27076999999999884,0.4688139999999983,0.39779600000000315,1.1080402999999999,0.5519579999999991,0.7831540000000032,0.1755199999999988,0.39047000000000054
980,0.12504000000000204,0.29672500000000035,0.3373963,0.16824899999999943,0.34155530000000134,0.18728040000000012,0.3117519999999985,0.33646699999999896,1.14086,0.7530399999999986,0.27076999999999884,0.4688139999999983,0.39779600000000315,1.1080402999999999,0.5519579999999991,0.7831540000000032,0.1755199999999988,0.39047000000000054
981,0.10744900000000257,0.2307509999999997,0.2825717000000001,0.14243699999999926,0.2889033000000012,0.1644675000000002,0.27306000000000097,0.29268000000000427,0.9961540000000007,0.6590999999999951,0.276440000000008,0.45413199999999776,0.47907599999999917,1.0183832000000006,0.48742099999999766,0.6818020000000011,0.1648270000000025,0.33200300000000027
