,Unnamed: 0,Balikpapan height,Bontang height,Tandjoengbatoe height,Tarakan height,Tawau height,Semporna height,Bongao Island height,Zamboanga height,Pagadian height,General Santos height,Tahuna height,Manado height,Boroko height,Genluma height,Boeol height,Tolotoli height,Palu height,Davao height
0,0,0.1131390000000003,0.3079140000000002,0.4313696,0.165367999999999,0.2901483000000002,0.1848147999999998,0.1921730000000003,0.3335989999999995,1.0845079999999996,0.8445499999999981,0.3030499999999989,0.7395579999999988,0.9709719999999996,1.3573442,0.4442870000000027,0.6276860000000006,0.1707290000000014,0.2672179999999997
2,1,0.0829120000000003,0.2229140000000011,0.2501331999999996,0.1225489999999993,0.2492653000000011,0.1442573,0.2347679999999989,0.2332930000000033,0.8579849999999993,0.5884499999999946,0.2174399999999963,0.3617179999999997,0.2454409999999995,0.7858077999999997,0.4555440000000033,0.5795670000000008,0.1420950000000047,0.307271
5,2,0.1131470000000014,0.2715790000000009,0.3062510999999999,0.1528799999999996,0.3117913000000012,0.1735839000000001,0.2891310000000011,0.2832000000000008,0.964586999999998,0.656329999999997,0.2972400000000021,0.4870540000000005,0.4446449999999977,1.0858181999999994,0.6594369999999969,0.7278699999999994,0.1733550000000008,0.3176429999999968
9,3,0.1307140000000011,0.3254780000000004,0.3518870999999999,0.1785689999999995,0.3540233000000015,0.1953917999999999,0.3061599999999984,0.2951720000000009,1.0560289999999988,0.6906999999999925,0.3013600000000025,0.5440599999999982,0.5485769999999981,1.1304901000000005,0.7244200000000092,0.8544009999999993,0.1887000000000043,0.3045070000000009
14,4,0.1217420000000011,0.2958160000000003,0.3281244999999995,0.1644069999999988,0.3319963000000001,0.1835863999999998,0.2963680000000011,0.3051310000000029,1.0360769999999988,0.6884199999999794,0.2867800000000073,0.4972639999999977,0.4311350000000011,1.0925963999999997,0.6474759999999975,0.7863839999999982,0.1831870000000037,0.3362479999999976
20,5,-9.9999e+98,0.1105,0.1863174999999994,0.0820689999999988,0.1480963000000006,0.1022306999999997,0.1397440000000003,0.180771,0.662427000000001,0.4981099999999969,0.214349999999996,0.3176559999999995,0.2790330000000018,0.6657817000000006,0.3032330000000058,0.4265359999999987,0.0997109999999992,0.2455409999999958
27,6,0.074703000000003,0.1856609999999996,0.2293066000000001,0.1134120000000002,0.2288273000000007,0.1353094999999999,0.2204119999999996,0.2335029999999989,0.8191759999999988,0.5658499999999833,0.2229499999999973,0.3961459999999981,0.3013140000000014,0.7420686999999999,0.3674610000000058,0.5523249999999997,0.1350240000000013,0.2929219999999972
35,7,0.1028300000000008,0.2330550000000002,0.2704437999999998,0.1371330000000004,0.276435300000001,0.1604497,0.2523599999999995,0.276175000000002,0.9269010000000008,0.6237199999999916,0.2729599999999976,0.4277289999999993,0.418330000000001,1.0235458999999991,0.5297460000000029,0.6612679999999997,0.1640730000000019,0.3099179999999961
44,8,0.085448000000003,0.2165230000000004,0.2486085999999998,0.124314,0.2507483000000015,0.1471032000000001,0.2360359999999985,0.2505880000000005,0.8834559999999989,0.6008899999999926,0.2316500000000019,0.4023229999999991,0.2684300000000021,0.8615386999999997,0.4610480000000052,0.6093289999999989,0.1476240000000004,0.3212630000000018
54,9,0.080485000000003,0.1799940000000006,0.2414046999999994,0.1152090000000001,0.2244153000000004,0.1390641999999999,0.1963900000000009,0.2413390000000035,0.8023549999999986,0.5414899999999818,0.213719999999995,0.3853550000000005,0.3822720000000004,0.8942481000000004,0.433211,0.5851000000000006,0.1419160000000019,0.270111
64,10,0.0759910000000019,0.1657229999999998,0.2392219999999998,0.1073819999999994,0.2079803000000009,0.1315265000000001,0.1920649999999995,0.238781000000003,0.8105499999999992,0.5598499999999831,0.2082199999999971,0.3686399999999992,0.3879399999999968,0.8086140000000004,0.3702170000000109,0.5487450000000003,0.1303699999999992,0.2809489999999996
74,11,0.1104440000000011,0.2747140000000012,0.2960053999999994,0.1524009999999993,0.3023423000000012,0.1739313,0.2645680000000006,0.3161030000000053,1.0455159999999992,0.689629999999994,0.263770000000008,0.476704999999999,0.4932610000000004,1.1253323000000002,0.5119000000000113,0.7390439999999998,0.1731480000000047,0.3445079999999976
84,12,0.1211720000000013,0.285755,0.3141390999999993,0.1567199999999999,0.3187293000000011,0.1769246,0.2944749999999985,0.2920119999999997,0.9876970000000008,0.6722900000000038,0.2966300000000075,0.4533819999999977,0.4549860000000016,1.0879006000000002,0.6547620000000052,0.7446379999999984,0.1721399999999988,0.3262929999999997
94,13,0.1197130000000008,0.2826579999999996,0.3161724000000001,0.1604259999999993,0.3205103000000004,0.1801506000000001,0.2734500000000004,0.3021310000000028,1.0261069999999997,0.6677799999999934,0.2583800000000025,0.4677189999999989,0.4335870000000028,1.0969370000000005,0.5929430000000053,0.7726299999999995,0.1783810000000016,0.3301889999999972
104,14,0.0962880000000012,0.1980830000000004,0.2616654999999994,0.1300819999999998,0.2598083000000013,0.154493,0.2384579999999978,0.2734330000000042,0.920344,0.6155200000000036,0.2662399999999962,0.4408290000000008,0.5040649999999971,1.0133237,0.4560069999999996,0.6333359999999999,0.1548500000000032,0.3048269999999959
114,15,0.1076920000000001,0.240673000000001,0.2827544999999993,0.1435320000000004,0.2902673,0.1661755,0.2661489999999986,0.291761000000001,0.9769669999999984,0.6541899999999998,0.2857199999999977,0.4492510000000003,0.4440179999999998,1.0589782999999997,0.548997,0.6939270000000022,0.1655280000000019,0.3244819999999961
124,16,0.0797260000000008,0.1710349999999998,0.2295565999999995,0.1102340000000001,0.2186783000000005,0.1340129999999999,0.2049319999999994,0.2331399999999988,0.8002289999999981,0.5418799999999919,0.2200500000000005,0.3789209999999983,0.3460529999999977,0.8391139000000001,0.3831569999999971,0.5535470000000018,0.1379530000000031,0.279713000000001
134,17,-9.9999e+98,0.104851,0.1626306999999993,0.0768439999999994,0.1445423000000012,0.0970759000000001,0.1382709999999996,0.156055000000002,0.6055279999999996,0.4490299999999934,0.1846900000000033,0.3011939999999988,0.2401760000000017,0.6206496999999995,0.2761179999999967,0.3796029999999994,0.0926060000000035,0.2266499999999993
144,18,0.12134,0.2941610000000008,0.3140213999999997,0.1606129999999996,0.3182303000000015,0.1821237,0.2793019999999977,0.3287290000000027,1.063445999999999,0.71223999999998,0.3038200000000017,0.5329669999999993,0.5612870000000001,1.2262067000000003,0.6251479999999958,0.7883699999999969,0.1799170000000032,0.3330160000000006
154,19,-9.9999e+98,0.1061620000000012,0.1408154000000001,0.065555999999999,0.1257633000000009,0.08488,0.1205899999999999,0.1240179999999995,0.5022839999999995,0.3585300000000018,0.1395100000000013,0.2504290000000004,0.1969130000000021,0.5032760000000005,0.2559100000000001,0.2913500000000013,0.0510680000000007,0.1915849999999963
164,20,0.086038000000002,0.2132430000000003,0.2429429999999994,0.1218500000000002,0.2466223000000003,0.1450559,0.225638,0.2418600000000026,0.8203840000000007,0.552189999999996,0.2501800000000003,0.4028999999999989,0.3194820000000007,0.9122589000000004,0.4722450000000009,0.590211,0.1492959999999996,0.2775919999999985
174,21,0.0791380000000003,0.2131430000000005,0.2397736999999997,0.1186389999999999,0.2422573000000003,0.1413267999999998,0.2246260000000006,0.2288860000000028,0.7947220000000002,0.5303399999999954,0.2336999999999989,0.3906150000000004,0.2935560000000023,0.8509846000000003,0.4573149999999941,0.5624859999999998,0.1472529999999992,0.2711100000000002
184,22,0.0791380000000003,0.2131430000000005,0.2397736999999997,0.1186389999999999,0.2422573000000003,0.1413267999999998,0.2246260000000006,0.2288860000000028,0.7947220000000002,0.5303399999999954,0.2336999999999989,0.3906150000000004,0.2935560000000023,0.8509846000000003,0.4573149999999941,0.5624859999999998,0.1472529999999992,0.2711100000000002
194,23,0.1227450000000018,0.3001350000000009,0.3150547000000001,0.1620629999999998,0.3258573000000009,0.1847984,0.2978969999999989,0.3373090000000047,1.1008519999999995,0.7410099999999886,0.3215799999999973,0.5146169999999977,0.5597279999999998,1.2381913000000004,0.6334289999999925,0.780739999999998,0.181715000000004,0.3601710000000011
204,24,0.080883,0.197617000000001,0.2303942999999995,0.1157690000000002,0.2333683000000004,0.1390733000000001,0.2126519999999985,0.2305740000000042,0.7819420000000008,0.5287199999999928,0.2360500000000058,0.3913519999999977,0.3078490000000009,0.8764887000000003,0.4486840000000001,0.5639459999999978,0.1432569999999984,0.2673920000000009
214,25,0.0721939999999996,0.1748580000000004,0.2115434,0.1046839999999988,0.2104963000000008,0.1273490000000001,0.2006979999999991,0.2112040000000021,0.7809249999999999,0.5566800000000001,0.2222299999999961,0.3386659999999999,0.2262520000000023,0.6815123999999999,0.4017000000000053,0.5129669999999997,0.1310569999999984,0.2854299999999981
224,26,0.0813880000000004,0.2214369999999998,0.2398029999999993,0.1188009999999994,0.2399643000000004,0.1397677000000001,0.2197129999999987,0.211387000000002,0.7250319999999988,0.5087399999999889,0.2398199999999946,0.406727,0.3742879999999999,0.8740342999999999,0.5163940000000053,0.608706999999999,0.1430580000000034,0.2443799999999996
234,27,0.1009480000000024,0.2470320000000008,0.2759336999999995,0.1409549999999999,0.2785023000000013,0.1622370000000002,0.2421389999999981,0.2688610000000011,0.8905980000000007,0.6107700000000023,0.2758800000000008,0.472804,0.452582999999997,1.0393514,0.568719999999999,0.7161359999999988,0.1629640000000023,0.2822449999999961
244,28,0.1190280000000001,0.2876519999999996,0.3147999999999999,0.1577380000000001,0.3158893000000002,0.1762641,0.2783729999999984,0.2765570000000039,0.9612519999999982,0.6515100000000018,0.2885399999999976,0.4684829999999991,0.4679690000000001,1.0523507,0.6363369999999975,0.7661760000000015,0.1741099999999988,0.302228999999997
254,29,0.0576290000000021,0.1321110000000001,0.1800334000000001,0.0871829999999995,0.1691383000000001,0.1096314999999998,0.1561129999999977,0.1913330000000002,0.6493879999999983,0.4536699999999882,0.1733600000000024,0.3007139999999992,0.2545569999999983,0.6511059000000001,0.3507290000000012,0.4468840000000007,0.1089120000000036,0.2400869999999955
264,30,0.0576290000000021,0.1321110000000001,0.1800334000000001,0.0871829999999995,0.1691383000000001,0.1096314999999998,0.1561129999999977,0.1913330000000002,0.6493879999999983,0.4536699999999882,0.1733600000000024,0.3007139999999992,0.2545569999999983,0.6511059000000001,0.3507290000000012,0.4468840000000007,0.1089120000000036,0.2400869999999955
274,31,0.0719250000000002,0.156644,0.2214773000000001,0.1030920000000001,0.2014613,0.1269382000000001,0.1878710000000012,0.2296869999999984,0.7648650000000004,0.523619999999994,0.2062600000000003,0.3652359999999994,0.3417330000000014,0.7783683000000003,0.3674039999999934,0.5207540000000002,0.125314000000003,0.2721930000000014
284,32,0.1075790000000012,0.2632890000000003,0.2973129999999999,0.1481139999999996,0.2997413000000009,0.1669887999999999,0.2823239999999991,0.2613040000000026,0.905473999999998,0.6490799999999979,0.3036199999999951,0.4586439999999996,0.4843580000000003,1.0340337999999996,0.6311369999999954,0.7199160000000013,0.1694069999999996,0.2814809999999994
294,33,0.0772730000000017,0.1848559999999999,0.2256653999999995,0.1138829999999995,0.2278723000000013,0.1375722999999999,0.2087609999999991,0.2373850000000033,0.8030919999999995,0.5408099999999934,0.225679999999997,0.3689210000000003,0.3418659999999995,0.8504420000000001,0.4040320000000008,0.5540780000000005,0.1407020000000045,0.2766409999999979
304,34,0.1279269999999996,0.3070440000000012,0.3302040999999995,0.168609,0.3408972999999999,0.1906059,0.3134550000000011,0.3777740000000023,1.1473639999999996,0.7660400000000038,0.3270399999999966,0.5335809999999981,0.5577299999999994,1.2426579999999996,0.6384520000000009,0.8039710000000007,0.1887010000000017,0.3760890000000003
314,35,0.1013910000000031,0.2548650000000005,0.2774878999999997,0.1379079999999994,0.2776983000000008,0.1573272000000001,0.2497720000000001,0.2333640000000016,0.8174819999999983,0.5669900000000041,0.2643500000000074,0.4598839999999988,0.4348810000000007,0.9352688999999996,0.5936870000000027,0.6911120000000004,0.1599520000000041,0.259412999999995
324,36,0.1212440000000008,0.2949219999999997,0.3237702999999996,0.1621059999999996,0.3291823000000011,0.1820938999999999,0.3024199999999979,0.3028910000000024,1.0184159999999984,0.6914899999999875,0.3084900000000061,0.5004649999999984,0.4622630000000001,1.1248719000000005,0.6834669999999932,0.7783529999999992,0.1803110000000032,0.3345369999999974
334,37,0.1043310000000019,0.2661810000000013,0.2887124999999999,0.1469339999999999,0.2915233000000015,0.1658835999999999,0.2636700000000012,0.2504869999999997,0.8887579999999993,0.6082799999999793,0.2901600000000002,0.5144470000000005,0.5080239999999989,1.0633586,0.6213379999999944,0.7629160000000006,0.173956000000004,0.268186
344,38,0.078006000000002,0.1918220000000001,0.2266415999999997,0.1133749999999995,0.2278053,0.1365305000000001,0.2132259999999988,0.2267980000000022,0.8090109999999981,0.546750000000003,0.2164300000000025,0.3788149999999994,0.2981199999999973,0.8078960000000004,0.4093900000000019,0.5494589999999988,0.1406539999999978,0.2833919999999992
354,39,0.0947890000000022,0.2213840000000004,0.2711920000000001,0.1331290000000002,0.2635493000000011,0.1567528999999998,0.2354330000000004,0.2676939999999987,0.9104099999999988,0.6166499999999928,0.26173,0.4391999999999996,0.4301680000000019,1.0470762999999996,0.4901689999999945,0.6600409999999997,0.1551760000000044,0.2968369999999964
364,40,0.0842240000000025,0.2215950000000006,0.2538131999999997,0.122482999999999,0.2404793000000005,0.1467660999999998,0.2211639999999981,0.2594640000000012,0.8991329999999991,0.6119099999999946,0.2379700000000042,0.4105269999999983,0.4232459999999989,0.8953357000000004,0.4239049999999906,0.6117990000000013,0.1439750000000046,0.3127679999999984
374,41,0.1178660000000029,0.2625609999999998,0.2986518,0.1520689999999991,0.3054893000000014,0.1722142999999998,0.2827529999999996,0.276126000000005,0.9507569999999994,0.6787599999999827,0.3251300000000015,0.5272919999999992,0.5642029999999991,1.1642726000000003,0.660160999999988,0.7725299999999997,0.1727309999999988,0.2960089999999979
384,42,0.0659360000000006,0.1489390000000003,0.2162194999999993,0.0989399999999989,0.1901153000000004,0.1224373,0.1741719999999986,0.2226789999999994,0.7365879999999976,0.505989999999997,0.1941699999999997,0.3443730000000009,0.3589850000000005,0.7577892999999998,0.359380999999999,0.5021880000000003,0.1208129999999982,0.2586109999999948
394,43,0.1186470000000028,0.2662230000000001,0.3013384999999999,0.1519010000000005,0.3066753000000002,0.1724017,0.2803879999999985,0.2750460000000032,0.9482679999999988,0.6581499999999778,0.3082899999999995,0.4749209999999983,0.4892649999999996,1.1096059999999994,0.6515579999999943,0.7521850000000008,0.1730440000000044,0.3073979999999991
404,44,-9.9999e+98,-9.9999e+98,0.0762564999999995,0.0290339999999993,0.0733183000000003,0.0502696,0.0730620000000001,0.0799270000000049,0.3455569999999994,0.2609699999999861,0.1128199999999992,0.1907169999999993,0.1531250000000028,0.3507984999999998,0.1538039999999938,0.1727090000000011,-9.9999e+98,0.1421239999999954
414,45,0.0635919999999998,0.1410140000000002,0.2142151999999999,0.0973980000000001,0.1857883000000004,0.1206662999999999,0.1702949999999994,0.2211020000000019,0.7289500000000011,0.5009299999999826,0.1966699999999974,0.3531179999999985,0.3727410000000013,0.7810038000000006,0.3497370000000046,0.4948990000000002,0.1186440000000033,0.2551729999999992
424,46,0.1365499999999997,0.3477930000000011,0.3726485999999998,0.1865950000000005,0.3818993000000006,0.2049492000000001,0.3606039999999986,0.3353180000000009,1.1230989999999998,0.780729999999977,0.3697099999999977,0.5364760000000004,0.6107060000000004,1.2421620999999998,0.8202670000000012,0.8543279999999989,0.1801659999999998,0.3434699999999964
434,47,0.1054349999999999,0.2488840000000003,0.2808301999999996,0.1437609999999995,0.2849513000000012,0.1653620999999998,0.2451049999999988,0.289475000000003,0.9574609999999986,0.6302699999999959,0.2431499999999999,0.4448119999999989,0.3872970000000002,1.0534507,0.5161949999999962,0.7114340000000006,0.1717510000000004,0.3118789999999976
444,48,0.0844050000000002,0.1958470000000005,0.2391898999999995,0.122171999999999,0.2414503000000003,0.1460140000000001,0.2204049999999995,0.2583880000000036,0.8748819999999995,0.5934299999999837,0.2335000000000064,0.4045529999999999,0.3578520000000011,0.8944982000000001,0.4431859999999972,0.615946000000001,0.1455029999999979,0.3067859999999953
454,49,0.1176690000000029,0.2683300000000006,0.3017364999999996,0.1514489999999995,0.3064353000000004,0.171281,0.2835149999999977,0.2660650000000046,0.928570999999998,0.6535199999999861,0.3105699999999984,0.4734109999999987,0.4975559999999994,1.0922218999999993,0.6592669999999998,0.7477020000000003,0.1694870000000037,0.2945390000000003
464,50,0.1165710000000004,0.2773870000000009,0.3153758,0.1580589999999997,0.3192403000000006,0.1782124,0.2928379999999997,0.3250099999999989,1.0900420000000004,0.732939999999985,0.2766100000000051,0.447654,0.3706700000000005,1.0523094999999998,0.5387860000000018,0.7518680000000018,0.1709969999999998,0.378865999999995
474,51,0.1336550000000009,0.3402070000000012,0.3681064999999996,0.183885,0.3731083000000001,0.2012372,0.3316939999999988,0.3506619999999998,1.167542000000001,0.7557499999999777,0.2829799999999949,0.5136459999999978,0.4376570000000015,1.1597612000000002,0.6734500000000025,0.8412830000000007,0.1788500000000041,0.3832749999999976
484,52,0.1070720000000022,0.2464870000000001,0.2857615999999998,0.145472999999999,0.2917783000000007,0.1669347000000001,0.2722289999999994,0.2791920000000019,0.9303430000000006,0.674049999999994,0.3245299999999957,0.5272429999999986,0.5709659999999985,1.1706018,0.6322949999999992,0.7428039999999996,0.1682500000000004,0.288415999999998
494,53,0.0659559999999999,0.1477660000000007,0.1905948999999998,0.0955329999999996,0.1873243000000002,0.1186359999999999,0.1739449999999998,0.2087250000000011,0.6977149999999988,0.4780899999999803,0.1882400000000075,0.3316949999999998,0.2789060000000027,0.7204576999999999,0.3644510000000025,0.4845450000000006,0.1211190000000002,0.2545569999999983
504,54,0.1077320000000021,0.2646680000000003,0.2954612000000001,0.1484149999999999,0.2960682999999999,0.1711252999999999,0.2726269999999999,0.3218239999999994,1.0654699999999977,0.7160599999999988,0.2872700000000066,0.4732819999999975,0.4899730000000026,1.0997130000000004,0.5008570000000105,0.7248960000000011,0.1714359999999999,0.3603729999999956
514,55,0.0977640000000015,0.2496030000000004,0.2794524999999996,0.1388750000000005,0.2798673000000011,0.1595664999999999,0.2519619999999989,0.2691980000000029,0.955755,0.6442499999999995,0.2280899999999945,0.3905379999999994,0.3039719999999981,0.9037007999999992,0.4803489999999897,0.6552019999999992,0.1635750000000015,0.3377769999999955
524,56,0.0768110000000028,0.1858990000000009,0.2209913999999999,0.1126599999999999,0.2208013000000015,0.1348805999999998,0.1902529999999984,0.2241929999999996,0.7353810000000003,0.4971799999999859,0.2075899999999961,0.3670089999999995,0.3264659999999999,0.8439711999999995,0.4478590000000082,0.5840429999999976,0.1391490000000033,0.2466579999999965
534,57,0.1174300000000023,0.2716430000000009,0.3023413999999995,0.1544080000000001,0.3083833000000009,0.1750004999999999,0.2786469999999994,0.2860480000000009,0.9749249999999988,0.6805299999999761,0.3160699999999963,0.5151399999999988,0.5116629999999986,1.1601376000000003,0.651299999999992,0.7771159999999995,0.1761729999999985,0.3070899999999952
544,58,0.0771680000000003,0.2021010000000007,0.2589594999999995,0.1133869999999994,0.2162493000000012,0.1377784000000002,0.2008620000000007,0.2528020000000026,0.8692339999999987,0.601949999999988,0.2285600000000016,0.4134799999999998,0.4901079999999993,0.9064226999999998,0.365797999999998,0.5808199999999992,0.1348729999999989,0.2971199999999996
554,59,0.1169280000000014,0.2616740000000011,0.2996812999999996,0.1503329999999998,0.306522300000001,0.1721924000000001,0.2853399999999979,0.2969970000000046,1.0071779999999997,0.6700400000000002,0.2900999999999953,0.4722380000000008,0.464345999999999,1.0726050999999996,0.5753699999999924,0.7068970000000014,0.1631070000000036,0.332854999999995
564,60,0.0620830000000012,0.1359100000000008,0.2155734999999996,0.0932949999999994,0.1788023000000009,0.1163473999999999,0.163263999999998,0.2118749999999991,0.6889800000000008,0.4697599999999795,0.1904499999999984,0.3383280000000006,0.3586209999999994,0.7411233999999993,0.3302419999999983,0.4616350000000011,0.1160479999999992,0.2435229999999961
574,61,0.1204420000000006,0.2921890000000005,0.3181446999999995,0.1592839999999995,0.3236582999999999,0.1792303999999998,0.299320999999999,0.2872330000000005,0.976851,0.6749399999999923,0.3191300000000012,0.5089799999999975,0.4967199999999998,1.1318066999999994,0.6964759999999899,0.7710769999999982,0.1819400000000044,0.3135479999999973
584,62,0.1237330000000014,0.3031319999999997,0.3297499999999997,0.1651089999999992,0.3326023000000013,0.1827196999999998,0.3038920000000011,0.2784660000000016,0.9824829999999984,0.681539999999984,0.312269999999998,0.5048630000000003,0.5274870000000007,1.090064,0.7081770000000063,0.79636,0.1748740000000026,0.295505999999996
594,63,0.0591070000000009,0.1339100000000002,0.1733544999999994,0.0865419999999996,0.169106300000001,0.1085614999999999,0.159244000000001,0.1868930000000048,0.6622540000000008,0.4780599999999992,0.1965100000000035,0.3043999999999975,0.2260869999999997,0.6148672,0.35070300000001,0.4433839999999982,0.108152000000004,0.2512040000000013
604,64,0.0963680000000017,0.2338120000000003,0.2677173000000001,0.1316829999999988,0.2706783000000001,0.1533140999999998,0.2561150000000012,0.2552289999999999,0.885349999999999,0.5849999999999795,0.2459800000000029,0.4112539999999995,0.2982070000000014,0.8844522000000001,0.491145000000003,0.6146570000000011,0.1503149999999991,0.3004409999999993
614,65,0.0159280000000023,0.125554000000001,0.1635559999999998,0.0819609999999997,0.1593973000000001,0.1035471999999999,0.1481609999999982,0.1669660000000021,0.6190539999999984,0.4395099999999843,0.1751200000000068,0.2842470000000006,0.2186589999999988,0.5899239000000005,0.3346809999999891,0.4144520000000007,0.1007630000000006,0.2322580000000016
624,66,0.0159280000000023,0.125554000000001,0.1635559999999998,0.0819609999999997,0.1593973000000001,0.1035471999999999,0.1481609999999982,0.1669660000000021,0.6190539999999984,0.4395099999999843,0.1751200000000068,0.2842470000000006,0.2186589999999988,0.5899239000000005,0.3346809999999891,0.4144520000000007,0.1007630000000006,0.2322580000000016
634,67,0.1184800000000017,0.2750140000000005,0.3016106999999994,0.153575,0.310868300000001,0.1761940000000001,0.2855549999999986,0.3111180000000004,1.039663000000001,0.6962399999999889,0.3040900000000022,0.4933309999999977,0.5060119999999984,1.1472268000000003,0.5926500000000061,0.7299669999999985,0.1706369999999992,0.3470439999999968
644,68,0.1184590000000014,0.2899860000000007,0.3120180999999995,0.1601479999999995,0.3187753000000004,0.1810719999999999,0.2834870000000009,0.3164130000000043,1.0452720000000006,0.710250000000002,0.3078399999999988,0.5167529999999978,0.5213430000000017,1.1981799999999998,0.6310129999999958,0.7899670000000008,0.1813879999999983,0.3279420000000002
654,69,0.1233020000000024,0.3192310000000002,0.3471191999999998,0.1731540000000002,0.3494093000000013,0.1907019999999999,0.3088090000000001,0.3055599999999998,1.0442909999999976,0.6960200000000043,0.2999400000000065,0.5104049999999987,0.4749099999999977,1.1072946999999995,0.7059600000000046,0.8137010000000018,0.1694069999999996,0.3297799999999995
664,70,0.0765670000000007,0.1894600000000004,0.2215265999999998,0.1092809999999993,0.2222413000000003,0.1317295,0.2109190000000005,0.2180970000000002,0.7616729999999983,0.5118599999999844,0.2089799999999968,0.3644989999999986,0.2507590000000022,0.7603489000000003,0.4093360000000103,0.5234260000000006,0.1359070000000031,0.2699390000000008
674,71,0.108310000000003,0.268752000000001,0.2929957999999999,0.1458130000000004,0.2928823000000005,0.1643672999999998,0.2596929999999986,0.2476170000000053,0.8712370000000007,0.5947400000000016,0.2724000000000046,0.4627300000000005,0.4376430000000013,0.9619206,0.6136439999999936,0.716387000000001,0.1680819999999983,0.2768969999999982
684,72,0.1277030000000003,0.2830200000000005,0.3210616999999995,0.1659019999999991,0.3273813000000007,0.1860670999999998,0.2794740000000004,0.3165680000000037,1.057347,0.7075999999999851,0.3078500000000019,0.549903999999998,0.545223,1.2251823000000002,0.6565070000000048,0.8136289999999988,0.1896559999999993,0.3206270000000017
694,73,0.0851310000000005,0.1972129999999996,0.2501612,0.1235559999999988,0.2482583000000016,0.1470262,0.2339120000000001,0.258113999999999,0.8805779999999999,0.5898899999999969,0.2476099999999945,0.4101159999999986,0.4112940000000016,0.9272431999999996,0.4075409999999948,0.6044829999999983,0.1472790000000046,0.3000049999999987
704,74,0.0754180000000026,0.1632230000000003,0.2347373999999993,0.1063099999999988,0.2060922999999999,0.1304561999999998,0.1891449999999999,0.2373400000000032,0.8015170000000005,0.5578799999999831,0.2126899999999949,0.3681969999999985,0.3607890000000004,0.7908872000000002,0.3839319999999873,0.5456380000000003,0.1307860000000005,0.2810089999999974
714,75,0.1035190000000021,0.2526919999999997,0.2821609,0.1407220000000002,0.2848013000000016,0.1614754999999998,0.2606420000000007,0.2526080000000021,0.883341999999999,0.6061699999999917,0.2723900000000014,0.4233100000000007,0.4211290000000005,0.9983022999999998,0.586701000000005,0.6868069999999982,0.1622630000000029,0.2906679999999966
724,76,0.0947250000000003,0.2314600000000002,0.2950302999999996,0.137696,0.2636163000000007,0.1605373000000001,0.2177380000000006,0.2736680000000007,0.8986820000000009,0.5943299999999851,0.257630000000006,0.5154159999999983,0.5181870000000011,1.1416214999999994,0.5223930000000081,0.7127339999999975,0.1585859999999996,0.2744209999999967
734,77,0.1298279999999998,0.3096940000000003,0.3405762999999995,0.1734559999999998,0.3482453000000003,0.1938564,0.3134389999999989,0.3670710000000028,1.162264999999998,0.7767999999999802,0.3143400000000014,0.5100599999999993,0.497681,1.2171317999999998,0.6349400000000003,0.8271969999999982,0.1985689999999991,0.3838319999999982
744,78,0.0968340000000012,0.2353160000000009,0.2729965999999999,0.1348669999999998,0.2757463000000015,0.1561159,0.2626139999999992,0.2567319999999995,0.9233249999999984,0.6165499999999895,0.2521600000000035,0.4263639999999995,0.3187879999999978,0.9160032000000004,0.4928829999999919,0.6391680000000015,0.1587639999999979,0.3258200000000002
754,79,0.0748130000000024,0.1664519999999996,0.2293469999999997,0.108001999999999,0.2129673000000007,0.1317465000000002,0.2010319999999978,0.2335350000000033,0.8156759999999998,0.5711299999999824,0.2144300000000072,0.3795009999999976,0.3081619999999994,0.7668670000000004,0.3844540000000052,0.5453270000000003,0.1336969999999979,0.2937870000000018
764,80,0.1232790000000001,0.2913040000000002,0.3278809999999996,0.1652439999999995,0.3355243000000012,0.1862997000000001,0.3085820000000012,0.3304469999999995,1.09563,0.7314700000000016,0.3133899999999983,0.4868759999999987,0.4293620000000011,1.1617161000000005,0.6433170000000104,0.7837700000000005,0.1848090000000013,0.364097000000001
774,81,0.1025460000000002,0.2561470000000003,0.2812745999999997,0.1434409999999992,0.2840943000000013,0.1634478999999999,0.2539079999999991,0.2540430000000029,0.8843089999999982,0.6092899999999872,0.2801199999999966,0.4973530000000004,0.4878849999999985,1.057664,0.5977320000000077,0.7400850000000005,0.1685760000000016,0.2717320000000001
784,82,0.0665639999999996,0.1301529999999999,0.2154055000000001,0.0940510000000003,0.1729373000000009,0.1165658999999998,0.1623079999999994,0.2178250000000048,0.7577429999999978,0.5664899999999875,0.2449200000000075,0.3530149999999992,0.3049999999999997,0.7294981999999997,0.3523360000000082,0.5032889999999988,0.112720000000003,0.2789199999999994
794,83,-9.9999e+98,0.1030300000000004,0.1476185999999995,0.0658139999999996,0.1210893000000012,0.0845818999999998,0.1169429999999991,0.1225450000000023,0.5226059999999997,0.3886799999999937,0.1594000000000051,0.2659699999999994,0.2130359999999989,0.5554315000000001,0.2370769999999993,0.2980000000000018,0.051400000000001,0.2000460000000004
804,84,0.0995470000000011,0.2415190000000002,0.2762323999999996,0.1385139999999989,0.2796333000000004,0.1603566999999999,0.2570540000000001,0.2747910000000004,0.9612669999999994,0.6473499999999888,0.2580600000000004,0.4394939999999998,0.309235000000001,0.9666909000000006,0.5050020000000046,0.6736090000000026,0.1664530000000041,0.3368779999999987
814,85,0.1222530000000006,0.280247000000001,0.3131833999999998,0.1619720000000004,0.3196743000000008,0.1810900000000002,0.2881019999999985,0.2962910000000036,1.0139630000000004,0.6997599999999977,0.3272400000000033,0.5883839999999978,0.6049049999999987,1.2258239999999994,0.6822489999999988,0.8286810000000031,0.180970000000002,0.302821999999999
824,86,0.1202210000000008,0.2801760000000008,0.3142198,0.160544999999999,0.3184583000000014,0.1800614999999998,0.2783639999999998,0.2914880000000011,1.0030439999999992,0.6849699999999928,0.3061699999999945,0.5273339999999997,0.5235090000000007,1.1572182,0.6562130000000082,0.796799,0.1787530000000003,0.3098600000000004
834,87,0.0910609999999998,0.2253869999999995,0.2617297999999994,0.1318599999999996,0.2643263000000004,0.1547325000000001,0.2476300000000009,0.2797049999999998,0.9582750000000004,0.6590799999999888,0.2462400000000002,0.4241919999999979,0.309469,0.8836040000000001,0.4695080000000047,0.6371679999999991,0.1560950000000005,0.3432869999999965
844,88,0.127715000000002,0.3138199999999997,0.3460798999999994,0.1749939999999998,0.3538363000000011,0.1941915999999999,0.3315349999999988,0.3193550000000016,1.082546000000001,0.7690599999999961,0.3614100000000064,0.5472889999999992,0.5970039999999983,1.2251411,0.7601000000000084,0.837333000000001,0.1697559999999995,0.3287179999999949
854,89,0.127715000000002,0.3138199999999997,0.3460798999999994,0.1749939999999998,0.3538363000000011,0.1941915999999999,0.3315349999999988,0.3193550000000016,1.082546000000001,0.7690599999999961,0.3614100000000064,0.5472889999999992,0.5970039999999983,1.2251411,0.7601000000000084,0.837333000000001,0.1697559999999995,0.3287179999999949
864,90,0.0924620000000011,0.2373969999999996,0.2753252999999995,0.1333760000000001,0.2619962999999998,0.1573582999999998,0.2368279999999991,0.2858170000000015,0.9733899999999984,0.6617299999999773,0.2540400000000034,0.4386760000000009,0.4931669999999997,0.9649005000000006,0.4373709999999988,0.666399000000002,0.1568600000000017,0.3311909999999969
874,91,0.1302070000000021,0.3250299999999999,0.3573876,0.1794479999999989,0.3648113000000013,0.1983161,0.3429599999999979,0.3240060000000042,1.101986,0.7728899999999896,0.3557399999999973,0.5238739999999993,0.5916359999999976,1.2096866999999998,0.7516899999999964,0.8287620000000011,0.1708720000000028,0.3374499999999969
884,92,0.096547000000001,0.2366140000000012,0.2774779999999994,0.1354249999999996,0.2683643,0.1591835000000001,0.2486180000000004,0.2975580000000022,0.9884619999999984,0.6677299999999775,0.2636700000000047,0.4442899999999987,0.4799239999999969,0.9943017999999996,0.4414819999999935,0.663843,0.1612410000000039,0.3380009999999984
894,93,0.1263680000000029,0.3007000000000008,0.3326592999999995,0.1704550000000004,0.3379593000000014,0.1882505000000001,0.3086300000000008,0.2982470000000035,1.0473280000000005,0.7198599999999828,0.3353100000000069,0.589023000000001,0.6176429999999975,1.2143601000000004,0.7211360000000013,0.8569150000000008,0.1760720000000049,0.3099309999999988
904,94,0.0808430000000015,0.1917880000000007,0.2321640999999994,0.1155129999999999,0.2324763,0.1381093,0.2217689999999983,0.240952,0.8428199999999997,0.5869899999999859,0.2212300000000056,0.3789239999999978,0.260625000000001,0.7736632999999999,0.4157810000000097,0.5672420000000002,0.1387739999999979,0.3055939999999992
914,95,0.1061779999999998,0.263758000000001,0.2875054999999999,0.1417760000000001,0.2887032999999999,0.1613699999999998,0.2639630000000004,0.2517570000000049,0.8724039999999995,0.591259999999977,0.2618900000000081,0.4425290000000004,0.3997120000000009,0.9494280000000002,0.5935280000000063,0.6699350000000024,0.1614630000000048,0.2928939999999969
924,96,0.1085010000000004,0.2719110000000011,0.2999134999999997,0.1489770000000003,0.2955532999999999,0.1721987,0.2670919999999981,0.3122779999999991,1.046907000000001,0.7042799999999829,0.2952999999999974,0.4880099999999991,0.5216230000000017,1.1503760000000005,0.5339359999999971,0.7354300000000009,0.1709000000000031,0.3511060000000015
934,97,0.061480000000003,0.147711000000001,0.1817127999999996,0.090902999999999,0.1814143000000001,0.1134270000000001,0.1655709999999999,0.1863790000000023,0.6270029999999984,0.4251099999999894,0.1855599999999952,0.3277350000000005,0.2415579999999977,0.6915432000000008,0.3630589999999927,0.4543239999999997,0.1144370000000023,0.2258390000000005
944,98,0.0667390000000018,0.1458750000000002,0.1856358,0.0929129999999993,0.183454300000001,0.1156252000000002,0.1738809999999979,0.198169,0.7088490000000007,0.5087899999999763,0.2066700000000025,0.3228760000000008,0.2365460000000006,0.6383785,0.3621939999999881,0.4686810000000001,0.116818000000002,0.2636129999999994
954,99,0.1003840000000018,0.2583300000000008,0.2769303000000001,0.1409059999999993,0.2777093000000015,0.1612445999999998,0.2164649999999994,0.2445750000000046,0.8634519999999988,0.5347799999999836,0.1864800000000031,0.4177180000000007,0.394874999999999,0.9233667,0.527198999999996,0.6952719999999992,0.160266,0.2761549999999957
964,100,0.0851439999999996,0.2207170000000005,0.2448385999999995,0.1247860000000002,0.2479193000000012,0.1483933999999998,0.2346900000000005,0.2700770000000005,0.9318069999999992,0.6469299999999976,0.2412099999999952,0.4004060000000002,0.3472279999999976,0.8501799999999999,0.4213830000000058,0.619491,0.1464980000000011,0.3319299999999998
974,101,0.0778420000000004,0.1938220000000008,0.2565081999999998,0.1116549999999989,0.2114263000000011,0.1358638999999999,0.1905549999999998,0.2495490000000018,0.8323979999999978,0.5684599999999875,0.2245800000000031,0.405462,0.4890870000000014,0.8937856999999996,0.3830309999999883,0.5724359999999997,0.1354340000000036,0.2819919999999953
984,102,0.0956560000000017,0.2233900000000002,0.2665248999999994,0.132674999999999,0.2693983000000006,0.1546202000000001,0.2576019999999985,0.2746720000000024,0.9374450000000004,0.6309499999999844,0.2546700000000044,0.4420859999999997,0.335644000000002,0.9161795999999996,0.4347170000000062,0.6456349999999986,0.1540609999999986,0.3311530000000005
994,103,0.087104,0.2231660000000008,0.2565555000000001,0.1276259999999993,0.2604573000000005,0.1502487999999999,0.2443470000000012,0.2553139999999985,0.8696739999999998,0.5771299999999826,0.252600000000001,0.4112709999999993,0.3468829999999983,0.9003405999999998,0.4703309999999874,0.6031929999999974,0.1553090000000025,0.2922009999999986
1004,104,0.0686190000000017,0.1524060000000009,0.2158172,0.0996039999999993,0.1983793000000009,0.1231035,0.1808289999999992,0.2137260000000012,0.6976669999999991,0.4705599999999776,0.2035800000000023,0.335128000000001,0.354769000000001,0.7827593000000004,0.3600320000000039,0.4845420000000011,0.1239270000000019,0.2366639999999975
1014,105,0.1198259999999997,0.2849599999999999,0.3152925,0.1599839999999996,0.3187623000000013,0.1790625000000001,0.2802389999999981,0.283807000000003,0.9848269999999992,0.6730000000000018,0.3052799999999962,0.5074620000000003,0.5052239999999983,1.1208877,0.6572999999999922,0.7888659999999987,0.1776559999999989,0.3101890000000011
1024,106,0.0668430000000022,0.1609619999999996,0.1984387999999999,0.0979159999999996,0.196772300000001,0.1202976000000002,0.1875800000000005,0.2062130000000053,0.7149450000000002,0.495980000000003,0.1873999999999966,0.3320849999999993,0.2397419999999996,0.6747333000000006,0.3658110000000079,0.4825820000000007,0.1229629999999986,0.2630539999999968
1034,107,0.0809400000000017,0.2226239999999997,0.2434364999999996,0.1206569999999995,0.2423553000000016,0.1426625999999999,0.218046000000001,0.2350560000000001,0.834892,0.5685499999999877,0.2092800000000068,0.3642089999999989,0.2694229999999997,0.7970679,0.4603480000000104,0.5784389999999995,0.1412639999999996,0.2920790000000011
1044,108,0.0991970000000002,0.2254570000000004,0.2859293999999996,0.1387009999999993,0.275196300000001,0.1633841,0.2491629999999993,0.2900510000000054,0.9642049999999998,0.6540499999999838,0.2895000000000038,0.4902289999999993,0.5669339999999998,1.1309658000000002,0.5451260000000104,0.676244999999998,0.1609820000000041,0.3131969999999953
1054,109,0.070922000000003,0.1498430000000006,0.1969944999999997,0.0976920000000003,0.1939793000000005,0.1195010999999999,0.1856669999999987,0.2064990000000008,0.7227169999999994,0.5170200000000023,0.1991900000000015,0.3431849999999983,0.255194000000003,0.6347126999999997,0.3482850000000042,0.4930149999999997,0.1246520000000046,0.2718229999999977
1064,110,0.0888650000000019,0.2059189999999997,0.2665324,0.1268599999999988,0.2503933000000007,0.1496718999999999,0.227924999999999,0.2504890000000017,0.8245170000000002,0.5891599999999926,0.2803300000000064,0.4760129999999982,0.4844879999999989,1.0542008999999997,0.5384980000000041,0.668493999999999,0.1491710000000026,0.2574139999999971
1074,111,0.0888650000000019,0.2059189999999997,0.2665324,0.1268599999999988,0.2503933000000007,0.1496718999999999,0.227924999999999,0.2504890000000017,0.8245170000000002,0.5891599999999926,0.2803300000000064,0.4760129999999982,0.4844879999999989,1.0542008999999997,0.5384980000000041,0.668493999999999,0.1491710000000026,0.2574139999999971
1084,112,0.0729250000000014,0.1834819999999997,0.2199195999999998,0.1096389999999996,0.2194283000000005,0.1324424999999998,0.1997040000000005,0.2273220000000009,0.7693779999999997,0.5241999999999791,0.2025699999999943,0.3595919999999992,0.2537899999999986,0.7707031000000004,0.4250800000000083,0.5377799999999979,0.1375579999999985,0.2714909999999975
1094,113,0.0738690000000019,0.1653880000000001,0.2363938000000001,0.1072749999999995,0.2046613000000015,0.1314885000000001,0.1903319999999979,0.247129000000001,0.8422039999999988,0.6023899999999855,0.2456499999999977,0.3894339999999978,0.4280259999999991,0.8265476,0.3640359999999987,0.5559470000000033,0.1307260000000027,0.2962720000000018
1104,114,0.0746970000000004,0.1828000000000003,0.2227271999999995,0.112957999999999,0.2266183000000001,0.1366553000000001,0.2081489999999988,0.2365729999999999,0.7912530000000011,0.5310999999999808,0.2271199999999993,0.3694459999999999,0.368472999999998,0.8674145000000006,0.3987890000000078,0.5458169999999996,0.1419449999999997,0.269917999999997
1114,115,0.1253320000000002,0.2953539999999997,0.3181243,0.1629899999999988,0.3288703000000001,0.1854841999999998,0.3017669999999981,0.3342700000000036,1.087491,0.7345100000000002,0.3253899999999987,0.5188570000000006,0.5126230000000014,1.2332403999999997,0.6603229999999911,0.7934650000000012,0.1834419999999994,0.3530699999999953
1124,116,0.0866889999999998,0.2275650000000002,0.2531642999999999,0.128387,0.2529633000000011,0.1498354000000001,0.2133070000000003,0.2461930000000052,0.8225879999999997,0.5426499999999805,0.213009999999997,0.3967539999999978,0.3667859999999976,0.9040277000000004,0.4962390000000027,0.6612519999999975,0.147629000000002,0.2736739999999997
1134,117,0.1026640000000007,0.2308870000000009,0.2737673999999996,0.1364160000000005,0.2699993000000003,0.1594120999999999,0.2424560000000006,0.2663160000000033,0.8912820000000004,0.6177899999999852,0.281959999999998,0.4800569999999986,0.4673839999999991,1.0915808,0.5617380000000054,0.6979860000000002,0.1609120000000032,0.284996999999997
1144,118,0.0970490000000019,0.2461580000000012,0.2758248999999999,0.1384119999999988,0.278023300000001,0.1597509000000001,0.2463739999999994,0.2637479999999996,0.9122780000000006,0.605419999999981,0.2383200000000016,0.4376619999999995,0.3510629999999999,0.9680893,0.5118069999999904,0.6700999999999979,0.1633190000000013,0.3075890000000001
1154,119,0.1124299999999998,0.2535880000000006,0.2973980999999996,0.1501049999999999,0.2980923000000004,0.1721108,0.2687929999999987,0.2869829999999993,0.9806169999999989,0.6838699999999847,0.3134399999999999,0.5229129999999991,0.5556780000000003,1.1927813,0.6344139999999925,0.7516390000000008,0.1662439999999989,0.3043939999999949
1164,120,-9.9999e+98,0.027927,0.1167425999999993,0.0638329999999989,0.0913343000000015,0.0693507000000002,0.0893619999999977,0.0994460000000003,0.4322829999999982,0.3235699999999895,0.1323100000000039,0.2432510000000007,0.2558959999999999,0.5101316999999996,0.17507599999999,0.2276349999999993,3.0999999999892225e-05,0.166134999999997
1174,121,0.0725990000000003,0.1600809999999999,0.2115355999999995,0.1028020000000005,0.2018063000000012,0.1265689000000001,0.189671999999998,0.230682999999999,0.7902179999999994,0.5628399999999942,0.2257100000000065,0.3520809999999983,0.2944880000000012,0.7281557000000003,0.3789909999999992,0.5230689999999996,0.126894,0.2872190000000003
1184,122,0.1256900000000023,0.3133949999999998,0.3434368999999995,0.1727759999999989,0.3510303000000014,0.1921541000000002,0.3288419999999981,0.3143170000000026,1.060917,0.7484900000000039,0.3512000000000057,0.5208100000000009,0.5803960000000004,1.1917568000000005,0.742646999999991,0.8133429999999997,0.1724779999999981,0.3301979999999958
1194,123,0.127169000000002,0.3256829999999997,0.3596110999999995,0.1779910000000004,0.3675013000000007,0.1968787999999999,0.3557360000000003,0.3371479999999991,1.1464789999999994,0.7522500000000036,0.3221300000000013,0.5131939999999986,0.432264,1.1493684999999996,0.7114689999999939,0.8103320000000025,0.1916569999999993,0.3793870000000012
1204,124,0.08868,0.2097309999999996,0.2618625999999997,0.1275449999999995,0.2510422999999999,0.1514199,0.2305700000000001,0.2748520000000027,0.945204999999998,0.6499000000000024,0.2409300000000058,0.4256039999999998,0.4442029999999981,0.8806281,0.422670999999994,0.6354620000000004,0.1493979999999979,0.3258310000000008
1214,125,0.0826489999999999,0.216648000000001,0.2642340999999994,0.1200159999999996,0.2304393000000004,0.1447733000000002,0.2079929999999983,0.2651409999999998,0.882204999999999,0.5981899999999882,0.2422399999999953,0.4303260000000009,0.4960859999999982,0.9370747,0.4102790000000027,0.6072279999999992,0.1443830000000048,0.2984019999999958
1224,126,0.1458800000000017,0.371265000000001,0.3913836999999995,0.1953700000000005,0.4008613000000007,0.2115676999999998,0.3863880000000002,0.3500270000000043,1.147625999999999,0.816459999999978,0.3915999999999968,0.5566029999999991,0.6738640000000018,1.2345278999999998,0.880201999999997,0.8700930000000007,0.1826640000000026,0.334263
1234,127,0.1233579999999996,0.3068439999999999,0.3364712999999995,0.1694279999999999,0.3428423000000009,0.1884540000000001,0.3205780000000011,0.3007920000000013,1.0387379999999986,0.7349199999999882,0.3438900000000018,0.5207599999999992,0.55199,1.1741288,0.7306400000000082,0.8118300000000005,0.1714950000000001,0.3203109999999967
1244,128,0.0625190000000017,0.1417219999999996,0.1888357999999996,0.0927869999999995,0.1845313000000015,0.1146845,0.1769069999999999,0.2016029999999986,0.6860749999999989,0.475309999999979,0.1871699999999947,0.3427860000000002,0.2806410000000028,0.6426631,0.304078000000004,0.4549230000000008,0.1146480000000025,0.2525070000000013
1254,129,0.11993,0.3001649999999998,0.3263518999999997,0.1612279999999994,0.3280033000000006,0.1795811999999998,0.3028179999999985,0.278299000000004,0.974183,0.6637699999999995,0.2955599999999947,0.4819969999999998,0.4481430000000017,1.0528928999999998,0.6808319999999952,0.7505810000000004,0.1793869999999984,0.3134939999999986
1264,130,0.0718350000000001,0.1531180000000009,0.1904713999999998,0.0960229999999988,0.1876923000000001,0.1190019000000002,0.1706779999999987,0.2076920000000015,0.7035699999999991,0.4899800000000027,0.1918600000000054,0.3106769999999983,0.2576859999999996,0.6876205999999998,0.3843040000000002,0.4892410000000033,0.1197429999999997,0.2544819999999959
1274,131,0.0684770000000014,0.1517250000000007,0.1878593999999998,0.0937199999999993,0.1855713000000012,0.1163322,0.1728640000000005,0.1988580000000013,0.6944419999999987,0.4914699999999925,0.1977200000000039,0.3123609999999992,0.2277869999999993,0.6343812,0.378979000000001,0.4754579999999997,0.1173330000000021,0.2589699999999979
1284,132,0.0924019999999998,0.2214740000000006,0.2565330000000001,0.1312329999999999,0.2601133000000004,0.1542819999999998,0.2306080000000001,0.2615470000000002,0.9062850000000005,0.6058099999999911,0.2367899999999991,0.418965,0.3745860000000007,0.9656383999999996,0.4686900000000094,0.6504979999999989,0.1519720000000006,0.3099479999999985
1294,133,0.0726820000000003,0.1677800000000004,0.2169824999999994,0.1035979999999998,0.2023363000000007,0.1266509,0.1775300000000008,0.2155169999999984,0.7190459999999987,0.488519999999994,0.1811799999999976,0.3301909999999992,0.286209000000003,0.7710175000000001,0.4208430000000049,0.537233999999998,0.1286810000000002,0.2499809999999982
1304,134,0.1238700000000001,0.2859060000000006,0.3267826999999998,0.1646730000000005,0.3356553000000009,0.1860965000000001,0.3107649999999999,0.3336560000000048,1.0980290000000004,0.7305299999999875,0.3164500000000032,0.5016639999999981,0.4528740000000013,1.1630886,0.6377839999999964,0.7743160000000024,0.1824700000000021,0.3629260000000016
1314,135,0.0959269999999996,0.2186520000000005,0.2595657999999998,0.1296379999999999,0.2605073000000004,0.1536528000000001,0.2376970000000007,0.2656100000000023,0.8793900000000008,0.595249999999993,0.2627899999999954,0.4225829999999995,0.4401049999999991,1.0045986000000005,0.5094219999999865,0.6324940000000012,0.1559000000000026,0.2876419999999982
1324,136,0.0989610000000027,0.2623899999999999,0.2889187,0.1418800000000004,0.2891003000000012,0.1612331999999998,0.2636029999999998,0.2609860000000026,0.9376029999999992,0.6279299999999921,0.2366600000000005,0.4026110000000003,0.3226480000000009,0.8878526999999998,0.5213200000000029,0.6604600000000005,0.1610470000000035,0.3291539999999955
1334,137,0.0093030000000027,0.1105280000000004,0.1630528,0.0782659999999992,0.1504253000000002,0.0989121000000001,0.1408959999999979,0.1554410000000032,0.5772659999999981,0.3953199999999981,0.1621099999999984,0.2953899999999976,0.2911959999999993,0.6270635000000002,0.2792369999999948,0.3559859999999979,0.0955360000000027,0.2099520000000012
1344,138,0.0747320000000009,0.1687030000000007,0.2199358999999994,0.1056340000000002,0.2068533000000005,0.1294531999999999,0.1892150000000008,0.2294079999999994,0.7864229999999992,0.550139999999999,0.2158699999999953,0.3585169999999991,0.3058799999999984,0.7453401999999993,0.4041629999999969,0.5372459999999997,0.132874000000001,0.2825279999999992
1354,139,0.1077270000000005,0.2500370000000007,0.2904232999999996,0.1488279999999999,0.2966043000000002,0.1708026,0.2671700000000001,0.3085000000000022,1.039673999999998,0.6973899999999844,0.2758500000000055,0.4688769999999991,0.4657739999999997,1.0813465999999998,0.5092769999999973,0.7301059999999993,0.1707290000000014,0.3526009999999999
1364,140,0.0719770000000004,0.1691660000000006,0.2019684000000001,0.1010340000000002,0.1996853000000005,0.123482,0.1780769999999982,0.2030260000000012,0.6710959999999986,0.458469999999977,0.1967999999999961,0.3364480000000007,0.2917580000000015,0.7781681000000003,0.4132359999999977,0.5254030000000007,0.1260310000000046,0.2318139999999999
1374,141,0.0573830000000015,0.1377810000000003,0.1765308000000001,0.0858889999999998,0.1696573000000008,0.1078199999999998,0.1545020000000008,0.1761260000000035,0.5986760000000011,0.4086999999999818,0.1759200000000049,0.3192799999999991,0.241773000000002,0.6563971000000004,0.3559359999999998,0.4283450000000002,0.1076410000000009,0.2192019999999956
1384,142,0.0965750000000014,0.2375810000000005,0.2703683999999997,0.1376299999999997,0.2715493000000002,0.1600646000000001,0.232098999999998,0.2766610000000042,0.9497719999999994,0.6274200000000008,0.2292000000000058,0.3997829999999993,0.3514159999999968,0.9517911999999996,0.4953589999999934,0.6729470000000006,0.1617390000000043,0.326315000000001
1394,143,0.0954010000000025,0.2374799999999997,0.2657813999999998,0.1341920000000005,0.2660423000000005,0.1546967999999999,0.2368029999999983,0.2444050000000004,0.8365709999999993,0.581499999999977,0.2594899999999995,0.4421679999999988,0.4369300000000002,0.9778784000000008,0.5466579999999936,0.680805000000003,0.1537240000000039,0.2623570000000015
1404,144,0.0840120000000013,0.2150569999999998,0.2471223,0.1248989999999992,0.2489132999999999,0.1483742000000001,0.2355519999999984,0.2721939999999989,0.9463210000000012,0.6751299999999958,0.2732799999999997,0.4003869999999985,0.3015040000000013,0.8042524999999996,0.4508149999999915,0.6148409999999984,0.1464380000000034,0.3421319999999994
1414,145,0.0840120000000013,0.2150569999999998,0.2471223,0.1248989999999992,0.2489132999999999,0.1483742000000001,0.2355519999999984,0.2721939999999989,0.9463210000000012,0.6751299999999958,0.2732799999999997,0.4003869999999985,0.3015040000000013,0.8042524999999996,0.4508149999999915,0.6148409999999984,0.1464380000000034,0.3421319999999994
1424,146,0.1108950000000028,0.2713479999999997,0.2994861999999996,0.1512969999999995,0.3043213000000015,0.1695953999999999,0.290067999999998,0.2594410000000025,0.9254630000000006,0.6601799999999969,0.3216600000000085,0.540817999999998,0.5745879999999985,1.1103008,0.6871689999999973,0.7682940000000009,0.1782350000000008,0.2672269999999983
1434,147,0.1313440000000021,0.314845,0.3474108999999998,0.176150999999999,0.3569433000000011,0.1963656,0.3323679999999989,0.3268790000000052,1.106268,0.7719899999999882,0.3590700000000026,0.5420949999999998,0.589341000000001,1.2610101,0.7518960000000021,0.8400709999999982,0.1861609999999984,0.3454669999999993
1444,148,0.1313440000000021,0.314845,0.3474108999999998,0.176150999999999,0.3569433000000011,0.1963656,0.3323679999999989,0.3268790000000052,1.106268,0.7719899999999882,0.3590700000000026,0.5420949999999998,0.589341000000001,1.2610101,0.7518960000000021,0.8400709999999982,0.1861609999999984,0.3454669999999993
1454,149,0.1269670000000005,0.3077370000000012,0.3342238000000002,0.169967999999999,0.3437273000000012,0.1909776,0.3183730000000011,0.3259889999999998,1.087900999999999,0.7540099999999939,0.345640000000003,0.5319749999999992,0.5621609999999997,1.2427877,0.7118789999999962,0.8066269999999989,0.1960200000000043,0.3426329999999993
1464,150,0.1006140000000002,0.2395940000000003,0.2752441999999995,0.1383919999999996,0.2780563000000011,0.160422,0.2521470000000008,0.2784480000000044,0.9505659999999984,0.6388999999999783,0.2503700000000037,0.4148220000000009,0.3244009999999981,0.9655326999999998,0.4946950000000072,0.6669309999999982,0.1666620000000023,0.3283619999999985
1474,151,0.1006140000000002,0.2395940000000003,0.2752441999999995,0.1383919999999996,0.2780563000000011,0.160422,0.2521470000000008,0.2784480000000044,0.9505659999999984,0.6388999999999783,0.2503700000000037,0.4148220000000009,0.3244009999999981,0.9655326999999998,0.4946950000000072,0.6669309999999982,0.1666620000000023,0.3283619999999985
1484,152,0.1105720000000012,0.2637460000000011,0.2961147999999998,0.1491659999999992,0.2996403000000001,0.1698134000000002,0.2678699999999985,0.2985480000000038,1.0086849999999998,0.6708699999999794,0.2583699999999993,0.4426459999999999,0.3792750000000033,1.044099,0.5137349999999969,0.717366000000002,0.1727880000000041,0.342068999999995
1494,153,0.1301640000000006,0.3162120000000001,0.3350741999999993,0.1722400000000004,0.3464993000000014,0.1941136000000001,0.3175299999999978,0.3754210000000029,1.1915619999999976,0.7948999999999842,0.33108,0.5365359999999981,0.5543739999999993,1.2758195999999993,0.6292669999999987,0.8285769999999992,0.191794999999999,0.3934080000000008
1504,154,0.1131109999999999,0.2658290000000001,0.2983852999999996,0.1521910000000002,0.3026033000000012,0.1725363999999998,0.2667549999999998,0.2861970000000013,0.9750179999999986,0.6590999999999951,0.2856000000000023,0.4829319999999981,0.4538790000000006,1.1089807,0.590873000000002,0.7533589999999997,0.1777060000000005,0.3069709999999972
1514,155,0.0830720000000013,0.1874580000000012,0.2493515999999997,0.1196889999999992,0.2357133000000004,0.1431347,0.222923999999999,0.263380000000005,0.887283,0.6103099999999984,0.2425400000000053,0.4279270000000004,0.4184009999999993,0.8780374999999996,0.37957999999999,0.5996109999999994,0.144243000000003,0.3089379999999977
1524,156,0.1000189999999996,0.2322000000000006,0.2839070999999995,0.1381009999999989,0.2720383000000002,0.1618938000000001,0.2419329999999995,0.2873190000000036,0.9439379999999992,0.6399600000000021,0.2765100000000018,0.4731409999999982,0.4886459999999992,1.1077903999999998,0.5237089999999966,0.688483999999999,0.1632490000000004,0.3121469999999959
1534,157,0.0942490000000013,0.2230730000000012,0.2604573999999999,0.1321250000000002,0.2652983000000013,0.1556576999999999,0.2410810000000012,0.2675100000000014,0.905424,0.6094599999999843,0.2587199999999967,0.4117859999999993,0.4113779999999991,0.9982876000000004,0.487021999999996,0.6393380000000022,0.1548920000000038,0.3011100000000013
1544,158,0.0853970000000003,0.2105600000000009,0.2433282999999999,0.1212559999999989,0.2462863000000013,0.1439919999999999,0.2306179999999997,0.2395229999999983,0.8375479999999982,0.5609999999999786,0.2349999999999994,0.4021459999999983,0.2850459999999977,0.8671043000000003,0.4474549999999908,0.5853090000000023,0.1442630000000022,0.2915519999999958
1554,159,0.0876000000000019,0.2197069999999996,0.2490282999999999,0.1236029999999992,0.2501083000000008,0.1458835999999999,0.230595000000001,0.2400349999999989,0.8520359999999982,0.5762599999999907,0.2302600000000012,0.3914399999999993,0.287120999999999,0.8372923999999999,0.4710199999999958,0.5972089999999994,0.1454980000000034,0.3005390000000005
1564,160,0.0615210000000026,0.1424390000000013,0.1877392999999996,0.0927509999999998,0.183568300000001,0.1153985999999998,0.173648,0.203679000000001,0.6815369999999987,0.4668599999999969,0.1858000000000004,0.3428669999999982,0.2701409999999988,0.6840057000000002,0.3367939999999976,0.4610100000000017,0.1160449999999997,0.2464299999999966
1574,161,0.0615210000000026,0.1424390000000013,0.1877392999999996,0.0927509999999998,0.183568300000001,0.1153985999999998,0.173648,0.203679000000001,0.6815369999999987,0.4668599999999969,0.1858000000000004,0.3428669999999982,0.2701409999999988,0.6840057000000002,0.3367939999999976,0.4610100000000017,0.1160449999999997,0.2464299999999966
1584,162,0.1311549999999997,0.337219000000001,0.3660125000000001,0.181445,0.3736373000000004,0.2004473999999998,0.3612970000000004,0.3488870000000048,1.1569070000000004,0.7623299999999915,0.3307300000000026,0.5252149999999993,0.4557109999999973,1.1844406000000005,0.7365980000000008,0.8163029999999978,0.1876960000000025,0.3768910000000005
1594,163,0.0773749999999999,0.1818950000000008,0.2209367999999996,0.1122289999999992,0.2240293000000015,0.1357408000000002,0.2027070000000002,0.2347120000000018,0.7706729999999986,0.5217299999999909,0.2258099999999956,0.3657089999999989,0.3133170000000014,0.8641791999999997,0.4271850000000086,0.5591670000000022,0.1417870000000007,0.2665140000000008
1604,164,0.1252209999999998,0.3101050000000001,0.3315988000000001,0.1672219999999988,0.3341553000000008,0.1903445000000001,0.3045100000000005,0.3519670000000019,1.1425400000000003,0.7749499999999898,0.3404500000000041,0.563682,0.6488450000000014,1.3229725000000006,0.6761340000000047,0.8043219999999991,0.1906630000000007,0.3648659999999992
1614,165,0.1524180000000008,0.3727359999999997,0.3988877999999998,0.2026249999999994,0.4082392999999999,0.2189499999999999,0.3489800000000009,0.3937160000000048,1.2489950000000007,0.7803099999999858,0.2999499999999955,0.5504509999999989,0.6185180000000017,1.3041826000000007,0.7778689999999955,0.9166050000000006,0.1928449999999983,0.378233999999999
1624,166,0.1154410000000005,0.256945,0.2991484,0.1513910000000002,0.300797300000001,0.1734987000000001,0.2696529999999981,0.2980659999999986,0.9968730000000008,0.6858000000000004,0.3104200000000077,0.5218260000000008,0.5273090000000025,1.1945290000000002,0.6277670000000057,0.7586060000000003,0.1712309999999988,0.3179149999999993
1634,167,0.0592129999999997,0.130122,0.1989046999999999,0.0914959999999993,0.1781043000000011,0.1141051000000001,0.1681670000000004,0.2038229999999998,0.6910360000000004,0.4752900000000011,0.185850000000002,0.3326329999999977,0.3489349999999973,0.7109879000000001,0.2937969999999978,0.448048,0.1127660000000005,0.2455280000000002
1644,168,0.0976970000000001,0.23034,0.2670319999999995,0.1349409999999995,0.2715703000000005,0.1577657999999999,0.2526599999999988,0.2786400000000029,0.9468689999999996,0.6362999999999772,0.2617800000000017,0.4476379999999977,0.3250530000000005,0.9796892,0.4962429999999926,0.6676859999999998,0.1616509999999991,0.3361119999999999
1654,169,0.1192480000000024,0.2941669999999998,0.3209255999999998,0.1585269999999994,0.3249703000000004,0.1781559000000001,0.3051290000000008,0.2797780000000003,0.9732069999999986,0.6618699999999933,0.3004800000000074,0.4793669999999999,0.4534059999999975,1.0747870000000006,0.6859039999999936,0.7267500000000027,0.1747289999999992,0.3158090000000015
1664,170,0.0942749999999996,0.2415680000000009,0.2685566000000001,0.1339459999999999,0.2684543000000001,0.1532944999999999,0.2499819999999992,0.2352789999999984,0.813054000000001,0.573679999999996,0.2634400000000028,0.4451040000000006,0.4554399999999994,0.9441552,0.5589949999999959,0.6849310000000024,0.1536140000000045,0.2484320000000011
1674,171,0.0944510000000029,0.2571110000000001,0.2749338999999997,0.1370930000000001,0.2733233000000012,0.1557577000000001,0.2443109999999997,0.2284010000000051,0.8085859999999983,0.5447899999999777,0.2414100000000019,0.4387769999999982,0.421361000000001,0.8954396000000004,0.564858000000001,0.6960180000000022,0.1586190000000016,0.2524799999999985
1684,172,0.119613000000001,0.2746220000000008,0.3097821999999999,0.1560639999999988,0.3160883000000005,0.1772662,0.289127999999998,0.2998180000000019,1.0232279999999996,0.6875900000000001,0.2986800000000045,0.4643580000000007,0.4247570000000031,1.1036225000000002,0.6183419999999984,0.7516199999999991,0.1721059999999994,0.341947999999995
1694,173,0.0692560000000028,0.1726320000000001,0.2025318999999994,0.0994379999999992,0.2015923000000015,0.1214476000000002,0.1839159999999999,0.1886240000000043,0.6607909999999997,0.4465599999999767,0.1925099999999986,0.3318179999999984,0.2603379999999973,0.7128244000000006,0.3994530000000083,0.4843830000000011,0.1216690000000042,0.2368839999999963
1704,174,0.0899350000000005,0.2204329999999998,0.2578291999999997,0.1299790000000005,0.2595473000000012,0.1530903999999999,0.2441040000000001,0.2774390000000011,0.9692520000000008,0.6824900000000014,0.2684799999999967,0.4184920000000005,0.3212539999999997,0.8466756000000002,0.4576289999999972,0.6337490000000017,0.1516659999999987,0.3498769999999993
1714,175,0.1075499999999998,0.2696690000000004,0.3029826,0.1478450000000002,0.2924553000000003,0.1712082999999999,0.2631750000000004,0.3104849999999999,1.0384329999999975,0.6999500000000012,0.2915200000000055,0.4964419999999983,0.5635080000000023,1.1643146,0.5330829999999906,0.718321999999997,0.1691149999999979,0.3425979999999953
1724,176,0.1283670000000007,0.3133850000000002,0.3468276999999995,0.1758220000000001,0.3566303000000008,0.1968063999999998,0.3291389999999978,0.374959000000004,1.179867999999999,0.7861899999999764,0.3331699999999955,0.5421219999999991,0.542311999999999,1.250762,0.6684640000000002,0.8328759999999988,0.2015990000000016,0.3847529999999963
1734,177,0.1140390000000017,0.2656729999999996,0.2947008999999996,0.1516609999999989,0.2982203000000005,0.1710932999999999,0.2601189999999995,0.2733460000000036,0.939004999999998,0.6327699999999936,0.2892200000000002,0.5293840000000003,0.5239480000000007,1.1172607999999995,0.6185930000000042,0.7780519999999989,0.1782099999999999,0.2849609999999956
1744,178,0.0739220000000031,0.1749749999999998,0.2198251999999998,0.1072769999999998,0.212264300000001,0.1307404999999999,0.1915249999999986,0.2267950000000027,0.7607329999999983,0.5181599999999946,0.205520000000007,0.3697659999999985,0.2853290000000008,0.7958909000000007,0.4177290000000084,0.5409229999999994,0.1315020000000046,0.2708079999999953
1754,179,0.1204580000000028,0.2850650000000012,0.3158639999999995,0.1603309999999993,0.3211873,0.1799756000000001,0.2941129999999994,0.2968499999999991,1.002751,0.7042399999999986,0.3272400000000033,0.5224699999999984,0.5361599999999989,1.1652328999999997,0.6749200000000002,0.7912640000000017,0.1822999999999979,0.3124889999999993
1764,180,0.0996380000000023,0.2379329999999999,0.2702535999999993,0.1347629999999995,0.2742003000000004,0.1568534000000001,0.2518269999999987,0.2620350000000044,0.8971829999999983,0.6015500000000031,0.259200000000007,0.4350670000000001,0.3432490000000001,0.9553160000000008,0.5226320000000015,0.6444990000000033,0.1579550000000011,0.3081409999999991
1774,181,0.0996380000000023,0.2379329999999999,0.2702535999999993,0.1347629999999995,0.2742003000000004,0.1568534000000001,0.2518269999999987,0.2620350000000044,0.8971829999999983,0.6015500000000031,0.259200000000007,0.4350670000000001,0.3432490000000001,0.9553160000000008,0.5226320000000015,0.6444990000000033,0.1579550000000011,0.3081409999999991
1784,182,0.1280409999999996,0.3401580000000006,0.3589922999999997,0.1802549999999989,0.3617763000000007,0.1972255999999999,0.3074960000000004,0.3145130000000051,1.077338000000001,0.693489999999997,0.2795300000000082,0.5265640000000005,0.5049700000000001,1.1243948,0.7148910000000086,0.8322700000000012,0.1720400000000026,0.3370260000000016
1794,183,0.122364000000001,0.283239,0.3135366999999993,0.1585429999999998,0.3198623000000005,0.1790633999999999,0.2945530000000005,0.3029210000000049,1.0002059999999986,0.6949699999999837,0.3181799999999981,0.492996999999999,0.5016800000000003,1.1584316,0.6695629999999966,0.7781560000000027,0.1805020000000041,0.315497999999998
1804,184,0.0895840000000021,0.2282960000000002,0.2568563999999993,0.1324579999999997,0.2575003000000002,0.1500498000000001,0.2613780000000005,0.2275070000000028,0.8605710000000002,0.5715999999999894,0.2648000000000081,0.5248910000000002,0.5436440000000005,0.9675159999999998,0.6745530000000031,0.752199000000001,0.1590990000000047,0.2215429999999969
1814,185,0.080095,0.1780150000000002,0.2392545999999997,0.1157819999999993,0.2306273000000001,0.1393434,0.217928999999998,0.2483410000000034,0.8479849999999978,0.5742799999999875,0.2283299999999997,0.3936770000000003,0.3839329999999989,0.8545153000000001,0.369771,0.5652639999999991,0.1408339999999981,0.2952189999999959
1824,186,-9.9999e+98,0.0997210000000006,0.1740404999999993,0.0769539999999988,0.1402663000000004,0.0968835999999999,0.1325450000000003,0.1655920000000037,0.6061720000000008,0.4418000000000006,0.1796700000000015,0.3023600000000002,0.2934990000000006,0.6667009999999998,0.2739010000000093,0.3763850000000026,0.0520010000000041,0.2236539999999962
1834,187,0.1248390000000014,0.2945190000000011,0.3309435,0.167349999999999,0.3404403000000009,0.188911,0.3147279999999988,0.3344140000000024,1.1125499999999988,0.7426099999999849,0.3234800000000035,0.5165170000000003,0.4924490000000006,1.2008543000000005,0.6590549999999951,0.7943940000000005,0.1901319999999984,0.3648060000000015
1844,188,0.1247620000000004,0.3009710000000005,0.3145991999999999,0.1598550000000003,0.3193843000000012,0.1827800000000001,0.2904349999999986,0.3424350000000018,1.115676999999998,0.748139999999978,0.315259999999995,0.5134499999999989,0.5556699999999992,1.2181062000000002,0.5823460000000011,0.7715130000000023,0.1779030000000006,0.3715569999999957
1854,189,0.1008220000000008,0.2580030000000004,0.2854982999999995,0.142595,0.2885813000000006,0.1634150999999999,0.2609239999999992,0.2746550000000027,0.9339410000000008,0.625649999999979,0.2625400000000013,0.4508069999999975,0.3619369999999975,0.9870161,0.5441909999999979,0.6856989999999996,0.1707650000000029,0.317504999999997
1864,190,0.0957050000000023,0.2489280000000011,0.2696328999999995,0.1360530000000004,0.2704222999999999,0.1567538000000001,0.2253559999999979,0.2503010000000003,0.851108,0.5516599999999983,0.2124400000000008,0.4289939999999994,0.3820680000000003,0.9296316000000004,0.5259140000000002,0.6819190000000006,0.1561280000000025,0.2828960000000009
1874,191,-9.9999e+98,0.1069460000000006,0.1336502999999993,0.0638120000000004,0.1232053000000004,0.0827960999999999,0.1163500000000006,0.1077520000000049,0.4821239999999989,0.3465999999999951,0.1378899999999987,0.2290859999999988,0.1658629999999981,0.4366439000000008,0.2859859999999941,0.2982999999999975,0.0509270000000015,0.1871170000000006
1884,192,0.0777140000000002,0.1727480000000003,0.2378786999999995,0.1100650000000005,0.2147313000000004,0.1336884,0.1909089999999977,0.2303580000000025,0.7502679999999984,0.5133999999999901,0.2230100000000021,0.3878589999999988,0.3669480000000007,0.9119488000000002,0.4271009999999933,0.563288,0.1342440000000024,0.2467679999999958
1894,193,0.1138329999999996,0.2686539999999997,0.3096411999999997,0.1557820000000003,0.3176213000000008,0.1772068,0.2972450000000002,0.3151040000000051,1.0560599999999989,0.7023599999999988,0.3029599999999988,0.5012259999999991,0.389332999999997,1.0972733000000003,0.5929220000000015,0.7533919999999981,0.1718650000000039,0.3578940000000017
1904,194,0.0960300000000025,0.2331020000000006,0.2697851,0.1365990000000003,0.2719513000000013,0.1594692000000002,0.2586769999999987,0.3091059999999999,1.0438669999999988,0.7521199999999908,0.311940000000007,0.4274990000000009,0.3172180000000004,0.8450514999999998,0.4884700000000066,0.6658369999999998,0.1613940000000013,0.3760270000000005
1914,195,0.1271470000000008,0.3153780000000008,0.3419610999999998,0.172765,0.3461953000000015,0.1896966999999998,0.3196349999999981,0.2861240000000009,1.0253429999999994,0.7020599999999888,0.327539999999999,0.5572599999999994,0.5762970000000003,1.1443237999999996,0.7447480000000013,0.8484429999999996,0.1874680000000026,0.2957299999999989
1924,196,0.1043470000000006,0.2495229999999999,0.2859660000000001,0.1458390000000005,0.2931373000000015,0.1678812,0.2657600000000002,0.2907909999999987,0.9788879999999978,0.6592399999999827,0.2865100000000069,0.4573839999999975,0.3958899999999978,1.0740090000000002,0.5602710000000002,0.7188680000000005,0.1668069999999986,0.3333549999999974
1934,197,0.0777560000000008,0.206652,0.2273217999999994,0.1132659999999994,0.2269783000000007,0.1351797000000001,0.2010369999999994,0.2095090000000041,0.7370829999999984,0.4953899999999862,0.2010700000000014,0.3745370000000001,0.307268999999998,0.7906702999999995,0.4534519999999986,0.5683959999999999,0.1411230000000003,0.2581739999999968
1944,198,0.1161190000000012,0.2575820000000011,0.300052,0.1527719999999988,0.3069093000000009,0.1744764000000001,0.2798920000000002,0.3017269999999996,1.010069999999999,0.6873099999999965,0.2979600000000033,0.4778579999999977,0.463279,1.1346793000000002,0.6140849999999887,0.7464100000000009,0.1667210000000025,0.3259320000000016
1954,199,0.1156400000000026,0.2782870000000006,0.3088533,0.1580969999999997,0.3165063000000003,0.1773877000000001,0.2996139999999982,0.2795890000000014,0.991571999999998,0.7104599999999834,0.3470800000000054,0.5837679999999992,0.6467020000000012,1.1982938,0.7206789999999899,0.8014510000000001,0.1736339999999998,0.2864539999999991
1964,200,0.1242160000000005,0.3070320000000013,0.3402101999999996,0.170501999999999,0.3444353000000006,0.1892247,0.3055549999999982,0.3229510000000033,1.0849329999999997,0.7144099999999867,0.2852500000000049,0.4991430000000001,0.418136999999998,1.1043906999999995,0.6429150000000021,0.7995629999999991,0.1793490000000019,0.3562299999999965
1974,201,0.0957810000000023,0.240024,0.2690526999999996,0.1347159999999991,0.268975300000001,0.1555805999999999,0.239923000000001,0.248346000000005,0.8544239999999981,0.5815399999999897,0.2470700000000079,0.4072439999999986,0.3833139999999986,0.9450190000000004,0.5161729999999949,0.6692869999999971,0.154161000000002,0.2773630000000011
1984,202,0.1102260000000008,0.2795110000000012,0.3057511000000001,0.1521949999999989,0.3074593000000014,0.1711491,0.2737480000000012,0.2765710000000041,0.9338099999999976,0.6235299999999881,0.2685400000000015,0.4756239999999998,0.4248699999999985,1.0141294999999992,0.6170339999999896,0.7329080000000019,0.1766280000000009,0.3081940000000003
1994,203,0.0932560000000002,0.2166740000000011,0.2520769999999999,0.1274040000000003,0.2565623000000006,0.1506470000000002,0.2366099999999988,0.2560470000000023,0.8869369999999996,0.5960999999999785,0.2517200000000059,0.4208329999999982,0.3308890000000026,0.9439335,0.4682640000000049,0.6345519999999993,0.1494789999999994,0.3068969999999993
2004,204,0.0928800000000009,0.2521699999999995,0.2679045999999996,0.1356710000000003,0.2637643,0.1542735999999998,0.2277559999999994,0.2326580000000007,0.8108830000000005,0.5244999999999891,0.21781,0.4302099999999988,0.3968530000000001,0.8617227000000005,0.51552199999999,0.6994120000000024,0.1552870000000012,0.2395810000000011
2014,205,0.0975540000000023,0.2242340000000009,0.2599321999999997,0.1319870000000005,0.2656223000000004,0.1557059,0.2426309999999993,0.2641750000000016,0.8892379999999989,0.6017699999999877,0.2644200000000012,0.4213570000000004,0.4201189999999997,1.0052211,0.5208999999999975,0.6421330000000012,0.1595680000000001,0.2935629999999989
2024,206,-9.9999e+98,0.1082870000000006,0.1777864999999998,0.0818609999999999,0.1503913000000007,0.1023809999999998,0.1420199999999987,0.1791559999999989,0.6451749999999983,0.4722799999999836,0.1934399999999954,0.3199979999999982,0.2982449999999979,0.6982033000000003,0.2910030000000034,0.4114439999999995,0.1004170000000002,0.2418210000000016
2034,207,0.0960090000000022,0.2325739999999996,0.2694427999999993,0.1358610000000002,0.2724803000000015,0.1583936999999999,0.2551500000000004,0.2871030000000019,0.9770059999999994,0.6682600000000036,0.2527400000000028,0.4395199999999981,0.3187940000000004,0.9138503,0.4845090000000027,0.6647440000000024,0.1608659999999986,0.3472730000000013
2044,208,0.1110439999999997,0.2635199999999997,0.3008821999999993,0.1521679999999996,0.3065853,0.1734157,0.2815949999999994,0.3122970000000009,1.0559529999999988,0.7090199999999811,0.2857599999999962,0.4846749999999993,0.3681410000000014,1.0753320000000004,0.5482580000000041,0.7443680000000015,0.1755500000000012,0.3667499999999961
2054,209,0.1110439999999997,0.2635199999999997,0.3008821999999993,0.1521679999999996,0.3065853,0.1734157,0.2815949999999994,0.3122970000000009,1.0559529999999988,0.7090199999999811,0.2857599999999962,0.4846749999999993,0.3681410000000014,1.0753320000000004,0.5482580000000041,0.7443680000000015,0.1755500000000012,0.3667499999999961
2064,210,0.105203000000003,0.2426640000000013,0.2830526999999998,0.1456179999999989,0.2917183000000012,0.1686046999999999,0.266334999999998,0.3060820000000035,1.0174999999999983,0.6825699999999983,0.2885399999999976,0.4632310000000004,0.4633099999999999,1.1130281999999996,0.5235250000000065,0.7070110000000014,0.1688669999999987,0.3439229999999966
2074,211,0.0965970000000027,0.2247060000000011,0.2706992999999995,0.1350160000000002,0.2686663000000013,0.1585665999999999,0.2420919999999995,0.2776059999999987,0.9214899999999986,0.6255099999999914,0.2656099999999952,0.4371919999999996,0.451668999999999,1.0443201000000002,0.5003020000000049,0.6636130000000016,0.1599550000000036,0.2982709999999997
2084,212,0.1279460000000014,0.3095790000000011,0.3237372,0.1675629999999994,0.3314032999999998,0.1875855999999998,0.2913189999999979,0.3109940000000009,1.055305999999998,0.7281699999999773,0.3364399999999961,0.589655999999998,0.6132039999999996,1.2657222,0.7113339999999937,0.8367670000000018,0.1859490000000008,0.3167739999999952
2094,213,0.1064550000000004,0.2782910000000012,0.2980326999999994,0.1495549999999994,0.2977413000000002,0.1669098,0.2681450000000005,0.2434179999999983,0.8839819999999996,0.5949099999999987,0.2687800000000067,0.4822799999999994,0.4668409999999987,0.9749543000000004,0.6173569999999984,0.7531829999999999,0.174826000000003,0.262478999999999
2104,214,0.1236530000000009,0.2946000000000008,0.3274507999999994,0.1668409999999998,0.3322373000000009,0.1859533,0.2927399999999984,0.3032420000000044,1.0306679999999986,0.7062599999999861,0.3199599999999947,0.5385939999999998,0.5412280000000003,1.1814165,0.6921329999999983,0.8194040000000022,0.1794429999999991,0.3162669999999963
2114,215,0.1037680000000023,0.2414480000000001,0.2729680999999999,0.139272,0.2768402999999999,0.1607048999999998,0.2477429999999998,0.2645839999999992,0.8792809999999989,0.6194399999999973,0.2917599999999964,0.4859079999999984,0.4830939999999977,1.0651412999999996,0.5895689999999973,0.7148649999999996,0.1598090000000027,0.2784489999999948
2124,216,0.0781930000000024,0.1675430000000002,0.2308431999999998,0.1107689999999994,0.2170263000000005,0.135046,0.1988009999999995,0.2396799999999999,0.8050469999999983,0.5463900000000024,0.2233099999999979,0.3846689999999988,0.3796600000000012,0.8585317000000003,0.3936169999999919,0.5557419999999986,0.1387089999999986,0.2799029999999973
2134,217,0.0749170000000027,0.2264739999999996,0.2397134999999997,0.1238919999999996,0.2500572999999999,0.1417687,0.3157180000000004,0.2756140000000044,0.9222789999999996,0.6074299999999937,0.3004999999999995,0.518025999999999,0.807032999999997,1.4403753000000004,0.913160999999988,0.7076209999999996,0.1331950000000006,0.2978179999999994
2144,218,0.116931000000001,0.2787560000000013,0.3166452999999993,0.1594289999999993,0.3246583000000012,0.1809566,0.3031970000000008,0.330840000000002,1.0874670000000002,0.7206899999999905,0.3039200000000051,0.4949039999999982,0.4655450000000023,1.1300466,0.5878650000000079,0.7536510000000014,0.1760580000000047,0.3617319999999964
2154,219,0.0917589999999997,0.228371000000001,0.2578318999999993,0.1302399999999988,0.2611633000000015,0.1527653,0.2353379999999987,0.2507969999999986,0.8543129999999977,0.5796799999999962,0.2530299999999954,0.4065030000000007,0.3645750000000021,0.9635808,0.5114240000000052,0.6546479999999981,0.1525450000000034,0.284402
2164,220,0.1066050000000018,0.2508239999999997,0.2863112999999995,0.1453699999999997,0.2904453,0.1667988999999998,0.2591199999999993,0.2974930000000029,1.0000289999999978,0.6673600000000022,0.2570500000000066,0.4445829999999979,0.4169330000000002,1.038323200000001,0.4979739999999992,0.7047179999999997,0.1703060000000036,0.3371220000000008
2174,221,0.1385670000000018,0.3233890000000006,0.3738358999999995,0.1881269999999997,0.3846012999999999,0.2071743999999999,0.3642000000000003,0.3967530000000039,1.2777729999999998,0.8400000000000034,0.3489500000000021,0.5944380000000002,0.5805389999999981,1.2623955999999996,0.6707640000000055,0.8796900000000001,0.1945529999999991,0.4150449999999992
2184,222,0.0861590000000021,0.2115200000000001,0.2496400999999997,0.1261770000000002,0.2498913000000016,0.1500387,0.2357820000000003,0.2738720000000043,0.956284,0.6766299999999887,0.2696800000000081,0.4119320000000002,0.3237650000000016,0.8449906999999999,0.4555539999999922,0.6293140000000008,0.1499379999999988,0.3457469999999958
2194,223,0.1065920000000026,0.2558830000000007,0.2929760999999997,0.1475480000000004,0.2966563000000004,0.1686586999999999,0.2737589999999983,0.3030100000000004,1.0408270000000002,0.7026099999999929,0.2641299999999944,0.4404879999999984,0.3871320000000011,0.9946672999999996,0.496641000000011,0.710642,0.178139999999999,0.3627759999999966
2204,224,0.0891650000000012,0.1946110000000001,0.2464534,0.1251809999999995,0.250217300000001,0.1492797999999999,0.2291109999999996,0.2608360000000047,0.8771780000000007,0.5889999999999986,0.2533200000000022,0.4101639999999982,0.4008499999999984,0.9674997000000004,0.4435940000000045,0.6180060000000012,0.1532680000000041,0.2959600000000009
2214,225,0.1160740000000011,0.2540570000000013,0.2992034999999999,0.1494949999999999,0.2991203000000002,0.1731608000000002,0.2729669999999977,0.3122310000000041,1.0222289999999994,0.6944699999999955,0.3104399999999998,0.5145699999999991,0.5942749999999997,1.1974378999999995,0.615161999999998,0.7263169999999981,0.1644270000000034,0.3285009999999957
2224,226,0.082417000000003,0.189725000000001,0.2269179999999995,0.1156310000000004,0.2284753000000012,0.1383676,0.2017959999999981,0.2290710000000047,0.760705999999999,0.5166600000000017,0.2248600000000067,0.3842840000000009,0.3418270000000021,0.8968327999999994,0.4630379999999974,0.5968930000000015,0.1471510000000009,0.2577619999999996
2234,227,0.0778750000000023,0.1749419999999997,0.2353303999999996,0.1104679999999991,0.2165793000000011,0.1345098,0.1940889999999981,0.2381770000000003,0.7845249999999986,0.5318099999999788,0.2184600000000074,0.3736110000000003,0.3711219999999997,0.8675927999999997,0.4028320000000036,0.5541790000000013,0.1344940000000036,0.2682980000000015
2244,228,0.0762600000000013,0.1764890000000001,0.2204391999999995,0.1093139999999994,0.2150393000000008,0.1330928999999998,0.1946890000000003,0.2312820000000002,0.7926129999999993,0.5461799999999926,0.2095000000000055,0.3492439999999988,0.2984670000000022,0.7771287000000004,0.416207,0.5529110000000017,0.1382219999999989,0.2826710000000005
2254,229,0.1306229999999999,0.3094300000000007,0.3483904999999998,0.175241999999999,0.3536023000000003,0.1942503000000002,0.3196960000000004,0.3568430000000049,1.1786619999999992,0.7826499999999896,0.2979200000000048,0.4963049999999995,0.449702000000002,1.1610645999999996,0.5924939999999879,0.8242769999999986,0.1797770000000014,0.3937880000000007
2264,230,0.125236000000001,0.3062769999999997,0.3384732000000001,0.1721089999999989,0.3435193000000005,0.1910037999999998,0.3029189999999992,0.3120930000000044,1.0652799999999978,0.7282299999999964,0.3275600000000054,0.5361839999999987,0.5420370000000005,1.1976829999999996,0.7034370000000081,0.832494999999998,0.1763919999999998,0.3251539999999977
2274,231,0.1038990000000019,0.2688620000000004,0.2921448999999994,0.1452790000000003,0.2922393000000003,0.1641827999999998,0.2540379999999977,0.2489600000000038,0.8787239999999983,0.5850099999999827,0.2542399999999958,0.4574529999999974,0.4217880000000029,0.9482748,0.5906930000000017,0.7099630000000019,0.1667899999999988,0.2916419999999959
2284,232,0.1055030000000023,0.2653660000000002,0.2840832999999998,0.1471269999999993,0.2900703,0.1688911000000001,0.246023000000001,0.2938210000000012,0.9767279999999978,0.638149999999996,0.2517500000000012,0.4709789999999998,0.4401080000000021,1.1164077,0.5310149999999965,0.7261440000000015,0.1713760000000022,0.3126559999999969
2294,233,0.1270200000000017,0.2936270000000007,0.3371114999999998,0.169219,0.3456693000000008,0.1899644,0.3244059999999997,0.3474989999999991,1.1448900000000002,0.7559399999999812,0.3165599999999955,0.5216250000000002,0.495792999999999,1.1625290999999995,0.6234480000000104,0.8019400000000019,0.1874450000000038,0.3795459999999977
2304,234,0.0716689999999999,0.167707,0.2219518999999996,0.1072120000000005,0.2148943000000009,0.1306522999999999,0.2012959999999992,0.2298690000000007,0.7636119999999984,0.5122099999999818,0.2193599999999946,0.3626329999999989,0.3590699999999991,0.8213453,0.3620429999999999,0.5231080000000006,0.133305,0.262239000000001
2314,235,0.1144790000000028,0.274775,0.3067793999999999,0.1538249999999994,0.3123913000000016,0.1747310999999998,0.2860249999999986,0.2998800000000017,1.0181620000000002,0.6810199999999895,0.2907100000000042,0.4827019999999997,0.3854480000000002,1.0672870000000003,0.5969300000000004,0.7363350000000004,0.1744990000000044,0.3484639999999999
2324,236,-0.0043869999999976,0.1062270000000005,0.1621027000000001,0.0757399999999997,0.1464923000000002,0.0959099000000001,0.1399489999999978,0.149799999999999,0.570568999999999,0.3961499999999773,0.154049999999998,0.2857199999999977,0.2776600000000009,0.5845551999999996,0.2530560000000008,0.3321579999999997,0.0532400000000023,0.2110440000000011
2334,237,0.0629600000000003,0.1478910000000013,0.1797909999999998,0.0908879999999996,0.1777693000000013,0.1128738,0.1575619999999986,0.1785920000000018,0.6219539999999988,0.4249099999999828,0.1626300000000071,0.2962740000000003,0.2600719999999974,0.6771636999999995,0.3893400000000042,0.4731810000000003,0.1112439999999992,0.2230829999999954
2344,238,0.0940560000000019,0.2333639999999999,0.2658760999999998,0.1352109999999999,0.2671313000000008,0.1578293999999998,0.2299889999999997,0.2628890000000012,0.937145000000001,0.6242499999999893,0.2402699999999953,0.3871719999999996,0.3527519999999988,0.9313298000000004,0.4986460000000079,0.6647210000000001,0.1592850000000041,0.3234610000000018
2354,239,0.1150190000000002,0.2734190000000005,0.3062648999999995,0.1571999999999995,0.3096453000000014,0.1767485999999998,0.2641549999999988,0.2882239999999996,0.9902559999999988,0.6633899999999926,0.2864600000000052,0.5108049999999977,0.486111000000001,1.1302394999999992,0.6105230000000006,0.7816560000000017,0.1729430000000036,0.3090070000000011
2364,240,0.1178559999999997,0.296087,0.3135395999999995,0.1590969999999991,0.3133063000000007,0.1768630999999998,0.2553990000000006,0.2445519999999987,0.9204499999999988,0.5718999999999994,0.2404300000000034,0.4975120000000004,0.4836789999999986,0.9799347000000004,0.634278000000009,0.7484749999999991,0.1864040000000031,0.2694429999999954
2374,241,0.1290380000000013,0.321435000000001,0.3521541999999993,0.175813999999999,0.3605923000000004,0.1955689999999998,0.3467149999999996,0.3189440000000019,1.0760189999999987,0.7382199999999841,0.3466300000000046,0.5267929999999978,0.5602410000000013,1.1933825000000002,0.7637370000000061,0.8031239999999968,0.1752010000000012,0.3402159999999981
2384,242,0.0780780000000014,0.2102540000000008,0.2308028999999996,0.1142289999999999,0.2317572999999999,0.1362492999999998,0.2126789999999978,0.2150740000000013,0.7279160000000005,0.4991899999999987,0.2272899999999964,0.3837930000000007,0.3337579999999995,0.8487557999999993,0.4829349999999976,0.5659179999999999,0.1422310000000024,0.2457190000000011
2394,243,0.0697520000000011,0.1668000000000002,0.2015858000000001,0.0997969999999988,0.201690300000001,0.1223122999999999,0.1838049999999995,0.1926020000000008,0.6722760000000001,0.4556900000000041,0.1987400000000008,0.346194999999998,0.2653630000000007,0.7378936999999999,0.3981720000000024,0.494568000000001,0.1246750000000034,0.2393640000000019
2404,244,0.0707149999999998,0.1478789999999996,0.2355301999999994,0.1029590000000002,0.2022883000000011,0.1260354000000001,0.1912559999999992,0.2309109999999989,0.7702249999999999,0.5292499999999905,0.2127600000000029,0.3814489999999999,0.4244760000000021,0.7910326000000003,0.3250239999999991,0.5070820000000005,0.1235619999999997,0.2668029999999959
2414,245,0.0952970000000021,0.233982000000001,0.2581047999999999,0.1284419999999997,0.2606573000000001,0.1505154000000002,0.2391229999999993,0.2442029999999988,0.826941999999999,0.5605699999999842,0.2530399999999986,0.4109729999999985,0.356114999999999,0.9321534999999992,0.5238879999999995,0.6243189999999998,0.1519559999999984,0.2759129999999956
2424,246,0.0955480000000008,0.2477350000000004,0.2661229999999994,0.1363070000000004,0.2656133,0.1564298000000001,0.2135069999999999,0.2422240000000002,0.820454999999999,0.5193999999999903,0.2120400000000017,0.4515129999999985,0.3949270000000027,0.9231623999999998,0.5146190000000104,0.6912250000000029,0.1576850000000007,0.2538569999999964
2434,247,0.0753640000000004,0.1935730000000006,0.2197876,0.1091619999999995,0.2192553000000003,0.1309792999999999,0.1968430000000012,0.2008180000000052,0.6998669999999976,0.4776999999999987,0.2104900000000071,0.3625459999999982,0.3043420000000019,0.8012335999999998,0.4433970000000045,0.5508970000000026,0.1342059999999989,0.242334999999997
2444,248,0.1198940000000021,0.2850669999999997,0.3153978999999998,0.1587289999999992,0.3195592999999999,0.1784083,0.2928789999999992,0.2960540000000051,0.9910560000000004,0.6857599999999877,0.3087699999999955,0.4804619999999993,0.4802469999999985,1.1109897000000002,0.6564900000000051,0.7709420000000016,0.1763380000000012,0.3175729999999959
2454,249,0.1152499999999996,0.2725799999999996,0.3030631000000001,0.1544290000000003,0.3124373000000009,0.1769577999999998,0.2874499999999997,0.3208460000000031,1.060296000000001,0.7069199999999967,0.3041099999999943,0.495673,0.5362940000000016,1.1436180999999994,0.5744889999999998,0.7322750000000013,0.1702259999999995,0.3500739999999993
2464,250,0.1152499999999996,0.2725799999999996,0.3030631000000001,0.1544290000000003,0.3124373000000009,0.1769577999999998,0.2874499999999997,0.3208460000000031,1.060296000000001,0.7069199999999967,0.3041099999999943,0.495673,0.5362940000000016,1.1436180999999994,0.5744889999999998,0.7322750000000013,0.1702259999999995,0.3500739999999993
2474,251,0.0722280000000026,0.1623210000000003,0.2379690999999999,0.1058129999999994,0.203406300000001,0.1293549999999999,0.1785879999999977,0.2274999999999991,0.7448869999999985,0.5057799999999872,0.2069299999999998,0.3686189999999989,0.3743349999999985,0.8443981000000003,0.4098889999999926,0.542113999999998,0.1262550000000004,0.2546010000000009
2484,252,0.1252460000000006,0.293648000000001,0.3195575000000001,0.1620840000000001,0.3289393,0.1841162999999999,0.3036339999999988,0.322535000000002,1.0661120000000004,0.7193099999999788,0.3196499999999957,0.5092770000000009,0.4828430000000026,1.1950129,0.6617340000000098,0.776726,0.182189000000001,0.3442959999999999
2494,253,0.092494000000002,0.2425840000000008,0.2902345999999998,0.1310859999999998,0.2548673000000008,0.1559878999999999,0.2292370000000012,0.2890799999999984,0.9519939999999992,0.6427300000000002,0.2648900000000083,0.4631869999999978,0.5509139999999988,1.0495733000000005,0.4493889999999965,0.6509989999999988,0.1582119999999989,0.316874999999996
2504,254,0.1233610000000027,0.2868690000000011,0.3195912999999999,0.1606769999999997,0.3269172999999998,0.1817481,0.3037190000000009,0.3062170000000037,1.0267820000000007,0.7001199999999983,0.3123300000000029,0.4835269999999987,0.4810169999999978,1.1498586999999991,0.6741570000000081,0.758771000000003,0.1814239999999998,0.3334909999999951
2514,255,0.0934910000000002,0.2277979999999999,0.2611015999999999,0.1311359999999997,0.2648733000000014,0.1538195999999998,0.2417850000000001,0.2578780000000051,0.8915860000000002,0.5989599999999768,0.2529899999999969,0.4268649999999994,0.322856999999999,0.9523202,0.4912369999999981,0.6356409999999997,0.1546090000000006,0.3036579999999986
2524,256,0.0934910000000002,0.2277979999999999,0.2611015999999999,0.1311359999999997,0.2648733000000014,0.1538195999999998,0.2417850000000001,0.2578780000000051,0.8915860000000002,0.5989599999999768,0.2529899999999969,0.4268649999999994,0.322856999999999,0.9523202,0.4912369999999981,0.6356409999999997,0.1546090000000006,0.3036579999999986
2534,257,0.0898310000000002,0.2406079999999999,0.2600622999999995,0.1300279999999993,0.2589383000000005,0.1501287000000002,0.2262069999999987,0.2276680000000013,0.7848919999999993,0.5325799999999958,0.2379700000000042,0.4319609999999976,0.3994379999999999,0.8997339000000002,0.5355569999999972,0.6612290000000023,0.1514780000000044,0.2552519999999987
2544,258,0.1196320000000028,0.2933470000000007,0.3091341999999999,0.1589759999999991,0.317184300000001,0.1808687,0.2879329999999989,0.3411060000000034,1.1157590000000006,0.7487500000000011,0.3002599999999944,0.4937869999999975,0.5297750000000008,1.1635834000000005,0.5418390000000102,0.7696980000000018,0.1770020000000016,0.3729939999999985
2554,259,0.1067900000000001,0.2817980000000002,0.3093791000000001,0.1514639999999989,0.3091753000000015,0.1698699999999999,0.2823260000000012,0.2797830000000019,0.9920149999999984,0.6626699999999914,0.2460499999999967,0.4136629999999996,0.3294209999999999,0.9248094,0.5414870000000036,0.6869639999999997,0.1596690000000009,0.3462649999999954
2564,260,0.1138380000000012,0.2776580000000006,0.2967785999999996,0.1522290000000001,0.3049683000000005,0.1754204999999999,0.2777729999999998,0.3172950000000014,1.048565,0.7057199999999852,0.3063700000000011,0.4969189999999983,0.545856999999998,1.1829324000000003,0.5836890000000068,0.7394180000000006,0.176248000000001,0.3436639999999968
2574,261,0.1130640000000013,0.2712580000000013,0.3002017999999999,0.153046999999999,0.3052372999999999,0.1728418999999998,0.273419999999998,0.2773579999999995,0.9540149999999984,0.6689199999999857,0.3101900000000057,0.5255179999999982,0.5466109999999986,1.1490425000000002,0.6526129999999881,0.7754960000000004,0.1804059999999978,0.2941140000000004
2584,262,0.0869960000000027,0.224361,0.2489042999999995,0.123232999999999,0.2491583000000012,0.1448451999999997,0.2246389999999998,0.2295640000000034,0.8116979999999998,0.5447999999999809,0.2199400000000082,0.3859560000000002,0.3167749999999998,0.8338748000000002,0.4834900000000033,0.5898299999999992,0.1454519999999988,0.2832599999999985
2594,263,0.1194360000000003,0.3200130000000012,0.3359477000000002,0.1679919999999999,0.3410913000000004,0.1830644999999999,0.3406759999999984,0.2653740000000013,1.000755999999999,0.7171400000000006,0.3479800000000068,0.556360999999999,0.6163229999999977,1.1034901,0.7335680000000053,0.8166140000000013,0.1718979999999987,0.2626489999999961
2604,264,0.1015680000000003,0.2441050000000011,0.2732593999999997,0.1393450000000005,0.2763553000000005,0.1598801999999999,0.2513599999999982,0.2517619999999994,0.8689040000000006,0.608319999999992,0.2834299999999956,0.4969999999999999,0.4954699999999974,1.0529232999999998,0.5975089999999881,0.7236539999999998,0.1607370000000045,0.2667429999999982
2614,265,0.1165210000000023,0.290045000000001,0.3133457000000001,0.1550370000000001,0.3157573000000013,0.1738601000000001,0.2923299999999997,0.2598470000000006,0.93121,0.6410400000000038,0.2983799999999945,0.4835910000000005,0.4592959999999983,1.0449345999999995,0.6710330000000084,0.7311929999999975,0.1843050000000019,0.2995930000000015
2624,266,0.1073000000000021,0.25211,0.2840633999999999,0.1421580000000002,0.2897303000000004,0.1639959000000002,0.2677399999999998,0.2824610000000049,0.9557639999999984,0.6372599999999977,0.27637,0.4542900000000003,0.3555209999999995,1.006837,0.5442200000000099,0.6679180000000002,0.1691130000000029,0.3188309999999958
2634,267,0.0714140000000007,0.1633589999999998,0.1986461999999997,0.1000420000000001,0.1991783000000015,0.1229174999999997,0.1820789999999981,0.1973090000000041,0.6991440000000004,0.476789999999994,0.1944699999999954,0.3498319999999992,0.2658939999999994,0.7213381999999999,0.4048299999999898,0.5054510000000008,0.1268460000000004,0.2519099999999952
2644,268,0.1002180000000017,0.2383670000000002,0.2707147999999995,0.1386549999999999,0.2746773000000004,0.1606961,0.2451070000000008,0.2680119999999988,0.894321999999999,0.6174399999999878,0.2780199999999979,0.4682929999999992,0.442693000000002,1.0514961000000005,0.5573229999999967,0.7008769999999984,0.1591420000000027,0.2852759999999961
2654,269,0.1358100000000028,0.3319130000000001,0.3706204999999993,0.1857539999999993,0.3806573000000011,0.2052795999999999,0.3630479999999991,0.387163000000001,1.207259999999998,0.7992799999999818,0.3454100000000011,0.5661710000000006,0.5175990000000006,1.2366652,0.7310610000000111,0.8468389999999992,0.1912519999999986,0.3906039999999962
2664,270,0.1040920000000014,0.2355309999999999,0.2754946999999994,0.1391989999999996,0.2763753000000015,0.1618862999999999,0.248232999999999,0.2761139999999997,0.9165379999999992,0.6317999999999984,0.2797000000000054,0.4703750000000006,0.4648419999999973,1.0864613000000007,0.563124000000002,0.7030199999999986,0.1645260000000021,0.2922039999999981
2674,271,0.0985440000000004,0.2488930000000007,0.2769750999999996,0.1383809999999989,0.2785783000000013,0.1594296000000001,0.2479820000000003,0.2699800000000039,0.9265900000000008,0.6141299999999887,0.2269699999999943,0.4207839999999976,0.3358820000000015,0.9306947999999996,0.5032839999999936,0.6698710000000005,0.1615749999999991,0.3226060000000004
2684,272,0.1273830000000018,0.3041619999999998,0.3362745,0.1733379999999993,0.3440063000000002,0.1929954,0.2913420000000002,0.3257079999999988,1.0931679999999986,0.7141900000000021,0.3019100000000065,0.5416430000000005,0.5302520000000008,1.2418432,0.6727029999999985,0.8439990000000002,0.1963380000000043,0.3355929999999958
2694,273,0.1162530000000003,0.274287000000001,0.3059449000000001,0.1552290000000002,0.3087933000000014,0.1746835,0.2724930000000007,0.281725999999999,0.9730910000000002,0.6697399999999902,0.3002100000000069,0.4935030000000004,0.4858170000000008,1.1050110000000002,0.629636000000005,0.7670129999999986,0.1718150000000022,0.3023559999999961
2704,274,0.0919200000000017,0.2224820000000011,0.2566280000000001,0.1298060000000003,0.2615563000000005,0.153159,0.2386939999999988,0.2553620000000052,0.8875759999999993,0.5959499999999878,0.2551500000000004,0.4027949999999975,0.3593629999999983,0.9691184000000002,0.4827329999999961,0.6244890000000005,0.1537490000000048,0.2979440000000011
2714,275,0.123743000000001,0.3018309999999999,0.3314070999999998,0.1657349999999997,0.3381533000000001,0.1860472999999998,0.3149130000000006,0.3144990000000049,1.0454389999999982,0.7088599999999872,0.3174800000000033,0.4821050000000006,0.4831330000000022,1.1551953,0.7005279999999914,0.781410000000001,0.1864660000000029,0.3405399999999972
2724,276,0.076075000000003,0.1854279999999999,0.2170215999999998,0.1101700000000001,0.2180583000000009,0.1327875,0.1925090000000011,0.2223110000000048,0.7277850000000008,0.4922299999999779,0.2070999999999969,0.3600239999999992,0.3133999999999979,0.8206595999999999,0.443521000000004,0.567024,0.1371800000000007,0.2497180000000014
2734,277,0.1250640000000018,0.3064070000000001,0.3330335999999994,0.169770999999999,0.3400783,0.189629,0.309429999999999,0.3207980000000034,1.069938999999998,0.7451999999999828,0.341319999999996,0.5428469999999983,0.5536729999999999,1.2264935,0.7074779999999947,0.8264890000000022,0.1785550000000029,0.3281689999999955
2744,278,0.0773510000000001,0.1696679999999997,0.2538932999999996,0.1110069999999989,0.2137253000000001,0.1352126999999998,0.1896219999999999,0.2407960000000031,0.787706,0.5354799999999784,0.2283299999999997,0.4071560000000005,0.4383180000000024,0.9299571000000002,0.408495000000002,0.5559590000000014,0.1341450000000037,0.2628429999999966
2754,279,0.0773510000000001,0.1696679999999997,0.2538932999999996,0.1110069999999989,0.2137253000000001,0.1352126999999998,0.1896219999999999,0.2407960000000031,0.787706,0.5354799999999784,0.2283299999999997,0.4071560000000005,0.4383180000000024,0.9299571000000002,0.408495000000002,0.5559590000000014,0.1341450000000037,0.2628429999999966
2764,280,0.1146960000000021,0.286505,0.3181712000000001,0.1557999999999992,0.3187393000000007,0.1741310999999998,0.302464999999998,0.3040519999999986,1.069281,0.7305700000000002,0.2620000000000004,0.4297959999999996,0.2897390000000008,0.9208648999999998,0.5339179999999999,0.713279,0.1609880000000032,0.3852929999999972
2774,281,0.0824300000000022,0.1904210000000006,0.2555822999999995,0.118053999999999,0.2292063000000013,0.1417655,0.2009009999999982,0.2474210000000027,0.8025269999999978,0.5450699999999813,0.2357400000000069,0.419905,0.4063419999999986,0.9695279999999996,0.4558419999999898,0.6093459999999986,0.1434569999999979,0.2641470000000012
2784,282,0.1104990000000007,0.2716930000000008,0.3035166,0.1504039999999999,0.3071033000000014,0.1704400000000001,0.2841430000000002,0.272902000000002,0.9426120000000004,0.6377799999999922,0.2830399999999997,0.4681779999999982,0.4201149999999991,1.0343410999999998,0.637518,0.7085280000000012,0.1688600000000022,0.3132760000000019
2794,283,0.0570490000000027,0.1330930000000005,0.1805023999999999,0.0863060000000004,0.169481300000001,0.1085099999999998,0.1582550000000004,0.1823130000000006,0.6359010000000005,0.4399200000000007,0.1716700000000059,0.3179999999999978,0.2376289999999983,0.6317374999999998,0.3421689999999984,0.437462,0.108629999999998,0.2339690000000018
2804,284,0.1139150000000022,0.278989000000001,0.295109,0.1520270000000003,0.3039792999999999,0.1746330999999998,0.2760080000000009,0.3142520000000033,1.0287439999999997,0.6978699999999947,0.3031200000000069,0.4956859999999992,0.5237470000000002,1.1708295,0.598156000000003,0.737242000000002,0.1753140000000002,0.3330429999999964
2814,285,0.0738079999999996,0.1790970000000005,0.2182839999999997,0.1093700000000001,0.2183663000000013,0.1326078000000001,0.2047559999999997,0.2289050000000045,0.7988679999999988,0.5550499999999943,0.2097200000000043,0.3672439999999994,0.2676139999999982,0.7593226,0.4199490000000025,0.546716,0.1368170000000006,0.2931519999999992
2824,286,0.1314530000000005,0.3153610000000011,0.3606229000000001,0.179964,0.3693623000000006,0.1993540999999998,0.3498839999999994,0.3774080000000026,1.2064079999999997,0.7931499999999971,0.3283700000000067,0.5305329999999984,0.4463919999999994,1.1955326,0.6743570000000005,0.8345060000000011,0.1886599999999987,0.4038719999999998
2834,287,0.1228660000000019,0.3101780000000005,0.3395957999999996,0.1698469999999989,0.3464473000000012,0.1885262000000001,0.3312419999999996,0.2918530000000032,1.0237429999999996,0.7385899999999879,0.3531100000000009,0.5129739999999998,0.5987259999999992,1.151033,0.7551630000000102,0.7932400000000008,0.1762799999999984,0.3051809999999975
2844,288,0.1011590000000026,0.260568000000001,0.2818890999999999,0.1439749999999993,0.2857493000000008,0.1616824000000001,0.282788,0.2390150000000019,0.9105579999999982,0.6248199999999997,0.3065500000000014,0.5707139999999988,0.5593740000000018,1.0561802,0.7136869999999931,0.7861359999999991,0.1620699999999999,0.2415559999999956
2854,289,0.0776960000000031,0.189865000000001,0.2249316999999999,0.1117360000000005,0.2210223000000013,0.1349437999999998,0.1971479999999985,0.2318430000000049,0.7860739999999993,0.5351100000000031,0.1985300000000052,0.3456069999999975,0.2902909999999998,0.7935034999999999,0.4236509999999924,0.5545560000000016,0.139363000000003,0.2739479999999972
2864,290,0.0771750000000004,0.2136279999999999,0.2274805999999998,0.1153200000000005,0.2252613000000014,0.1362925000000001,0.1919509999999995,0.2129870000000053,0.719345999999998,0.4802799999999934,0.2028999999999996,0.3804249999999989,0.3541050000000005,0.8246117999999996,0.4654170000000022,0.6123079999999987,0.1378630000000029,0.2374089999999995
2874,291,0.1221209999999999,0.2857090000000006,0.3153246999999997,0.160698,0.3231033000000014,0.1805978999999999,0.2965540000000004,0.2956590000000005,0.9973109999999998,0.7129599999999812,0.3424399999999963,0.5556440000000009,0.6092729999999982,1.2020614999999992,0.7115980000000093,0.8033159999999988,0.1817720000000022,0.3042939999999987
2884,292,0.0693530000000031,0.1439450000000004,0.2276613999999996,0.0988389999999999,0.1862992999999999,0.1219847,0.1739770000000007,0.2235190000000031,0.7742070000000005,0.5574900000000014,0.2259499999999974,0.3696979999999996,0.3619730000000025,0.7964759999999997,0.3489960000000138,0.5089770000000016,0.1197760000000016,0.2754419999999982
2894,293,0.1255240000000022,0.304653,0.3397449999999997,0.1706399999999988,0.3459043000000008,0.1900281000000001,0.3068039999999996,0.3318510000000003,1.1084309999999995,0.7107199999999807,0.2658399999999972,0.497641999999999,0.4411459999999998,1.1531954000000004,0.6267310000000066,0.7860340000000008,0.1930150000000026,0.365952
2904,294,0.0445090000000014,0.1332160000000009,0.1705641999999994,0.0832820000000005,0.1661573,0.1045177000000001,0.1585999999999998,0.1604710000000011,0.6120799999999988,0.4286199999999951,0.1613499999999987,0.2885619999999989,0.2115420000000014,0.5739308999999997,0.3310449999999889,0.4110620000000011,0.1035079999999979,0.2307709999999971
2914,295,0.109930000000002,0.2536100000000001,0.2871261,0.1487439999999988,0.2924373000000013,0.1700889000000001,0.245436999999999,0.289752,0.9693669999999984,0.6349500000000035,0.2594100000000026,0.4817609999999988,0.4437180000000005,1.1259671000000004,0.5541450000000054,0.7413150000000002,0.1702890000000039,0.3064959999999956
2924,296,0.1015490000000021,0.2334069999999997,0.2931594999999998,0.1408079999999998,0.2766533000000013,0.1649189999999998,0.2505099999999984,0.3100930000000019,1.018577999999998,0.6866399999999828,0.2770900000000011,0.4712619999999994,0.5447999999999986,1.0690409,0.4741719999999958,0.6992560000000019,0.1641329999999996,0.3425409999999971
2934,297,0.1221090000000018,0.2821700000000007,0.3157527999999994,0.163964,0.3215973000000005,0.1839461,0.2577560000000005,0.2938660000000013,1.0150170000000005,0.6383500000000026,0.2555799999999948,0.5107789999999994,0.5218929999999986,1.1767889,0.622005999999999,0.7988919999999986,0.181010999999998,0.3033929999999998
2944,298,0.0819470000000031,0.1973219999999997,0.2275155999999993,0.116505,0.2266973000000014,0.1377461000000002,0.196003000000001,0.2224010000000049,0.7320139999999995,0.4959699999999998,0.2188799999999986,0.4060349999999992,0.374528999999999,0.8732328999999996,0.4733339999999941,0.6261210000000013,0.1388099999999994,0.2369179999999957
2954,299,0.1115790000000025,0.2675080000000012,0.2965641999999997,0.1513869999999997,0.3005913000000006,0.1708284999999998,0.2708489999999983,0.2738900000000015,0.9445359999999994,0.6583499999999844,0.3023699999999962,0.5233029999999985,0.5282440000000008,1.1236862,0.6417950000000019,0.7693049999999992,0.1771379999999993,0.2883739999999974
2964,300,0.1068640000000016,0.2686600000000005,0.2953966000000001,0.1510680000000004,0.302843300000001,0.1671974999999999,0.3177549999999982,0.2679550000000006,0.9996720000000004,0.7077099999999916,0.3447299999999984,0.6312049999999978,0.6597480000000004,1.2032389000000006,0.8456630000000018,0.8130239999999986,0.1552369999999996,0.2640639999999976
2974,301,0.1026590000000027,0.2511910000000004,0.2807132000000001,0.1442309999999995,0.2845343000000007,0.1655164,0.2411749999999983,0.2802050000000022,0.9394120000000008,0.6193799999999783,0.2485400000000055,0.4559110000000004,0.4155179999999987,1.0672931000000003,0.5345390000000094,0.7209059999999994,0.1672840000000022,0.3000219999999984
2984,302,0.0684129999999996,0.143993,0.2136470999999993,0.0968559999999989,0.1890913000000011,0.1201550999999998,0.1775069999999985,0.2147100000000037,0.7197299999999984,0.492619999999988,0.1952500000000014,0.347217999999998,0.3362669999999994,0.7400855999999996,0.334147999999999,0.4849919999999983,0.1213850000000036,0.2576740000000015
2994,303,0.0771930000000011,0.1641270000000005,0.2380035999999998,0.1094129999999999,0.215155300000001,0.1331969000000001,0.2030840000000005,0.2418079999999989,0.8184889999999996,0.5647899999999879,0.2176900000000046,0.3847519999999989,0.3738910000000004,0.8035501000000007,0.3625860000000074,0.5504110000000004,0.134801000000003,0.2847870000000014
3004,304,0.127830000000003,0.306832,0.3407591999999999,0.1743639999999988,0.3460903000000002,0.1931213999999999,0.2959250000000004,0.3192459999999997,1.0752479999999984,0.7140799999999956,0.3114999999999952,0.5452469999999998,0.5520869999999967,1.2218698999999995,0.6958720000000085,0.8472089999999994,0.172077999999999,0.329543000000001
3014,305,0.108550000000001,0.2634620000000005,0.2944795999999998,0.1467080000000002,0.296387300000001,0.1666221000000001,0.2677440000000004,0.2735790000000051,0.9266140000000008,0.6265799999999899,0.267870000000002,0.4295369999999998,0.4053919999999991,1.0009376999999997,0.584241999999989,0.712803000000001,0.1702319999999986,0.3034639999999982
3024,306,0.0904410000000019,0.2224570000000003,0.2546743999999998,0.128584,0.2577773000000007,0.1514962999999998,0.2329350000000012,0.2539270000000044,0.8784939999999999,0.5917299999999841,0.2460400000000078,0.4187519999999978,0.3207489999999993,0.9382878999999996,0.4850220000000007,0.6290779999999998,0.1546379999999985,0.3009839999999997
3034,307,0.1111649999999997,0.2560580000000012,0.2953478999999994,0.1492009999999997,0.3026203000000009,0.1710750000000001,0.2817289999999985,0.3088140000000052,1.0316679999999998,0.6863099999999918,0.2870500000000078,0.4605010000000007,0.4340830000000011,1.0724733000000004,0.537154000000001,0.717804000000001,0.1738270000000028,0.3485990000000001
3044,308,0.1089080000000031,0.2476269999999996,0.2851496999999998,0.1457029999999992,0.2923953000000008,0.1678823,0.2670749999999984,0.2802520000000044,0.9514379999999996,0.654849999999982,0.297939999999997,0.4766049999999993,0.4606220000000007,1.1293628,0.6106439999999935,0.7268609999999995,0.1692689999999999,0.3076359999999951
3054,309,0.1214960000000004,0.288964,0.3174011999999999,0.1592310000000001,0.3224293000000013,0.1792087000000002,0.298175999999998,0.2984890000000035,0.9920779999999992,0.6860899999999788,0.3138200000000068,0.4771879999999981,0.4965389999999985,1.1265997,0.6702509999999933,0.7671349999999997,0.1798900000000003,0.3157250000000005
3064,310,0.0971460000000021,0.2408580000000011,0.2723927999999995,0.1379049999999999,0.2756433000000005,0.1599216999999999,0.2436720000000001,0.2736640000000037,0.9182610000000012,0.612419999999986,0.2459800000000029,0.4248179999999983,0.3625879999999988,0.9975237999999996,0.5039309999999944,0.6770870000000002,0.1603029999999989,0.3097739999999973
3074,311,0.1225970000000025,0.3004879999999996,0.3394697999999998,0.1667100000000001,0.3446703000000006,0.1856608999999998,0.3314479999999982,0.3218600000000009,1.0930560000000007,0.7163899999999899,0.2981199999999973,0.4827629999999985,0.3743780000000001,1.0578683999999994,0.634366,0.7617990000000034,0.1829639999999983,0.3745469999999997
3084,312,0.0999949999999998,0.2401630000000008,0.2723008999999994,0.1373420000000003,0.2759692999999998,0.1595605999999998,0.2487940000000001,0.2632420000000053,0.9057239999999992,0.611549999999994,0.2603000000000008,0.4208359999999977,0.372755999999999,1.0013964,0.5260729999999967,0.672858999999999,0.1634250000000037,0.3024819999999977
3094,313,0.1253220000000006,0.2757500000000004,0.3155282999999995,0.1579499999999996,0.3229443000000014,0.1790465999999999,0.3037500000000008,0.3178440000000009,1.072174999999998,0.7095899999999915,0.3039200000000051,0.4883980000000001,0.4303430000000006,1.0913849000000004,0.5840479999999957,0.7467509999999997,0.1729740000000035,0.3604500000000001
3104,314,0.0927509999999998,0.2280890000000006,0.2612190999999999,0.1315969999999993,0.2640813000000008,0.1541375999999998,0.2377049999999982,0.2598430000000036,0.8873049999999978,0.5966999999999985,0.244810000000001,0.403618999999999,0.3374769999999998,0.9506403,0.4929489999999958,0.6451960000000021,0.1548590000000018,0.300972999999999
3114,315,0.0805030000000002,0.1895810000000004,0.2291754999999993,0.1160589999999999,0.2315032999999999,0.1397460999999999,0.214579999999998,0.2421920000000028,0.8283549999999984,0.5597699999999861,0.2245599999999967,0.3763559999999977,0.3108979999999981,0.8551763000000001,0.4215580000000045,0.5716040000000007,0.1441500000000033,0.2900379999999956
3124,316,0.0960230000000024,0.2093629999999997,0.2619929000000001,0.1305209999999999,0.2610112999999998,0.1549765999999999,0.2392019999999988,0.2772780000000026,0.921022999999998,0.6156900000000007,0.2657800000000065,0.4387839999999983,0.5047840000000008,1.0112869999999994,0.4587510000000065,0.6317230000000009,0.1577210000000022,0.302658000000001
3134,317,0.1236010000000007,0.3030350000000013,0.3320733999999996,0.1643229999999995,0.3370243000000013,0.1835998999999999,0.3172589999999999,0.2853309999999993,0.9866509999999984,0.6832699999999932,0.3249600000000043,0.4936620000000005,0.507124000000001,1.1086349000000002,0.716856000000007,0.7480170000000008,0.1869230000000001,0.309281999999996
3144,318,0.0934540000000012,0.256984000000001,0.2671279999999996,0.137226,0.2660192999999999,0.1554426000000002,0.2473179999999999,0.2148290000000017,0.8282099999999986,0.5210699999999804,0.2460499999999967,0.4731439999999978,0.5194799999999979,0.8850729999999993,0.5601999999999947,0.7167069999999995,0.1580319999999986,0.2081909999999993
3154,319,0.091902000000001,0.222906,0.2619499999999997,0.1328309999999994,0.2649143000000009,0.1559537999999998,0.2468210000000006,0.276643,0.9743670000000008,0.6724999999999852,0.2506400000000042,0.4138719999999978,0.3616379999999992,0.8880740999999999,0.4566680000000076,0.654872000000001,0.1571059999999988,0.3469809999999995
3164,320,0.1221120000000013,0.2904850000000003,0.3155675999999996,0.1615629999999992,0.3214033,0.1819904000000001,0.2769340000000007,0.3162020000000041,1.0550229999999985,0.6961499999999887,0.2786399999999958,0.4909490000000005,0.4575810000000011,1.1505596999999996,0.5944479999999999,0.7845499999999994,0.1794569999999993,0.335450999999999
3174,321,0.1221120000000013,0.2904850000000003,0.3155675999999996,0.1615629999999992,0.3214033,0.1819904000000001,0.2769340000000007,0.3162020000000041,1.0550229999999985,0.6961499999999887,0.2786399999999958,0.4909490000000005,0.4575810000000011,1.1505596999999996,0.5944479999999999,0.7845499999999994,0.1794569999999993,0.335450999999999
3184,322,0.0704920000000015,0.1635000000000008,0.1980241999999998,0.0976730000000003,0.1983943000000003,0.1200420000000002,0.1833159999999978,0.1924810000000008,0.6672440000000002,0.4487900000000024,0.1920000000000072,0.3341269999999987,0.2413279999999993,0.692977,0.3757799999999918,0.4743860000000026,0.1216399999999993,0.2410390000000006
3194,323,0.0723570000000002,0.1670630000000006,0.2422281000000001,0.1056819999999998,0.2026093000000006,0.1297171999999999,0.1856039999999978,0.2377280000000041,0.791644999999999,0.5411900000000003,0.2145500000000026,0.3854760000000006,0.4318949999999972,0.8411603999999997,0.3571050000000042,0.5373370000000008,0.1282440000000022,0.2712479999999999
3204,324,0.0785359999999997,0.2105150000000009,0.2342522999999996,0.1168359999999992,0.2348663000000002,0.1389504999999999,0.2121899999999996,0.2269089999999991,0.7579789999999988,0.517169999999993,0.2243899999999996,0.3619969999999988,0.3305100000000003,0.8624907999999998,0.463191000000009,0.5830410000000015,0.1444159999999996,0.2576819999999955
3214,325,0.1025390000000001,0.2372779999999998,0.2867861999999999,0.1421949999999991,0.2827993000000006,0.1657118999999998,0.2556359999999991,0.2990240000000028,0.9725639999999984,0.6606099999999913,0.2887699999999995,0.4786859999999997,0.5007449999999984,1.1237209999999995,0.5502560000000045,0.6985680000000016,0.1650740000000041,0.3230629999999976
3224,326,0.1072450000000024,0.2542299999999997,0.2889607999999999,0.145372,0.2943533000000009,0.1668723,0.2690479999999979,0.2850060000000027,0.9516719999999984,0.6417699999999797,0.2844900000000052,0.4407840000000007,0.4048209999999983,1.0479309,0.5707159999999902,0.7078120000000006,0.1666349999999994,0.3163559999999989
3234,327,0.125833,0.3025380000000002,0.3429527999999999,0.1705190000000005,0.3504373000000012,0.1904929000000002,0.3309660000000001,0.338439000000001,1.132915999999998,0.7453199999999924,0.3128899999999959,0.5032289999999975,0.4067839999999982,1.1355199000000002,0.6527920000000051,0.7859910000000028,0.1883690000000015,0.3818769999999958
3244,328,0.1029040000000023,0.2414699999999996,0.2791760999999999,0.1398010000000003,0.2838403000000014,0.1616900000000001,0.2608490000000003,0.2754090000000033,0.9496509999999994,0.6351899999999944,0.2707199999999972,0.4372979999999984,0.3503250000000015,1.0018135,0.5185730000000035,0.6671270000000007,0.1664640000000048,0.3242329999999995
3254,329,0.1359349999999999,0.3493820000000003,0.3729833999999998,0.1867099999999997,0.3820383000000014,0.2048858999999998,0.3606459999999991,0.3292300000000026,1.1186620000000005,0.780729999999977,0.3718499999999949,0.5300650000000005,0.6146229999999981,1.2364284000000003,0.8280979999999971,0.8519909999999982,0.1797590000000042,0.343599999999995
3264,330,0.0821880000000021,0.1764410000000005,0.2528763999999999,0.1156439999999996,0.2269933000000001,0.140231,0.2038189999999993,0.2436569999999989,0.8130989999999976,0.5515999999999792,0.2414300000000082,0.4094300000000004,0.4292569999999998,0.9578289,0.4248199999999968,0.5724650000000011,0.1431240000000002,0.2702109999999962
3274,331,0.0743410000000004,0.2058600000000012,0.2246879999999995,0.1110469999999992,0.2253293000000003,0.1334323999999997,0.2061129999999984,0.2177030000000002,0.7279869999999988,0.492919999999998,0.2188600000000065,0.3671179999999978,0.2949799999999989,0.8111332999999998,0.4442239999999913,0.5428929999999994,0.1373110000000039,0.2507349999999988
3284,332,0.088199000000003,0.2103739999999998,0.2433453999999999,0.1236889999999988,0.2477253000000008,0.1472129999999998,0.2253240000000005,0.2466810000000023,0.8536529999999978,0.5763699999999972,0.2470299999999952,0.4165959999999984,0.333995999999999,0.9283091,0.467575999999994,0.6145229999999984,0.150587999999999,0.2950579999999974
3294,333,0.1023519999999997,0.244415,0.2786925999999994,0.1393450000000005,0.2833313000000004,0.1613628999999998,0.2602380000000011,0.2688820000000049,0.9256889999999984,0.6203799999999831,0.2750999999999948,0.4391259999999981,0.3544780000000003,0.9992856000000004,0.5500710000000026,0.663214,0.1655340000000009,0.3114519999999956
3304,334,0.0841460000000005,0.2247120000000002,0.2434092999999997,0.1259149999999991,0.2425013000000007,0.1469627,0.1931939999999983,0.2321600000000003,0.7800550000000008,0.4934399999999925,0.1891700000000042,0.4011519999999997,0.3636310000000016,0.8768726999999998,0.478034000000008,0.6543980000000005,0.1479530000000011,0.2485709999999983
3314,335,0.1239030000000021,0.3168020000000009,0.3386695999999993,0.1704819999999998,0.3392243000000015,0.1869402999999998,0.2977629999999998,0.2743779999999987,0.9899439999999976,0.6491399999999885,0.284080000000003,0.5391489999999983,0.5058970000000009,1.0567472000000002,0.7009709999999956,0.8183040000000013,0.1836300000000008,0.2828749999999971
3324,336,0.0944940000000009,0.2214770000000001,0.2654366999999995,0.1289929999999994,0.256870300000001,0.1532969999999998,0.2325549999999978,0.2686610000000016,0.8954209999999989,0.6047799999999768,0.2598600000000033,0.4285449999999997,0.4651800000000001,1.0184395000000004,0.475166999999999,0.6301890000000014,0.1532949999999999,0.2928739999999976
3334,337,0.1041980000000002,0.2362990000000007,0.2828095999999993,0.1399949999999989,0.2858692999999999,0.1605371,0.2747430000000008,0.277154000000003,0.9765489999999986,0.6563999999999908,0.2624700000000075,0.4503990000000009,0.3314709999999969,0.9311441,0.4573139999999966,0.6663809999999977,0.1606930000000019,0.3422769999999957
3344,338,0.1251840000000008,0.3006659999999996,0.3325056999999995,0.1669149999999994,0.3400003000000016,0.1866924000000001,0.3203369999999985,0.297193,1.0208580000000005,0.7269900000000007,0.3487599999999986,0.5119559999999979,0.5858969999999992,1.1672648,0.7287389999999903,0.7857859999999981,0.1831250000000039,0.3115079999999963
3354,339,0.0835679999999996,0.2071780000000007,0.2396498999999998,0.1198560000000004,0.2421773000000016,0.1428009000000001,0.2260999999999988,0.2397390000000001,0.8409179999999985,0.5658599999999865,0.2281300000000072,0.3983880000000006,0.2824689999999989,0.8503455999999998,0.4499390000000005,0.5828649999999982,0.1430970000000044,0.2960920000000016
3364,340,0.1271790000000017,0.3093250000000012,0.3239215999999993,0.1670709999999999,0.3364673000000007,0.1898466000000001,0.3091109999999979,0.3429530000000014,1.119852999999999,0.7595900000000029,0.3383500000000055,0.544353000000001,0.5860810000000001,1.2871993000000002,0.6832240000000098,0.8001339999999999,0.1925500000000042,0.3580359999999984
3374,341,0.0709920000000003,0.1720930000000002,0.2115643999999994,0.1040749999999999,0.2084133000000001,0.1273922999999999,0.1899639999999998,0.2230510000000052,0.7204540000000001,0.4861399999999776,0.2073500000000052,0.3380469999999995,0.2784489999999984,0.7859832999999998,0.3918089999999949,0.5131750000000004,0.1301959999999979,0.2509999999999976
3384,342,0.0926930000000005,0.2170110000000011,0.2585842999999999,0.1306589999999996,0.2636083000000013,0.1537836000000001,0.2482660000000009,0.2763710000000046,0.9233949999999992,0.6164899999999989,0.2580999999999989,0.4168160000000007,0.3884860000000003,0.9605648000000002,0.4442509999999942,0.6349499999999999,0.1553280000000043,0.3146209999999954
3394,343,0.070649000000003,0.1642279999999996,0.2013949999999997,0.1016130000000004,0.2012183000000007,0.1248711,0.1900960000000005,0.2154319999999998,0.7763339999999985,0.563919999999996,0.2334900000000033,0.3468729999999986,0.2522580000000012,0.6582841999999998,0.4091420000000028,0.5173869999999994,0.129370999999999,0.2884339999999952
3404,344,0.1054780000000015,0.2505450000000007,0.2848945999999994,0.142574999999999,0.2902593000000006,0.1641666000000001,0.2670259999999977,0.2709880000000026,0.9270569999999978,0.6248099999999965,0.2823999999999955,0.4649000000000001,0.3954070000000023,1.021764200000001,0.5900859999999994,0.6826989999999995,0.1723730000000003,0.3132760000000019
3414,345,0.0810400000000015,0.1770829999999996,0.2383893999999999,0.1160649999999989,0.2308163000000007,0.1395769000000002,0.2179830000000002,0.2513509999999996,0.8486219999999989,0.5752799999999922,0.2320399999999978,0.4011139999999997,0.4060480000000019,0.8609675000000001,0.3697779999999966,0.5723069999999986,0.141058000000001,0.2939760000000007
3424,346,0.1037540000000021,0.2512860000000003,0.2845718000000001,0.1401640000000004,0.2873723000000012,0.1610980999999998,0.2660739999999997,0.2711919999999992,0.9194530000000009,0.6112299999999777,0.2610700000000037,0.4235019999999991,0.339065999999999,0.9514488000000004,0.5485140000000115,0.6425909999999995,0.1648479999999992,0.3089129999999969
3434,347,0.121540000000003,0.2932810000000003,0.3230950999999997,0.1623129999999992,0.3271153000000009,0.1817291999999999,0.2936030000000009,0.2968389999999985,1.015307,0.6836999999999875,0.294390000000007,0.4795999999999978,0.4627729999999985,1.1123151,0.6522519999999901,0.7878079999999983,0.1794950000000028,0.3280829999999994
3444,348,0.1032870000000016,0.2427980000000005,0.2786122999999998,0.1402819999999991,0.2815823000000002,0.1619581000000001,0.2527380000000008,0.2691060000000007,0.937224999999998,0.6299599999999828,0.258420000000001,0.4215739999999996,0.3580060000000031,1.0109012000000002,0.5125460000000004,0.679003999999999,0.1633470000000016,0.3105499999999992
3454,349,0.1227550000000015,0.2874180000000006,0.3189605999999996,0.1613379999999988,0.3231023000000004,0.1792845,0.3029879999999991,0.2753190000000032,0.9861819999999994,0.6939999999999884,0.3283500000000003,0.5507239999999989,0.5823970000000003,1.1433268000000003,0.7122710000000012,0.8119930000000011,0.1746350000000021,0.2865159999999989
3464,350,0.0736710000000009,0.1633019999999998,0.2162609999999993,0.1051900000000003,0.2078763000000005,0.1287492000000001,0.1939869999999999,0.2238150000000018,0.7657229999999977,0.5237400000000036,0.2098600000000061,0.3832160000000009,0.305381999999998,0.7885799000000002,0.39466800000001,0.5309649999999984,0.1324329999999989,0.2770099999999971
3474,351,0.101897000000001,0.2615040000000004,0.2838044000000002,0.1436159999999997,0.2870463000000001,0.1638883,0.2447359999999996,0.2693179999999984,0.8991100000000003,0.5899799999999971,0.2394699999999971,0.4666809999999977,0.4158969999999975,1.0036202999999997,0.567223999999996,0.7203330000000001,0.1697610000000011,0.2974579999999989
3484,352,0.1012590000000024,0.2453000000000003,0.2739611000000002,0.1373730000000002,0.277871300000001,0.1594715,0.2540179999999985,0.2606090000000023,0.8885529999999981,0.6031600000000026,0.2669800000000037,0.4187089999999998,0.3932780000000022,0.9902771999999996,0.560056000000003,0.6744120000000002,0.1634779999999978,0.2939749999999961
3494,353,0.017082000000002,0.1211359999999999,0.1750879999999997,0.0826139999999995,0.1585223000000013,0.1042654999999999,0.1461299999999994,0.178284000000005,0.6154119999999992,0.4283999999999821,0.1615100000000069,0.2884279999999997,0.251178000000003,0.6352849000000003,0.3316119999999927,0.4087079999999972,0.1028829999999985,0.2254199999999997
3504,354,0.0703659999999999,0.153518,0.2349936000000001,0.1004519999999988,0.1874873000000008,0.1237023999999999,0.1747580000000006,0.2332260000000019,0.782035999999998,0.551259999999985,0.2099500000000063,0.387556,0.4512569999999982,0.8428708999999994,0.3237820000000084,0.5150539999999992,0.1186520000000044,0.2699420000000003
3514,355,0.0904730000000029,0.2293210000000005,0.2583430999999994,0.1312549999999994,0.2599253000000008,0.1535932999999998,0.2232929999999982,0.2597160000000045,0.8839249999999979,0.5846799999999917,0.2127200000000044,0.3983099999999986,0.345566999999999,0.9286897000000004,0.4838670000000036,0.6539080000000013,0.1546459999999996,0.2955299999999994
3524,356,0.0825600000000008,0.2182089999999998,0.2458496999999999,0.1211649999999995,0.2458393000000001,0.1430563999999998,0.2259670000000007,0.2329330000000027,0.8223999999999982,0.554789999999997,0.220089999999999,0.3745499999999993,0.2864199999999997,0.8053594000000004,0.4645530000000093,0.5818960000000004,0.1431960000000032,0.2912269999999992
3534,357,0.1057960000000015,0.254646000000001,0.2878267000000001,0.1457379999999997,0.2927883000000015,0.1653905999999998,0.2748920000000012,0.2521790000000052,0.8982779999999977,0.6440999999999804,0.3103100000000012,0.5188500000000005,0.5521999999999991,1.1032478999999995,0.6573609999999945,0.7450089999999996,0.1707940000000007,0.2711279999999973
3544,358,-9.9999e+98,0.1189870000000006,0.1656693999999996,0.079763999999999,0.1506293000000003,0.1004094000000002,0.135470999999999,0.1596639999999993,0.5806299999999993,0.4033699999999953,0.1512500000000045,0.2750529999999997,0.2319889999999986,0.6080316000000003,0.341029000000006,0.4089290000000005,0.0978330000000013,0.2108279999999993
3554,359,0.0407980000000023,0.1248940000000011,0.1711991999999993,0.0831559999999989,0.1607203000000012,0.1048491,0.1521399999999992,0.1769159999999985,0.6559500000000007,0.4827499999999816,0.2025500000000022,0.2986380000000004,0.2272040000000004,0.5942362000000001,0.332839000000007,0.4264340000000004,0.1033990000000031,0.2493489999999951
3564,360,0.1084040000000001,0.2481790000000003,0.2866000999999993,0.1434490000000003,0.2926593000000004,0.1653275,0.2745449999999998,0.2753250000000022,0.9345180000000006,0.6295199999999852,0.283850000000001,0.4398440000000008,0.410741999999999,1.0398008999999997,0.5853890000000064,0.6796779999999991,0.1552810000000022,0.307978999999996
3574,361,0.1138580000000004,0.2723880000000012,0.2987696999999993,0.1490429999999989,0.3023243000000004,0.1694258999999998,0.275784999999999,0.2802180000000049,0.9517969999999992,0.641699999999986,0.2817000000000007,0.4719319999999989,0.4076129999999978,1.0345086000000006,0.6059769999999958,0.717525000000002,0.1658370000000033,0.3174689999999955
3584,362,0.1077779999999997,0.2623530000000009,0.2941210999999999,0.1444799999999997,0.2849553,0.1675520000000001,0.2668700000000008,0.3488460000000017,1.0912599999999983,0.7602899999999977,0.2858099999999979,0.4781689999999976,0.4910409999999992,0.9690338,0.4775029999999987,0.7156580000000012,0.1608769999999992,0.3767069999999961
3594,363,0.0609090000000023,0.1363870000000009,0.1700897999999995,0.0828539999999993,0.1646553000000015,0.1040469000000001,0.1572199999999988,0.158571000000002,0.6323419999999977,0.464289999999977,0.1919199999999961,0.2788129999999995,0.1836130000000011,0.5168926000000003,0.3519689999999968,0.4130920000000024,0.1010479999999987,0.2423179999999973
3604,364,0.1526320000000005,0.3644499999999997,0.3932660999999999,0.2027959999999993,0.4097473000000011,0.2219256,0.3819099999999977,0.4198980000000034,1.3021659999999995,0.9097699999999804,0.42089,0.664871999999999,0.7666509999999995,1.4746255,0.8870139999999935,0.957072,0.201791,0.3942779999999999
3614,365,0.0984800000000021,0.2369510000000012,0.2715798999999999,0.1358909999999991,0.2763033000000003,0.1583765999999999,0.2541240000000009,0.2700030000000026,0.9129499999999986,0.6110599999999806,0.2659699999999958,0.440726999999999,0.3396699999999981,0.9703741,0.52193299999999,0.6584580000000031,0.1582119999999989,0.3090369999999964
3624,366,0.1175020000000017,0.2831780000000012,0.3091324999999996,0.157335999999999,0.3187332999999999,0.1798921999999998,0.2961039999999997,0.3088070000000016,1.0386570000000006,0.7059500000000014,0.3158499999999975,0.5088279999999976,0.5255119999999991,1.1869052,0.6432279999999935,0.7524909999999991,0.1730780000000038,0.3348379999999977
3634,367,0.0926760000000008,0.2127359999999996,0.2515695999999998,0.1264209999999987,0.2551783000000007,0.1493598,0.2414670000000001,0.2565910000000002,0.8971680000000006,0.6029099999999801,0.2444399999999973,0.428407,0.3097409999999989,0.9084677,0.4499639999999942,0.6253639999999976,0.1482530000000039,0.3152399999999957
3644,368,0.1154360000000025,0.2748470000000012,0.3038844999999996,0.1547799999999988,0.3105393000000003,0.1763631999999999,0.2835800000000006,0.3195510000000041,1.074857999999999,0.7207599999999843,0.2902100000000018,0.4692849999999993,0.4468609999999984,1.1226827000000004,0.5417290000000037,0.7451219999999985,0.1716010000000025,0.365955999999997
3654,369,0.1150230000000007,0.2753650000000007,0.2948639000000002,0.1515789999999999,0.3050142999999998,0.1746750999999999,0.2790040000000005,0.3045730000000048,1.026453,0.6932099999999934,0.3076099999999968,0.4924110000000006,0.5224350000000015,1.1727180000000006,0.6081110000000081,0.7360210000000009,0.1670030000000011,0.3360569999999967
3664,370,0.0898200000000031,0.2120069999999998,0.2565779999999993,0.1281490000000005,0.2535693000000005,0.1519696000000001,0.2369139999999987,0.2798739999999995,0.9583289999999992,0.6666299999999978,0.2500600000000048,0.4249289999999988,0.3843829999999997,0.8621209999999997,0.4416499999999956,0.6425580000000011,0.1496759999999994,0.3375239999999948
3674,371,0.1180170000000018,0.2810170000000003,0.3077306999999996,0.1574270000000002,0.3153953000000005,0.1790451000000001,0.284089999999999,0.316787000000005,1.0661500000000004,0.7147999999999968,0.2964099999999945,0.4840230000000005,0.4499150000000007,1.1557692,0.5778509999999955,0.7646160000000002,0.1806940000000025,0.3545900000000017
3684,372,0.0892830000000017,0.2209330000000005,0.252002,0.1273859999999995,0.2557003000000009,0.1502772000000001,0.2310909999999992,0.248781000000001,0.8427070000000008,0.5712899999999763,0.2553099999999944,0.426677999999999,0.3519940000000012,0.9529606999999992,0.5053089999999969,0.6436060000000019,0.1528139999999993,0.2876059999999967
3694,373,0.1056190000000008,0.2362990000000007,0.2820150999999997,0.1439079999999997,0.2902403000000007,0.1664064,0.2686859999999988,0.2935799999999986,0.9984259999999984,0.6677299999999775,0.2864900000000006,0.4533570000000004,0.4098210000000009,1.0655066,0.5281800000000061,0.7134299999999989,0.1638379999999983,0.3433780000000013
3704,374,0.1101130000000019,0.2620509999999996,0.2904420999999999,0.148325999999999,0.2939913,0.1685935999999999,0.2495279999999979,0.2725610000000031,0.931836999999998,0.6148199999999804,0.2592199999999991,0.4669159999999976,0.4493540000000031,1.0642412000000006,0.5771019999999965,0.7447850000000003,0.1709659999999999,0.2994389999999995
3714,375,0.1149529999999998,0.2750820000000011,0.3091228999999993,0.1557659999999998,0.3129433000000006,0.1756468999999998,0.2743490000000008,0.2997840000000025,1.0254829999999977,0.6690399999999954,0.248909999999995,0.4494779999999991,0.3977090000000025,1.0706219,0.544903000000005,0.7438159999999989,0.1799260000000018,0.3377529999999993
3724,376,0.1332340000000016,0.3409270000000006,0.3505706000000002,0.1817239999999991,0.365851300000001,0.2040245999999999,0.3380659999999977,0.3911110000000022,1.2044630000000005,0.8312899999999956,0.3775499999999994,0.6239559999999997,0.706825000000002,1.3932783999999998,0.7888530000000031,0.8696229999999971,0.1937709999999981,0.3737959999999987
3734,377,0.0616210000000023,0.135060000000001,0.1990943999999999,0.0924169999999993,0.1768573,0.1149689,0.1661149999999978,0.2125079999999997,0.7089789999999994,0.4991299999999796,0.1899700000000024,0.3546169999999975,0.3384099999999996,0.7469182999999999,0.3167940000000016,0.4699429999999971,0.113906,0.257723999999996
3744,378,0.0889900000000025,0.220251000000001,0.2539565000000001,0.1248589999999989,0.2558493000000013,0.1466373,0.2440919999999984,0.2363270000000028,0.8521849999999986,0.5686399999999878,0.2333299999999951,0.3948210000000003,0.2924149999999983,0.8461492999999995,0.4575419999999894,0.591940000000001,0.1486099999999979,0.2959639999999979
3754,379,0.1120230000000006,0.2983910000000005,0.3194243999999999,0.1601689999999997,0.3257073000000012,0.1752465999999999,0.3340969999999998,0.2545059999999992,0.978828,0.7093899999999849,0.3541000000000025,0.5681839999999987,0.6353569999999991,1.117121,0.793565000000001,0.7867459999999973,0.1639540000000039,0.2529609999999991
3764,380,0.0690820000000016,0.1673790000000004,0.1960405999999999,0.0981860000000001,0.1942643000000004,0.1196795000000001,0.1705249999999978,0.1805580000000048,0.6349640000000001,0.4295499999999776,0.1774000000000057,0.3392739999999996,0.2912409999999994,0.7162275000000005,0.4211360000000042,0.5152520000000003,0.1207920000000015,0.2254170000000002
3774,381,0.0923040000000021,0.2202239999999999,0.2487553999999994,0.1255620000000004,0.2520163000000011,0.148438,0.2288910000000008,0.2443160000000048,0.8199289999999984,0.560450000000003,0.2506199999999978,0.4010759999999997,0.3737910000000006,0.9489628000000004,0.5083940000000098,0.6323080000000019,0.1525400000000019,0.2740009999999984
3784,382,0.1144440000000024,0.2565430000000006,0.2934917999999999,0.1489969999999996,0.2994102999999999,0.1704107999999999,0.2722289999999994,0.2869060000000019,0.967886,0.6622699999999782,0.2921300000000002,0.4674809999999993,0.4453579999999988,1.1006219000000002,0.6126720000000034,0.7304870000000001,0.1636650000000017,0.3114089999999976
3794,383,0.0818120000000028,0.1832180000000001,0.2404190000000001,0.1187989999999992,0.2361893000000012,0.1424333999999998,0.2227539999999983,0.2558660000000046,0.8700079999999986,0.5931499999999801,0.2301700000000011,0.3973109999999984,0.3491609999999987,0.8627406999999998,0.4050969999999978,0.588003999999998,0.1457610000000002,0.3038889999999981
3804,384,0.110044000000002,0.2574360000000002,0.2943107999999999,0.1486619999999998,0.3005333000000014,0.1702796000000002,0.275862,0.2886209999999991,0.971311,0.6596799999999803,0.2897800000000075,0.4540009999999981,0.4268850000000022,1.0882439999999995,0.6091299999999933,0.7270219999999981,0.170067000000003,0.3163519999999948
3814,385,-9.9999e+98,-9.9999e+98,0.0694561999999994,0.0284479999999991,0.0696793000000006,0.0500899999999999,0.066396000000001,0.0829769999999996,0.3627339999999996,0.2869799999999998,0.1273800000000022,0.2109509999999979,0.1796159999999993,0.4118824999999999,0.1602529999999973,0.2001959999999982,3.399999999942338e-05,0.1509579999999957
3824,386,0.0791230000000027,0.2171160000000007,0.2596824,0.117877,0.224006300000001,0.1421437999999999,0.194510000000001,0.2540049999999993,0.8534860000000002,0.5737199999999802,0.2152700000000038,0.4163809999999976,0.475874000000001,0.9178791999999998,0.4180279999999925,0.6037320000000008,0.1419899999999998,0.2815669999999954
3834,387,0.1267950000000013,0.298349,0.3312194000000001,0.1689919999999993,0.3395543000000014,0.1887493,0.3147839999999995,0.3165639999999996,1.0589340000000007,0.7541499999999814,0.3550400000000024,0.5642589999999998,0.6177019999999978,1.2411516000000002,0.7309009999999887,0.8306600000000017,0.1758290000000002,0.3219530000000006
3844,388,0.0904280000000028,0.2148730000000007,0.2572799999999997,0.1296350000000004,0.2603453000000009,0.1524076000000001,0.2475969999999989,0.2713889999999992,0.937417,0.6380199999999832,0.2496799999999979,0.4389919999999989,0.3471930000000007,0.9096107,0.4370970000000085,0.6397049999999993,0.1537360000000021,0.3333799999999982
3854,389,0.1195990000000009,0.2710480000000004,0.3057913000000001,0.1548409999999993,0.3129153000000002,0.1766090999999998,0.2862849999999994,0.3050360000000012,1.028573999999999,0.6920399999999916,0.2999900000000082,0.465757,0.4332150000000005,1.1224381,0.6086299999999909,0.7476209999999988,0.1790020000000041,0.3385460000000009
3864,390,0.1160980000000009,0.2673850000000008,0.3018929999999997,0.1539710000000003,0.3093853000000006,0.1757211,0.2815639999999995,0.3043030000000044,1.013773999999998,0.6889099999999928,0.3019000000000034,0.4837570000000006,0.453716,1.1443595000000002,0.622864000000007,0.7528060000000032,0.1713969999999989,0.3287300000000002
3874,391,0.1052150000000011,0.2464580000000005,0.2773409999999998,0.1397139999999996,0.2818833000000005,0.1615947000000002,0.2579719999999987,0.2651690000000002,0.90559,0.6186099999999897,0.2740600000000057,0.4306309999999982,0.413613999999999,1.0273038000000003,0.5745820000000066,0.6894659999999995,0.167391000000002,0.3007269999999948
3884,392,0.0699520000000006,0.160070000000001,0.2021705999999996,0.1004209999999989,0.2024772999999999,0.1227768999999998,0.1925209999999992,0.211110000000005,0.7148450000000004,0.4842199999999934,0.2039900000000045,0.3649819999999977,0.2849469999999989,0.7120810999999998,0.3449880000000007,0.4905659999999976,0.1277140000000045,0.2586079999999953
3894,393,0.081277,0.1855360000000008,0.2393653999999996,0.1178749999999997,0.2331603000000015,0.1419641999999998,0.2134630000000008,0.2463170000000047,0.8494339999999987,0.5742099999999937,0.2312100000000043,0.3882729999999981,0.3908699999999996,0.8839302,0.4119539999999944,0.5807520000000004,0.1446340000000034,0.2909719999999964
3904,394,0.0956150000000022,0.2194160000000007,0.2626857999999998,0.1317620000000001,0.2669903000000015,0.1544074000000002,0.2531399999999983,0.2688010000000034,0.9295359999999988,0.62075999999999,0.2529899999999969,0.4145210000000006,0.3813179999999967,0.9466611,0.4379810000000077,0.6325000000000003,0.1565399999999996,0.3192790000000016
3914,395,0.0636480000000005,0.1467970000000011,0.1859481,0.0938110000000005,0.1852803000000005,0.1165636000000001,0.1743059999999978,0.2013260000000016,0.6916170000000008,0.4796899999999766,0.184740000000005,0.3374369999999977,0.2573989999999995,0.6795966,0.3642460000000085,0.4738569999999988,0.1192600000000041,0.255359999999996
3924,396,0.1201490000000014,0.2810509999999997,0.3142605999999999,0.1570780000000002,0.3170303000000007,0.1764632000000001,0.2824579999999983,0.3009389999999996,1.0291899999999998,0.6797399999999811,0.2594700000000074,0.4385489999999983,0.3761779999999994,1.0373820999999994,0.5533350000000041,0.7448230000000002,0.1762650000000007,0.3408659999999983
3934,397,0.1238310000000026,0.2731490000000001,0.3108562999999993,0.1589539999999996,0.3187902999999998,0.1804852000000001,0.2910889999999995,0.3136319999999983,1.0419409999999978,0.7194299999999885,0.321550000000002,0.5135970000000007,0.5365660000000005,1.2066448999999997,0.6528800000000103,0.7747719999999987,0.1798059999999992,0.3273579999999967
3944,398,0.0721480000000021,0.1618639999999995,0.2270275000000001,0.10501,0.2027703000000009,0.1286925999999999,0.1791109999999989,0.2262910000000033,0.7639469999999982,0.524249999999995,0.1978399999999993,0.3461669999999976,0.3249429999999975,0.7771492999999996,0.4048270000000116,0.5452569999999994,0.1271199999999979,0.2677970000000016
3954,399,0.1054300000000019,0.240774,0.2794989000000001,0.1421320000000001,0.2866343000000011,0.1647156,0.2651119999999984,0.2946840000000037,0.9926859999999992,0.6632599999999798,0.2763599999999968,0.442105999999999,0.4191029999999998,1.0553815000000002,0.5048929999999956,0.6911179999999995,0.1613710000000026,0.335799999999999
3964,400,0.099889000000001,0.2416590000000003,0.2847615000000001,0.1397709999999996,0.2724112999999999,0.1596715999999998,0.2515110000000007,0.2537880000000001,0.8878699999999995,0.6140000000000043,0.286910000000006,0.5522409999999986,0.5501210000000007,1.1036597000000006,0.5892849999999896,0.7628350000000026,0.1644420000000011,0.2556039999999981
3974,401,0.0686940000000007,0.1579399999999999,0.1946857999999993,0.0971080000000004,0.1946573000000011,0.1198513000000001,0.1810189999999991,0.2004310000000018,0.6882149999999996,0.4662099999999896,0.191590000000005,0.3413719999999998,0.2486339999999991,0.7098949999999995,0.3665759999999949,0.4824169999999981,0.1215710000000029,0.2482460000000017
3984,402,0.1081330000000022,0.2431080000000012,0.2806423999999996,0.1432210000000005,0.2871073000000006,0.1656556,0.2613430000000001,0.2890489999999985,0.9511639999999986,0.6485799999999813,0.2822800000000001,0.4582869999999985,0.4387240000000005,1.0862653999999994,0.5694950000000034,0.700763000000002,0.1702560000000019,0.3092419999999976
3994,403,0.0943129999999996,0.2267900000000011,0.2634379999999998,0.131245999999999,0.2668213000000001,0.1533538999999999,0.253464000000001,0.2598890000000011,0.9090799999999994,0.6097000000000037,0.2509399999999999,0.4307219999999994,0.3061059999999997,0.9166958999999996,0.4807760000000058,0.6412270000000007,0.1545770000000033,0.3224559999999954
4004,404,0.1236180000000004,0.297015,0.3278148999999999,0.1653699999999993,0.3323703000000009,0.1845623999999999,0.288653,0.3035770000000042,1.0353679999999983,0.6793799999999806,0.277709999999999,0.5080819999999981,0.4502849999999974,1.1089215,0.6531710000000004,0.7966630000000023,0.1830229999999986,0.3344629999999995
4014,405,0.113118,0.2739290000000007,0.3088796,0.1544819999999998,0.3149873000000003,0.1755420000000001,0.2915609999999979,0.3087170000000014,1.0358759999999982,0.6899099999999976,0.292500000000004,0.4793249999999993,0.3735980000000012,1.0651868999999996,0.5872900000000101,0.7384489999999992,0.1704569999999989,0.355637999999999
4024,406,0.112999000000002,0.2766130000000011,0.2992453999999993,0.1536779999999993,0.3018273000000011,0.1712416000000001,0.2760840000000009,0.2513630000000049,0.9361069999999998,0.6251000000000033,0.2887199999999978,0.5506840000000004,0.5251260000000002,1.0763347999999997,0.6377889999999979,0.7873759999999983,0.1725560000000001,0.2563589999999962
4034,407,0.1236640000000015,0.3032920000000008,0.3353824999999997,0.1671839999999989,0.3416553000000011,0.1873056000000001,0.3183369999999996,0.3176040000000029,1.061018000000001,0.7146099999999933,0.3130600000000072,0.4854549999999982,0.4609109999999994,1.1428882999999992,0.6917469999999923,0.775029,0.1878950000000046,0.347141999999998
4044,408,0.1048819999999999,0.257085,0.2897666000000001,0.1452530000000003,0.2917413,0.1649251999999998,0.2660489999999988,0.2567560000000028,0.8959410000000005,0.6228399999999965,0.2850800000000077,0.450606999999998,0.4541979999999981,1.0263909999999994,0.6038329999999945,0.716073999999999,0.1661050000000017,0.2841710000000006
4054,409,0.1242220000000031,0.3154450000000004,0.3342063999999993,0.1681489999999996,0.3347853,0.1842736999999998,0.302067000000001,0.2699260000000052,0.9808079999999996,0.6501499999999965,0.2870599999999967,0.5262719999999987,0.5084509999999973,1.0347982,0.6897430000000071,0.8161340000000017,0.179479999999998,0.277037
4064,410,0.1045830000000016,0.2505170000000003,0.2771105,0.1431889999999995,0.2790863000000012,0.1640358000000001,0.2333739999999977,0.2630830000000017,0.8967849999999977,0.5911699999999769,0.2562700000000006,0.4833700000000007,0.4598700000000022,1.0531389999999998,0.5516659999999973,0.7284249999999979,0.1659629999999978,0.2731969999999961
4074,411,0.090681,0.2348220000000012,0.2660374999999995,0.1287349999999989,0.252918300000001,0.1525156,0.2232929999999982,0.2590590000000006,0.8935530000000007,0.6008499999999799,0.2450000000000045,0.4277789999999974,0.4286400000000014,0.9892791,0.4669119999999935,0.6475749999999998,0.1519040000000018,0.298881999999999
4084,412,0.1267480000000027,0.2994789999999998,0.3328315999999995,0.1702809999999992,0.3394173000000009,0.1899364999999999,0.2905419999999985,0.3187300000000022,1.079632,0.7079499999999825,0.2905499999999961,0.5142179999999996,0.4955439999999989,1.199796,0.6590269999999947,0.8333359999999992,0.1908090000000015,0.3393549999999976
4094,413,0.0890060000000012,0.2219100000000011,0.2572374999999995,0.1292790000000003,0.2599483000000013,0.1519436,0.2461079999999995,0.2693160000000034,0.9239809999999976,0.630849999999981,0.2494599999999991,0.4298420000000007,0.3048970000000004,0.8993829,0.4710310000000106,0.6397810000000028,0.1568809999999985,0.3335209999999975
4104,414,0.0805020000000027,0.1873930000000001,0.2293343999999999,0.1164670000000001,0.2325192999999998,0.1402021000000002,0.212298999999998,0.2393690000000035,0.8197499999999991,0.5523199999999804,0.2288300000000021,0.3745219999999989,0.3382199999999997,0.8718249999999994,0.420154999999994,0.5678319999999992,0.1431250000000048,0.2817310000000006
4114,415,0.0819530000000021,0.2465159999999997,0.2584716,0.1317649999999997,0.2672983000000002,0.1476424999999999,0.3284349999999989,0.2732579999999984,0.9340009999999984,0.6190899999999999,0.319829999999996,0.5476849999999978,0.725010000000001,1.3042381,0.9518369999999976,0.752876999999998,0.1325220000000015,0.2939089999999993
4124,416,0.1375790000000023,0.335134,0.3702018999999996,0.1880449999999989,0.3833043000000007,0.2082950000000001,0.3588239999999985,0.4032340000000047,1.2552549999999982,0.8319999999999936,0.3577400000000068,0.5972860000000004,0.5836419999999976,1.307498300000001,0.725049999999996,0.8711909999999996,0.1925530000000037,0.4041429999999977
4134,417,0.0685280000000005,0.1483480000000003,0.2212002999999995,0.0996100000000002,0.190494300000001,0.1228856,0.1692579999999992,0.2155540000000044,0.7096429999999998,0.4837699999999927,0.1985899999999958,0.3538460000000007,0.3632069999999991,0.8100442999999995,0.3851089999999999,0.5124090000000017,0.1234960000000029,0.243392
4144,418,0.1230570000000028,0.2876750000000001,0.3206330999999993,0.1619589999999995,0.3264293000000009,0.1821907,0.2956119999999984,0.3084960000000052,1.0268650000000008,0.6974299999999971,0.3050500000000085,0.4875000000000007,0.4757049999999978,1.1473491999999998,0.6629930000000002,0.7916229999999977,0.1820750000000046,0.3307859999999962
4154,419,0.0919280000000029,0.2161650000000001,0.2517313999999997,0.127129,0.2549593000000012,0.1503684999999999,0.2385459999999994,0.2677380000000013,0.910975999999998,0.6171599999999842,0.2416199999999975,0.4231309999999979,0.3220489999999998,0.9010531000000004,0.4522710000000103,0.6261100000000006,0.1494679999999988,0.3255720000000011
4164,420,0.1103300000000011,0.271491000000001,0.294594,0.1507059999999995,0.3005763000000012,0.1725045,0.2693380000000012,0.3124290000000016,1.023098000000001,0.6901900000000012,0.2853900000000067,0.4679199999999994,0.466903000000002,1.0831286999999996,0.5456049999999948,0.7337820000000015,0.1720019999999991,0.3383759999999967
4174,421,0.1103300000000011,0.271491000000001,0.294594,0.1507059999999995,0.3005763000000012,0.1725045,0.2693380000000012,0.3124290000000016,1.023098000000001,0.6901900000000012,0.2853900000000067,0.4679199999999994,0.466903000000002,1.0831286999999996,0.5456049999999948,0.7337820000000015,0.1720019999999991,0.3383759999999967
4184,422,0.0914800000000006,0.2281480000000009,0.2509939999999995,0.1252750000000002,0.252816300000001,0.1468981999999998,0.2309839999999994,0.2289209999999997,0.7768869999999986,0.5449799999999811,0.2610800000000068,0.4032359999999997,0.4085409999999996,0.9330557000000006,0.533101000000002,0.6283770000000004,0.1499220000000036,0.2571200000000004
4194,423,0.0890450000000022,0.219043000000001,0.2456762999999995,0.1223859999999987,0.2474303000000013,0.1449455999999997,0.2251550000000008,0.2406840000000016,0.8186110000000006,0.5510099999999909,0.2333600000000046,0.399407,0.3117690000000017,0.8812154999999997,0.4751280000000122,0.5895829999999975,0.1485270000000014,0.2813379999999981
4204,424,0.1283380000000029,0.3214249999999996,0.3551437000000002,0.1769540000000002,0.3623103000000007,0.1962999999999999,0.3430929999999996,0.3274260000000026,1.0945459999999976,0.7457499999999868,0.3368399999999951,0.5215110000000003,0.5288310000000003,1.1770392000000005,0.7504160000000013,0.8077070000000006,0.1719489999999979,0.3492079999999973
4214,425,0.1270060000000015,0.3052089999999996,0.3356002999999994,0.169440999999999,0.3447323000000004,0.1903241000000002,0.3206789999999984,0.3218870000000038,1.075523999999998,0.736549999999994,0.334620000000001,0.5147580000000005,0.5288360000000019,1.2124081000000002,0.7235439999999898,0.805022000000001,0.1922169999999994,0.3450679999999977
4224,426,0.0934370000000015,0.2188770000000008,0.2576857999999999,0.1311489999999988,0.2635553000000001,0.1548573000000002,0.2403079999999988,0.2664010000000019,0.905549999999998,0.6078299999999786,0.2614599999999996,0.4167950000000004,0.399636000000001,0.9947298,0.4826420000000126,0.6338100000000004,0.1565810000000027,0.3046089999999992
4234,427,0.1153370000000002,0.2908030000000003,0.3145829999999998,0.1561479999999999,0.3147833000000002,0.1739584999999999,0.2804509999999993,0.265151000000003,0.9278809999999992,0.6306599999999776,0.2854600000000005,0.4776999999999987,0.4530049999999974,1.0030220000000003,0.6564349999999877,0.7489040000000031,0.1786810000000045,0.2934860000000014
4244,428,0.1160750000000021,0.2603460000000002,0.2988463999999995,0.1514860000000002,0.3056903000000002,0.1730029000000001,0.2802219999999984,0.2956470000000024,0.9837290000000004,0.6712799999999959,0.2988100000000031,0.4692609999999995,0.4533710000000006,1.1255404000000002,0.6311700000000116,0.7450769999999984,0.1746470000000002,0.3218540000000018
4254,429,0.1069560000000002,0.253172000000001,0.2904032999999995,0.1471020000000003,0.2966983000000009,0.1689164999999999,0.2729929999999996,0.2981140000000053,1.0163469999999997,0.6804899999999918,0.2816399999999959,0.4460209999999982,0.381451000000002,1.0750758000000005,0.5296859999999981,0.7175350000000016,0.1750310000000041,0.3491269999999957
4264,430,0.1084170000000028,0.255294000000001,0.2850194999999997,0.147005,0.2859613000000003,0.1670999000000002,0.2499529999999978,0.2650870000000012,0.9114399999999988,0.6102999999999952,0.277630000000002,0.5442789999999995,0.5273350000000008,1.1149420999999995,0.6007770000000079,0.7682779999999987,0.1734390000000019,0.2628849999999971
4274,431,0.0921870000000026,0.2518630000000001,0.2705646000000001,0.1337599999999987,0.2672913000000001,0.1529259,0.2318719999999992,0.2350640000000012,0.8013869999999983,0.5368899999999996,0.2260600000000039,0.4220019999999991,0.3840690000000002,0.8672831999999993,0.5322830000000067,0.6621769999999998,0.1531510000000011,0.2641259999999974
4284,432,0.1214750000000002,0.2890250000000005,0.3176847999999994,0.1604270000000003,0.3257713000000013,0.1799971999999998,0.3115449999999988,0.2771120000000024,0.9772849999999984,0.7129699999999843,0.3542000000000058,0.540775,0.6130160000000018,1.1659990000000002,0.7286610000000024,0.7824999999999989,0.1688960000000037,0.2916019999999975
4294,433,0.1023960000000023,0.2525220000000008,0.2866018999999999,0.1435429999999993,0.2910953000000003,0.1649721999999998,0.2723349999999982,0.2908620000000042,0.998543999999999,0.6711699999999894,0.2660599999999959,0.4501570000000008,0.3252690000000022,0.9889637000000002,0.5297789999999907,0.6983169999999994,0.1742430000000041,0.3542659999999955
4304,434,0.1228000000000015,0.296342000000001,0.3283036999999993,0.1636159999999993,0.3344923000000008,0.1840125000000001,0.3098910000000003,0.3112710000000049,1.0519019999999983,0.702559999999977,0.310450000000003,0.5025379999999977,0.434781000000001,1.1260053999999995,0.6716229999999968,0.7643599999999999,0.1807160000000038,0.3511710000000008
4314,435,0.0897050000000021,0.2108380000000007,0.2497528999999998,0.1266809999999996,0.2538963000000009,0.1500976999999999,0.2364490000000003,0.2650860000000037,0.9066249999999982,0.6107899999999802,0.2436100000000038,0.4058220000000005,0.3575059999999972,0.9294078,0.4408650000000023,0.6210759999999986,0.1494010000000045,0.3131059999999976
4324,436,0.0894350000000017,0.2177880000000005,0.2475904999999993,0.1259959999999989,0.2516383000000015,0.1489937000000001,0.2267620000000008,0.2451210000000045,0.8254799999999989,0.5644599999999969,0.2538499999999999,0.4119460000000003,0.3797850000000018,0.9656041000000002,0.5063220000000115,0.6428510000000003,0.1544780000000045,0.2793700000000001
4334,437,0.109617,0.258249000000001,0.2937351999999995,0.1463429999999999,0.2995523000000002,0.1678175999999998,0.2822229999999983,0.2752490000000023,0.9460669999999992,0.6350099999999941,0.2891699999999986,0.4669729999999994,0.4054090000000023,1.0446445999999998,0.6123070000000013,0.6944180000000024,0.1667249999999995,0.3180879999999959
4344,438,0.0776060000000029,0.1917780000000011,0.2308911999999994,0.1158210000000004,0.2321003000000008,0.1391057,0.2177350000000011,0.2384710000000041,0.8381000000000007,0.5722700000000032,0.2190000000000083,0.3861299999999978,0.2736339999999977,0.8116719999999997,0.4207299999999918,0.5670439999999992,0.1418960000000027,0.2960789999999988
4354,439,0.0954019999999999,0.2426469999999998,0.2887589999999997,0.1355989999999991,0.2646212999999999,0.1601558,0.2416099999999978,0.299869000000001,0.994128,0.6719099999999969,0.2712199999999996,0.4685649999999981,0.5351570000000017,1.0246319000000002,0.4571949999999987,0.6832000000000029,0.160465000000002,0.3345139999999986
4364,440,0.0990099999999998,0.2370289999999997,0.2674319,0.1350079999999991,0.2728743000000015,0.1578819,0.2505300000000012,0.2581220000000002,0.8808450000000008,0.6009599999999864,0.2724199999999968,0.4243659999999991,0.4041180000000004,1.0211169,0.5615580000000051,0.666402999999999,0.1642989999999997,0.2912099999999995
4374,441,0.0715110000000009,0.1664709999999996,0.2358546999999999,0.1083189999999998,0.2132843000000015,0.1326784,0.1936019999999985,0.2368340000000017,0.7766219999999997,0.5237799999999879,0.2233300000000042,0.3784099999999988,0.4185599999999994,0.8716001999999996,0.3759670000000028,0.5323460000000004,0.1318490000000025,0.2647759999999977
4384,442,0.1023230000000019,0.2558240000000005,0.2866932999999996,0.1438079999999999,0.2899093000000015,0.1648670000000001,0.2606760000000001,0.2748800000000031,0.9559359999999976,0.6403599999999869,0.2644200000000012,0.4526070000000004,0.3627789999999997,1.010002,0.535263999999998,0.6949849999999991,0.1706690000000037,0.328444999999995
4394,443,0.0716280000000004,0.1727489999999996,0.2040150999999994,0.0993639999999995,0.2013923000000002,0.1208054,0.1827149999999981,0.1927960000000013,0.6654169999999979,0.4510799999999904,0.1789700000000067,0.310175000000001,0.2466880000000024,0.6621372000000001,0.4082580000000035,0.4762450000000022,0.1204779999999985,0.2411749999999983
4404,444,0.0978190000000012,0.2318270000000009,0.2669879000000001,0.134214,0.2715313000000012,0.1568535999999998,0.2485600000000012,0.2752830000000017,0.9143240000000006,0.6136099999999942,0.2616900000000015,0.4350009999999997,0.3250099999999989,0.9758383999999998,0.5038399999999967,0.6490170000000006,0.157634999999999,0.3138609999999957
4414,445,0.0949470000000012,0.2384780000000006,0.2666858999999997,0.1341509999999992,0.2681183000000011,0.1559110000000001,0.2350689999999993,0.2601310000000012,0.9016309999999984,0.5956699999999842,0.2136600000000044,0.4154990000000005,0.3383089999999988,0.9251462000000004,0.4954039999999935,0.6564790000000009,0.1567870000000013,0.3120399999999961
4424,446,0.1009580000000021,0.2628479999999999,0.2826086999999999,0.1415939999999995,0.2824363000000005,0.1613937,0.2376140000000006,0.2481709999999992,0.8620370000000008,0.5618199999999831,0.2292599999999964,0.4462259999999993,0.4133260000000014,0.9396567000000005,0.5568930000000023,0.6983339999999991,0.1610769999999988,0.2830259999999995
4434,447,0.0876570000000001,0.2106630000000002,0.2524616000000002,0.1256849999999989,0.2497983000000001,0.1492734000000002,0.2243490000000001,0.2558369999999996,0.8589750000000009,0.5821499999999844,0.2458699999999964,0.4052879999999987,0.3845460000000003,0.9757526,0.4612329999999929,0.6226069999999986,0.1497770000000002,0.2807109999999966
4444,448,0.1132920000000012,0.2758540000000007,0.3062053999999996,0.1556689999999996,0.3102823000000008,0.1754782999999999,0.2611239999999988,0.2852560000000039,0.977532,0.6318899999999985,0.2511200000000002,0.4857949999999995,0.4442540000000008,1.0786084999999996,0.6019579999999962,0.7627349999999993,0.1788570000000007,0.3151790000000005
4454,449,0.120237000000003,0.2873020000000004,0.3029242999999999,0.156034,0.3130023000000008,0.1788050999999999,0.2857169999999982,0.3298060000000049,1.0838439999999991,0.7263099999999838,0.3070199999999943,0.4930599999999998,0.549317000000002,1.1800999,0.5723239999999947,0.7466489999999979,0.1783479999999997,0.3601389999999966
4464,450,0.1216600000000021,0.2890150000000009,0.3192662999999998,0.1625180000000003,0.3284023000000005,0.1846301000000001,0.3014930000000007,0.3350040000000049,1.089859999999998,0.732529999999997,0.3157199999999989,0.5056650000000005,0.5233610000000013,1.2035342,0.6368259999999992,0.776406999999999,0.1812620000000038,0.355992999999998
4474,451,0.1216600000000021,0.2890150000000009,0.3192662999999998,0.1625180000000003,0.3284023000000005,0.1846301000000001,0.3014930000000007,0.3350040000000049,1.089859999999998,0.732529999999997,0.3157199999999989,0.5056650000000005,0.5233610000000013,1.2035342,0.6368259999999992,0.776406999999999,0.1812620000000038,0.355992999999998
4484,452,0.043806,0.1213519999999999,0.1795770999999995,0.0851509999999997,0.163006300000001,0.1068099999999998,0.1524949999999982,0.1865549999999984,0.639842999999999,0.4479900000000043,0.1748699999999985,0.3294359999999976,0.2749459999999999,0.6737871999999996,0.3318450000000013,0.4248229999999999,0.1086439999999981,0.2387569999999996
4494,453,0.0998739999999998,0.2441639999999996,0.2776703999999999,0.1393789999999999,0.2815523000000013,0.1610806999999998,0.2560469999999988,0.2740620000000007,0.9343690000000002,0.6273199999999974,0.2637600000000049,0.4508130000000001,0.3538909999999973,0.9933202999999996,0.5263399999999905,0.6816990000000018,0.1666170000000022,0.3236719999999948
4504,454,0.1182000000000016,0.2751490000000007,0.3103009999999999,0.1597930000000005,0.3164433000000013,0.1803094999999999,0.2773690000000002,0.3014560000000017,1.018135000000001,0.7017899999999884,0.3178400000000039,0.5423039999999979,0.5594980000000014,1.2032687000000006,0.6614870000000082,0.7958040000000004,0.1806109999999989,0.3160589999999956
4514,455,0.082175000000003,0.1777080000000008,0.2447618,0.117903,0.2348323000000007,0.1413239000000001,0.2217029999999979,0.2495400000000032,0.8555630000000001,0.579829999999987,0.2360000000000042,0.4059439999999981,0.3923570000000005,0.8792681,0.3840369999999922,0.5874869999999994,0.1454400000000006,0.2965359999999961
4524,456,0.0720840000000002,0.1957120000000003,0.2194529999999996,0.1083069999999999,0.2176453000000009,0.1288754,0.1970439999999982,0.1877169999999992,0.6654130000000009,0.4619399999999984,0.2094500000000039,0.3620869999999989,0.3218400000000017,0.7696746000000001,0.4525039999999904,0.5586179999999992,0.1287230000000008,0.2267349999999979
4534,457,0.1183290000000027,0.2809640000000009,0.3165341000000001,0.1595370000000002,0.3209243000000015,0.1793770999999999,0.2842379999999984,0.3099680000000049,1.0446290000000005,0.6871399999999994,0.268429999999995,0.4617819999999994,0.4014179999999996,1.0844182999999994,0.5730910000000051,0.7610869999999998,0.1764599999999987,0.3456040000000016
4544,458,0.1154299999999999,0.2594609999999999,0.3017294000000001,0.1517669999999995,0.3082183,0.1730513999999998,0.2858409999999978,0.2860030000000009,0.9660599999999988,0.6712599999999895,0.3082700000000073,0.4736589999999978,0.4973799999999997,1.1092595000000005,0.6219909999999942,0.719809999999999,0.1708879999999979,0.3020139999999998
4554,459,0.1246530000000021,0.3031660000000009,0.3347883999999999,0.1673200000000001,0.3410823,0.1874129,0.3145589999999991,0.3225400000000036,1.0751080000000002,0.719459999999998,0.3124099999999998,0.5110390000000002,0.4398330000000001,1.1448083999999996,0.6795819999999964,0.7874100000000013,0.1880650000000017,0.3557500000000004
4564,460,0.1023090000000017,0.2524670000000011,0.2834123000000002,0.1412289999999991,0.2857773000000012,0.1616013,0.2663489999999981,0.2544690000000003,0.8673520000000003,0.6148299999999836,0.2898500000000013,0.4382789999999978,0.4512280000000004,1.012915400000001,0.6003910000000019,0.6931060000000002,0.1636730000000028,0.2751659999999987
4574,461,0.0577940000000012,0.1318760000000001,0.1858816000000001,0.0876239999999999,0.1737603000000014,0.1098602999999998,0.1646070000000001,0.1911540000000045,0.642078999999999,0.4373099999999965,0.1755700000000075,0.3108539999999991,0.2813839999999992,0.6501313,0.3029630000000054,0.4266429999999985,0.1078200000000038,0.2310999999999978
4584,462,-9.9999e+98,0.1061050000000012,0.1618826999999996,0.0776099999999999,0.1446532999999998,0.0978449000000001,0.1361109999999996,0.1659010000000051,0.6020719999999997,0.4293600000000026,0.1698899999999952,0.2938299999999998,0.2895740000000018,0.6463592,0.2884790000000095,0.3712899999999983,0.0929410000000032,0.2202849999999969
4594,463,-9.9999e+98,0.1061050000000012,0.1618826999999996,0.0776099999999999,0.1446532999999998,0.0978449000000001,0.1361109999999996,0.1659010000000051,0.6020719999999997,0.4293600000000026,0.1698899999999952,0.2938299999999998,0.2895740000000018,0.6463592,0.2884790000000095,0.3712899999999983,0.0929410000000032,0.2202849999999969
4604,464,0.1098600000000011,0.2733129999999999,0.3041913999999996,0.1530159999999991,0.3067603000000005,0.1725150000000002,0.2637689999999999,0.2864460000000051,0.9875009999999982,0.643589999999989,0.2386900000000054,0.430854,0.3968179999999996,1.0272381,0.5482140000000015,0.7334889999999987,0.1791499999999999,0.3263139999999964
4614,465,0.067929000000003,0.150722,0.2198563,0.0987869999999997,0.1910303000000013,0.1222384999999999,0.1711479999999987,0.2152129999999985,0.7076019999999978,0.4820599999999899,0.197739999999996,0.3456609999999998,0.3409039999999983,0.7909652000000005,0.3744679999999931,0.5055019999999999,0.124171000000004,0.2469029999999961
4624,466,0.132481000000002,0.3188630000000003,0.3562086999999998,0.1790260000000003,0.3666873000000006,0.1993816000000001,0.3485599999999991,0.360951,1.1594489999999986,0.7723900000000015,0.3459200000000066,0.5523099999999985,0.4859659999999977,1.2450656000000002,0.7394310000000104,0.8365849999999995,0.1940659999999994,0.3787260000000003
4634,467,0.0827109999999997,0.1871170000000006,0.2353081999999995,0.1176569999999994,0.2363213000000001,0.1400785999999998,0.226468999999998,0.2431930000000051,0.8576289999999993,0.59375,0.2301499999999947,0.4085949999999982,0.300694,0.7956921000000001,0.3901210000000077,0.5789030000000004,0.1420519999999996,0.3076250000000016
4644,468,0.0882990000000027,0.2151960000000006,0.2510311999999999,0.1276869999999998,0.2535183000000014,0.1509909999999998,0.229496000000001,0.2611910000000037,0.9120950000000008,0.6194699999999784,0.2344499999999953,0.4044859999999985,0.3694279999999992,0.8977228999999998,0.4430919999999929,0.6322740000000024,0.1495159999999984,0.3224030000000013
4654,469,0.0854440000000025,0.2150160000000003,0.2433811999999999,0.1212479999999995,0.2447413000000011,0.1437925999999998,0.2221639999999993,0.2287900000000036,0.8024199999999979,0.5417899999999918,0.2323200000000014,0.3690099999999994,0.3210769999999989,0.8793864000000005,0.4666770000000042,0.5865770000000019,0.148696000000001,0.2732339999999951
4664,470,0.096148000000003,0.2224810000000001,0.2615368,0.133049999999999,0.2677903000000015,0.1566752999999998,0.2454210000000003,0.2748270000000019,0.9259149999999998,0.6202199999999891,0.2627300000000048,0.4206289999999981,0.4111580000000003,1.0035328000000003,0.4780450000000087,0.6496050000000011,0.1598469999999991,0.3123930000000001
4674,471,0.0561410000000002,0.1276419999999998,0.1839047999999996,0.0864239999999991,0.1674193000000006,0.1087425999999998,0.1550240000000009,0.1892490000000037,0.6453549999999986,0.4493699999999876,0.1692000000000035,0.3008279999999992,0.2672479999999986,0.6531729999999998,0.3411920000000066,0.4404040000000009,0.1079080000000018,0.2358369999999965
4684,472,0.115985000000002,0.2747960000000002,0.3136159999999997,0.1567349999999994,0.3201083000000011,0.1777141000000002,0.299551000000001,0.3109870000000043,1.0596509999999988,0.7032399999999939,0.2957099999999997,0.4852330000000009,0.3703090000000024,1.0761460000000005,0.5918980000000005,0.745234,0.1701680000000038,0.3627439999999993
4694,473,0.1069170000000028,0.2428880000000006,0.2994743999999993,0.1480809999999994,0.2950403000000001,0.1712053999999998,0.2681409999999999,0.3134720000000044,1.047307,0.7030900000000031,0.292500000000004,0.4800489999999975,0.5380290000000016,1.1318529000000002,0.5149339999999967,0.717531000000001,0.168810999999998,0.3481409999999982
4704,474,0.0750740000000007,0.1744640000000004,0.2386065999999997,0.113669999999999,0.2257553000000012,0.1381538999999998,0.2058420000000005,0.2411340000000024,0.8064669999999978,0.541560000000004,0.234499999999997,0.391456999999999,0.4412649999999978,0.9048630000000006,0.3962109999999939,0.5498359999999991,0.1401230000000026,0.2713139999999967
4714,475,0.0895450000000011,0.1987280000000009,0.2429924999999997,0.1243009999999991,0.2482153,0.1481105,0.229578,0.2584640000000036,0.8819379999999981,0.5926699999999983,0.2471900000000033,0.4066609999999997,0.3694349999999993,0.9412759,0.4435090000000059,0.6177700000000002,0.1481880000000046,0.3047910000000016
4724,476,0.0900069999999999,0.2229220000000005,0.2545741000000001,0.1284559999999999,0.2570043000000002,0.1510886,0.2304619999999992,0.2528900000000007,0.8625729999999976,0.580539999999985,0.2399300000000011,0.3968999999999987,0.342610999999998,0.937449,0.4819570000000084,0.6291089999999997,0.1541320000000041,0.2909099999999966
4734,477,0.0580870000000004,0.1287479999999998,0.1865218999999998,0.088324,0.1714313,0.1105618000000001,0.1613550000000003,0.1971980000000002,0.6657189999999993,0.4640499999999861,0.1757199999999983,0.3160489999999996,0.2770229999999998,0.6769639999999999,0.3277400000000057,0.4444739999999996,0.1114320000000006,0.2435979999999986
4744,478,0.1092320000000022,0.2787220000000001,0.3058287999999995,0.1518750000000004,0.3082983000000006,0.1714760000000001,0.2775849999999984,0.2792409999999989,0.965059,0.6416399999999953,0.2700099999999992,0.4646599999999985,0.3968740000000004,1.0008393999999994,0.5930979999999977,0.7160219999999988,0.170340000000003,0.3264119999999977
4754,479,0.0685110000000008,0.1524929999999997,0.2108110999999999,0.0996500000000004,0.1938513000000004,0.1233533000000002,0.1782819999999993,0.2197530000000043,0.7344609999999996,0.5015699999999867,0.2002200000000016,0.3525539999999978,0.3438370000000006,0.7621735000000003,0.3562280000000015,0.5027489999999979,0.1246799999999979,0.2591779999999986
4764,480,-9.9999e+98,0.0978989999999999,0.1754258000000002,0.0745719999999998,0.1332653000000014,0.0939328000000001,0.1256519999999987,0.1598889999999997,0.593903000000001,0.44301999999999,0.1859800000000007,0.2981839999999991,0.2671179999999999,0.6426068000000003,0.2730790000000098,0.3645519999999997,0.0512890000000041,0.2202119999999965
4774,481,0.110006000000002,0.2668239999999997,0.2984162000000001,0.1497530000000004,0.3034903,0.1708324999999999,0.2768639999999998,0.2929269999999988,0.9922339999999998,0.6651200000000017,0.2836000000000069,0.4746489999999994,0.3768479999999989,1.0531961999999997,0.5793160000000057,0.7229789999999987,0.1742260000000044,0.3396289999999951
4784,482,0.0797360000000004,0.2191910000000003,0.2671602999999996,0.1206130000000005,0.2269413,0.1437094999999999,0.1830999999999996,0.2516919999999985,0.8148529999999994,0.5259399999999914,0.1928099999999943,0.4053289999999983,0.3962420000000008,0.9265499999999998,0.4625559999999922,0.6343750000000021,0.1471859999999978,0.2574739999999949
4794,483,0.1219180000000008,0.269444,0.3068138999999998,0.1568240000000003,0.3151073000000011,0.1786007,0.2881250000000008,0.3107090000000028,1.0323829999999994,0.7082299999999861,0.3119800000000055,0.4997480000000003,0.5041760000000011,1.1830483000000005,0.646142999999995,0.7592709999999983,0.1780180000000015,0.3298169999999985
4804,484,0.1038180000000004,0.2363289999999995,0.2788601999999995,0.1393789999999999,0.2838333000000013,0.1609674999999999,0.2694839999999985,0.2759920000000022,0.9637659999999996,0.6422099999999773,0.2690800000000024,0.4567219999999992,0.3332080000000026,0.9850698000000008,0.4972829999999959,0.6676970000000004,0.1622580000000013,0.3363900000000015
4814,485,0.1098379999999998,0.253311,0.3006823,0.1478249999999992,0.2914283000000015,0.1701502000000001,0.2574989999999992,0.299002999999999,0.9842179999999984,0.6716600000000028,0.2948200000000014,0.5152040000000007,0.5538360000000004,1.1787378000000004,0.5900689999999997,0.741570000000003,0.1720420000000047,0.310535999999999
4824,486,0.0976430000000014,0.2441399999999998,0.2751355999999996,0.1386279999999988,0.2766283000000005,0.1603034999999999,0.2426390000000005,0.2709180000000017,0.952016999999998,0.6324799999999868,0.22466,0.4041339999999991,0.3367009999999979,0.9484082000000004,0.4859700000000089,0.6724389999999971,0.163260000000001,0.3271079999999955
4834,487,-9.9999e+98,0.1023670000000009,0.1511192999999995,0.0725940000000004,0.1416693000000002,0.0924689999999999,0.1375010000000003,0.139251999999999,0.5458299999999987,0.383420000000001,0.1504599999999953,0.2842459999999995,0.2274840000000004,0.5407630000000001,0.2506290000000035,0.3218849999999982,0.0528850000000034,0.2057019999999951
4844,488,0.1021600000000013,0.2280010000000008,0.2829394999999994,0.1399319999999999,0.2784993,0.1640031999999998,0.2525359999999992,0.2916349999999994,0.9756089999999986,0.6575499999999863,0.2853900000000067,0.4716290000000001,0.5292949999999976,1.1092795000000004,0.5220599999999962,0.685410000000001,0.1651780000000045,0.3226340000000007
4854,489,0.1268960000000021,0.3285110000000006,0.3526682999999995,0.1745629999999991,0.3554843000000005,0.1920270999999997,0.3203980000000008,0.3106720000000038,1.0836849999999991,0.7121099999999956,0.2844400000000036,0.4900090000000006,0.4273559999999996,1.0700279999999998,0.6749480000000005,0.7961789999999986,0.1759389999999996,0.3618359999999967
4864,490,0.1081840000000013,0.2642959999999998,0.2960751999999997,0.149108,0.3019133000000007,0.1701928000000001,0.2749839999999999,0.2916390000000035,0.9752960000000002,0.6564599999999814,0.2894200000000069,0.4877929999999999,0.4077520000000021,1.0591552999999996,0.5959959999999995,0.7325129999999973,0.1708700000000007,0.3316219999999958
4874,491,0.1295910000000013,0.3118619999999996,0.3440362999999999,0.175813999999999,0.3547723000000005,0.1969416000000001,0.3252029999999983,0.3581320000000048,1.1516239999999982,0.7785299999999893,0.3394499999999993,0.5411019999999986,0.5171240000000026,1.2867895000000005,0.716431,0.8479889999999983,0.2042149999999978,0.3676129999999986
4884,492,0.0676520000000024,0.1581580000000002,0.1995225999999998,0.0981199999999997,0.1952493000000004,0.1211929999999998,0.180931000000001,0.2056800000000009,0.7021949999999997,0.4775399999999763,0.1950300000000027,0.3522929999999995,0.2584409999999977,0.7230122000000003,0.3701629999999909,0.4895510000000023,0.124572999999998,0.2536750000000012
4894,493,0.0898640000000021,0.2289609999999999,0.2573061999999995,0.1279710000000005,0.2587783000000012,0.1500023999999999,0.2367470000000011,0.2470970000000036,0.8694020000000009,0.5847200000000043,0.2347800000000006,0.4049729999999982,0.3075229999999997,0.8759923000000001,0.4876679999999993,0.6233749999999993,0.1516689999999982,0.3012099999999975
4904,494,0.0897199999999998,0.2130130000000001,0.2516889999999998,0.1280579999999993,0.2560343000000014,0.1516384999999998,0.2391249999999978,0.2655160000000052,0.915852000000001,0.6168199999999899,0.2461799999999954,0.4118259999999978,0.3542249999999995,0.9321086999999996,0.4557700000000011,0.6321330000000032,0.1521460000000019,0.3218490000000003
4914,495,0.1270200000000017,0.305314000000001,0.3451040999999994,0.1739619999999995,0.3551653000000012,0.194744,0.331078999999999,0.3739520000000027,1.171365999999999,0.7745299999999986,0.3286999999999977,0.5423270000000002,0.5091169999999998,1.2058928,0.6491939999999943,0.8182069999999975,0.2002370000000013,0.3896669999999957
4924,496,0.0849700000000019,0.2198340000000005,0.2668476000000002,0.1236019999999999,0.2412703,0.1484125,0.2186649999999979,0.2664580000000001,0.8983069999999991,0.6054599999999937,0.2516099999999994,0.4336759999999984,0.4924309999999998,0.9744085,0.4170469999999966,0.6073580000000014,0.1486689999999981,0.2989419999999967
4934,497,0.1186070000000008,0.2794040000000013,0.3092144000000001,0.1554260000000003,0.3158453000000012,0.1763530000000002,0.2915460000000003,0.2931969999999992,0.9835339999999988,0.6726500000000044,0.3095799999999968,0.4983849999999989,0.4691260000000028,1.1277273,0.6718649999999968,0.7560390000000012,0.1741820000000018,0.3198110000000014
4944,498,0.0943450000000005,0.2427520000000012,0.2713767999999996,0.1343709999999998,0.2724023000000013,0.1555887,0.246186999999999,0.2499250000000046,0.8792659999999977,0.5887299999999982,0.2446699999999992,0.416646,0.3401350000000001,0.9157473000000004,0.512874999999994,0.6410519999999984,0.153769000000004,0.3023859999999985
4954,499,0.1264150000000015,0.3016690000000004,0.3387937000000001,0.1689969999999991,0.3466473000000007,0.1897093999999999,0.3341269999999987,0.3246370000000027,1.0825549999999993,0.7229399999999941,0.3206799999999958,0.520116999999999,0.4735050000000029,1.152119,0.6809229999999928,0.7725229999999996,0.1887919999999994,0.3486599999999953
4964,500,0.0690100000000022,0.152356000000001,0.2083072999999995,0.0997909999999997,0.1969232999999999,0.1235069000000002,0.1781240000000004,0.2167209999999997,0.6975279999999984,0.4736099999999794,0.2074000000000069,0.3468659999999985,0.367248,0.8115885,0.3707980000000077,0.4946139999999985,0.1249350000000006,0.2376049999999949
4974,501,0.0937180000000026,0.2331430000000001,0.2641441999999996,0.1318669999999997,0.2661193000000015,0.1537682999999998,0.2398759999999988,0.2490720000000053,0.8794739999999983,0.5901899999999785,0.2408999999999963,0.4218389999999985,0.3356889999999985,0.9176396999999996,0.5044630000000012,0.6382709999999996,0.1525570000000016,0.3030469999999994
4984,502,0.0598039999999997,0.1281750000000006,0.2023277999999999,0.0921589999999987,0.1772263000000009,0.1144918999999999,0.169398000000001,0.2058960000000027,0.7111409999999978,0.502679999999998,0.1933000000000078,0.3590879999999998,0.3691899999999997,0.7471676999999994,0.2900920000000013,0.4592910000000003,0.1136510000000043,0.2537269999999978
4994,503,0.0783760000000022,0.1788410000000002,0.2372091999999996,0.1138370000000001,0.2229653000000002,0.1382251000000001,0.2063990000000011,0.2448499999999995,0.8410869999999981,0.5746000000000038,0.2234100000000012,0.3898519999999976,0.3763769999999979,0.8422285,0.4044689999999917,0.5748720000000027,0.1410240000000016,0.2922429999999991
5004,504,0.0899610000000024,0.244135,0.2675175999999997,0.1308379999999989,0.2657843,0.1513607999999999,0.2435189999999991,0.2462680000000006,0.8905600000000007,0.6038999999999817,0.2292099999999948,0.3596959999999995,0.2905680000000004,0.8131152000000004,0.4837940000000031,0.6052889999999991,0.1494240000000033,0.3149979999999956
5014,505,0.0739030000000013,0.1820280000000007,0.2234506999999999,0.1116390000000002,0.2258743000000009,0.1344514000000001,0.214226,0.2258110000000002,0.7904589999999985,0.5294799999999782,0.2198900000000065,0.365755,0.3441609999999997,0.8136598999999993,0.3707050000000009,0.532428000000003,0.1389830000000032,0.2699840000000009
5024,506,0.0761010000000013,0.1751000000000004,0.2197141999999994,0.1111830000000004,0.2225603000000013,0.1344522000000001,0.2098119999999994,0.2238650000000035,0.7965809999999998,0.5393499999999847,0.2212899999999962,0.3966689999999992,0.2999299999999998,0.8213317,0.4006510000000105,0.5555489999999992,0.1399370000000033,0.282201999999998
5034,507,0.1023050000000012,0.2544810000000002,0.2847301,0.141458,0.2869793000000005,0.1620974999999997,0.2601519999999979,0.2657890000000051,0.9162019999999984,0.6145699999999863,0.2605199999999996,0.4420579999999994,0.3599010000000007,0.9709167999999996,0.5516180000000048,0.6728809999999967,0.1677749999999989,0.3082080000000005
5044,508,0.085759000000003,0.2171880000000001,0.2408472000000001,0.1202089999999991,0.2416113000000006,0.1422577,0.2158799999999985,0.2257390000000043,0.7817299999999996,0.5280799999999886,0.2238300000000066,0.4001319999999992,0.3290439999999996,0.8619671000000002,0.4783039999999943,0.6023540000000018,0.1476690000000005,0.2702510000000018
5054,509,-9.9999e+98,-9.9999e+98,0.0988839999999999,0.0279410000000002,0.0675723000000001,0.0510950999999999,0.0647719999999978,0.0875740000000036,0.3567849999999986,0.2751499999999964,0.1208900000000028,0.2112029999999976,0.2039190000000026,0.4062558000000003,0.1225040000000063,0.1700890000000008,-9.9999e+98,0.1463059999999956
5064,510,0.0931810000000012,0.2487840000000005,0.2633196,0.1354259999999989,0.2621053,0.1548283000000001,0.2226849999999984,0.2233480000000014,0.803014000000001,0.512990000000002,0.2308100000000053,0.4719429999999995,0.4466660000000004,0.9036755999999996,0.5241989999999959,0.7066680000000005,0.1587500000000048,0.2306510000000017
5074,511,0.0774129999999999,0.1744000000000003,0.2447773999999993,0.1112520000000003,0.2141333000000003,0.1349228,0.1860180000000006,0.2434930000000008,0.7830680000000001,0.5275999999999783,0.2032800000000065,0.378743,0.3742780000000003,0.8653966999999998,0.4283240000000035,0.5821509999999996,0.1377269999999981,0.2633439999999964
5084,512,0.1150140000000021,0.2713000000000001,0.3062616999999994,0.1525379999999998,0.3108523000000005,0.1726876000000001,0.2883689999999994,0.2713090000000022,0.9401690000000008,0.6489699999999914,0.3032400000000024,0.4535109999999989,0.4766249999999985,1.0809863000000002,0.6529840000000036,0.7257420000000003,0.1668880000000001,0.2992589999999993
5094,513,0.093674,0.2137729999999997,0.2668529999999993,0.1310629999999992,0.2593723000000008,0.1553683000000001,0.2350539999999981,0.2755630000000053,0.9319269999999982,0.6285299999999836,0.2629100000000051,0.4359909999999978,0.4626049999999999,1.0151062999999994,0.4628069999999979,0.6494810000000015,0.1582950000000025,0.3173049999999975
5104,514,0.0774410000000003,0.1882390000000011,0.2284286999999993,0.113982,0.2300053000000002,0.1368545999999999,0.2149649999999994,0.2262020000000006,0.8003289999999978,0.5400699999999858,0.2197800000000001,0.3869100000000003,0.277667000000001,0.8160745,0.4307469999999966,0.5574580000000005,0.1412189999999995,0.2832739999999987
5114,515,0.1175650000000025,0.2793580000000002,0.3084119999999997,0.156509999999999,0.3177023000000005,0.1787760999999998,0.2926169999999999,0.3143300000000053,1.0544960000000003,0.70474999999999,0.3092100000000073,0.492598000000001,0.4776220000000002,1.1507622,0.6079570000000132,0.7449860000000008,0.1725640000000012,0.347648999999997
5124,516,0.0916030000000027,0.2241990000000004,0.2567927999999995,0.1310950000000001,0.2592103000000012,0.1536363999999999,0.2286599999999978,0.2606520000000003,0.8678209999999993,0.5886600000000044,0.2485400000000055,0.4246499999999997,0.3837229999999998,0.9685747999999998,0.4951690000000042,0.6629450000000006,0.1535730000000015,0.2823879999999974
5134,517,0.1133500000000005,0.278182000000001,0.3035711999999995,0.1527919999999998,0.3054693000000004,0.1706153999999999,0.2796179999999992,0.2599370000000007,0.9205599999999984,0.6364199999999869,0.2918899999999951,0.502641999999998,0.5084720000000011,1.0579549000000004,0.651040000000009,0.7689139999999988,0.1782740000000018,0.2769789999999972
5144,518,0.0755030000000012,0.1867260000000001,0.2184167999999999,0.109121,0.2200853000000009,0.1320369999999999,0.2000129999999984,0.2172300000000007,0.7317,0.4956299999999771,0.2185699999999997,0.3667419999999985,0.2866910000000011,0.8182434000000001,0.4286999999999921,0.5443049999999978,0.1371000000000037,0.2531509999999954
5154,519,0.0727010000000021,0.1561350000000008,0.2273135000000001,0.1037289999999995,0.2025652999999998,0.1273686999999999,0.1905770000000011,0.2317940000000007,0.779789000000001,0.5381799999999828,0.2085000000000008,0.371694999999999,0.3550369999999994,0.7894132999999997,0.3502009999999984,0.5275819999999989,0.126697,0.2773690000000002
5164,520,0.0979480000000023,0.2234850000000001,0.2882314999999993,0.1365800000000003,0.2685213000000015,0.1611170999999998,0.2464370000000002,0.2978260000000006,0.988986999999998,0.6643100000000004,0.2787200000000069,0.4729989999999979,0.5468299999999999,1.0736220999999997,0.456583000000009,0.6785079999999972,0.1631130000000027,0.332384999999995
5174,521,0.0652640000000026,0.1452039999999996,0.1936613999999998,0.0934340000000002,0.182647300000001,0.1164596000000002,0.1703930000000006,0.2076080000000004,0.703088000000001,0.4933699999999987,0.1918799999999976,0.3131099999999982,0.2696610000000028,0.6808519999999998,0.3566670000000016,0.4751440000000002,0.1170740000000023,0.2603579999999965
5184,522,0.109098000000003,0.2643769999999996,0.2925110999999996,0.149737,0.2972303000000007,0.1694005,0.2697399999999987,0.2717099999999988,0.9316499999999976,0.6501899999999807,0.3058800000000019,0.5371509999999979,0.5509740000000001,1.1318937,0.6481309999999922,0.7740609999999997,0.1772150000000039,0.2814799999999948
5194,523,-9.9999e+98,0.1219289999999997,0.1646241999999995,0.0803029999999989,0.1560652999999998,0.1010643,0.1504769999999986,0.1631040000000041,0.6206460000000007,0.4557099999999821,0.1883899999999982,0.2956129999999994,0.2303519999999999,0.5790845999999998,0.3034099999999995,0.3978230000000025,0.0978720000000024,0.2354610000000008
5204,524,0.123350000000002,0.312246,0.3393110999999997,0.1719840000000001,0.3422193,0.1898496,0.2941819999999993,0.2978200000000015,1.0299349999999985,0.6798000000000002,0.2998900000000049,0.5272599999999983,0.5391060000000003,1.1450673,0.6988699999999994,0.828600999999999,0.1655330000000034,0.3154240000000001
5214,525,0.086508000000002,0.2068779999999996,0.2551015999999997,0.124727,0.2439502999999998,0.1477140000000001,0.2134879999999981,0.2530080000000012,0.8235530000000004,0.5612699999999791,0.2466500000000024,0.4334530000000001,0.4050069999999977,1.0007968999999992,0.4751790000000113,0.6468370000000014,0.147477000000002,0.2608279999999965
5224,526,0.05987,0.134684,0.2002361999999999,0.0915109999999987,0.1783803000000006,0.1145312999999998,0.1629229999999992,0.2025780000000026,0.6671659999999981,0.4537699999999915,0.1857899999999972,0.3245520000000006,0.3228570000000026,0.7169895999999998,0.3293740000000014,0.4480629999999976,0.1141319999999979,0.236463999999998
5234,527,0.1068530000000009,0.2419810000000009,0.2867543999999995,0.1469059999999995,0.2950983000000011,0.1701093,0.2700409999999991,0.3060490000000015,1.02215,0.6843499999999949,0.2956400000000059,0.4812620000000009,0.5264890000000015,1.1263044000000004,0.5411000000000001,0.7105950000000014,0.1702310000000011,0.3373360000000005
5244,528,0.1297400000000017,0.3259330000000009,0.3511841999999996,0.1783070000000002,0.3555843000000003,0.1957759000000001,0.3116500000000002,0.3081409999999991,1.062066999999999,0.7105299999999772,0.3194500000000033,0.5542090000000002,0.5747470000000021,1.1762516000000005,0.7448289999999957,0.859097000000002,0.1694540000000017,0.3183239999999969
5254,529,0.1297400000000017,0.3259330000000009,0.3511841999999996,0.1783070000000002,0.3555843000000003,0.1957759000000001,0.3116500000000002,0.3081409999999991,1.062066999999999,0.7105299999999772,0.3194500000000033,0.5542090000000002,0.5747470000000021,1.1762516000000005,0.7448289999999957,0.859097000000002,0.1694540000000017,0.3183239999999969
5264,530,0.0910919999999997,0.2379940000000004,0.2594453999999997,0.1317609999999991,0.2588903000000009,0.1519634,0.2249780000000001,0.2429020000000008,0.8059329999999996,0.5404499999999928,0.2404800000000051,0.4448849999999993,0.426399,0.9468752999999994,0.5240759999999938,0.688758,0.1542480000000026,0.2525109999999984
5274,531,0.073404,0.1540359999999996,0.2181043999999996,0.1013009999999994,0.1971603000000001,0.1249584000000001,0.1854359999999992,0.226345000000002,0.7728609999999989,0.5411900000000003,0.2055799999999976,0.3638729999999981,0.333400000000001,0.7644934000000001,0.3580120000000022,0.5147040000000018,0.1221800000000001,0.2776679999999984
5284,532,0.1146340000000023,0.2751330000000003,0.3096920999999994,0.1550840000000004,0.3162493000000008,0.1764014,0.2920680000000004,0.3034269999999992,1.0263649999999984,0.6848399999999799,0.3013300000000072,0.4783639999999991,0.3908770000000032,1.0828827,0.6138040000000018,0.7327970000000015,0.1760110000000025,0.3449999999999988
5294,533,0.0794890000000023,0.2068180000000001,0.2313789000000001,0.1149889999999995,0.2331963000000012,0.1378214999999998,0.2171230000000008,0.2305430000000043,0.7951349999999984,0.5326799999999992,0.2208300000000065,0.3792399999999993,0.2684449999999998,0.8157274000000001,0.4290149999999926,0.5515399999999993,0.1403999999999996,0.2749710000000007
5304,534,0.1233470000000025,0.2985439999999997,0.3073084000000001,0.1580499999999993,0.3180123000000012,0.1812442999999999,0.2924769999999981,0.3233500000000049,1.0556349999999988,0.7251799999999946,0.3307800000000043,0.5348849999999992,0.579385000000002,1.2426022000000003,0.6658779999999922,0.7631009999999989,0.1809939999999983,0.3396879999999953
5314,535,0.0806510000000031,0.2007670000000008,0.2377019999999996,0.1204009999999993,0.2418843000000006,0.1442681999999999,0.220683000000001,0.241145000000003,0.8076690000000006,0.5510799999999847,0.2483299999999957,0.3970160000000007,0.3977070000000005,0.9413245999999996,0.4796439999999933,0.5933770000000003,0.1516719999999978,0.2651539999999954
5324,536,0.0598680000000015,0.1341929999999997,0.2084228999999995,0.0936749999999992,0.1763143000000013,0.1166632999999999,0.1626229999999999,0.2160500000000027,0.7221319999999984,0.510249999999985,0.2009100000000074,0.3433309999999991,0.3483450000000019,0.7583229999999999,0.3433260000000047,0.4812449999999977,0.1148409999999984,0.2575489999999973
5334,537,0.1421450000000028,0.3542940000000012,0.3831895999999997,0.192677999999999,0.3931412999999999,0.2106747000000002,0.3719970000000003,0.3539209999999997,1.1749659999999975,0.8273899999999799,0.3885400000000061,0.5787340000000007,0.6831589999999998,1.2763605,0.8360410000000087,0.8796739999999978,0.1851540000000042,0.3497679999999974
5344,538,0.1232439999999996,0.2969010000000001,0.3209938999999995,0.1638070000000002,0.3322023000000005,0.1863985000000001,0.3094630000000009,0.3374020000000044,1.1031459999999988,0.7387499999999818,0.3253899999999987,0.5345949999999995,0.561631000000002,1.2191756000000007,0.6454530000000034,0.7758660000000006,0.1881890000000012,0.3600709999999978
5354,539,0.1096620000000001,0.2684850000000001,0.2984621999999994,0.1528999999999989,0.3024393000000014,0.1730817999999998,0.2470010000000009,0.2814010000000024,0.967129,0.6106499999999926,0.2306800000000066,0.4485639999999975,0.4443289999999997,1.0829475000000004,0.5660029999999949,0.7496140000000011,0.1814150000000012,0.3055159999999972
5364,540,0.0918720000000021,0.2211250000000006,0.2577439999999997,0.1301659999999991,0.2567993000000008,0.1529115000000001,0.2259029999999988,0.256097000000004,0.8500869999999985,0.5785599999999818,0.254720000000006,0.4379229999999978,0.3977810000000019,1.0177978000000003,0.5098389999999995,0.6712140000000026,0.1521040000000013,0.2755719999999968
5374,541,0.0709000000000017,0.155406000000001,0.2356470999999995,0.1028099999999998,0.1911923000000008,0.1255964999999999,0.1659000000000006,0.2231140000000024,0.7354440000000011,0.4970299999999952,0.1916900000000083,0.3725459999999998,0.4006869999999978,0.8193858999999994,0.3957989999999967,0.5392259999999993,0.1227340000000012,0.2450929999999971
5384,542,0.0692880000000002,0.1633530000000007,0.1974990999999999,0.096627999999999,0.1963503000000006,0.1184582999999999,0.1867009999999993,0.1947410000000005,0.6761580000000009,0.4579399999999793,0.1836399999999969,0.3212289999999989,0.2202459999999995,0.6630643999999997,0.3695330000000041,0.4695040000000006,0.1194150000000036,0.245560999999995
5394,543,0.0817510000000005,0.2035759999999999,0.2370815999999997,0.1196629999999991,0.2388933000000008,0.1431550000000001,0.2229419999999997,0.2474770000000035,0.8641550000000002,0.5898699999999906,0.2280800000000056,0.4036669999999986,0.3040470000000006,0.8446011000000002,0.4374380000000002,0.5901639999999979,0.1433220000000048,0.3051339999999953
5404,544,0.1137000000000014,0.2619400000000009,0.2982629000000001,0.153243999999999,0.3052053000000008,0.1747426999999999,0.2727199999999996,0.3079500000000053,1.0150369999999995,0.6873499999999808,0.293459999999996,0.4913549999999986,0.4878169999999997,1.153072600000001,0.5923149999999993,0.7537850000000006,0.1771659999999997,0.3274299999999996
5414,545,0.1031640000000031,0.2410779999999999,0.2738657999999994,0.1360720000000004,0.2780123000000003,0.1580963999999998,0.2581999999999986,0.2596850000000046,0.8908769999999997,0.5970499999999959,0.2674400000000076,0.4351209999999987,0.3617479999999986,0.9627243000000004,0.5536889999999914,0.644601999999999,0.1622960000000048,0.3003919999999951
5424,546,0.0566940000000002,0.1244469999999999,0.1859951999999998,0.086981999999999,0.1682733000000009,0.1089913,0.1590150000000001,0.1912300000000044,0.6618439999999985,0.4658299999999826,0.1786299999999983,0.3310390000000005,0.2848900000000007,0.6771501999999998,0.316330999999991,0.4377379999999995,0.1089559999999991,0.2444429999999968
5434,547,0.1065080000000016,0.2527319999999999,0.2851222,0.1431620000000002,0.2872223000000016,0.1633982,0.2587790000000005,0.2663220000000024,0.8951199999999986,0.6122799999999984,0.2728000000000037,0.4401979999999987,0.4279480000000006,1.0091980000000005,0.5813529999999929,0.7137580000000021,0.1642500000000026,0.2919279999999986
5444,548,0.0872869999999998,0.239866000000001,0.2555991999999998,0.1286729999999991,0.2545733000000005,0.1478264999999998,0.2309289999999997,0.220794000000005,0.7721409999999977,0.5251999999999839,0.2427399999999977,0.4419119999999985,0.4138540000000006,0.8958294000000002,0.5286270000000002,0.6845640000000017,0.1500589999999988,0.2367619999999988
5454,549,0.1200870000000016,0.2830960000000004,0.3200984,0.1577229999999989,0.3216013000000011,0.1764662000000001,0.3037950000000009,0.3169350000000008,1.1011430000000004,0.7496699999999805,0.2683499999999981,0.4513269999999991,0.35107,0.9617473,0.5220879999999966,0.7290029999999987,0.1630800000000007,0.388897
5464,550,0.0841300000000018,0.1995240000000002,0.2593626999999996,0.1220020000000001,0.2388513000000003,0.1461076000000001,0.212063999999998,0.2555310000000048,0.8521469999999987,0.5765700000000038,0.2389900000000011,0.4128000000000007,0.4270379999999996,0.9631302999999996,0.4451200000000028,0.6155450000000009,0.1485270000000014,0.2806369999999987
5474,551,0.0973770000000016,0.2307940000000012,0.2694282999999995,0.1366429999999994,0.2732873000000015,0.1592650999999998,0.2509219999999992,0.2847440000000034,0.9664049999999982,0.6517499999999927,0.2533399999999943,0.4287329999999976,0.3729349999999982,0.9593946999999998,0.4761639999999971,0.6679949999999977,0.1629760000000004,0.3361090000000004
5484,552,0.113900000000001,0.2976109999999998,0.3188440999999997,0.1555179999999989,0.3201063000000008,0.1736494999999998,0.3032630000000011,0.2588080000000019,0.909354999999998,0.6247199999999964,0.2930900000000065,0.4556769999999979,0.4414799999999985,1.0031652000000006,0.6830460000000045,0.6862560000000002,0.1826849999999993,0.2899549999999991
5494,553,0.1157339999999997,0.282057,0.3126986999999994,0.1574410000000004,0.3164053000000013,0.1769823000000001,0.2756529999999983,0.2901900000000026,0.990313999999998,0.6534800000000018,0.2695800000000048,0.4871219999999994,0.4250289999999985,1.0646909000000004,0.6177809999999937,0.7673649999999981,0.1782000000000039,0.3251879999999971
5504,554,0.1131500000000009,0.2500270000000011,0.2879391,0.1470649999999995,0.2949823000000009,0.1684507000000001,0.2731899999999996,0.2792480000000026,0.9381260000000003,0.6726599999999792,0.3230199999999996,0.5169080000000008,0.5524020000000007,1.1617145000000004,0.6330489999999998,0.743390999999999,0.1711889999999982,0.2912059999999954
5514,555,0.0882190000000022,0.2282159999999997,0.2867614999999999,0.125767999999999,0.2417153000000009,0.1508519999999999,0.2176550000000006,0.274359000000004,0.916366,0.6188199999999995,0.261809999999997,0.4658279999999983,0.5627440000000021,1.0275344000000004,0.4367770000000064,0.628971,0.1539690000000035,0.308326000000001
5524,556,0.1267910000000007,0.3137240000000005,0.3425326999999996,0.1726010000000002,0.3472943000000015,0.1906439999999998,0.3166589999999978,0.3063630000000046,1.047827999999999,0.7323700000000031,0.3371999999999957,0.5257480000000001,0.560492,1.1617626000000003,0.7431449999999984,0.8330250000000028,0.1664680000000018,0.3189519999999959
5534,557,0.1043070000000021,0.2451740000000004,0.2830215999999996,0.1389049999999994,0.2855463,0.1589960000000001,0.2750850000000007,0.2679189999999991,0.9432310000000008,0.6286499999999933,0.2589499999999987,0.436278999999999,0.3016159999999992,0.8984462000000004,0.4901270000000011,0.6573380000000029,0.1619159999999979,0.3290930000000003
5544,558,0.1210769999999996,0.2821030000000011,0.3116628999999999,0.1555789999999994,0.3174813000000007,0.1763251999999999,0.2947710000000008,0.2931689999999989,0.9895809999999976,0.6695399999999836,0.3014699999999948,0.4779090000000003,0.4321429999999999,1.0946051,0.6585970000000003,0.7298369999999998,0.1795580000000001,0.3239129999999974
5554,559,0.1191320000000004,0.2815469999999997,0.3153261999999994,0.1617230000000002,0.3199053000000003,0.1813932,0.2715040000000002,0.2983370000000036,1.017606000000001,0.6754899999999964,0.2865900000000039,0.5087650000000004,0.4917449999999981,1.1464825999999997,0.6235779999999949,0.7978449999999988,0.1838970000000017,0.3148509999999973
5564,560,0.1179370000000012,0.2750599999999998,0.3029270999999998,0.1503889999999987,0.3076193000000007,0.1712481999999999,0.2852189999999979,0.283573000000004,0.964890999999998,0.6468299999999942,0.2885200000000054,0.4684159999999977,0.4043479999999988,1.0489121,0.6247479999999968,0.7040550000000003,0.1712249999999997,0.3208169999999981
5574,561,0.1047590000000013,0.3043630000000004,0.3087413999999997,0.1537319999999997,0.3093403000000005,0.1677162000000001,0.3131039999999991,0.2428930000000022,0.9163429999999976,0.6138499999999851,0.2898399999999981,0.5066710000000008,0.535146000000001,0.9840823,0.7975660000000033,0.7844490000000022,0.1506140000000044,0.2180630000000007
5584,562,0.0765580000000021,0.1914429999999995,0.2156656999999997,0.109458,0.2124453000000006,0.1289101000000001,0.1916170000000008,0.1949940000000012,0.6695749999999983,0.4524099999999862,0.2030400000000014,0.392557,0.3549340000000001,0.8065201999999996,0.4429549999999977,0.6125849999999993,0.1277869999999978,0.209192999999999
5594,563,0.0812570000000008,0.1895579999999999,0.2466027999999998,0.1180769999999995,0.2327563000000001,0.1420876999999998,0.2191459999999985,0.2590290000000053,0.8810399999999987,0.6057899999999847,0.2295799999999985,0.3997039999999998,0.3787470000000006,0.8469850000000001,0.3980989999999877,0.5898439999999994,0.1438780000000008,0.3089099999999973
5604,564,0.0698490000000013,0.1699929999999998,0.2053291000000001,0.1008009999999988,0.2041433000000001,0.1228596999999998,0.1944599999999994,0.1991610000000037,0.7334759999999996,0.5152599999999836,0.1982500000000016,0.3205989999999978,0.2149199999999993,0.6606928999999999,0.388645000000011,0.4875539999999994,0.1251439999999988,0.2710340000000002
5614,565,0.0847980000000028,0.2113259999999996,0.2433838000000001,0.122268,0.2459383000000006,0.1453449999999998,0.2295599999999993,0.2464050000000028,0.8609809999999989,0.5814199999999801,0.2326900000000051,0.4076509999999977,0.2904030000000013,0.8757975999999994,0.4582499999999925,0.6028410000000015,0.1458939999999984,0.3011359999999996
5624,566,0.1151530000000029,0.261693000000001,0.3037562999999998,0.1518040000000002,0.3105463000000004,0.1734612000000002,0.2953089999999996,0.2970230000000029,1.0070629999999987,0.6692199999999957,0.2920600000000064,0.4875070000000008,0.4713660000000033,1.0639266999999997,0.5738960000000048,0.6994380000000007,0.1692220000000048,0.3269710000000003
5634,567,0.0701250000000008,0.1483540000000012,0.1989757000000001,0.0950469999999992,0.1853263000000016,0.1181901999999999,0.1725299999999983,0.2100280000000012,0.7186850000000007,0.507649999999984,0.2000699999999966,0.3307690000000001,0.2730810000000012,0.6902562999999997,0.3708340000000021,0.487205000000003,0.1191220000000043,0.2639459999999971
5644,568,0.0935750000000013,0.2375260000000008,0.2607542999999994,0.1298849999999998,0.2616803000000001,0.1510389999999999,0.234299,0.2406509999999997,0.8134639999999997,0.5515499999999918,0.2437100000000072,0.4316299999999984,0.3799850000000013,0.9235556999999996,0.5310890000000086,0.6494110000000006,0.1514420000000029,0.2743010000000012
5654,569,0.0878590000000016,0.2156800000000007,0.2505752999999995,0.1271679999999992,0.2538963000000009,0.1504169000000002,0.2288859999999992,0.2553839999999994,0.8715219999999988,0.5882799999999975,0.2434400000000067,0.397513,0.3609059999999999,0.9515848,0.4666929999999922,0.6260890000000003,0.1510650000000026,0.2899600000000006
5664,570,0.1241079999999996,0.3008420000000011,0.3342609999999997,0.1675539999999991,0.3419772999999999,0.1881898999999998,0.3208780000000004,0.3136650000000003,1.0621699999999985,0.7214899999999886,0.322109999999995,0.5049939999999999,0.4960839999999997,1.1721704000000006,0.7025170000000003,0.7809939999999997,0.1881910000000033,0.3417910000000006
5674,571,0.0794810000000012,0.2194280000000006,0.2641311000000002,0.120690999999999,0.2243633000000002,0.1421678000000001,0.178646999999998,0.2453770000000048,0.777152000000001,0.5053099999999802,0.1935799999999972,0.4345110000000005,0.4003790000000009,0.9231428,0.4451760000000035,0.6457349999999984,0.140233000000002,0.2394139999999964
5684,572,0.1054670000000008,0.2642860000000002,0.2969081999999998,0.1470919999999989,0.2988473000000002,0.1672820000000001,0.2826449999999987,0.2930400000000048,1.037108,0.7095499999999788,0.2583000000000055,0.4304269999999981,0.2769879999999993,0.9308141,0.516019,0.6907500000000013,0.1759940000000028,0.3711959999999976
5694,573,0.0987730000000013,0.2434100000000008,0.2695031999999999,0.1384910000000001,0.2730243000000012,0.1601257999999998,0.225324999999998,0.2601190000000031,0.8852480000000007,0.5696799999999769,0.2208899999999971,0.4318120000000007,0.409517000000001,1.0107790000000003,0.5208650000000006,0.7013280000000002,0.1624160000000003,0.289755999999997
5704,574,0.0987730000000013,0.2434100000000008,0.2695031999999999,0.1384910000000001,0.2730243000000012,0.1601257999999998,0.225324999999998,0.2601190000000031,0.8852480000000007,0.5696799999999769,0.2208899999999971,0.4318120000000007,0.409517000000001,1.0107790000000003,0.5208650000000006,0.7013280000000002,0.1624160000000003,0.289755999999997
5714,575,0.1241000000000021,0.2893100000000004,0.3268671999999997,0.1648549999999993,0.3350753000000015,0.1861511999999998,0.3089860000000008,0.3322550000000035,1.0972620000000006,0.7319499999999834,0.3144300000000015,0.4935979999999986,0.4465870000000009,1.1664811999999998,0.6403839999999974,0.7790809999999979,0.1843440000000029,0.3644880000000015
5724,576,0.0859529999999999,0.1862570000000012,0.2352609999999995,0.1192340000000005,0.2381853000000013,0.1424474999999998,0.2253970000000009,0.2445590000000024,0.8625439999999998,0.5867199999999855,0.2351000000000027,0.4218159999999997,0.3356539999999981,0.8682062999999998,0.4156639999999925,0.5968610000000005,0.1464460000000045,0.3042469999999966
5734,577,0.1269430000000007,0.3152109999999997,0.3306725999999997,0.1707409999999996,0.3414303000000007,0.1928478999999998,0.3096579999999989,0.3617010000000036,1.1659900000000007,0.7842199999999764,0.3315800000000024,0.5407240000000009,0.5867489999999975,1.2505987000000005,0.6441750000000042,0.8216800000000006,0.1939199999999985,0.3786139999999989
5744,578,0.1248680000000028,0.3079910000000012,0.3449551999999993,0.1719169999999987,0.3532653000000003,0.1924576999999998,0.3428009999999979,0.3347499999999996,1.1017219999999988,0.733319999999992,0.3311900000000065,0.5246670000000009,0.4670869999999993,1.1706031999999995,0.7003760000000057,0.7888289999999998,0.1933849999999992,0.3599019999999981
5754,579,0.0851439999999996,0.2214190000000009,0.2424037999999999,0.1210229999999992,0.2411303,0.1420633000000002,0.2144529999999989,0.2254679999999993,0.7572550000000007,0.5174899999999809,0.2266199999999969,0.3786759999999987,0.3560619999999979,0.8685998000000001,0.4784699999999873,0.6162600000000005,0.1419849999999982,0.2487279999999998
5764,580,-9.9999e+98,0.092378,0.1377727999999995,0.0620239999999991,0.1122393000000006,0.0796641,0.1094760000000008,0.1173580000000029,0.4825130000000008,0.352659999999986,0.1404600000000044,0.2516749999999987,0.2028670000000012,0.5269917,0.2420099999999934,0.2783690000000014,0.0010170000000044,0.1863729999999961
5774,581,0.0747120000000016,0.1609610000000003,0.2328215999999994,0.1075689999999998,0.2104623000000014,0.1314798999999999,0.1981380000000001,0.2352589999999992,0.8186689999999999,0.5718299999999772,0.2142000000000052,0.3822580000000002,0.3634860000000017,0.7973571000000002,0.3633260000000007,0.5452820000000003,0.1327860000000029,0.2875599999999991
5784,582,0.1042580000000015,0.2471720000000008,0.2806346999999993,0.1400290000000001,0.2849463000000014,0.1615066999999999,0.2615680000000004,0.2729240000000033,0.9309599999999988,0.6234199999999817,0.2716099999999954,0.4472549999999984,0.3553880000000013,0.9850883999999996,0.5430400000000049,0.6613780000000027,0.1651990000000012,0.3194529999999957
5794,583,0.0858330000000009,0.215428000000001,0.2479808999999999,0.1261089999999995,0.2501483000000011,0.1495738000000002,0.2278999999999982,0.2586429999999993,0.9141440000000004,0.6239999999999952,0.2335700000000002,0.3983209999999992,0.3516290000000026,0.8739059000000005,0.4418440000000032,0.6222610000000017,0.1467600000000004,0.3229269999999999
5804,584,0.1000140000000016,0.2420650000000002,0.2768809000000001,0.1379509999999992,0.2813863000000012,0.1596706000000001,0.259564000000001,0.2677869999999984,0.9229269999999978,0.6165299999999831,0.2690599999999961,0.4392579999999988,0.3416630000000005,0.9727702999999996,0.5312239999999946,0.6562559999999991,0.1526460000000042,0.3127969999999962
5814,585,0.1000140000000016,0.2420650000000002,0.2768809000000001,0.1379509999999992,0.2813863000000012,0.1596706000000001,0.259564000000001,0.2677869999999984,0.9229269999999978,0.6165299999999831,0.2690599999999961,0.4392579999999988,0.3416630000000005,0.9727702999999996,0.5312239999999946,0.6562559999999991,0.1526460000000042,0.3127969999999962
5824,586,0.0907490000000024,0.2319960000000005,0.2782536999999996,0.1305579999999988,0.2548683,0.1549581999999998,0.2375140000000009,0.2913430000000048,0.9792169999999984,0.667209999999983,0.2577399999999983,0.449465,0.5236490000000025,0.9589323999999996,0.4170519999999982,0.6569350000000007,0.1543890000000018,0.3304419999999979
5834,587,0.1242890000000009,0.3045090000000012,0.3229663,0.1656099999999991,0.331831300000001,0.1868471,0.3030089999999994,0.3261450000000039,1.0731029999999997,0.7443099999999845,0.3357299999999981,0.5409410000000001,0.5707079999999998,1.2585374000000007,0.6924730000000068,0.8147449999999985,0.1914969999999982,0.3357529999999968
5844,588,0.0901980000000008,0.216546000000001,0.2555426,0.1297189999999997,0.2605672999999999,0.1531239000000002,0.2419650000000004,0.2662770000000023,0.9155619999999978,0.6136699999999848,0.2545900000000074,0.4144849999999991,0.3737719999999989,0.9648902,0.4567250000000058,0.6420339999999989,0.1523310000000037,0.3142659999999964
5854,589,0.1219290000000015,0.2613630000000011,0.3022251999999996,0.1543379999999992,0.3116043000000008,0.1768051000000001,0.2867910000000009,0.3049910000000011,1.0191389999999991,0.6954899999999782,0.3120499999999993,0.4939159999999987,0.4954830000000001,1.1785867999999995,0.6435160000000053,0.740321999999999,0.1726859999999987,0.332256000000001
5864,590,0.1212920000000004,0.2893690000000006,0.3058155999999998,0.1556139999999999,0.3127333000000014,0.1789146000000001,0.2894359999999985,0.3218460000000007,1.0458309999999995,0.7196299999999951,0.3272599999999954,0.5393739999999987,0.6137349999999984,1.2331665999999997,0.6527530000000041,0.7468409999999999,0.1743920000000045,0.3273119999999991
5874,591,0.0875250000000029,0.2194640000000003,0.2528351999999998,0.1269569999999991,0.2561203000000009,0.1498881,0.2365940000000002,0.2559150000000016,0.8823529999999984,0.5942599999999914,0.2444700000000068,0.419160999999999,0.3033339999999995,0.9109775000000004,0.4801060000000063,0.6326420000000006,0.1507930000000001,0.3140569999999982
5884,592,0.1106660000000019,0.2600119999999997,0.2889328999999998,0.1471610000000005,0.2935193000000016,0.1671246000000001,0.2673500000000004,0.2622290000000049,0.9130590000000004,0.643889999999999,0.3037000000000063,0.519679,0.540818999999999,1.1153224999999996,0.646608999999998,0.7525909999999989,0.1736739999999983,0.2792880000000011
5894,593,0.0586800000000025,0.1214410000000008,0.2211125999999996,0.0924359999999993,0.1716623000000012,0.1148736000000001,0.1598609999999993,0.2147240000000039,0.7154299999999978,0.5029199999999889,0.1922899999999998,0.3549349999999975,0.392479999999999,0.7858427999999993,0.3144049999999936,0.4657489999999988,0.1111930000000001,0.2537880000000001
5904,594,0.1239430000000005,0.3002210000000005,0.3309302,0.1663879999999995,0.3348123000000012,0.1851568999999999,0.3052910000000004,0.3013910000000024,1.022818000000001,0.7062599999999861,0.3163600000000031,0.4959020000000009,0.4992240000000016,1.1290553,0.6849260000000044,0.8004439999999988,0.1878969999999995,0.3206659999999957
5914,595,0.1061200000000006,0.2579640000000012,0.2908311999999995,0.1470849999999988,0.2945403000000013,0.1677783000000001,0.2594379999999994,0.2870070000000027,0.983739,0.6493999999999858,0.2460200000000014,0.4405699999999974,0.3734499999999983,1.0370054999999994,0.5169680000000056,0.7111340000000013,0.1688000000000045,0.3351690000000005
5924,596,-9.9999e+98,0.0965340000000001,0.1433466999999995,0.0638489999999993,0.1169103000000006,0.0820843,0.1117129999999981,0.1240519999999989,0.4869929999999982,0.3437699999999779,0.1303300000000007,0.2418759999999977,0.2459020000000009,0.5209302000000005,0.2378239999999891,0.2724879999999992,0.0026879999999991,0.1843459999999979
5934,597,0.0737510000000014,0.1626740000000008,0.2191956999999993,0.1036249999999991,0.2016743000000005,0.1274080999999998,0.1837160000000004,0.2257660000000001,0.7499809999999982,0.5126399999999762,0.2026000000000039,0.357405,0.3207200000000014,0.7846611000000001,0.4006380000000007,0.5307530000000007,0.127126000000004,0.2685239999999993
5944,598,0.1041950000000007,0.2422210000000006,0.2758246,0.1392740000000003,0.2810253000000013,0.1615198000000002,0.2574070000000006,0.2662669999999991,0.9102359999999976,0.6211299999999937,0.2749699999999961,0.433564999999998,0.4074149999999967,1.0345714,0.5726789999999937,0.684277999999999,0.1672070000000047,0.298770999999995
5954,599,0.0973600000000018,0.2175000000000011,0.2645339999999994,0.1349649999999993,0.2706703000000008,0.1586951999999999,0.250509000000001,0.2837209999999999,0.9527019999999986,0.6360799999999927,0.2682199999999994,0.4338109999999986,0.4574879999999979,1.0286736999999997,0.4688820000000078,0.6556840000000008,0.1586500000000015,0.3251470000000012
5964,600,0.1252680000000019,0.3327650000000002,0.3506347999999999,0.1732680000000002,0.3533423000000013,0.1899983,0.3323700000000009,0.2882370000000023,1.009440999999999,0.7010099999999966,0.3261800000000079,0.506418,0.4995590000000014,1.0851767000000008,0.7597070000000059,0.7864120000000021,0.1876949999999979,0.3108039999999974
5974,601,0.0844780000000007,0.2178350000000009,0.2435052999999998,0.1190879999999996,0.2417583000000007,0.1406065,0.2277570000000004,0.2297190000000029,0.8412550000000003,0.5871799999999894,0.2292699999999996,0.3606489999999986,0.2426519999999996,0.7432411999999999,0.4450870000000009,0.5656859999999995,0.1397809999999992,0.3028720000000007
5984,602,0.1317669999999999,0.3182729999999996,0.3427028999999999,0.1783599999999996,0.3506743000000014,0.1969596999999998,0.3105119999999992,0.3220269999999985,1.1114999999999997,0.7514099999999928,0.3446899999999999,0.6306329999999996,0.680487000000003,1.3058955,0.7468179999999904,0.8836510000000004,0.1680819999999983,0.3154399999999953
5994,603,0.1104979999999997,0.2630239999999997,0.2998139999999996,0.1519779999999997,0.3057623000000014,0.1733316999999998,0.2772369999999995,0.3091860000000039,1.032830999999998,0.6924599999999828,0.2845899999999943,0.4607010000000002,0.3824040000000011,1.0974021999999994,0.5500109999999978,0.7434270000000005,0.1741230000000015,0.3546729999999982
6004,604,0.110635000000002,0.2708950000000012,0.3031043999999996,0.1497849999999996,0.3056803000000005,0.1693940999999998,0.2835049999999981,0.2643210000000024,0.918720999999998,0.6284199999999771,0.2850200000000029,0.4612139999999982,0.4338309999999978,1.0262648000000008,0.646759000000003,0.7060040000000001,0.1748320000000021,0.3013909999999953
6014,605,0.081513000000001,0.2095320000000011,0.2492459,0.1170239999999989,0.228454300000001,0.1413031,0.2138409999999986,0.2537900000000022,0.893184999999999,0.6248199999999997,0.2378400000000056,0.4088229999999981,0.3819559999999988,0.8539519000000002,0.4041910000000115,0.5962139999999998,0.1424230000000008,0.3153629999999978
6024,606,0.116970000000002,0.2759870000000006,0.3037687999999994,0.1527379999999993,0.3062473000000008,0.1720392999999997,0.2762659999999997,0.2727789999999999,0.9396479999999984,0.6470899999999915,0.2946299999999979,0.4714099999999988,0.4737420000000014,1.065227,0.6309949999999986,0.7552769999999995,0.1684300000000007,0.2978979999999964
6034,607,0.080802000000002,0.2184830000000008,0.2495570999999996,0.121599999999999,0.2505963000000015,0.1429466999999999,0.2407329999999987,0.2312800000000052,0.8224300000000007,0.543769999999995,0.225520000000003,0.3807179999999981,0.2637569999999982,0.8096036,0.439936000000003,0.5671549999999996,0.1446049999999985,0.279871
6044,608,0.0909070000000014,0.2189600000000009,0.2488769999999993,0.1260370000000001,0.2512953000000006,0.1488787999999998,0.2262020000000006,0.2454889999999991,0.8361099999999979,0.5705999999999847,0.2428100000000057,0.398420999999999,0.3555019999999977,0.9559482,0.4864000000000033,0.6307589999999976,0.148380000000003,0.2755659999999977
6054,609,0.0909070000000014,0.2189600000000009,0.2488769999999993,0.1260370000000001,0.2512953000000006,0.1488787999999998,0.2262020000000006,0.2454889999999991,0.8361099999999979,0.5705999999999847,0.2428100000000057,0.398420999999999,0.3555019999999977,0.9559482,0.4864000000000033,0.6307589999999976,0.148380000000003,0.2755659999999977
6064,610,0.1177799999999997,0.2829350000000001,0.3069334000000001,0.1568109999999993,0.3140923000000004,0.1781459,0.2834259999999986,0.3210090000000036,1.0768139999999988,0.7193900000000042,0.2883500000000083,0.4824020000000004,0.4527440000000027,1.136094,0.5482509999999934,0.7638430000000014,0.1747179999999986,0.363236999999998
6074,611,0.1037180000000006,0.231033,0.2731422999999999,0.1378579999999996,0.2795553000000002,0.1605460999999999,0.2579039999999999,0.2758050000000054,0.9453549999999992,0.6300699999999892,0.2707300000000003,0.4323319999999988,0.4151819999999979,0.9990867999999996,0.5057269999999932,0.6649180000000001,0.1651840000000035,0.3158710000000013
6084,612,0.0921500000000001,0.2154629999999997,0.2589848999999997,0.1321809999999992,0.2644233000000007,0.1556725999999999,0.2486560000000004,0.2760800000000003,0.9481180000000008,0.6366999999999905,0.2603000000000008,0.433686999999999,0.4069760000000002,0.9874491,0.4431269999999898,0.6536359999999988,0.1578710000000001,0.3285169999999979
6094,613,0.1161250000000002,0.3306020000000007,0.3299610999999993,0.1647470000000002,0.3297723000000001,0.1790843999999998,0.3189670000000006,0.2508890000000008,0.9576460000000004,0.6265999999999963,0.2887099999999947,0.5222799999999985,0.5487079999999978,1.0012309999999998,0.7609879999999976,0.7953180000000017,0.1476450000000042,0.2263829999999984
6104,614,0.1192050000000009,0.3004230000000003,0.3276737,0.163062,0.3309063000000005,0.1816756000000001,0.2966750000000004,0.2909360000000021,1.0018199999999986,0.6629299999999887,0.2797800000000023,0.4961649999999977,0.4474130000000009,1.0600658999999997,0.6616770000000116,0.7634900000000009,0.1798980000000014,0.3347520000000017
6114,615,0.0798130000000014,0.2109889999999996,0.2353515999999995,0.116918,0.2373623000000009,0.1396169,0.2171699999999994,0.223550000000003,0.7740720000000003,0.5223900000000015,0.2312200000000075,0.3894850000000005,0.3103839999999991,0.8617475999999993,0.4590209999999928,0.5616920000000007,0.1474219999999988,0.2637590000000003
6124,616,0.1223960000000019,0.2950280000000003,0.3229920000000001,0.162115,0.329645300000001,0.1817983,0.3058930000000011,0.2881089999999986,0.980097999999998,0.6890899999999931,0.3336000000000041,0.5032959999999989,0.5383570000000013,1.1420901,0.7193880000000092,0.7822700000000005,0.1873940000000047,0.3075509999999966
6134,617,0.0713940000000015,0.1549379999999995,0.2363179999999998,0.1017899999999993,0.1910772999999999,0.1251617999999998,0.1726199999999984,0.2309070000000019,0.755665999999998,0.5186099999999954,0.2064400000000006,0.3754199999999983,0.4187550000000009,0.8421102999999999,0.3687199999999961,0.5159769999999995,0.1213529999999991,0.2655249999999967
6144,618,0.0886279999999999,0.2147059999999996,0.2477238000000001,0.1258929999999996,0.2494423000000001,0.1489018999999998,0.2212259999999979,0.2545670000000015,0.8415940000000006,0.569279999999992,0.2385299999999972,0.4057689999999994,0.3540359999999971,0.9625634000000004,0.478240999999997,0.6368779999999994,0.1470520000000021,0.2775369999999952
6154,619,0.1103529999999999,0.2522380000000002,0.2917227999999996,0.146692999999999,0.2984843000000001,0.1685854,0.2750950000000003,0.2851819999999989,0.9764060000000008,0.6540999999999997,0.2936600000000027,0.4678919999999991,0.3898280000000014,1.0587676000000004,0.585400000000007,0.6959959999999974,0.1652339999999981,0.3240380000000016
6164,620,0.1234239999999999,0.320862,0.3456147999999999,0.1712119999999988,0.3498993000000006,0.1888670999999999,0.3295679999999983,0.2893609999999995,1.0019819999999982,0.6995100000000036,0.332090000000008,0.5251309999999982,0.5175100000000015,1.1141704,0.7685000000000031,0.7838950000000011,0.1889499999999984,0.3088649999999973
6174,621,0.0906739999999999,0.2407459999999996,0.2600786999999993,0.1283440000000002,0.2580973000000011,0.1478245,0.2306309999999989,0.2205909999999988,0.764015999999998,0.5259899999999789,0.2370899999999949,0.4173279999999977,0.3845339999999986,0.8610637999999993,0.5461080000000038,0.6382129999999968,0.1462240000000036,0.2475489999999993
6184,622,0.1407340000000019,0.3568360000000012,0.3798506000000001,0.1896930000000001,0.3856933000000015,0.2062089999999998,0.3441459999999985,0.359650000000002,1.1825919999999996,0.766699999999986,0.297629999999998,0.5308840000000004,0.4670889999999978,1.1813858000000002,0.7167379999999923,0.8619660000000025,0.1830970000000036,0.3909090000000006
6194,623,0.0919270000000018,0.2413830000000008,0.2681765,0.1312129999999989,0.2571283000000015,0.1548677999999999,0.2255660000000006,0.2704880000000003,0.922739,0.6161400000000015,0.2383800000000064,0.4333239999999989,0.4492119999999993,0.9841357000000004,0.4532939999999996,0.6554940000000009,0.1533980000000028,0.3099470000000011
6204,624,0.0921960000000012,0.2361409999999999,0.2629801999999994,0.1328389999999988,0.2643333000000005,0.1542382999999998,0.2338999999999984,0.2491219999999998,0.8350679999999997,0.5693499999999858,0.252759999999995,0.4251529999999981,0.4064739999999993,0.9730743999999998,0.5312689999999947,0.6771509999999985,0.1548080000000027,0.2701959999999985
6214,625,0.0723450000000021,0.1745720000000012,0.2117469999999999,0.1062279999999997,0.2113503000000012,0.1295343,0.1971610000000012,0.2267340000000004,0.7855989999999977,0.5508700000000033,0.2148399999999952,0.3464500000000008,0.2652089999999987,0.7238295000000008,0.404516000000001,0.525506,0.1334969999999984,0.285423999999999
6224,626,0.0869810000000015,0.2367910000000002,0.2493857999999997,0.1299329999999994,0.2493743000000012,0.1504818999999999,0.1910649999999982,0.2198869999999999,0.7772830000000006,0.4755099999999856,0.1925600000000003,0.4215529999999994,0.4188089999999995,0.8747454000000001,0.4796069999999872,0.6660559999999975,0.1506100000000003,0.2374949999999955
6234,627,0.0911180000000015,0.2235060000000004,0.2561263,0.1286570000000004,0.2587393000000002,0.1512660999999999,0.2371639999999999,0.2517649999999989,0.8903089999999985,0.6016599999999812,0.2430099999999981,0.4237889999999993,0.3080940000000005,0.9108498000000004,0.4903109999999913,0.6351720000000007,0.153421999999999,0.3163649999999975
6244,628,0.0923540000000002,0.2315979999999999,0.2618463999999996,0.1312470000000001,0.2649223000000003,0.1535665000000001,0.2401979999999994,0.2583529999999996,0.8650489999999991,0.5834999999999866,0.2581399999999973,0.4354399999999998,0.3519889999999996,0.9552808000000006,0.5136949999999985,0.6440710000000003,0.1558759999999992,0.2956189999999949
6254,629,0.1020370000000028,0.2467680000000012,0.2737578999999996,0.1372369999999989,0.2768183000000004,0.1589249000000001,0.2507719999999978,0.2611929999999987,0.878543999999998,0.5963600000000042,0.2679399999999958,0.4449539999999992,0.3884100000000003,0.9854892,0.5609389999999905,0.6840930000000007,0.1646020000000021,0.2914460000000005
6264,630,0.1276670000000024,0.3163150000000012,0.3330592999999995,0.1713310000000003,0.3402553000000008,0.1929230999999998,0.3035919999999983,0.3530270000000044,1.1367319999999983,0.7719599999999787,0.3350200000000001,0.5754780000000004,0.639087,1.3275541999999998,0.691521999999992,0.840837999999998,0.1970799999999997,0.3578739999999953
6274,631,0.0905800000000027,0.2295049999999996,0.2561919999999995,0.1269739999999988,0.2567653000000014,0.1486312999999999,0.2315350000000009,0.237608999999999,0.8329109999999993,0.5591199999999787,0.2288900000000069,0.4011110000000002,0.326671000000001,0.8769638999999998,0.498706999999996,0.610755000000001,0.1518160000000037,0.287433
6284,632,0.1285769999999999,0.3026230000000005,0.3366186999999998,0.1700409999999994,0.3454273000000007,0.1907904999999998,0.3249679999999983,0.3551900000000003,1.1837479999999978,0.785049999999984,0.3179899999999946,0.5235759999999985,0.5034570000000009,1.1899247000000006,0.5861009999999993,0.8100250000000031,0.1880409999999983,0.396453000000001
6294,633,0.1156210000000008,0.2809920000000012,0.3124717999999999,0.1590179999999996,0.3165993,0.1786205,0.2717549999999988,0.293292000000001,0.9970029999999994,0.660759999999982,0.2794499999999971,0.487366999999999,0.4696789999999993,1.1129618,0.6207410000000095,0.7849839999999979,0.1768229999999988,0.3213760000000007
6304,634,0.1032110000000017,0.2368719999999999,0.2702182999999998,0.1376999999999988,0.2766093000000005,0.1605238999999998,0.2537610000000008,0.2615320000000025,0.8863090000000007,0.6273699999999849,0.2968199999999967,0.4765779999999999,0.4978820000000006,1.09732,0.5830810000000071,0.6910419999999995,0.160377000000004,0.2818959999999961
6314,635,0.122556000000003,0.2989309999999996,0.3286401999999997,0.1658480000000004,0.3359543000000009,0.1849205,0.3164540000000002,0.2917910000000034,1.005317999999999,0.7216699999999889,0.3499000000000052,0.5376249999999985,0.5945729999999969,1.1699449000000008,0.7386370000000113,0.8070629999999994,0.1689679999999995,0.3028319999999951
6324,636,0.108162,0.2362140000000003,0.2827410999999999,0.1429919999999995,0.2854033000000004,0.1667494,0.2600629999999988,0.2897080000000045,0.9640039999999992,0.6619299999999839,0.3036799999999999,0.4985749999999989,0.5153570000000016,1.1618982000000004,0.5994530000000111,0.7107890000000019,0.1669330000000002,0.3107989999999958
6334,637,0.0861620000000016,0.209499000000001,0.2567119999999994,0.1215530000000004,0.2397733000000013,0.1454057999999998,0.2262219999999999,0.2704319999999995,0.903572999999998,0.6163699999999892,0.2431899999999984,0.4253789999999995,0.4493319999999983,0.8939057000000004,0.3879879999999929,0.5983970000000021,0.1460930000000004,0.308571999999998
6344,638,0.0995580000000018,0.2437620000000002,0.2758215999999995,0.1413569999999993,0.2790613000000004,0.1633740999999999,0.2342779999999997,0.2740100000000041,0.9412190000000002,0.6070199999999772,0.2154900000000026,0.4224180000000004,0.3969419999999992,1.0189940000000002,0.5091809999999981,0.6964920000000028,0.1685349999999985,0.3078609999999955
6354,639,0.1107250000000021,0.2738030000000009,0.2979656999999998,0.1482980000000004,0.2986663000000007,0.1653196999999999,0.2843739999999997,0.241894000000002,0.8859819999999985,0.6240099999999984,0.2891900000000049,0.4808269999999979,0.4973649999999985,1.0018527000000006,0.6425319999999886,0.743665,0.1752490000000008,0.2578099999999992
6364,640,0.063087000000003,0.1310739999999999,0.1914036999999995,0.0899879999999999,0.1737663000000004,0.1120662000000001,0.1661029999999996,0.2007850000000033,0.701746,0.5123700000000042,0.2072000000000002,0.3379170000000009,0.2774689999999999,0.6880152000000006,0.3047819999999888,0.4590439999999987,0.1105939999999989,0.2606570000000019
6374,641,0.0720050000000007,0.192521000000001,0.2239657999999993,0.1091829999999998,0.2237733000000012,0.1310609999999998,0.2136539999999982,0.2206699999999983,0.7548059999999985,0.50324999999998,0.2043299999999988,0.3503240000000005,0.2590810000000019,0.7363707000000002,0.3888449999999892,0.510788999999999,0.1353319999999982,0.2640779999999978
6384,642,0.0997780000000005,0.260466000000001,0.2875221999999997,0.1422679999999996,0.2896692999999999,0.1626801000000002,0.2672850000000011,0.2708470000000034,0.9592849999999976,0.6426799999999844,0.2538200000000046,0.4251930000000001,0.3270349999999986,0.9428989999999996,0.5275409999999994,0.672697000000003,0.1698760000000021,0.339507999999995
6394,643,0.1309980000000017,0.3169630000000012,0.3477489,0.1767059999999993,0.3606273000000008,0.1982648,0.3453090000000003,0.3678590000000028,1.162482000000001,0.7767999999999802,0.3498400000000004,0.5705399999999976,0.5424359999999986,1.2600184999999993,0.7112020000000001,0.828678,0.2030269999999987,0.3741899999999987
6404,644,0.0729160000000028,0.1530660000000008,0.2341005999999996,0.103871999999999,0.1979693000000004,0.1277064999999999,0.181836999999998,0.2340510000000009,0.7819490000000009,0.5422499999999957,0.2056199999999961,0.3746049999999989,0.3730449999999976,0.8287453999999999,0.3833879999999965,0.5438510000000001,0.1282989999999984,0.2763099999999951
6414,645,0.1016159999999999,0.2287040000000004,0.2935333999999994,0.1424009999999995,0.2832943000000014,0.1662140999999999,0.2575819999999993,0.3015720000000002,1.0100820000000006,0.6779799999999909,0.2854600000000005,0.4729759999999992,0.5362539999999996,1.1161256999999996,0.4993419999999986,0.6916379999999975,0.1631500000000016,0.3360169999999982
6424,646,0.0878150000000026,0.212021,0.2583739999999999,0.1278959999999998,0.2522493000000008,0.1519414000000001,0.2358489999999982,0.2874109999999987,0.9637010000000004,0.6741999999999848,0.258189999999999,0.4322060000000007,0.3959709999999994,0.8683735999999995,0.4436110000000042,0.6452179999999998,0.1516519999999985,0.3395870000000016
6434,647,0.0714600000000018,0.1618849999999998,0.196282,0.0993809999999992,0.1960153000000009,0.1225673,0.1799819999999989,0.2092519999999993,0.7204820000000005,0.4944699999999784,0.1864500000000077,0.3272119999999994,0.2580289999999969,0.7119453999999994,0.385869999999997,0.4963540000000002,0.1242170000000015,0.2617089999999962
6444,648,0.0714600000000018,0.1618849999999998,0.196282,0.0993809999999992,0.1960153000000009,0.1225673,0.1799819999999989,0.2092519999999993,0.7204820000000005,0.4944699999999784,0.1864500000000077,0.3272119999999994,0.2580289999999969,0.7119453999999994,0.385869999999997,0.4963540000000002,0.1242170000000015,0.2617089999999962
6454,649,0.0889270000000017,0.1942009999999996,0.2750059999999994,0.1263459999999998,0.2479433000000011,0.1500536000000001,0.2339719999999978,0.2795130000000014,0.9449760000000004,0.6472499999999854,0.2573500000000024,0.4513059999999989,0.5149119999999989,0.9426913,0.4040389999999974,0.6260970000000015,0.1480150000000009,0.3214539999999957
6464,650,0.0927700000000015,0.2295270000000009,0.2671934,0.1303579999999993,0.2586943000000001,0.1550665000000002,0.234138999999999,0.2713430000000016,0.9104600000000004,0.615160000000003,0.2703300000000013,0.4515320000000002,0.4955089999999984,1.0527300000000004,0.4900469999999899,0.6434739999999977,0.1602570000000014,0.2959529999999972
6474,651,0.1171439999999996,0.2843910000000011,0.3123626000000001,0.1574779999999993,0.3136913000000003,0.1762123999999998,0.2735890000000012,0.2807880000000011,0.969386,0.6553299999999922,0.2849000000000075,0.4789320000000003,0.4735259999999996,1.0727156999999998,0.6217209999999938,0.7713630000000009,0.1724099999999992,0.306950999999998
6484,652,0.0947820000000021,0.2308770000000013,0.2633355000000001,0.1307030000000004,0.2673093000000008,0.1530097999999999,0.2477799999999987,0.2474460000000036,0.8562469999999998,0.5745199999999784,0.2585899999999981,0.4258999999999986,0.3506560000000007,0.9280556000000004,0.5308840000000004,0.6232189999999989,0.154367999999998,0.2915489999999963
6494,653,0.0733589999999999,0.1748700000000003,0.2191914999999999,0.1104209999999987,0.2226023000000001,0.1338929000000002,0.2071599999999982,0.2309040000000024,0.7703589999999991,0.5155299999999841,0.2245500000000078,0.3663609999999977,0.3680060000000011,0.8406423000000007,0.3903339999999957,0.524405999999999,0.1383530000000021,0.2617589999999978
6504,654,0.0923910000000027,0.2246970000000008,0.254931,0.1271570000000004,0.2582792999999999,0.1500547999999999,0.2374839999999984,0.242208000000005,0.8348130000000005,0.5635699999999986,0.2515800000000041,0.3861939999999997,0.3567860000000031,0.9314028,0.5143029999999982,0.6090209999999985,0.150936999999999,0.2763109999999997
6514,655,0.1067309999999999,0.2429459999999998,0.2905135999999997,0.1467099999999987,0.2917463000000015,0.1695403999999998,0.2637289999999979,0.3049170000000032,1.032983999999999,0.6953000000000031,0.2831699999999983,0.4689060000000005,0.4871259999999999,1.1015705000000002,0.506812999999994,0.7224310000000003,0.1644490000000047,0.3483850000000004
6524,656,0.0809120000000014,0.2014630000000004,0.2347041999999994,0.1179469999999991,0.2361363,0.1412786999999999,0.2223860000000002,0.2461449999999985,0.8618369999999977,0.5947999999999922,0.2235299999999966,0.3909659999999988,0.2768230000000002,0.8171536999999995,0.4339899999999943,0.5791590000000006,0.1410729999999986,0.3089659999999981
6534,657,0.0893720000000009,0.2088340000000013,0.2460300999999995,0.1230349999999997,0.2483153000000015,0.145925,0.235437000000001,0.2508330000000001,0.8774559999999987,0.5922400000000039,0.235430000000008,0.4120080000000001,0.2935200000000009,0.8761849000000002,0.4325989999999962,0.5963449999999995,0.1460930000000004,0.3068689999999989
6544,658,0.1132850000000011,0.2553920000000005,0.2958787999999996,0.1517529999999993,0.3032713000000004,0.1733406999999998,0.2766619999999982,0.2987990000000025,0.9837539999999976,0.6901100000000042,0.3189100000000024,0.5150590000000008,0.5369449999999993,1.1829962999999992,0.6408810000000074,0.7561490000000006,0.1705189999999987,0.3061569999999989
6554,659,0.0955880000000028,0.2266630000000002,0.2649866999999997,0.1341459999999994,0.2697613000000007,0.1571492999999999,0.2491020000000006,0.2772010000000051,0.9443359999999998,0.6343699999999899,0.2566300000000012,0.4183109999999992,0.3629889999999989,0.9836222999999996,0.4829250000000087,0.6600590000000004,0.1618910000000042,0.3297179999999997
6564,660,0.0630780000000008,0.1433540000000004,0.2012817999999994,0.0949879999999989,0.1841903000000009,0.1181306000000002,0.1662010000000009,0.2080470000000005,0.6831449999999997,0.4645999999999901,0.1913200000000046,0.3302759999999978,0.3259940000000014,0.7484817999999995,0.3539880000000011,0.4762520000000023,0.1183869999999984,0.2368370000000013
6574,661,0.0988030000000002,0.2593500000000013,0.2808678999999996,0.139346999999999,0.2796433,0.1587749,0.2465669999999988,0.2420990000000031,0.8367119999999986,0.5691799999999887,0.2521600000000035,0.444075999999999,0.4110239999999976,0.9180883999999994,0.5771799999999985,0.6855650000000004,0.1617370000000022,0.2677809999999994
6584,662,0.0949820000000016,0.2325320000000008,0.2639868999999999,0.1334789999999994,0.2676603000000011,0.1537505999999999,0.2562379999999997,0.2385610000000042,0.8363510000000005,0.6081199999999853,0.2929100000000062,0.4864689999999996,0.5281500000000001,1.0367329000000003,0.5913630000000012,0.6949690000000004,0.1553030000000035,0.2513329999999953
6594,663,0.1069090000000017,0.2462060000000008,0.2815078999999993,0.1411569999999997,0.2867522999999998,0.1632235999999998,0.2633469999999995,0.2789929999999998,0.9382160000000006,0.6293900000000008,0.2798800000000057,0.4484910000000006,0.3641719999999999,1.0176088000000003,0.5598939999999999,0.6698439999999977,0.1643940000000014,0.3160169999999951
6604,664,0.1221840000000007,0.2780120000000003,0.3109362999999998,0.1597349999999995,0.3222243000000002,0.1810301999999999,0.3057459999999992,0.3029909999999987,1.0209960000000002,0.751499999999993,0.3704100000000068,0.5820690000000006,0.7009879999999988,1.2613449,0.7271679999999918,0.7956430000000019,0.1819589999999991,0.3056629999999956
6614,665,0.1171940000000013,0.2633159999999996,0.2994506000000001,0.1522120000000004,0.3066253000000003,0.1741077999999998,0.2791430000000012,0.3032930000000036,1.0170279999999998,0.6851099999999803,0.295180000000002,0.465249,0.429907,1.1184824999999998,0.589494000000002,0.7430330000000005,0.1672870000000017,0.3379809999999992
6624,666,0.0864820000000001,0.2286630000000009,0.2497018999999998,0.1219289999999997,0.2504263000000009,0.1436947000000001,0.2325239999999979,0.2213780000000014,0.7854980000000005,0.5250800000000027,0.2319600000000008,0.3775769999999987,0.3140430000000016,0.8401579999999997,0.4962069999999983,0.5602359999999997,0.1470389999999994,0.2686969999999959
6634,667,0.0908380000000015,0.2207950000000007,0.2609319000000001,0.1315530000000002,0.2672033000000002,0.1546739999999999,0.2493239999999978,0.2619770000000017,0.8961569999999988,0.5967699999999923,0.2647000000000048,0.4247829999999979,0.4052930000000003,0.9547192999999998,0.4922109999999975,0.6334400000000002,0.1575780000000008,0.298142999999996
6644,668,0.0961350000000003,0.2359950000000008,0.2646750999999998,0.1304049999999996,0.266891300000001,0.1522024000000001,0.2464469999999998,0.2420609999999996,0.8475830000000002,0.5674999999999955,0.2489000000000061,0.4111079999999987,0.3439239999999977,0.9064220999999996,0.5248579999999947,0.6086370000000016,0.1556770000000042,0.2883939999999967
6654,669,0.1147790000000021,0.2881530000000012,0.3148916000000001,0.1580180000000002,0.3166153000000005,0.1767577,0.2743010000000012,0.2787240000000039,0.9680409999999996,0.643749999999983,0.2735600000000033,0.4660109999999982,0.4567010000000024,1.050337,0.6257930000000016,0.7689269999999979,0.1771129999999985,0.3114909999999966
6664,670,0.0963390000000004,0.2380500000000012,0.2709307999999994,0.1366639999999996,0.2744283000000003,0.1589537000000001,0.2469229999999989,0.2692949999999996,0.919675999999999,0.6178999999999917,0.2568899999999985,0.4429160000000003,0.3471410000000006,0.9859758000000004,0.5113070000000022,0.6691789999999997,0.1602639999999979,0.316244999999995
6674,671,0.0770690000000016,0.1818559999999998,0.2174854999999995,0.1087220000000002,0.2189443000000004,0.1317374999999998,0.204035000000001,0.2201450000000022,0.7627309999999987,0.5154399999999839,0.2112500000000068,0.37453,0.2750669999999999,0.7888298999999996,0.4145520000000005,0.5390599999999992,0.1369820000000032,0.2717999999999989
6684,672,0.0874319999999997,0.2198450000000011,0.2485350999999998,0.1236789999999992,0.2512493000000013,0.1463073999999999,0.230834999999999,0.2400110000000026,0.8356080000000006,0.5610899999999788,0.2390100000000075,0.4004629999999984,0.3016220000000018,0.8863535999999996,0.465564999999998,0.588239999999999,0.1498080000000001,0.2879949999999951
6694,673,0.1223070000000028,0.2902269999999998,0.3160166999999996,0.1610779999999998,0.3233563000000004,0.1824753999999999,0.2920610000000003,0.3243640000000027,1.0819650000000005,0.7255499999999984,0.3022899999999993,0.4895639999999979,0.4512649999999993,1.1683473000000006,0.5990390000000048,0.7776420000000002,0.1786620000000027,0.3611009999999979
6704,674,0.1213760000000014,0.286233000000001,0.3151117999999995,0.1569859999999998,0.3206713000000007,0.1776035999999998,0.2982610000000001,0.2924070000000043,0.995794,0.6730699999999956,0.2999599999999986,0.4542169999999998,0.4435120000000019,1.0932587999999992,0.6585340000000031,0.7316779999999987,0.172462000000003,0.3267839999999964
6714,675,0.0846480000000013,0.1996710000000003,0.2391404999999995,0.1207779999999996,0.2423523000000003,0.144285,0.2210059999999991,0.2458960000000019,0.8409200000000006,0.5665099999999939,0.2356500000000068,0.3806599999999989,0.3315750000000008,0.897615,0.4375550000000032,0.5860550000000018,0.147359999999999,0.2860829999999978
6724,676,0.0935660000000027,0.241359000000001,0.2840891000000001,0.1357780000000001,0.2663853000000014,0.1597887,0.244924000000001,0.3046890000000033,1.017278000000001,0.69726,0.2615700000000061,0.4654120000000006,0.5420230000000004,0.9532928999999996,0.4269859999999994,0.6776689999999981,0.1596180000000018,0.3417279999999962
6734,677,0.1235390000000009,0.2930860000000006,0.3188380999999998,0.1629939999999994,0.3300433000000016,0.1856442,0.3054640000000006,0.3269969999999986,1.0921379999999985,0.7346299999999815,0.3261600000000015,0.5298890000000007,0.5415959999999984,1.2280952999999997,0.6565760000000012,0.7798869999999987,0.1864180000000033,0.3548009999999948
6744,678,0.0722079999999998,0.1705079999999998,0.2314882999999996,0.1086860000000005,0.2149443000000008,0.1329948,0.1946930000000009,0.2357399999999998,0.7680769999999981,0.5183899999999824,0.2258000000000066,0.3759720000000008,0.4057230000000018,0.8728759999999998,0.3891390000000001,0.528848,0.1339560000000048,0.2608559999999968
6754,679,0.0927630000000014,0.2329140000000009,0.2724729999999997,0.1341549999999998,0.2642483000000002,0.1581814999999999,0.2456899999999997,0.2962029999999984,0.995311000000001,0.6804300000000012,0.257630000000006,0.4444750000000006,0.4648469999999989,0.955599,0.4488410000000016,0.6727820000000015,0.1578110000000023,0.3435089999999974
6764,680,0.0938890000000007,0.2235310000000012,0.2588726999999995,0.1303730000000005,0.2635243000000002,0.1537025999999999,0.2410579999999988,0.2654830000000032,0.8825479999999999,0.5927499999999952,0.2572600000000022,0.4003340000000008,0.3916450000000004,0.9580447999999996,0.4958539999999942,0.6291100000000007,0.155110999999998,0.2926080000000013
6774,681,0.0938890000000007,0.2235310000000012,0.2588726999999995,0.1303730000000005,0.2635243000000002,0.1537025999999999,0.2410579999999988,0.2654830000000032,0.8825479999999999,0.5927499999999952,0.2572600000000022,0.4003340000000008,0.3916450000000004,0.9580447999999996,0.4958539999999942,0.6291100000000007,0.155110999999998,0.2926080000000013
6784,682,0.0911610000000031,0.2072580000000012,0.2732608999999995,0.1301649999999998,0.2563593000000015,0.1536192,0.2424630000000007,0.2904920000000004,0.9695479999999996,0.6654299999999864,0.261579999999995,0.4589549999999995,0.4957239999999991,0.9436367,0.4150570000000044,0.6474539999999998,0.1568960000000032,0.3357559999999964
6794,683,0.1232160000000028,0.2909509999999997,0.3251200000000001,0.1647280000000002,0.3326643000000011,0.1860151999999999,0.3039239999999985,0.3320670000000021,1.0916919999999983,0.733019999999982,0.3124899999999968,0.4894879999999979,0.4485670000000006,1.1833467999999998,0.6418220000000048,0.7903349999999989,0.1844000000000036,0.3578109999999981
6804,684,0.0797450000000026,0.2080339999999996,0.2324383000000001,0.1154869999999999,0.2342633000000002,0.138141,0.2143699999999988,0.2249979999999993,0.7595449999999992,0.5139999999999816,0.2284000000000077,0.3848959999999977,0.311637000000001,0.8548388999999998,0.4640360000000072,0.5588329999999999,0.1458220000000025,0.2612090000000009
6814,685,0.0725760000000015,0.1982820000000007,0.2447311000000001,0.1106359999999995,0.212950300000001,0.1347773000000001,0.1996269999999995,0.2466429999999988,0.8576939999999986,0.60872999999998,0.2399500000000074,0.4023760000000003,0.3983720000000019,0.8512535999999997,0.3721209999999928,0.5711960000000005,0.1357980000000012,0.3035449999999997
6824,686,0.1315179999999998,0.3245070000000005,0.3657183999999995,0.1821729999999988,0.3704913000000012,0.1999301999999998,0.3363860000000009,0.3634040000000027,1.1998390000000008,0.7827699999999993,0.2858099999999979,0.5002940000000002,0.4082659999999976,1.1571773,0.6311830000000072,0.8335669999999986,0.1770470000000017,0.4053210000000007
6834,687,0.0903790000000022,0.2145410000000005,0.2505370999999998,0.1279559999999993,0.2551363000000002,0.1515696000000002,0.2300959999999996,0.2596070000000026,0.8695710000000005,0.5881399999999815,0.2560299999999955,0.4150819999999982,0.3699849999999998,0.9878083000000002,0.4841889999999864,0.6382169999999974,0.1550690000000045,0.2928969999999964
6844,688,0.1304910000000028,0.3139070000000004,0.3573925999999998,0.1801929999999991,0.3641123000000004,0.1988682000000001,0.3240519999999982,0.3619970000000023,1.177426999999998,0.7640099999999848,0.2903699999999958,0.5026720000000005,0.4467350000000003,1.2016425000000002,0.638969000000003,0.8443469999999991,0.182389999999998,0.3884469999999993
6854,689,0.118114000000002,0.302442000000001,0.3263761,0.1619080000000003,0.3287732999999999,0.1801476000000001,0.2912180000000006,0.2824629999999999,0.997871,0.6518599999999992,0.2598700000000065,0.4686409999999981,0.4276729999999986,1.0114891999999998,0.6315149999999932,0.7549390000000002,0.1754570000000015,0.3332169999999976
6864,690,0.0744030000000002,0.1737260000000002,0.2228165999999998,0.1065329999999988,0.2089013000000008,0.1300878999999999,0.1857240000000004,0.2218960000000009,0.7502080000000007,0.5090699999999799,0.1980099999999964,0.3514219999999994,0.2971590000000006,0.8024094999999996,0.4216919999999931,0.5424199999999999,0.130001,0.2615149999999957
6874,691,0.0720530000000003,0.1613020000000009,0.2009045,0.0998539999999987,0.1997333000000001,0.1225540999999998,0.1884839999999989,0.2104630000000042,0.7354889999999976,0.5208899999999801,0.2047600000000073,0.3328020000000009,0.2450720000000004,0.6762654000000001,0.3980150000000009,0.49953,0.1243430000000032,0.2748419999999996
6884,692,0.109178,0.2538350000000005,0.2879721000000002,0.1445609999999995,0.2912603000000011,0.1654971999999999,0.2652520000000002,0.2769040000000018,0.9303899999999992,0.6364999999999839,0.2763300000000015,0.4349679999999978,0.4214920000000006,1.0364877999999995,0.5827189999999973,0.7101830000000007,0.1674950000000024,0.3017290000000017
6894,693,0.1049310000000005,0.2527400000000011,0.2837060999999998,0.1426540000000002,0.2875793000000008,0.1638855999999999,0.2590700000000012,0.2765610000000009,0.9409729999999996,0.6319000000000017,0.2685199999999952,0.4551879999999997,0.3651020000000002,1.0160181999999995,0.5434369999999973,0.6961130000000004,0.1708220000000011,0.3194919999999968
6904,694,0.0141160000000013,0.1199510000000003,0.1769327,0.0829950000000003,0.1614713000000005,0.1045862999999998,0.1504969999999978,0.1789139999999989,0.6059179999999991,0.4108599999999853,0.1711700000000036,0.3002409999999997,0.3015100000000004,0.6552559000000002,0.2938209999999941,0.3821449999999977,0.1010419999999996,0.2164689999999964
6914,695,0.1109670000000022,0.2763270000000002,0.3052603999999999,0.1533730000000002,0.3084303000000012,0.173051,0.2728239999999999,0.2780360000000001,0.963953,0.6420699999999897,0.2710299999999961,0.4576439999999984,0.4308549999999975,1.0459541000000003,0.602058999999997,0.7497720000000001,0.1756579999999985,0.314594999999997
6924,696,0.1068330000000017,0.2661990000000003,0.2970521000000001,0.148536,0.2992643000000008,0.1683563999999999,0.2643319999999995,0.2833140000000043,0.981463999999999,0.6454399999999794,0.2354500000000001,0.4398109999999988,0.3627640000000021,0.9922078,0.5317170000000004,0.7054669999999987,0.1756480000000024,0.333711000000001
6934,697,0.1341740000000015,0.3367880000000003,0.3626581,0.1814459999999993,0.3677413000000005,0.1985969999999999,0.3451400000000006,0.3198000000000007,1.0898310000000002,0.7646699999999953,0.3494799999999998,0.5205549999999981,0.5682580000000002,1.1713313999999997,0.7768740000000065,0.8511489999999995,0.1683980000000033,0.3343539999999976
6944,698,0.0659240000000025,0.1523070000000004,0.1933670999999996,0.0957819999999998,0.1888243000000002,0.1187722999999998,0.1705040000000011,0.2010870000000011,0.667667999999999,0.4535999999999944,0.1916000000000082,0.3262719999999994,0.2778709999999975,0.7443578999999998,0.3739280000000065,0.489606000000002,0.1207309999999992,0.2356279999999984
6954,699,0.1057470000000009,0.2248180000000008,0.2866726999999995,0.1418520000000001,0.2846503000000009,0.1646928,0.2675270000000012,0.2997690000000048,1.016839000000001,0.6781699999999944,0.2801599999999951,0.4606709999999978,0.5220640000000003,1.0654656000000005,0.4587580000000031,0.6834070000000025,0.1610190000000031,0.3397700000000014
6964,700,0.0714880000000022,0.156804000000001,0.2200715999999998,0.1035659999999989,0.2019273000000012,0.1274516999999999,0.1894880000000007,0.2345960000000033,0.8057429999999997,0.5788499999999885,0.2360400000000027,0.3593849999999996,0.3106709999999992,0.7430383000000003,0.3768370000000089,0.5332280000000011,0.1283749999999983,0.2905459999999991
6974,701,0.1236650000000025,0.3002079999999996,0.329574,0.1687309999999993,0.3338993000000005,0.187078,0.2839479999999987,0.2854460000000003,1.0101869999999984,0.6632299999999987,0.2986300000000028,0.5454539999999994,0.5472019999999986,1.1529669,0.6944799999999987,0.8309110000000004,0.1719650000000001,0.3031459999999981
6984,702,0.1076530000000026,0.3033840000000012,0.3137344999999998,0.1555800000000005,0.3185123000000001,0.1698219999999999,0.3261359999999982,0.2369200000000049,0.9115040000000008,0.6553399999999954,0.3273499999999956,0.5053589999999986,0.5380020000000023,0.9949427999999996,0.7980899999999878,0.7417249999999989,0.1540320000000008,0.230208999999995
6994,703,0.1076530000000026,0.3033840000000012,0.3137344999999998,0.1555800000000005,0.3185123000000001,0.1698219999999999,0.3261359999999982,0.2369200000000049,0.9115040000000008,0.6553399999999954,0.3273499999999956,0.5053589999999986,0.5380020000000023,0.9949427999999996,0.7980899999999878,0.7417249999999989,0.1540320000000008,0.230208999999995
7004,704,0.1098309999999997,0.2691470000000002,0.2989870999999997,0.1508089999999988,0.3028013000000005,0.1710726999999998,0.2708480000000008,0.2862810000000024,0.9643200000000008,0.6513999999999953,0.2773300000000063,0.4544409999999992,0.426283999999999,1.0625528000000006,0.5932819999999879,0.7454399999999985,0.1773099999999985,0.314076
7014,705,0.0914000000000001,0.2393150000000012,0.2580530999999997,0.1327649999999991,0.2582143000000005,0.1523742000000001,0.2299769999999981,0.2368020000000044,0.8099509999999981,0.539289999999994,0.2465899999999976,0.4817660000000003,0.4392139999999997,0.9622220000000006,0.5340590000000134,0.7178170000000001,0.1570409999999995,0.2373739999999955
7024,706,0.1042960000000015,0.269305000000001,0.2890546999999994,0.1469369999999994,0.2873003,0.1655829999999998,0.2434130000000003,0.2433850000000035,0.8744930000000011,0.5637099999999862,0.23733,0.4685950000000005,0.437466999999998,0.9474318999999998,0.5695429999999959,0.7398480000000021,0.1708860000000029,0.2600639999999998
7034,707,0.0711539999999999,0.1789360000000002,0.209492,0.1057050000000003,0.2070582999999999,0.1285883000000001,0.1831220000000009,0.2249920000000003,0.7696179999999977,0.540159999999986,0.2257299999999986,0.324624,0.233156000000001,0.7074666000000001,0.4233159999999998,0.536016,0.127679999999998,0.2724589999999978
7044,708,0.0961950000000015,0.2390460000000001,0.2676799999999995,0.1351169999999992,0.2706613000000004,0.1552356999999999,0.2534840000000002,0.2378700000000009,0.8296829999999993,0.5902499999999975,0.2822400000000016,0.4828589999999977,0.4983749999999993,1.0219499,0.6052040000000005,0.7050429999999999,0.1580739999999991,0.2534929999999988
7054,709,-9.9999e+98,0.1061150000000008,0.1643229000000001,0.0779649999999989,0.145316300000001,0.0980617000000001,0.1367009999999986,0.1628820000000033,0.5994469999999978,0.4245599999999854,0.1649699999999967,0.2973289999999977,0.2997350000000018,0.6560657000000001,0.2857259999999968,0.3677460000000003,0.0931959999999989,0.21781
7064,710,0.0571540000000005,0.1247620000000004,0.2025933999999996,0.0909379999999995,0.170599300000001,0.1132110000000001,0.1587549999999993,0.2043590000000037,0.695370999999998,0.4894799999999861,0.1865099999999984,0.3457129999999999,0.3398199999999995,0.7582187000000005,0.3341800000000035,0.464537,0.1127299999999991,0.2530709999999985
7074,711,0.0603310000000014,0.1500909999999997,0.1812923999999993,0.0896229999999995,0.1796713000000007,0.1117162999999998,0.1677299999999988,0.1755550000000028,0.6328460000000007,0.4313699999999869,0.1726600000000075,0.3069369999999978,0.2128399999999999,0.6343272999999998,0.3619979999999998,0.4425649999999983,0.1097999999999999,0.2323279999999954
7084,712,0.132125000000002,0.3266860000000005,0.3503085999999999,0.1794440000000001,0.3599743000000011,0.1998657000000001,0.326947999999998,0.3635769999999994,1.178324,0.8004399999999805,0.3431300000000021,0.5507559999999998,0.5789760000000008,1.3139234999999996,0.7126140000000021,0.868155999999999,0.1837000000000017,0.3758339999999975
7094,713,0.1340990000000026,0.3244970000000009,0.3536115999999998,0.1807479999999994,0.3660662999999999,0.2019970999999998,0.3380799999999979,0.3771160000000009,1.2279160000000005,0.8165699999999845,0.3470800000000054,0.5634929999999976,0.5603679999999969,1.3106982,0.6852799999999917,0.8590060000000008,0.2023620000000008,0.4011169999999993
7104,714,0.0894100000000008,0.2267100000000006,0.2517122999999994,0.1255949999999988,0.2521293,0.1472109999999999,0.2256949999999982,0.2375040000000012,0.8105119999999992,0.5485899999999901,0.2299699999999944,0.378194999999998,0.3356130000000021,0.8918771999999997,0.4851349999999996,0.6270290000000003,0.1462380000000038,0.2718679999999978
7114,715,0.0632610000000006,0.1579560000000004,0.1926630999999998,0.0946169999999995,0.1916073000000011,0.1166819000000001,0.179863000000001,0.1910319999999998,0.664552999999998,0.449799999999982,0.1817000000000064,0.3206369999999978,0.222608000000001,0.6583166,0.3591229999999967,0.459938000000001,0.1178299999999978,0.2429099999999948
7124,716,0.1249290000000016,0.3040890000000011,0.3333614999999996,0.1701809999999994,0.3442433000000005,0.1922000999999999,0.3168739999999985,0.3525959999999983,1.137045999999998,0.764189999999985,0.3321300000000065,0.5364070000000005,0.5483019999999996,1.2620082999999995,0.6776860000000084,0.8137509999999999,0.1925209999999992,0.3647969999999958
7134,717,0.1087300000000013,0.2578060000000004,0.2847906,0.1478529999999995,0.2861213000000013,0.1675167000000001,0.2484280000000005,0.261338000000002,0.916131,0.6038700000000006,0.2637399999999985,0.5301000000000009,0.502444999999998,1.0845044,0.5816229999999933,0.7681329999999988,0.1734089999999994,0.2600690000000014
7144,718,0.0728280000000012,0.1811199999999999,0.2105445000000001,0.1056860000000003,0.2109703000000014,0.1278912999999999,0.1879850000000011,0.2039240000000006,0.6911409999999982,0.4697699999999827,0.2025699999999943,0.3686009999999982,0.3020880000000012,0.7830501999999999,0.4368259999999964,0.5389790000000012,0.1332950000000039,0.2436329999999955
7154,719,0.089222000000003,0.2140920000000008,0.2517554999999998,0.122427,0.2408443000000009,0.1466639,0.2251639999999994,0.2647660000000016,0.9051969999999976,0.615889999999979,0.2418200000000041,0.4204389999999982,0.4310849999999995,0.9071653,0.4117960000000096,0.6163190000000007,0.1473879999999994,0.3151340000000004
7164,720,0.0757030000000007,0.1750070000000008,0.2255734,0.1092779999999997,0.2168153000000003,0.1330048999999999,0.2026870000000009,0.2286180000000044,0.806481999999999,0.5537899999999922,0.2074800000000038,0.3592249999999986,0.3137699999999981,0.7803845999999997,0.3876999999999952,0.538609000000001,0.1361270000000018,0.2837439999999986
7174,721,0.1214700000000021,0.2950429999999997,0.3241098999999998,0.1634039999999998,0.3271503000000013,0.1821315999999999,0.2831620000000008,0.2867400000000017,0.993898999999999,0.6620099999999809,0.2883099999999956,0.4895999999999993,0.4905360000000023,1.0953611,0.6598089999999956,0.7960790000000024,0.1803950000000043,0.3164930000000012
7184,722,0.0887200000000021,0.2281380000000012,0.2512748999999994,0.1247779999999991,0.2511013000000002,0.1460178000000001,0.2234440000000006,0.2291470000000046,0.7969790000000003,0.5355399999999975,0.2218200000000081,0.3992489999999975,0.3305569999999989,0.8640257999999994,0.4935140000000046,0.6207549999999991,0.1440270000000012,0.2733379999999954
7194,723,0.1064509999999998,0.2641819999999999,0.2945381999999998,0.147907,0.2999963000000001,0.1689403999999998,0.2740189999999991,0.2871659999999991,0.9807759999999988,0.6573199999999986,0.2817699999999945,0.4732470000000006,0.3776940000000017,1.0394071999999994,0.5731040000000007,0.712063999999998,0.173375,0.3397069999999971
7204,724,0.0999010000000026,0.2529250000000012,0.2823799999999998,0.1393930000000001,0.2837053000000011,0.1601276,0.2692569999999996,0.2731890000000021,0.9783369999999998,0.6702999999999975,0.245750000000001,0.4080949999999994,0.282665999999999,0.8868278000000007,0.5097079999999892,0.6676530000000014,0.163999000000004,0.3537019999999984
7214,725,0.0708930000000016,0.1460190000000008,0.2288597999999995,0.099774,0.1875323000000008,0.1230869999999999,0.1755209999999998,0.228075000000004,0.7939559999999979,0.5805900000000008,0.2429099999999948,0.3661180000000001,0.342535999999999,0.775839,0.3545810000000102,0.5202670000000005,0.1219460000000012,0.2882299999999986
7224,726,0.1209920000000011,0.2788440000000012,0.3135126000000001,0.156020999999999,0.3183733000000011,0.1758174000000001,0.2986590000000007,0.2729479999999995,0.9465830000000004,0.6676199999999994,0.3188600000000008,0.465128,0.5162900000000015,1.0863729000000006,0.6763700000000057,0.7288129999999988,0.1749399999999994,0.2947190000000006
7234,727,0.0876809999999999,0.2012450000000001,0.2451314999999994,0.1222349999999998,0.2421063000000014,0.1451899000000001,0.2156079999999995,0.2432850000000002,0.8024559999999994,0.5499099999999828,0.2421700000000015,0.4079750000000004,0.3654530000000022,0.9536549999999996,0.4854909999999961,0.6284510000000019,0.1480379999999996,0.2642189999999971
7244,728,0.099024,0.2419890000000002,0.2740654999999998,0.1369100000000003,0.2773813,0.1586585,0.2533019999999979,0.2663390000000021,0.920804999999998,0.6183699999999988,0.2559399999999954,0.436672999999999,0.3469509999999971,0.9532305,0.5248789999999985,0.6587430000000012,0.1625580000000042,0.3202390000000008
7254,729,0.1056290000000004,0.2556030000000007,0.2870147999999997,0.1431229999999992,0.2915433000000007,0.1643037,0.2697909999999979,0.2697250000000011,0.9135609999999978,0.6209699999999998,0.2828400000000073,0.453043000000001,0.4068059999999995,1.0326494999999998,0.611212000000009,0.6902639999999991,0.1683580000000049,0.3020640000000014
7264,730,0.0951450000000022,0.2441080000000006,0.2723135999999995,0.1367539999999998,0.2737893000000007,0.1581019000000001,0.241028,0.2689440000000047,0.9070959999999992,0.6017499999999814,0.2294899999999984,0.4053029999999999,0.3485390000000024,0.9386250999999994,0.497878,0.6692080000000011,0.1592610000000007,0.3028929999999974
7274,731,0.1231050000000024,0.288157,0.31773,0.1610999999999993,0.3230032999999999,0.1803650000000001,0.2924989999999994,0.2909080000000017,0.9944570000000006,0.7005299999999863,0.3294199999999989,0.5316359999999989,0.5599689999999988,1.1633616,0.6956849999999974,0.8006980000000006,0.1788110000000031,0.3025659999999988
7284,732,0.1231050000000024,0.288157,0.31773,0.1610999999999993,0.3230032999999999,0.1803650000000001,0.2924989999999994,0.2909080000000017,0.9944570000000006,0.7005299999999863,0.3294199999999989,0.5316359999999989,0.5599689999999988,1.1633616,0.6956849999999974,0.8006980000000006,0.1788110000000031,0.3025659999999988
7294,733,0.1227710000000001,0.2901509999999998,0.3246093999999999,0.1640289999999993,0.3299172999999999,0.1836452999999998,0.288609000000001,0.3125959999999992,1.0670800000000007,0.6920599999999979,0.2611600000000038,0.4676019999999994,0.4237719999999996,1.1129609999999994,0.5854339999999922,0.7800080000000023,0.1816420000000036,0.3493599999999972
7304,734,0.0604620000000011,0.1343980000000009,0.1864529999999993,0.0894739999999991,0.1767353000000007,0.1111437999999997,0.1686650000000007,0.1946849999999997,0.6645509999999994,0.4638599999999826,0.1836799999999954,0.3383259999999986,0.2655610000000017,0.6353777999999997,0.3015429999999952,0.4413890000000009,0.1112600000000014,0.2443060000000017
7314,735,0.0871720000000024,0.2249990000000004,0.2619568999999995,0.1242730000000005,0.241601300000001,0.1488553999999999,0.2155769999999996,0.2638700000000042,0.8910680000000006,0.602800000000002,0.2482499999999987,0.4332849999999979,0.4786040000000007,0.9767709,0.4378930000000025,0.6311339999999994,0.1537199999999998,0.3007509999999982
7324,736,0.0894590000000015,0.2057010000000012,0.2569919,0.1281870000000005,0.2545093000000005,0.1517838,0.2404669999999988,0.2807510000000022,0.9482469999999984,0.6474299999999857,0.2476699999999994,0.4263259999999995,0.4094160000000002,0.9113949999999996,0.4155760000000015,0.635387999999999,0.1514190000000042,0.3302089999999964
7334,737,0.0725480000000011,0.1571610000000003,0.2262249999999994,0.1058869999999991,0.2063483000000001,0.1293508000000001,0.194706,0.2310980000000029,0.8058750000000003,0.568729999999988,0.2158799999999985,0.3923729999999992,0.3517469999999996,0.7991764000000003,0.3490340000000032,0.5454940000000015,0.1309930000000037,0.2861529999999987
7344,738,0.1196660000000022,0.2889340000000011,0.3101573999999996,0.1593939999999989,0.3207893000000013,0.1819076000000001,0.296952000000001,0.3342360000000042,1.1163360000000004,0.744039999999984,0.3139599999999944,0.506530999999999,0.5335959999999993,1.1947982,0.5742780000000067,0.7709489999999981,0.1786990000000017,0.371305999999997
7354,739,0.0821560000000012,0.1893100000000007,0.2498801999999997,0.1204959999999992,0.237471300000001,0.1446187999999999,0.2128650000000007,0.2522069999999985,0.8419209999999993,0.5696299999999894,0.2391199999999997,0.4028279999999995,0.3949820000000024,0.9492791,0.4462949999999921,0.6034140000000008,0.1485070000000021,0.2821939999999969
7364,740,0.1072230000000011,0.2417770000000008,0.2773672999999999,0.1415290000000002,0.2818493000000011,0.1635529,0.2505079999999999,0.2789520000000038,0.9376649999999992,0.6324299999999994,0.2652099999999961,0.4475739999999995,0.4015179999999994,1.0572655000000006,0.5358520000000055,0.7001179999999998,0.1710080000000005,0.3071489999999954
7374,741,0.1235379999999999,0.3010169999999998,0.3287067999999999,0.1657759999999992,0.3302463000000006,0.1829942999999998,0.2915829999999992,0.2813750000000041,0.9836899999999992,0.6568599999999947,0.2925599999999946,0.5165210000000009,0.5169720000000027,1.0765447000000004,0.6802520000000101,0.8077150000000017,0.1787419999999997,0.2977539999999976
7384,742,0.121298000000003,0.2866990000000005,0.3206831000000001,0.1583129999999997,0.3268803000000009,0.1788273999999998,0.3196599999999989,0.3014800000000051,1.0173999999999983,0.6717699999999809,0.2984699999999947,0.4756229999999988,0.4051989999999996,1.0567237,0.6365430000000032,0.7125360000000001,0.179591000000002,0.337136000000001
7394,743,0.0892150000000029,0.2199109999999997,0.2455709999999999,0.1237060000000003,0.2474573000000006,0.1459263000000001,0.2232289999999999,0.2350840000000005,0.7932349999999992,0.5464899999999773,0.2449399999999997,0.3969299999999975,0.3778100000000002,0.9348697,0.5035879999999935,0.6338329999999992,0.1496279999999998,0.262163000000001
7404,744,0.0143180000000029,0.1203529999999997,0.1604187000000001,0.0806409999999999,0.1565113,0.1021662000000001,0.1477339999999998,0.1641120000000029,0.6140660000000011,0.4370799999999804,0.1732899999999944,0.2979289999999999,0.2243859999999991,0.6061848000000003,0.3209030000000012,0.3997139999999994,0.0995130000000017,0.2271029999999996
7414,745,0.1236540000000019,0.3066480000000009,0.3389869999999995,0.1699799999999989,0.3438553000000013,0.1890033999999998,0.308723999999998,0.3133510000000044,1.0708179999999992,0.7120999999999924,0.3003400000000056,0.5149279999999976,0.449033,1.1370899999999995,0.6757380000000097,0.8091369999999998,0.1926890000000014,0.3495319999999964
7424,746,0.0599939999999996,0.1380049999999997,0.1881148999999995,0.0912670000000002,0.1806273000000011,0.1136629,0.1702569999999994,0.1980760000000003,0.6578379999999981,0.4486299999999801,0.1885800000000017,0.3457839999999983,0.2644760000000019,0.6829773000000001,0.3343670000000003,0.4550920000000005,0.1162290000000041,0.2409069999999999
7434,747,0.0859630000000031,0.1983530000000009,0.2439439999999999,0.1208840000000002,0.238907300000001,0.1438044999999999,0.212928999999999,0.2438610000000025,0.7962740000000004,0.5481199999999831,0.2445000000000021,0.4083499999999986,0.3680269999999979,0.9561120999999996,0.4768110000000121,0.6191630000000004,0.1438279999999991,0.2611209999999957
7444,748,0.1091240000000013,0.2814220000000009,0.3051938999999999,0.1521969999999992,0.3052153000000004,0.1705005000000001,0.2614699999999992,0.2567239999999984,0.9189839999999982,0.6043699999999887,0.252759999999995,0.4683949999999974,0.4354729999999982,0.9769842000000004,0.607483000000002,0.7380849999999981,0.1671410000000008,0.3031930000000002
7454,749,-9.9999e+98,0.1008620000000011,0.1703055999999998,0.0749060000000003,0.1366983000000008,0.0949189999999999,0.128505999999998,0.1614500000000021,0.5954979999999992,0.4393799999999999,0.1844899999999967,0.283576,0.2475799999999992,0.6072537999999996,0.2865990000000096,0.3782519999999998,0.0527060000000005,0.2208369999999959
7464,750,0.1088140000000024,0.2805700000000009,0.3018415000000001,0.1502959999999991,0.3052433000000008,0.1672386000000001,0.2933579999999978,0.2348410000000029,0.8814029999999988,0.6235099999999818,0.2990400000000051,0.4874930000000006,0.4994839999999989,1.0043569000000003,0.6772380000000027,0.7430500000000002,0.1659390000000016,0.2481030000000004
7474,751,0.0994710000000012,0.2669639999999997,0.2823865999999997,0.1419409999999992,0.2830233,0.1605648999999998,0.2572270000000003,0.2351230000000015,0.8385639999999981,0.5698299999999961,0.2651599999999945,0.4831140000000005,0.4634359999999979,0.9564892,0.5998620000000017,0.732448999999999,0.1674100000000038,0.2475200000000015
7484,752,0.0881850000000028,0.234827000000001,0.2773303,0.1269759999999991,0.2445093000000007,0.1508338999999998,0.2118520000000003,0.264837,0.8690490000000004,0.5845999999999947,0.2498199999999997,0.4657349999999987,0.4956089999999982,1.0611796,0.4717259999999896,0.6543850000000013,0.1518890000000041,0.2788609999999991
7494,753,0.1187390000000014,0.2920130000000007,0.3210581000000001,0.1593900000000001,0.3244033000000001,0.1786183999999999,0.2943229999999985,0.2947279999999992,1.011106999999999,0.6721299999999815,0.2819499999999948,0.4800830000000005,0.4160140000000005,1.0382710999999991,0.6271380000000022,0.7441649999999989,0.1742470000000011,0.342528999999999
7504,754,0.0826489999999999,0.1873940000000011,0.2311823999999998,0.1169489999999999,0.2335943,0.1404385999999999,0.2196379999999997,0.2460400000000007,0.8461210000000001,0.5755599999999959,0.2272499999999979,0.405113,0.3031669999999984,0.8465958999999996,0.4200939999999917,0.5827200000000019,0.1439540000000008,0.2987380000000001
7514,755,0.0870899999999998,0.2254330000000006,0.2449370000000001,0.1227009999999992,0.2459743000000003,0.1437154,0.2232230000000008,0.2256989999999987,0.753309999999999,0.5283199999999795,0.2472900000000066,0.4024079999999976,0.400743000000002,0.9103865999999998,0.5182149999999979,0.6409669999999998,0.1460470000000029,0.2462749999999971
7524,756,0.0879360000000026,0.2238150000000001,0.2546814999999993,0.1256209999999988,0.2547223000000009,0.1473436000000001,0.2389109999999981,0.2439590000000038,0.8739309999999989,0.5972099999999898,0.2228599999999971,0.3803759999999982,0.2672859999999986,0.8129058000000002,0.4655979999999999,0.6015990000000002,0.1483899999999991,0.3136709999999993
7534,757,0.1150979999999997,0.2917140000000007,0.3181155999999996,0.1618529999999989,0.3266003000000008,0.1779698,0.3331850000000003,0.2694140000000047,1.030488999999999,0.7445699999999817,0.3761700000000019,0.6282600000000009,0.6983870000000003,1.2122817999999995,0.8133919999999932,0.8358099999999986,0.1620160000000012,0.271259999999998
7544,758,0.1228420000000021,0.3000420000000012,0.3344851999999996,0.1656549999999992,0.3416613000000001,0.1857319999999998,0.3294040000000002,0.3163020000000003,1.070764999999998,0.7059299999999951,0.3080800000000039,0.4936199999999999,0.4135610000000014,1.1000706000000005,0.6677219999999977,0.7565540000000013,0.1837829999999982,0.3601529999999968
7554,759,0.1252920000000017,0.2935259999999999,0.3235242999999999,0.1649019999999996,0.333540300000001,0.1863812999999998,0.3167369999999998,0.3628140000000002,1.1615459999999975,0.771569999999997,0.3217300000000023,0.5264799999999994,0.5375160000000001,1.1900958,0.5590139999999906,0.7980790000000013,0.1833250000000035,0.3882909999999953
7564,760,0.1041430000000005,0.2527950000000007,0.2848202999999998,0.142379,0.2884093000000014,0.1635184999999999,0.2623399999999982,0.2671290000000041,0.923814,0.6224100000000021,0.2700099999999992,0.4562019999999975,0.3764160000000025,1.0013901999999997,0.5695680000000038,0.6847290000000008,0.1686570000000031,0.3090569999999957
7574,761,0.1089900000000021,0.2690340000000013,0.3006060999999995,0.1496069999999996,0.2966693000000013,0.1718008000000002,0.2719529999999999,0.3240180000000023,1.087920999999998,0.7370899999999949,0.2790700000000043,0.4757870000000004,0.5287080000000017,1.048749,0.475869000000003,0.7337780000000009,0.1757600000000039,0.362839000000001
7584,762,0.1082300000000024,0.2629239999999999,0.2964652999999995,0.1495739999999994,0.3015243000000005,0.1705972999999998,0.2723639999999996,0.2958830000000034,0.9932429999999997,0.6655999999999835,0.278819999999996,0.4511420000000008,0.3877230000000011,1.0625909999999994,0.560293999999999,0.725322000000002,0.1751530000000016,0.3381389999999982
7594,763,0.0913160000000026,0.248666,0.2641790999999998,0.1343219999999991,0.2615053000000014,0.1539378,0.2147930000000002,0.2326830000000015,0.8053719999999984,0.5144699999999887,0.207650000000001,0.4345289999999977,0.3863520000000022,0.8793547999999998,0.5081060000000122,0.6820109999999993,0.1541500000000013,0.2494599999999991
7604,764,0.122834000000001,0.2954530000000002,0.3246057999999996,0.1648009999999988,0.3327252999999999,0.1860013999999998,0.304233,0.3305110000000013,1.1205089999999984,0.7480099999999936,0.3088100000000082,0.4856449999999981,0.4243839999999999,1.17511,0.6046930000000117,0.7921590000000016,0.1835909999999998,0.3790619999999975
7614,765,0.0837380000000003,0.2079319999999995,0.2375856,0.1206009999999988,0.2400643000000002,0.1436793999999999,0.2149019999999986,0.243509000000003,0.8269759999999984,0.5569500000000005,0.2256100000000032,0.4121339999999982,0.3078370000000028,0.8784022,0.4615140000000082,0.6046839999999989,0.1491770000000016,0.2841090000000008
7624,766,0.118507000000001,0.2618480000000005,0.2999898999999999,0.1516349999999988,0.3053073000000008,0.1727609000000001,0.2788839999999979,0.2939870000000013,0.988078999999999,0.6751599999999769,0.292349999999999,0.4614919999999998,0.4424169999999989,1.1023704,0.6125200000000035,0.7336489999999998,0.1720669999999984,0.3176699999999997
7634,767,0.0857109999999998,0.1922080000000008,0.2424184999999994,0.1214499999999993,0.2420243000000006,0.1457619000000001,0.219342000000001,0.2526679999999999,0.849377999999998,0.5727200000000039,0.2459599999999966,0.403378,0.4263680000000001,0.9612540999999996,0.4377149999999972,0.5908459999999991,0.1481509999999986,0.2803299999999993
7644,768,0.0901790000000026,0.2265309999999996,0.2560273999999998,0.1303959999999993,0.2577353000000002,0.1528165000000001,0.2215659999999992,0.2593430000000012,0.8739050000000006,0.5798099999999806,0.2170500000000004,0.4011879999999976,0.3459679999999991,0.9336092000000002,0.4878849999999914,0.6566110000000016,0.1512749999999982,0.2881009999999975
7654,769,0.0969690000000014,0.2299830000000007,0.2701991999999995,0.1363199999999995,0.2751383,0.1591740000000001,0.2569759999999981,0.278461,0.9614109999999982,0.6434899999999857,0.2606999999999999,0.4246610000000004,0.3758480000000013,0.9865092999999998,0.4684019999999975,0.6644979999999983,0.1642750000000035,0.3341560000000001
7664,770,0.1057480000000019,0.251913,0.2860274,0.1469629999999995,0.2879383000000004,0.1682792000000001,0.2406259999999989,0.2814930000000046,0.9418860000000002,0.6213999999999942,0.2650299999999959,0.4897600000000004,0.4609619999999985,1.1113675,0.5618630000000024,0.7434139999999978,0.1697369999999978,0.2948909999999998
7674,771,0.0675340000000019,0.1534390000000005,0.2322702999999997,0.098853,0.1891163000000002,0.1222443000000002,0.1765499999999988,0.2326930000000047,0.7564789999999988,0.5254999999999939,0.1985700000000037,0.3567700000000009,0.3846570000000007,0.7889362000000002,0.3287329999999997,0.5022789999999979,0.1190770000000043,0.2660440000000008
7684,772,0.0675340000000019,0.1534390000000005,0.2322702999999997,0.098853,0.1891163000000002,0.1222443000000002,0.1765499999999988,0.2326930000000047,0.7564789999999988,0.5254999999999939,0.1985700000000037,0.3567700000000009,0.3846570000000007,0.7889362000000002,0.3287329999999997,0.5022789999999979,0.1190770000000043,0.2660440000000008
7694,773,0.1194699999999997,0.2842730000000006,0.3174463999999997,0.1608660000000004,0.3252453000000006,0.1824970999999999,0.2978880000000004,0.3277059999999991,1.0796449999999993,0.722629999999981,0.3073499999999995,0.4829329999999991,0.4522530000000024,1.1549136999999998,0.6167200000000008,0.7712810000000019,0.1776300000000006,0.3589399999999969
7704,774,0.1211289999999998,0.2901699999999998,0.3209581999999997,0.1630859999999998,0.3235942999999999,0.1818018999999999,0.2765999999999984,0.2944209999999998,1.0049050000000008,0.6676099999999963,0.2852500000000049,0.4999059999999993,0.4946559999999991,1.1151295,0.6344870000000071,0.8006869999999999,0.1792540000000002,0.3133819999999971
7714,775,0.1075700000000026,0.2409800000000004,0.2831054999999995,0.1410029999999995,0.2886433000000004,0.1624821999999999,0.2691300000000005,0.2747039999999998,0.9467560000000006,0.6288099999999872,0.2752600000000029,0.4436169999999997,0.3697410000000012,0.9794291999999992,0.5346930000000043,0.6576999999999984,0.1572050000000047,0.318290999999995
7724,776,0.1021300000000025,0.256457000000001,0.2809552999999996,0.1417319999999993,0.2822083000000006,0.1623016000000001,0.2383740000000003,0.2630559999999988,0.9105089999999976,0.5921599999999785,0.2222200000000072,0.4306319999999992,0.3776860000000006,0.9732824000000004,0.5270890000000037,0.6982509999999991,0.1656060000000039,0.2984839999999948
7734,777,0.075922000000002,0.187603000000001,0.2311411999999997,0.1157520000000005,0.2329903000000008,0.1385825,0.2218009999999992,0.2428920000000047,0.8353479999999998,0.565119999999979,0.22363,0.3804850000000002,0.3457359999999987,0.8219108999999998,0.3709610000000083,0.5585979999999999,0.1417870000000007,0.2920599999999993
7744,778,0.092177000000003,0.2457950000000011,0.2688476999999993,0.1328809999999993,0.2699183000000005,0.1514261000000001,0.2593519999999998,0.2170660000000026,0.7842489999999991,0.5605999999999938,0.2651500000000055,0.4325399999999995,0.4416930000000008,0.9165355000000002,0.5941040000000015,0.6635920000000013,0.152706000000002,0.2313720000000003
7754,779,0.0904820000000015,0.2264160000000004,0.2588262999999999,0.1297189999999997,0.2610293000000006,0.1523658000000001,0.2450459999999985,0.2645100000000013,0.9268870000000008,0.6328900000000033,0.2412500000000079,0.4154850000000003,0.2840750000000014,0.8802180000000002,0.4701040000000063,0.6311580000000028,0.1537879999999987,0.3366509999999962
7764,780,0.0962240000000029,0.2376190000000004,0.2694612999999997,0.1365339999999992,0.2733063000000015,0.1587600999999998,0.2440779999999982,0.2685239999999993,0.9044939999999996,0.6087599999999895,0.2549999999999954,0.4245570000000001,0.3637610000000002,0.9984311999999996,0.5130020000000002,0.6737479999999998,0.1614610000000027,0.3023629999999997
7774,781,0.1311650000000028,0.3152489999999996,0.3523722999999998,0.1774079999999998,0.3621133000000007,0.1979977000000001,0.3390269999999979,0.3620790000000013,1.150268999999998,0.7690099999999802,0.3381800000000083,0.535264999999999,0.4937830000000005,1.2364290999999996,0.720240000000004,0.8288510000000002,0.1856030000000004,0.3723109999999963
7784,782,0.0923770000000026,0.2314690000000006,0.2661816999999997,0.1304689999999997,0.257404300000001,0.1547037000000002,0.2313960000000001,0.278694999999999,0.922625,0.6226399999999899,0.2589200000000033,0.4360509999999991,0.4654670000000003,1.0234262999999997,0.458588000000006,0.6473049999999994,0.1562699999999992,0.3094830000000002
7794,783,0.1238840000000003,0.2985760000000006,0.3258720999999998,0.1662029999999994,0.3333583000000004,0.1869185999999998,0.2998019999999997,0.3313410000000019,1.0790459999999982,0.7284599999999841,0.3111999999999995,0.5112330000000007,0.4835710000000013,1.2065598999999994,0.6575370000000049,0.8127420000000001,0.1862199999999987,0.3448729999999997
7804,784,0.1238840000000003,0.2985760000000006,0.3258720999999998,0.1662029999999994,0.3333583000000004,0.1869185999999998,0.2998019999999997,0.3313410000000019,1.0790459999999982,0.7284599999999841,0.3111999999999995,0.5112330000000007,0.4835710000000013,1.2065598999999994,0.6575370000000049,0.8127420000000001,0.1862199999999987,0.3448729999999997
7814,785,0.1322210000000012,0.3353859999999997,0.3596070999999998,0.18107,0.3638413000000007,0.1975874000000002,0.3265320000000002,0.3069370000000049,1.059829999999998,0.7164999999999964,0.3276400000000024,0.5483469999999997,0.5724629999999991,1.1494505000000004,0.7688069999999954,0.8631190000000011,0.1814919999999986,0.3169019999999989
7824,786,0.0845909999999996,0.2116839999999999,0.2471245999999993,0.1228479999999994,0.2486513000000005,0.1451709000000001,0.2365619999999992,0.2424919999999986,0.8643140000000002,0.5866800000000012,0.2317699999999973,0.403185999999998,0.2818439999999995,0.8450489999999995,0.4548340000000053,0.611346000000001,0.145546000000003,0.3059790000000006
7834,787,0.0937669999999997,0.2214299999999998,0.2632044999999996,0.131143999999999,0.2598583000000012,0.1540746999999998,0.2334980000000008,0.261018,0.8672709999999988,0.5997299999999939,0.2617500000000063,0.4382589999999986,0.4279730000000015,0.9839873,0.5269059999999968,0.6618040000000001,0.1522459999999981,0.2790559999999971
7844,788,0.0561210000000009,0.1294090000000007,0.1868600999999996,0.086613999999999,0.1661403000000003,0.1088200999999999,0.1573889999999984,0.1968749999999985,0.6879059999999981,0.5069999999999766,0.2156200000000012,0.3141010000000008,0.2479660000000016,0.6339994000000004,0.3383620000000036,0.4459549999999979,0.1099280000000035,0.2586859999999973
7854,789,0.1248010000000015,0.288965000000001,0.3198422999999994,0.1624730000000003,0.3258083000000003,0.1816266999999998,0.2989829999999998,0.2966049999999995,1.0053649999999976,0.7127799999999809,0.3321700000000049,0.545621999999998,0.5930090000000021,1.1842785000000005,0.7042930000000069,0.8054190000000006,0.1777620000000013,0.3026489999999953
7864,790,0.1067490000000006,0.2680400000000009,0.2908922999999994,0.1448959999999992,0.2918213000000005,0.1634346999999998,0.2637730000000005,0.244923,0.8610970000000009,0.5966799999999921,0.276290000000003,0.4501360000000005,0.4582969999999982,0.9733149,0.6190530000000081,0.7160549999999972,0.1726880000000008,0.2651359999999982
7874,791,0.0894730000000016,0.2280689999999996,0.2560849999999997,0.1291399999999996,0.2570113000000003,0.1508240999999999,0.2258069999999996,0.2458870000000033,0.8271480000000011,0.5576199999999858,0.2355799999999988,0.4044950000000007,0.3668289999999992,0.9421472999999994,0.4975259999999935,0.654162000000003,0.1488069999999979,0.2752809999999996
7884,792,0.1088970000000024,0.2571510000000003,0.2952728999999996,0.1499550000000002,0.3024763000000003,0.1719659,0.2767060000000008,0.3017770000000013,1.0238680000000002,0.685639999999978,0.2904199999999974,0.4558119999999981,0.3959200000000002,1.0937918,0.5562379999999933,0.726545999999999,0.1719670000000022,0.3486909999999952
7894,793,0.1247070000000007,0.3010040000000007,0.3330045999999997,0.1663969999999999,0.3392663000000002,0.1864922999999998,0.3128659999999996,0.3172899999999998,1.0636559999999982,0.7131899999999973,0.3112700000000075,0.5124899999999997,0.4438430000000011,1.1432781,0.6832330000000013,0.7871330000000007,0.1851649999999978,0.3535180000000011
7904,794,0.0746660000000005,0.1665489999999998,0.2281275999999996,0.1070729999999997,0.2089513000000007,0.1311390000000001,0.1885249999999985,0.229772000000004,0.7786249999999981,0.5317599999999914,0.208120000000008,0.3626830000000005,0.357405,0.8079776000000001,0.3967549999999988,0.5451259999999998,0.1296400000000019,0.2725499999999954
7914,795,0.1219340000000031,0.2923270000000002,0.3265956000000001,0.1648800000000001,0.3308233000000005,0.1842776000000001,0.2934260000000002,0.3068799999999996,1.045299,0.6985899999999958,0.2891900000000049,0.4832529999999977,0.4581440000000008,1.1314342000000002,0.6390050000000116,0.8026109999999989,0.1825779999999994,0.3345100000000016
7924,796,0.1027780000000007,0.2503170000000008,0.2762659999999997,0.140352,0.2797803000000005,0.1588509999999998,0.2714339999999993,0.2368659999999991,0.8787239999999983,0.6203299999999956,0.3045500000000061,0.5441009999999977,0.547696000000002,1.0667141000000004,0.6312959999999919,0.7622539999999987,0.1661569999999983,0.2490129999999979
7934,797,0.1107329999999997,0.2685940000000002,0.3077395999999996,0.1487920000000002,0.2927613000000004,0.1716179000000002,0.2752139999999983,0.3458120000000022,1.142555999999999,0.8066099999999778,0.3159100000000023,0.4938520000000004,0.5418720000000015,0.9718686,0.4772959999999955,0.7424590000000002,0.1608799999999988,0.3935040000000001
7944,798,0.0778200000000026,0.2064230000000009,0.2355456,0.1174049999999997,0.2383343,0.1403210000000001,0.2229810000000007,0.2318649999999991,0.8153939999999977,0.5454000000000008,0.2304699999999968,0.3896699999999988,0.3123569999999986,0.8502600000000005,0.4176109999999937,0.5595569999999981,0.1440800000000024,0.279207999999997
7954,799,0.128737000000001,0.300415000000001,0.3396914999999998,0.1708079999999991,0.3494663000000013,0.1918019000000002,0.329902999999998,0.3539180000000002,1.1211659999999988,0.7463199999999972,0.3328099999999949,0.5333690000000004,0.4535310000000017,1.2026256999999996,0.6896830000000023,0.8003029999999995,0.1941090000000045,0.3724539999999976
7964,800,0.0917770000000004,0.2422009999999996,0.2597214000000001,0.1333029999999997,0.2633473000000013,0.1515759999999999,0.2645869999999988,0.2265860000000046,0.8565939999999976,0.5879599999999812,0.2911100000000033,0.5547289999999983,0.5454310000000007,1.0153242999999996,0.695288000000005,0.7452319999999979,0.1612310000000008,0.2234619999999978
7974,801,0.1312910000000009,0.3249410000000008,0.3570763999999995,0.1813659999999988,0.3685693000000007,0.2018586999999998,0.3439809999999994,0.3525050000000007,1.1512679999999982,0.7920799999999986,0.3619699999999994,0.5685919999999989,0.5857969999999995,1.2958293999999997,0.7774699999999939,0.8602799999999995,0.1921710000000018,0.363476999999996
7984,802,0.0748710000000016,0.1574410000000004,0.2261693999999998,0.1059070000000002,0.2061273000000003,0.1298648999999998,0.1927579999999977,0.2322980000000001,0.8099290000000003,0.5738599999999963,0.225449999999995,0.3770339999999983,0.326118000000001,0.7834030000000003,0.3912879999999887,0.5446580000000019,0.1321849999999997,0.2931129999999982
7994,803,0.1164529999999999,0.2585230000000003,0.2999391999999998,0.1533549999999994,0.3087993000000004,0.1757903,0.2827330000000003,0.3075370000000035,1.020914999999999,0.6928199999999833,0.3066100000000062,0.4876639999999987,0.4826009999999989,1.1701797999999997,0.623503999999997,0.7418419999999983,0.1699589999999986,0.3345249999999993
8004,804,0.0994030000000023,0.2483900000000005,0.2727621999999998,0.1407379999999989,0.2740323,0.1603913999999999,0.2432219999999993,0.2498580000000032,0.8660399999999981,0.5794899999999927,0.2614700000000027,0.507363999999999,0.4799159999999993,1.0297219000000002,0.5692249999999888,0.746296000000001,0.1653270000000049,0.2507769999999993
8014,805,0.0443490000000004,0.1195820000000011,0.1930535999999998,0.0868520000000003,0.1629613000000009,0.1086722999999998,0.1517169999999978,0.195682000000005,0.6684009999999994,0.4722999999999899,0.1862100000000026,0.3262569999999982,0.3152030000000003,0.7233549999999997,0.321912999999995,0.4285539999999983,0.1097430000000017,0.2445990000000009
8024,806,0.1259960000000006,0.2975159999999999,0.3251431,0.1656429999999993,0.3360603000000015,0.1880671999999998,0.314311,0.3582740000000015,1.1008679999999984,0.7417899999999804,0.3282999999999987,0.5378879999999988,0.5596789999999991,1.2266585,0.6664010000000076,0.7859790000000011,0.1896899999999988,0.352928999999996
8034,807,0.1254900000000027,0.3114260000000008,0.3395982999999996,0.1708179999999988,0.343656300000001,0.1889622000000002,0.3155870000000007,0.3045380000000008,1.0440289999999983,0.7261099999999772,0.3277400000000057,0.5110189999999974,0.5243610000000025,1.1494063,0.7062810000000042,0.8201849999999986,0.1641180000000019,0.3192689999999984
8044,808,0.1469510000000013,0.3539500000000011,0.3914574000000002,0.1975619999999995,0.4053743000000001,0.2164437000000001,0.3994639999999982,0.3996619999999993,1.2612729999999992,0.8444800000000043,0.3781600000000082,0.6275720000000007,0.5907020000000003,1.3217092,0.8125849999999986,0.9127989999999996,0.1965590000000006,0.3965239999999994
8054,809,0.1344090000000015,0.3265039999999999,0.3522730999999997,0.1809339999999988,0.3661473000000015,0.2026792999999997,0.3381730000000011,0.3999050000000039,1.2353880000000004,0.8219100000000026,0.3534999999999968,0.5785739999999997,0.6067239999999998,1.3398861999999996,0.6891399999999948,0.8598239999999997,0.211790999999998,0.4040829999999999
8064,810,0.0962840000000007,0.2385710000000003,0.2679032999999995,0.1353840000000001,0.2723313000000011,0.1579381999999998,0.2478540000000002,0.265463000000004,0.8867820000000002,0.6036699999999939,0.2649600000000021,0.4216270000000008,0.3917840000000012,0.9999930000000008,0.5461169999999953,0.6700320000000026,0.1619930000000025,0.2934079999999994
8074,811,0.1327020000000018,0.3464840000000002,0.3706040999999995,0.1843149999999997,0.3775503000000011,0.2024447999999998,0.3546639999999996,0.3389450000000025,1.126884999999998,0.7631199999999865,0.3454200000000043,0.5302909999999983,0.5236859999999979,1.2065118000000004,0.7978760000000023,0.8396940000000015,0.1785210000000034,0.3601489999999998
8084,812,0.0908730000000019,0.2091080000000005,0.2632577999999999,0.1255919999999992,0.2468853000000006,0.1493274000000002,0.2209459999999978,0.2511140000000011,0.8349319999999985,0.5828799999999887,0.2660999999999944,0.4563539999999975,0.4670839999999998,1.0434302999999998,0.5179430000000025,0.6505749999999999,0.1502090000000038,0.2670630000000003
8094,813,0.0783260000000005,0.2146059999999998,0.2336352999999995,0.1154449999999993,0.2319863000000008,0.1362548999999999,0.2075299999999984,0.2059740000000047,0.7151479999999992,0.4874799999999766,0.2129599999999953,0.384605999999998,0.3347249999999988,0.8140879000000005,0.466249999999988,0.5827859999999987,0.1368660000000048,0.2433369999999968
8104,814,0.126101000000002,0.3113869999999998,0.3338228000000001,0.1684199999999993,0.3345453000000002,0.1900116999999999,0.3040199999999977,0.3364550000000008,1.098084,0.775369999999981,0.3637899999999945,0.6052979999999977,0.6807039999999986,1.3300238000000002,0.7223850000000027,0.8354580000000027,0.1969279999999997,0.3338589999999968
8114,815,0.0648630000000025,0.1347970000000007,0.2011041999999996,0.0926829999999991,0.1783303000000007,0.1153271,0.1682220000000001,0.2103790000000032,0.724302999999999,0.5233899999999778,0.212379999999996,0.3394419999999982,0.2988250000000008,0.7144655000000002,0.3309699999999935,0.4733319999999992,0.1135310000000018,0.2660830000000018
8124,816,0.1265950000000018,0.3144050000000007,0.3337196999999996,0.167567,0.3340423000000001,0.1904398999999998,0.3039190000000005,0.3529490000000024,1.1243869999999987,0.7730200000000025,0.3479800000000068,0.582851999999999,0.6635750000000016,1.3576878000000008,0.7164670000000086,0.8287399999999998,0.1964550000000002,0.3554090000000016
8134,817,0.1368770000000019,0.3600659999999998,0.3800951000000001,0.1887530000000001,0.3882283000000015,0.2065909000000001,0.3757659999999987,0.3633570000000006,1.149521,0.7759299999999882,0.3554900000000032,0.5476950000000009,0.5390100000000011,1.2153434,0.8163909999999959,0.8441360000000024,0.1806580000000011,0.3648919999999975
8144,818,0.1272900000000021,0.3369210000000002,0.3563947999999994,0.1778879999999993,0.3604963000000012,0.1952048999999998,0.3082989999999981,0.3044760000000011,1.067332999999998,0.6733600000000024,0.2561800000000005,0.4910569999999978,0.4958489999999997,1.0905671999999995,0.7077419999999961,0.8044159999999998,0.1766560000000012,0.3418929999999989
8154,819,0.0914520000000003,0.2295840000000009,0.2633899999999993,0.1305899999999997,0.2659433,0.1526236,0.2529420000000009,0.2565850000000012,0.9089840000000002,0.6101400000000012,0.2409999999999996,0.4112159999999996,0.2933610000000008,0.8918353999999997,0.4789499999999975,0.6332929999999983,0.1556569999999979,0.3229989999999958
8164,820,0.1020760000000002,0.2605149999999998,0.2834576999999996,0.1436519999999994,0.2852163000000001,0.1635715000000002,0.2386829999999982,0.2556160000000034,0.8817509999999977,0.5745799999999974,0.2397100000000023,0.4711329999999982,0.4329339999999995,0.9931589999999996,0.5683179999999908,0.7233660000000022,0.1662700000000043,0.2901540000000011
8174,821,0.095601000000002,0.2333670000000012,0.2783607999999997,0.1330619999999989,0.2625793000000005,0.1576868,0.2369459999999996,0.2812610000000006,0.9415829999999978,0.6354299999999853,0.2740600000000057,0.4562059999999981,0.4958549999999988,1.0677664,0.4786600000000049,0.6665129999999984,0.1594820000000041,0.3194760000000016
8184,822,0.0946300000000022,0.2297770000000003,0.2641735,0.1344379999999994,0.2689333000000005,0.1576517000000001,0.2429169999999985,0.2676349999999985,0.9178700000000006,0.618409999999983,0.2599200000000081,0.4222819999999991,0.3867629999999984,1.0122896,0.488638999999992,0.6591799999999992,0.1580480000000008,0.3054720000000017
8194,823,0.0741620000000011,0.1863650000000003,0.2171842000000001,0.1099069999999997,0.2176933000000005,0.1325813999999998,0.1916499999999992,0.2150889999999989,0.7326189999999997,0.4939999999999998,0.2012,0.3553829999999998,0.306286,0.8055415999999997,0.4391490000000004,0.5621929999999971,0.1361160000000012,0.2532500000000013
8204,824,0.0741620000000011,0.1863650000000003,0.2171842000000001,0.1099069999999997,0.2176933000000005,0.1325813999999998,0.1916499999999992,0.2150889999999989,0.7326189999999997,0.4939999999999998,0.2012,0.3553829999999998,0.306286,0.8055415999999997,0.4391490000000004,0.5621929999999971,0.1361160000000012,0.2532500000000013
8214,825,0.1202430000000021,0.2913589999999999,0.3194211999999998,0.1607939999999992,0.3204583000000003,0.1782764000000001,0.2830159999999999,0.2664779999999993,0.9575619999999994,0.6426099999999906,0.2856500000000039,0.5034220000000005,0.5029520000000005,1.0527417999999995,0.6612810000000025,0.7872900000000023,0.1787869999999998,0.2920499999999961
8224,826,0.1202820000000031,0.2913890000000005,0.3171694999999994,0.1586149999999992,0.3205073000000009,0.1765818000000001,0.2976509999999983,0.2676550000000048,0.9461720000000008,0.6664799999999786,0.3110499999999945,0.4957849999999979,0.520190000000003,1.0714027000000002,0.6938520000000068,0.776215999999998,0.177388999999998,0.2848089999999956
8234,827,0.1255020000000009,0.2978380000000005,0.3323029999999995,0.1670110000000004,0.3392773000000009,0.1875586999999998,0.3122970000000009,0.3337080000000014,1.1163229999999975,0.7435899999999833,0.3125399999999985,0.5017739999999975,0.3997819999999983,1.1492774,0.6309609999999992,0.7865020000000023,0.1851680000000044,0.3752250000000003
8244,828,0.1247460000000018,0.3051150000000007,0.3255729999999994,0.1665890000000001,0.3349323000000002,0.1879097,0.3058069999999979,0.3295579999999987,1.081004,0.7419599999999775,0.3304899999999975,0.5274989999999988,0.5235950000000003,1.2437503000000003,0.6946839999999952,0.8093940000000011,0.1909589999999994,0.3454359999999994
8254,829,0.0805080000000018,0.1767350000000007,0.2385142,0.116327,0.2307183000000012,0.1400019000000001,0.2175149999999988,0.2511940000000052,0.8543230000000008,0.5830299999999795,0.2285200000000031,0.3969139999999989,0.3631080000000004,0.8489709000000003,0.390972000000005,0.5805260000000025,0.1432130000000029,0.2990300000000019
8264,830,0.0178590000000014,0.1207340000000005,0.1695928999999996,0.0817060000000005,0.1579503000000013,0.1032641999999999,0.147831,0.1740860000000026,0.6171380000000006,0.4329400000000021,0.165300000000002,0.2901479999999985,0.2489890000000016,0.6284995999999996,0.3193000000000126,0.4046180000000028,0.1010390000000001,0.2273909999999972
8274,831,0.1227160000000004,0.2872180000000011,0.3253065999999993,0.1636439999999996,0.330706300000001,0.1839273000000001,0.3035339999999991,0.3377970000000019,1.1222229999999982,0.7511399999999924,0.2910499999999985,0.4689479999999975,0.3802899999999987,1.1176857999999994,0.5636739999999918,0.7795239999999986,0.179985000000002,0.3860939999999999
8284,832,0.1236500000000013,0.2946120000000007,0.3231671999999994,0.1641110000000001,0.3292383000000001,0.1845219,0.2950890000000008,0.3225060000000042,1.0652480000000004,0.716559999999987,0.3002699999999976,0.4938000000000002,0.4540800000000011,1.1629576999999998,0.6366649999999936,0.7958950000000016,0.1816820000000021,0.34037
8294,833,0.1115540000000017,0.2427330000000012,0.2860230000000001,0.1443799999999999,0.2886143000000007,0.1670186,0.2628479999999982,0.2866240000000033,0.9475899999999982,0.6647700000000043,0.3098400000000083,0.5038750000000007,0.5347639999999991,1.1597321999999997,0.6049909999999983,0.7159839999999988,0.1646130000000027,0.299512
8304,834,0.1115540000000017,0.2427330000000012,0.2860230000000001,0.1443799999999999,0.2886143000000007,0.1670186,0.2628479999999982,0.2866240000000033,0.9475899999999982,0.6647700000000043,0.3098400000000083,0.5038750000000007,0.5347639999999991,1.1597321999999997,0.6049909999999983,0.7159839999999988,0.1646130000000027,0.299512
8314,835,0.1326040000000006,0.325000000000001,0.3606637999999993,0.1828570000000002,0.372682300000001,0.2035735,0.3540840000000003,0.3757230000000007,1.1771619999999992,0.7980599999999924,0.3561300000000074,0.578949999999999,0.5514200000000002,1.2900526999999995,0.7646720000000045,0.8573839999999997,0.1890630000000044,0.372481999999998
8324,836,0.0767810000000004,0.2092430000000007,0.2285707999999999,0.116090999999999,0.2287523,0.1385809999999998,0.1956029999999984,0.2257450000000034,0.7759289999999979,0.5180900000000008,0.1912099999999981,0.3753019999999978,0.3114299999999979,0.8191021999999997,0.4677290000000056,0.5865940000000016,0.1452330000000046,0.2672209999999992
8334,837,0.0670400000000022,0.1574980000000003,0.1908726999999999,0.0960229999999988,0.1911623000000002,0.1187730999999998,0.1739040000000002,0.197219000000004,0.6663630000000005,0.4522299999999859,0.1906699999999972,0.3396059999999998,0.2488489999999998,0.7129370999999995,0.379092,0.4832950000000018,0.1194150000000036,0.2402960000000007
8344,838,0.1262870000000013,0.3158480000000008,0.3421988999999996,0.1740339999999989,0.3471523000000012,0.1902183000000001,0.3274419999999978,0.287704000000005,1.0554689999999989,0.7255899999999826,0.3424200000000041,0.6020749999999992,0.6335869999999986,1.1765879000000004,0.692569000000006,0.8725899999999989,0.1601449999999999,0.2882290000000012
8354,839,0.0872840000000003,0.2147810000000003,0.2599086000000001,0.1233399999999989,0.2434533000000005,0.1477892,0.2243150000000007,0.2647049999999993,0.8940669999999997,0.6012199999999837,0.2506800000000027,0.4233609999999999,0.4700220000000001,0.9609439999999996,0.4145390000000049,0.6112920000000024,0.1507369999999994,0.3021579999999986
8364,840,0.0688080000000006,0.1552790000000001,0.1958820000000001,0.0972609999999996,0.1950742999999999,0.1201167,0.1802169999999989,0.206555999999999,0.6844239999999999,0.4626700000000028,0.1965399999999988,0.3435609999999975,0.2678860000000007,0.7083444999999999,0.3596610000000027,0.4786090000000023,0.1219600000000014,0.2454199999999957
8374,841,0.1107430000000029,0.2480019999999996,0.2916737999999998,0.1474069999999994,0.2988832999999999,0.1692593000000002,0.2800139999999977,0.3026850000000038,1.026136000000001,0.6812599999999804,0.2853300000000018,0.4645179999999982,0.4565349999999988,1.0539066999999998,0.5186329999999941,0.7064520000000023,0.1657110000000017,0.3445120000000017
8384,842,0.1033450000000009,0.2351660000000013,0.2885137999999996,0.140587,0.2767783000000001,0.1647744000000002,0.2480519999999977,0.3000450000000043,0.9834080000000008,0.6640099999999904,0.2828999999999979,0.4815480000000001,0.5265839999999997,1.1207579999999997,0.5111509999999981,0.6994340000000001,0.1608459999999993,0.3259869999999978
8394,843,0.1115460000000005,0.2753449999999997,0.3015283999999996,0.151311999999999,0.3030053000000006,0.1703939000000001,0.2631879999999995,0.2714989999999986,0.9296480000000004,0.6213499999999783,0.2674099999999981,0.4536090000000001,0.4421099999999995,1.0209961000000003,0.6027190000000076,0.7449730000000017,0.1759770000000031,0.3006039999999998
8404,844,0.088909000000001,0.2034400000000005,0.2426902000000002,0.1233789999999999,0.2447933000000013,0.14588,0.219110999999998,0.2421890000000033,0.8062089999999991,0.5545999999999935,0.2441000000000031,0.4037189999999988,0.371100000000002,0.9509428999999994,0.4863349999999968,0.6301220000000001,0.1487520000000017,0.264091999999998
8414,845,0.0802070000000014,0.1892490000000002,0.2280229,0.1136920000000003,0.2242053000000012,0.1371552999999998,0.1992329999999995,0.2360439999999997,0.8064159999999987,0.5500199999999893,0.2018199999999979,0.3529949999999999,0.3035390000000006,0.8170022000000001,0.4293130000000076,0.5672490000000003,0.1416630000000012,0.2794209999999992
8424,846,0.1286550000000019,0.3048420000000007,0.3212096999999998,0.1650619999999989,0.3333863000000008,0.1881485,0.3135879999999993,0.3483850000000004,1.104851,0.7510099999999795,0.3369100000000031,0.5637860000000003,0.6272100000000016,1.261514,0.6786529999999971,0.7848420000000011,0.1888149999999981,0.3489029999999999
8434,847,0.0746020000000022,0.1875090000000003,0.2118560999999994,0.1078159999999996,0.2086333000000007,0.1285454999999999,0.1734170000000006,0.2003680000000045,0.6757570000000008,0.4432799999999872,0.1751600000000053,0.3524959999999986,0.3281349999999996,0.7575332000000001,0.4398509999999902,0.5780570000000012,0.1301010000000033,0.2256239999999962
8444,848,0.0256120000000024,0.1259880000000013,0.1664214999999993,0.0818709999999995,0.1625233000000001,0.1027195999999999,0.1553019999999989,0.1596430000000026,0.6012640000000005,0.4199099999999873,0.1668400000000076,0.305223999999999,0.2247180000000028,0.5608493000000001,0.2965990000000005,0.3964159999999985,0.1005140000000039,0.2252749999999963
8454,849,0.124805000000002,0.2847620000000006,0.3198549999999995,0.1608509999999992,0.3270553000000014,0.1821125000000001,0.3015270000000001,0.3147640000000038,1.0540710000000004,0.7065699999999993,0.3084599999999966,0.4737450000000009,0.4372679999999995,1.1429318000000004,0.6427690000000013,0.7641000000000027,0.1796429999999986,0.3452720000000013
8464,850,0.0684850000000025,0.1476280000000009,0.1932149999999994,0.0934939999999997,0.1824413000000007,0.1164379000000002,0.1696859999999986,0.2054469999999995,0.711037000000001,0.5063499999999976,0.2050899999999984,0.3193920000000005,0.2530680000000025,0.6628414999999999,0.3613770000000045,0.4702589999999986,0.1163799999999994,0.2615399999999965
8474,851,0.1231590000000011,0.3035560000000004,0.3197098,0.1640509999999988,0.3281993000000014,0.1847705999999997,0.2994649999999978,0.3140830000000036,1.042352000000001,0.7322399999999902,0.3411499999999989,0.5540090000000006,0.5798939999999995,1.2456139999999998,0.6975010000000026,0.8135949999999994,0.1890900000000002,0.3227520000000012
8484,852,0.0438100000000005,0.1348789999999997,0.1669378999999997,0.0831309999999998,0.1648443000000004,0.1047166000000001,0.153105,0.1582909999999984,0.5947539999999982,0.4098099999999931,0.1604800000000068,0.2917039999999993,0.2134210000000003,0.5983235000000002,0.352318000000011,0.4167720000000017,0.1039910000000006,0.2218790000000012
8494,853,0.0989579999999996,0.2483440000000012,0.2764875999999994,0.1383109999999998,0.2780463000000015,0.1596001,0.2476750000000009,0.2671980000000005,0.9280389999999984,0.617369999999994,0.2334199999999953,0.4269289999999976,0.3313279999999992,0.9377376000000002,0.5009939999999915,0.6666660000000029,0.1604990000000015,0.3184010000000015
8504,854,0.074942,0.1711039999999997,0.2118459999999995,0.1066699999999993,0.2122133000000001,0.1302025000000002,0.1966919999999987,0.2221990000000033,0.7670199999999987,0.5203199999999981,0.210329999999999,0.3604020000000005,0.300415000000001,0.7999839999999994,0.3863830000000092,0.5292069999999995,0.1344339999999988,0.2691219999999958
8514,855,0.1354630000000014,0.3348760000000013,0.3523073999999999,0.1816809999999993,0.3668542999999999,0.2037770999999999,0.3387039999999999,0.3950239999999994,1.2168390000000002,0.8222399999999936,0.3634899999999987,0.6001200000000004,0.6578480000000013,1.3581992000000005,0.7360759999999971,0.8617650000000019,0.213281000000002,0.3826800000000006
8524,856,0.1251480000000029,0.3017390000000013,0.3271107999999998,0.1673569999999991,0.3358283000000011,0.1886798,0.3035639999999979,0.3426370000000034,1.110907000000001,0.7485700000000008,0.3176600000000036,0.5130669999999995,0.5070680000000003,1.2316931000000002,0.6514910000000071,0.8081439999999986,0.1874030000000033,0.3551819999999992
8534,857,0.1144220000000011,0.2638650000000009,0.3004006999999999,0.151154,0.3076933000000004,0.1730143000000001,0.2841199999999979,0.2942910000000012,1.014244999999999,0.6761899999999912,0.2945700000000073,0.4577010000000001,0.4028600000000004,1.0712442000000006,0.5819080000000127,0.7172669999999997,0.1714270000000013,0.3379380000000012
8544,858,0.0924230000000001,0.220955,0.2528689000000002,0.1281809999999996,0.2560043000000007,0.1510796000000001,0.2292859999999983,0.256376000000003,0.8740269999999981,0.5878299999999967,0.2385000000000019,0.4039889999999992,0.3299489999999991,0.9284538000000008,0.4754879999999986,0.6305639999999997,0.1515380000000021,0.2971569999999985
8554,859,0.0840750000000021,0.2051680000000004,0.2352514999999995,0.1177189999999992,0.2371323000000007,0.1406570999999998,0.2215610000000012,0.2358870000000053,0.8256109999999985,0.5578099999999893,0.2233300000000042,0.3913869999999981,0.2794949999999971,0.8271679000000001,0.4490909999999957,0.5774839999999983,0.1412400000000033,0.2911919999999952
8564,860,0.1077650000000005,0.2421600000000001,0.2813822999999997,0.1441599999999994,0.2870923000000012,0.1663638999999999,0.2570699999999988,0.2881050000000016,0.961741,0.6526700000000005,0.2781200000000012,0.4634730000000004,0.4431800000000017,1.0890348999999997,0.5535730000000001,0.7115629999999982,0.1665229999999979,0.3137660000000011
8574,861,0.0750440000000018,0.1713370000000011,0.2271460999999996,0.1072860000000002,0.209188300000001,0.1308272999999999,0.1846539999999983,0.2306120000000007,0.7515149999999977,0.5101200000000006,0.1977799999999945,0.356382,0.3223250000000028,0.8273459000000001,0.4226159999999908,0.5520190000000014,0.1314339999999987,0.2607590000000002
8584,862,0.1317830000000022,0.3225619999999995,0.3408036999999995,0.1754850000000001,0.3504993000000009,0.1963824,0.3162780000000005,0.3554549999999992,1.1602879999999978,0.7887199999999837,0.3384499999999946,0.5566129999999987,0.607721999999999,1.3123585000000002,0.7020179999999954,0.8490849999999988,0.2037279999999981,0.3658190000000019
8594,863,0.0963589999999996,0.2272320000000007,0.2612337,0.1328329999999997,0.2655533000000005,0.1561661999999999,0.2413530000000001,0.2573989999999995,0.8825739999999982,0.6065399999999954,0.2691099999999977,0.4379659999999994,0.4112790000000004,1.0298904000000002,0.5427260000000018,0.6640380000000015,0.1573360000000008,0.2894849999999991
8604,864,0.1050560000000011,0.254665000000001,0.2829601999999998,0.1428599999999988,0.284562300000001,0.1613962999999998,0.2691890000000008,0.2475430000000003,0.8789449999999981,0.6192499999999939,0.2924900000000008,0.5089539999999992,0.5214719999999993,1.0392319,0.6144320000000079,0.7591430000000017,0.1659140000000007,0.2614149999999995
8614,865,0.0749630000000003,0.167390000000001,0.2266135999999994,0.1084560000000003,0.2129773000000003,0.1323891000000001,0.1980940000000011,0.2343560000000053,0.8119200000000006,0.5628700000000038,0.2112900000000053,0.3665020000000005,0.3249239999999993,0.7807653999999999,0.3911809999999889,0.549434999999999,0.1353480000000004,0.2896379999999965
8624,866,0.1258160000000003,0.3009330000000005,0.3328001999999994,0.1689989999999994,0.3415382999999998,0.1890942,0.3203369999999985,0.3176710000000042,1.0555939999999993,0.7563199999999881,0.3579399999999992,0.5528639999999996,0.6324819999999995,1.2341262999999998,0.7420510000000036,0.8174409999999988,0.1735219999999984,0.3192919999999972
8634,867,0.0719220000000007,0.2016039999999996,0.2238973999999993,0.1100119999999993,0.2247803000000008,0.1322641999999998,0.2091460000000005,0.2177560000000014,0.7431589999999986,0.4978299999999933,0.2104199999999991,0.3573509999999977,0.2670600000000007,0.7688907999999994,0.4192680000000024,0.5167600000000014,0.137477000000004,0.2601869999999948
8644,868,0.1005540000000024,0.2620079999999998,0.2876339999999997,0.1422899999999991,0.2892723000000003,0.1606152999999999,0.2748339999999984,0.2355690000000052,0.831669999999999,0.5893899999999803,0.2801900000000046,0.4482520000000001,0.4573739999999979,0.9548398999999996,0.6363680000000045,0.7024770000000018,0.1634630000000001,0.2462760000000017
8654,869,0.0810630000000003,0.1984790000000007,0.2566458999999996,0.1196079999999994,0.2322973000000008,0.1431912999999998,0.2031559999999999,0.2468089999999989,0.8155509999999992,0.5519199999999955,0.2323599999999999,0.4192520000000002,0.4236930000000001,0.9716246999999996,0.457263999999995,0.6170769999999983,0.1477900000000005,0.2653069999999999
8664,870,0.1074020000000004,0.260606000000001,0.2957090999999998,0.1484649999999998,0.3019803000000003,0.1698292000000001,0.2818949999999987,0.2957329999999984,1.0204309999999983,0.6800299999999879,0.2833899999999971,0.4711630000000006,0.3608820000000001,1.0505940999999996,0.5409039999999976,0.7173310000000015,0.1736059999999994,0.3511719999999982
8674,871,0.1262640000000026,0.3203670000000009,0.3503259999999999,0.1726679999999998,0.3566303000000008,0.1918215000000001,0.3460169999999998,0.3269069999999985,1.1087980000000002,0.7259799999999927,0.3088699999999988,0.4934019999999997,0.4094890000000006,1.1097139,0.6879600000000039,0.7741509999999998,0.1851300000000009,0.3718129999999959
8684,872,0.0785180000000025,0.1823160000000001,0.2346884999999998,0.1157579999999995,0.2277313000000003,0.1397176,0.2081939999999988,0.2437620000000038,0.8468499999999999,0.5800699999999779,0.2171200000000084,0.3773969999999984,0.3594139999999974,0.8232538000000007,0.412035000000003,0.5805920000000029,0.1409890000000047,0.2927369999999953
8694,873,0.0785180000000025,0.1823160000000001,0.2346884999999998,0.1157579999999995,0.2277313000000003,0.1397176,0.2081939999999988,0.2437620000000038,0.8468499999999999,0.5800699999999779,0.2171200000000084,0.3773969999999984,0.3594139999999974,0.8232538000000007,0.412035000000003,0.5805920000000029,0.1409890000000047,0.2927369999999953
8704,874,0.094583,0.2343310000000009,0.2780204999999993,0.137224999999999,0.2654463000000007,0.1591059999999999,0.2187020000000004,0.2645780000000002,0.8842329999999983,0.5789899999999761,0.2418300000000073,0.4700229999999976,0.4352130000000009,1.0586407999999992,0.506889000000001,0.705445000000001,0.1572710000000015,0.2748610000000013
8714,875,0.081316000000001,0.2071540000000009,0.2354791,0.1177700000000001,0.2374323,0.1408615000000002,0.2166910000000008,0.234377000000002,0.8070379999999986,0.5442099999999925,0.2285399999999953,0.3914410000000003,0.2900150000000003,0.8600588,0.4477699999999913,0.5728019999999994,0.1467749999999981,0.279601999999997
8724,876,0.0911010000000018,0.2219189999999997,0.2532931999999999,0.12683,0.2560643000000002,0.1496737999999999,0.2332700000000009,0.2453849999999988,0.8577960000000004,0.5763199999999813,0.2429699999999997,0.3827809999999978,0.326986999999999,0.9251999999999994,0.4695169999999962,0.6060170000000014,0.1501209999999986,0.2864159999999955
8734,877,0.0928360000000019,0.2180680000000006,0.2572875999999997,0.1308189999999989,0.2599673000000013,0.1544713999999998,0.2335439999999984,0.2616820000000004,0.8851650000000006,0.6013700000000028,0.2604900000000043,0.4306750000000008,0.3978910000000013,1.0272473,0.5004710000000046,0.647863000000001,0.1573580000000021,0.2949179999999956
8744,878,-9.9999e+98,0.1136739999999996,0.1535219999999997,0.0752759999999987,0.1440873000000007,0.0957411000000001,0.1367259999999994,0.146486000000003,0.5840609999999984,0.4281100000000037,0.1775999999999982,0.2733039999999995,0.2145109999999981,0.5429745000000006,0.3188729999999964,0.3746600000000022,0.0920699999999996,0.2226179999999971
8754,879,0.0986919999999997,0.2356080000000009,0.2838379,0.1377620000000003,0.2691293000000012,0.1595004000000002,0.2371939999999988,0.2592479999999995,0.8806219999999989,0.6083699999999794,0.2830799999999982,0.5193639999999995,0.5053819999999973,1.1059491,0.5672999999999888,0.7270089999999989,0.1624930000000048,0.2679819999999964
8764,880,0.1058340000000015,0.2728970000000004,0.3049987999999999,0.1492690000000003,0.3051763000000012,0.1679569,0.2903020000000005,0.2872460000000032,1.0333219999999983,0.7081999999999766,0.2572600000000022,0.4187790000000007,0.2776480000000028,0.8910149999999994,0.5044070000000005,0.687934000000002,0.1613170000000039,0.3763179999999977
8774,881,0.0858740000000004,0.2161039999999996,0.2412006999999993,0.121383999999999,0.242904300000001,0.1435480999999998,0.2192170000000004,0.2344849999999994,0.7825220000000002,0.5382400000000018,0.2376500000000021,0.3866750000000003,0.3638139999999978,0.9165423000000006,0.4932800000000128,0.6163320000000034,0.1446290000000019,0.259647000000001
8784,882,0.1287780000000005,0.3192940000000011,0.3400467999999996,0.1744120000000002,0.3506233000000005,0.1958593999999998,0.3208990000000007,0.3573410000000052,1.160612999999998,0.7879899999999793,0.3389300000000048,0.5430029999999988,0.5759159999999994,1.2984402,0.6957969999999989,0.8351320000000015,0.2021500000000031,0.3654999999999972
8794,883,0.1001590000000014,0.237057,0.2717176999999999,0.1369939999999996,0.2768782999999999,0.1598044999999999,0.2526580000000002,0.2714910000000046,0.9213439999999976,0.6187400000000025,0.2698400000000021,0.4213369999999976,0.361896999999999,1.0045042000000004,0.5255219999999952,0.6621799999999993,0.1617400000000017,0.3121979999999951
8804,884,0.093828000000002,0.2218150000000012,0.2726727999999996,0.1346799999999994,0.2656913000000003,0.1583394,0.2369430000000001,0.2883210000000034,0.9417779999999992,0.6357299999999952,0.2588700000000017,0.439513999999999,0.4568049999999992,1.0295207,0.4738139999999902,0.6681600000000003,0.1583439999999996,0.3157889999999952
8814,885,0.0789420000000014,0.203583,0.2322705999999996,0.1154739999999989,0.2324313,0.1382189,0.2168150000000004,0.2316119999999983,0.8176939999999995,0.5577499999999986,0.2152399999999943,0.372088999999999,0.248469,0.7985138999999997,0.4397539999999935,0.5549499999999981,0.1428939999999983,0.2908199999999965
8824,886,0.0652819999999998,0.1462430000000001,0.2010195000000001,0.0966589999999989,0.1872723,0.1200991,0.1727489999999996,0.2201480000000018,0.7175510000000003,0.4922799999999938,0.1912800000000061,0.3387329999999977,0.3329400000000007,0.7355170000000006,0.3565719999999999,0.4882309999999989,0.1209169999999986,0.256298000000001
8834,887,0.1333480000000015,0.3378080000000008,0.3663667999999997,0.1858019999999989,0.3736623000000012,0.2036848,0.3171180000000007,0.3316909999999993,1.132528999999998,0.718199999999996,0.2863700000000051,0.5526739999999997,0.5439909999999983,1.2291197,0.7396400000000085,0.863195000000001,0.1785910000000043,0.3554929999999956
8844,888,0.072186000000002,0.1745440000000009,0.2094173000000001,0.1050489999999992,0.2100003000000008,0.1281069999999999,0.1945510000000005,0.2191270000000003,0.748740999999999,0.5114099999999837,0.1993200000000001,0.3566839999999978,0.2634599999999985,0.7429921000000004,0.4094260000000105,0.5213409999999996,0.1289190000000033,0.2709830000000011
8854,889,-9.9999e+98,0.0965880000000005,0.1576813999999995,0.0709350000000004,0.1327513000000006,0.0902560000000001,0.1274569999999997,0.1372550000000032,0.5518959999999993,0.3988300000000038,0.1558500000000009,0.291523999999999,0.2725659999999976,0.6065856000000007,0.2413549999999986,0.3144470000000012,0.0523069999999989,0.2034200000000012
8864,890,0.0749510000000022,0.204009000000001,0.2268447999999994,0.112131999999999,0.2262893000000012,0.1341513,0.204622999999998,0.2131669999999985,0.7340890000000009,0.4966599999999914,0.2099500000000063,0.3666079999999994,0.2996110000000023,0.8017711999999992,0.4483139999999963,0.555766000000002,0.1375370000000018,0.2542159999999995
8874,891,0.0793890000000026,0.1809469999999997,0.2590962999999995,0.1139899999999993,0.2195643,0.1377687999999999,0.1940239999999988,0.2461720000000014,0.7782130000000009,0.5378199999999822,0.2430300000000045,0.4323869999999985,0.443677000000001,0.9964192,0.444318999999993,0.591698000000001,0.1378270000000014,0.2499849999999952
8884,892,0.1172780000000024,0.2767520000000001,0.3066332999999996,0.1520799999999997,0.3114582999999999,0.1728887000000001,0.2885719999999985,0.2917430000000038,0.990171,0.6590799999999888,0.2866300000000024,0.4636040000000001,0.384881,1.0371116999999996,0.6111080000000015,0.6977210000000014,0.1709749999999985,0.332971999999998
8894,893,0.1229660000000016,0.2994610000000008,0.3285437999999994,0.1637000000000004,0.3323153000000012,0.1827928999999999,0.3018929999999997,0.3030170000000041,1.0223119999999994,0.6848299999999767,0.293059999999997,0.5008119999999998,0.4398529999999994,1.0958164999999995,0.6673530000000056,0.7725729999999977,0.181367999999999,0.3375739999999965
8904,894,-9.9999e+98,0.1054910000000006,0.1418802000000001,0.0674779999999994,0.1318343000000013,0.0866386000000001,0.1250499999999981,0.1154380000000045,0.4969909999999977,0.3493799999999964,0.1329800000000034,0.2419039999999981,0.172788999999998,0.4796474999999995,0.2906459999999953,0.3044689999999974,0.0508820000000014,0.1921689999999998
8914,895,0.0775880000000022,0.1724430000000012,0.2470587000000002,0.1083669999999994,0.2083093000000015,0.1326366999999999,0.1902439999999998,0.2463359999999994,0.8082549999999991,0.5517799999999795,0.2193699999999978,0.3899809999999988,0.4432340000000003,0.8483008000000005,0.3662619999999918,0.5424159999999993,0.1302780000000041,0.2775059999999953
8924,896,0.1058529999999997,0.2590909999999997,0.2878732999999993,0.1472699999999989,0.2923442999999999,0.1678445000000001,0.2447300000000005,0.2789229999999989,0.931125999999999,0.6019699999999943,0.2411000000000029,0.4804589999999997,0.429632999999999,1.0612325,0.5700879999999984,0.7400519999999986,0.1761010000000027,0.299831999999995
8934,897,0.0832310000000013,0.2023299999999999,0.2363095999999993,0.1194310000000005,0.2376412999999999,0.1417597000000001,0.2126990000000006,0.2331879999999984,0.7760539999999985,0.5322299999999984,0.2334000000000031,0.3863889999999976,0.3535540000000026,0.9119792999999996,0.4777969999999953,0.6127789999999997,0.1427180000000021,0.2580249999999964
8944,898,0.0895800000000015,0.2122210000000013,0.2466663999999996,0.1253150000000005,0.2469683000000007,0.1455863000000001,0.226074999999998,0.2351570000000009,0.7788029999999999,0.5434499999999787,0.2524599999999992,0.4573929999999997,0.4422339999999991,0.9641779,0.5231079999999935,0.6865179999999995,0.1467379999999991,0.2391659999999973
8954,899,0.1098410000000029,0.2468479999999999,0.2813473999999996,0.1418179999999989,0.2868542999999999,0.1637838999999998,0.2645279999999985,0.2666290000000018,0.915647,0.6327799999999968,0.2866400000000055,0.4479389999999981,0.4441570000000006,1.0639181000000004,0.5862259999999964,0.6861789999999992,0.1636039999999994,0.2924939999999978
8964,900,0.0841570000000011,0.2205490000000001,0.2446828999999999,0.1197409999999994,0.2429643000000005,0.1410483999999998,0.2246559999999995,0.2262180000000029,0.825250999999998,0.5642699999999934,0.2091800000000034,0.3477730000000001,0.2528480000000002,0.7557106000000005,0.4488879999999966,0.5624770000000012,0.1393880000000038,0.2913929999999993
8974,901,0.1087510000000016,0.2496729999999996,0.2867315999999995,0.1465890000000005,0.2944903000000014,0.1687349,0.2679000000000009,0.2866479999999995,0.9617159999999992,0.6563899999999876,0.2960900000000066,0.470914999999998,0.4416480000000007,1.1052945999999997,0.6071780000000047,0.7327439999999967,0.1713519999999988,0.3172159999999948
8984,902,0.1139480000000006,0.2627000000000006,0.2993841999999995,0.1514799999999994,0.306287300000001,0.1734477999999999,0.2803560000000011,0.3103219999999993,1.0235239999999983,0.6850999999999772,0.2917400000000043,0.4578020000000009,0.4290009999999995,1.0981475000000005,0.5728019999999958,0.7230869999999996,0.1736190000000022,0.3412919999999957
8994,903,0.0900950000000015,0.2097879999999996,0.2438303999999993,0.123175999999999,0.2473343000000003,0.1465594000000001,0.2293999999999982,0.2522330000000039,0.869730999999998,0.5864699999999914,0.2383600000000001,0.4170239999999978,0.2990379999999994,0.8974044999999995,0.4568399999999997,0.6106189999999998,0.1474150000000023,0.3048179999999973
9004,904,0.0507130000000017,0.1248070000000005,0.1857774000000001,0.0865840000000002,0.1687713000000013,0.1087644999999999,0.159123000000001,0.194264000000004,0.6454959999999978,0.4414299999999969,0.1747699999999952,0.3130759999999988,0.3144859999999987,0.6661291999999994,0.2993359999999967,0.4113110000000013,0.106664000000002,0.2297140000000013
9014,905,0.1024560000000001,0.2561630000000008,0.2859064999999994,0.1439889999999994,0.2891493,0.1646079,0.2550540000000012,0.2812370000000044,0.948722,0.6255599999999788,0.2412300000000016,0.4524249999999981,0.3679869999999994,1.0032829000000003,0.5264809999999898,0.6979489999999977,0.172150000000002,0.3185769999999976
9024,906,0.1253540000000015,0.3065139999999999,0.3370762999999996,0.1719019999999993,0.3440703000000003,0.1918155999999999,0.3054869999999994,0.3398030000000034,1.1034380000000006,0.7385799999999847,0.3124399999999951,0.5225919999999995,0.4993409999999976,1.2218755000000003,0.6703250000000054,0.8348390000000023,0.1948950000000024,0.3483269999999976
9034,907,0.0781799999999997,0.1950490000000009,0.2222656999999994,0.1122429999999994,0.2202163000000006,0.1334566999999999,0.1870589999999978,0.2111500000000035,0.7071719999999999,0.4723099999999931,0.1950000000000074,0.3577300000000001,0.339302,0.8005974,0.4562509999999946,0.5854120000000016,0.1365729999999985,0.2359709999999992
9044,908,0.0695800000000019,0.1458700000000004,0.2301159999999997,0.0976749999999988,0.1824863000000007,0.1207946999999998,0.1681600000000003,0.2211539999999985,0.7501379999999997,0.5285099999999829,0.2073000000000036,0.3658889999999992,0.3826400000000021,0.8140328000000006,0.3567330000000055,0.5074780000000025,0.1182349999999985,0.2685150000000007
9054,909,0.0677310000000019,0.1565270000000005,0.1897777999999998,0.0938859999999994,0.1875043000000005,0.1160812,0.1742999999999988,0.1946550000000044,0.6835009999999997,0.4811200000000042,0.191360000000003,0.3022600000000004,0.2092169999999988,0.6218346000000006,0.3833619999999911,0.4609050000000003,0.1154250000000018,0.2545749999999955
9064,910,0.035508,0.1070469999999996,0.1542075999999994,0.0735840000000003,0.1398403000000012,0.0939835000000002,0.1340420000000008,0.1441489999999987,0.5832499999999996,0.4330199999999991,0.1826400000000063,0.2746639999999978,0.2254339999999999,0.5514194000000003,0.2978880000000004,0.3675400000000017,0.0528000000000048,0.2236449999999976
9074,911,0.0872010000000003,0.2312260000000012,0.2699277999999996,0.1260820000000002,0.2455693000000014,0.1505391999999998,0.2179450000000002,0.2638060000000024,0.8863929999999982,0.5995199999999841,0.2509500000000031,0.4418669999999984,0.4852050000000005,1.0162316000000002,0.4620539999999948,0.6372309999999999,0.1508760000000037,0.2916579999999982
9084,912,0.0929470000000023,0.2238160000000011,0.2547744999999999,0.1275010000000005,0.2582343000000016,0.1503934,0.2360629999999979,0.2532710000000051,0.8524180000000001,0.5729399999999885,0.2515000000000071,0.3917169999999998,0.3329070000000023,0.9377038999999998,0.4926109999999966,0.616536,0.1533860000000046,0.2870160000000012
9094,913,0.0651050000000026,0.146612000000001,0.1757540999999998,0.0872650000000003,0.1740453000000013,0.1090426999999998,0.1586870000000004,0.1639000000000052,0.6010770000000001,0.408709999999985,0.1709500000000048,0.3065609999999985,0.2260129999999982,0.6329494999999996,0.364260999999999,0.438523,0.1087750000000014,0.2222539999999995
9104,914,0.1245980000000024,0.2893120000000007,0.3231941999999996,0.1637310000000003,0.3329423000000009,0.1855275,0.3073720000000008,0.3244420000000048,1.089541999999998,0.7283499999999776,0.3220699999999965,0.5034889999999983,0.4510480000000001,1.1855104999999997,0.6491159999999923,0.7779920000000011,0.1860610000000022,0.3608199999999968
9114,915,0.1153060000000003,0.2585709999999999,0.2963180999999997,0.1517239999999997,0.3038303000000013,0.1738954000000001,0.2756569999999989,0.3112369999999984,1.024487999999998,0.6937700000000007,0.2959400000000016,0.4797089999999997,0.4943879999999971,1.0979171999999997,0.5809069999999963,0.7280699999999989,0.1761580000000009,0.3310049999999975
9124,916,0.0725600000000028,0.1596260000000011,0.1983964,0.1002629999999999,0.1990832999999998,0.1233412999999998,0.185652000000001,0.2110300000000009,0.721501,0.4932799999999986,0.1981099999999998,0.3590440000000008,0.2762679999999982,0.7381624000000002,0.3900220000000018,0.5034989999999979,0.1263610000000028,0.2626500000000007
9134,917,0.0867180000000011,0.2045170000000009,0.2439135999999999,0.122541,0.2472773000000003,0.1457022000000001,0.2332479999999996,0.2487910000000042,0.8684589999999979,0.5811799999999891,0.2390299999999996,0.3956379999999981,0.3497249999999994,0.8960499000000004,0.4155470000000036,0.597014999999999,0.1448749999999989,0.2962259999999972
9144,918,0.0719150000000006,0.1898660000000003,0.2184496999999998,0.1078910000000004,0.2193973000000006,0.1302774000000002,0.2031810000000007,0.2148670000000052,0.7297109999999982,0.4914599999999893,0.2107400000000012,0.3579709999999991,0.2730350000000001,0.7697240000000001,0.4212380000000024,0.5226410000000001,0.1376080000000001,0.2589959999999962
9154,919,0.0950780000000008,0.2325970000000001,0.2694421,0.1357610000000004,0.2708403000000015,0.1582335000000001,0.2486089999999983,0.2843340000000012,0.9939409999999996,0.6856799999999907,0.2636899999999968,0.405736000000001,0.3775870000000019,0.8949353000000002,0.4563700000000068,0.6491480000000003,0.1587390000000041,0.3459259999999986
9164,920,0.0992460000000008,0.2649020000000011,0.2812858,0.1425689999999999,0.2802163000000011,0.161775,0.2242519999999999,0.2279090000000039,0.8360839999999996,0.5222200000000043,0.2092600000000004,0.4492379999999976,0.4315850000000019,0.8900366000000002,0.5523219999999895,0.6889970000000005,0.165187000000003,0.2575479999999999
9174,921,0.0770070000000018,0.2020790000000012,0.2296548999999998,0.113745999999999,0.2302063000000007,0.1362863,0.2151519999999998,0.2212540000000018,0.7926219999999979,0.5367099999999994,0.2139999999999986,0.3720630000000007,0.2645559999999989,0.7883049,0.4374129999999923,0.5580850000000019,0.1423020000000008,0.2821909999999974
9184,922,0.132994,0.3194820000000007,0.3580293999999995,0.1836590000000004,0.3670813000000006,0.2027964999999998,0.3164519999999982,0.3588510000000013,1.174485000000001,0.766210000000001,0.3105599999999953,0.545852,0.5212240000000001,1.2887849999999998,0.6990070000000088,0.8796299999999988,0.1864360000000005,0.3662769999999966
9194,923,0.070217000000003,0.1452460000000002,0.2243572,0.1001580000000004,0.1899043000000002,0.1236166,0.1772640000000009,0.2290130000000019,0.7776969999999999,0.5560600000000022,0.2229499999999973,0.3736299999999986,0.3528200000000012,0.8020462999999998,0.3605460000000136,0.5225420000000014,0.1234239999999999,0.2788329999999988
9204,924,0.0873060000000016,0.2248200000000011,0.2528071,0.1267519999999997,0.2542473000000012,0.1489950000000002,0.227723000000001,0.2456430000000011,0.8287340000000007,0.5597099999999955,0.2371300000000076,0.3918149999999976,0.3457059999999998,0.9186691999999992,0.4882869999999997,0.6254939999999998,0.1463560000000043,0.2793139999999994
9214,925,0.101980000000001,0.247834000000001,0.2787725999999999,0.13978,0.2809543000000012,0.1607454000000001,0.2550260000000008,0.2597340000000017,0.8782789999999991,0.6031999999999869,0.2721700000000027,0.4291909999999994,0.4190129999999996,0.9951064,0.5712830000000082,0.6955540000000013,0.1615040000000007,0.2887309999999985
9224,926,-9.9999e+98,0.0860269999999996,0.1403826999999999,0.0612189999999994,0.1057333000000007,0.0778769000000001,0.1034310000000005,0.1179330000000007,0.4782909999999987,0.3440599999999847,0.1343800000000072,0.2473910000000003,0.2692329999999998,0.5185960999999999,0.2028200000000026,0.2509569999999996,0.0005160000000046,0.1759219999999999
9234,927,0.1154070000000011,0.2552800000000008,0.2979832999999994,0.1536419999999996,0.3085073000000005,0.1767039999999999,0.2816679999999998,0.3179209999999983,1.0407529999999987,0.7040999999999826,0.311710000000005,0.5016280000000002,0.5288970000000006,1.1978222,0.616958000000011,0.745832,0.1717330000000032,0.3411529999999985
9244,928,0.09009,0.223377000000001,0.2489179999999997,0.1260200000000004,0.2502103000000009,0.1477059999999999,0.2236049999999991,0.2375499999999988,0.796092999999999,0.5522899999999993,0.2519400000000047,0.4173259999999992,0.4014670000000002,0.9547565000000002,0.5102890000000002,0.6513810000000007,0.1468959999999981,0.2588030000000003
9254,929,0.0723510000000011,0.1651360000000004,0.2054415,0.102945,0.2054763000000008,0.1260099000000001,0.1948159999999994,0.2163740000000018,0.7669840000000008,0.5381999999999891,0.2066800000000057,0.3495629999999998,0.2693469999999998,0.7110925999999997,0.3823849999999993,0.5139190000000013,0.1264650000000031,0.2797679999999971
9264,930,0.1075730000000021,0.2738659999999999,0.2959291999999998,0.1485319999999994,0.2957913000000012,0.1668801000000002,0.2601399999999998,0.2529719999999997,0.896725,0.6066500000000019,0.2684899999999999,0.4553510000000003,0.4506009999999989,0.9781502999999994,0.5981629999999996,0.7393400000000021,0.1712109999999995,0.2823360000000008
9274,931,0.0701030000000031,0.1540999999999996,0.2028666999999995,0.0989050000000002,0.1933003000000006,0.1223046999999999,0.1830110000000004,0.2230729999999994,0.7761189999999978,0.5679799999999773,0.2370499999999964,0.3434969999999993,0.2561630000000008,0.6838536,0.3732389999999981,0.5020970000000027,0.124451999999998,0.287312
9284,932,0.072377000000003,0.1626220000000007,0.2380576999999997,0.1050489999999992,0.2003923000000007,0.1279591999999998,0.1732109999999984,0.2284429999999986,0.7251860000000008,0.488679999999988,0.192859999999996,0.3670159999999995,0.3531200000000005,0.8376187999999996,0.4184549999999944,0.5521449999999994,0.1268710000000013,0.2441649999999953
9294,933,0.072377000000003,0.1626220000000007,0.2380576999999997,0.1050489999999992,0.2003923000000007,0.1279591999999998,0.1732109999999984,0.2284429999999986,0.7251860000000008,0.488679999999988,0.192859999999996,0.3670159999999995,0.3531200000000005,0.8376187999999996,0.4184549999999944,0.5521449999999994,0.1268710000000013,0.2441649999999953
9304,934,0.125199000000002,0.3048909999999996,0.3328600000000001,0.1703349999999996,0.3399813000000016,0.1907383999999998,0.301524999999998,0.3477880000000013,1.1199419999999982,0.7497199999999964,0.3089000000000084,0.518063999999999,0.5260810000000014,1.2280618999999993,0.6380549999999943,0.8236540000000012,0.1912790000000015,0.3571449999999956
9314,935,0.1166610000000005,0.2590000000000003,0.2975985999999997,0.1503560000000003,0.3036093000000015,0.1713833,0.2800699999999985,0.2818499999999986,0.958006000000001,0.6664399999999944,0.3070799999999991,0.474378999999999,0.484303999999998,1.1199069,0.627445999999992,0.734693,0.1641440000000003,0.3002849999999952
9324,936,0.0863960000000005,0.2296250000000004,0.2671529000000001,0.125710999999999,0.2447373000000006,0.1494520999999999,0.2124670000000001,0.2583820000000045,0.8798329999999979,0.5872299999999768,0.2252299999999962,0.41723,0.4361870000000003,0.9533601000000004,0.4451119999999946,0.6366329999999998,0.1485479999999981,0.2907450000000011
9334,937,0.0972360000000023,0.2377010000000012,0.2895051999999998,0.136220999999999,0.2691613000000004,0.1602233000000001,0.2531089999999985,0.3037580000000019,0.9911069999999996,0.6649099999999919,0.2797699999999992,0.4749099999999977,0.5417729999999992,1.0599879000000003,0.4378669999999971,0.670179000000001,0.1621160000000046,0.3316879999999997
9344,938,0.125981000000003,0.2912569999999999,0.3249360000000001,0.1683120000000002,0.332358300000001,0.1872367000000001,0.2991399999999977,0.3028240000000011,1.0439919999999994,0.7150999999999783,0.3386500000000012,0.6105719999999977,0.6467649999999985,1.2557976000000002,0.714895999999996,0.8532790000000006,0.1777640000000033,0.3072589999999948
9354,939,0.1032930000000007,0.2540410000000008,0.2852347999999995,0.1426409999999993,0.2873073000000001,0.1627448,0.2639619999999993,0.255355999999999,0.8745499999999993,0.6126500000000021,0.2843500000000034,0.4455430000000007,0.4538919999999997,1.0136201000000007,0.6038700000000006,0.7052779999999998,0.1659989999999993,0.2794079999999965
9364,940,0.1082200000000028,0.2750190000000003,0.3029812999999999,0.1516619999999999,0.3063713000000003,0.1715319000000001,0.272590000000001,0.2804509999999993,0.9649679999999988,0.639269999999982,0.2674400000000076,0.4762509999999977,0.4012090000000015,1.0240017000000003,0.5894130000000075,0.7256719999999994,0.1753380000000035,0.3219269999999952
9374,941,0.0788390000000021,0.2025280000000009,0.2325027999999998,0.1163790000000002,0.2333873000000004,0.1385843000000002,0.2117839999999979,0.2245470000000011,0.7501409999999993,0.5174799999999777,0.2288700000000005,0.3685609999999997,0.3512200000000014,0.8833591000000007,0.4748879999999928,0.5884530000000012,0.1424069999999986,0.2475680000000011
9384,942,0.0786900000000017,0.1836190000000002,0.2287923999999996,0.1138379999999994,0.2246873000000011,0.1374099000000002,0.1997749999999989,0.2312280000000015,0.7895409999999998,0.5336800000000039,0.2158299999999968,0.3733609999999991,0.3090310000000009,0.8590387000000002,0.4335849999999936,0.5737789999999983,0.1427890000000005,0.2717939999999998
9394,943,0.1423120000000004,0.3502860000000005,0.3787808999999997,0.1941620000000004,0.3938462999999998,0.2145720999999998,0.3686949999999989,0.4184340000000048,1.2965680000000006,0.8683699999999988,0.3772699999999958,0.6403280000000002,0.684745000000003,1.3833745000000004,0.7625929999999954,0.9035329999999996,0.1972859999999983,0.4038579999999996
9404,944,0.1423120000000004,0.3502860000000005,0.3787808999999997,0.1941620000000004,0.3938462999999998,0.2145720999999998,0.3686949999999989,0.4184340000000048,1.2965680000000006,0.8683699999999988,0.3772699999999958,0.6403280000000002,0.684745000000003,1.3833745000000004,0.7625929999999954,0.9035329999999996,0.1972859999999983,0.4038579999999996
9414,945,0.087925000000002,0.2234740000000012,0.2502276999999999,0.1266289999999994,0.2508642999999999,0.1505255000000001,0.2316390000000012,0.2651660000000007,0.9185289999999996,0.6254699999999787,0.2427200000000056,0.4157279999999979,0.3741470000000007,0.9037977,0.4447420000000051,0.6319869999999987,0.1487639999999999,0.3258329999999958
9424,946,0.071004000000002,0.1662350000000003,0.1988099999999999,0.1002349999999996,0.198602300000001,0.1227152999999998,0.1765270000000001,0.1994240000000005,0.6721789999999999,0.4561899999999923,0.1913799999999952,0.3461919999999985,0.2800119999999992,0.7496521999999999,0.413494,0.5106189999999984,0.1249570000000019,0.2348429999999979
9434,947,0.1215040000000016,0.298966,0.3286340999999995,0.1644259999999988,0.3330523000000003,0.1837300000000001,0.2997319999999988,0.3067750000000018,1.0367029999999993,0.6906599999999798,0.2917300000000011,0.5075559999999975,0.4365310000000022,1.1004356999999994,0.6577350000000024,0.7821899999999999,0.1822840000000027,0.3433689999999956
9444,948,0.0688200000000023,0.1559880000000006,0.1933373999999998,0.0966789999999999,0.1935573000000001,0.1193951000000002,0.1827679999999993,0.1993560000000016,0.6924329999999976,0.4702699999999993,0.190889999999996,0.3446269999999991,0.2549050000000008,0.7062666000000002,0.364641000000006,0.4789530000000006,0.122447000000001,0.253943999999997
9454,949,0.1148249999999997,0.2799170000000011,0.3064919999999995,0.1583189999999987,0.3104343000000007,0.175977,0.2834660000000006,0.2696680000000029,0.9783930000000004,0.6585299999999847,0.2995899999999949,0.5751829999999991,0.5684070000000006,1.1403615,0.650109999999998,0.8105179999999983,0.1727350000000029,0.2681569999999951
9464,950,0.1250570000000017,0.332396000000001,0.3510995999999995,0.1749679999999998,0.3576083000000007,0.1918502000000002,0.3483060000000009,0.2848889999999997,1.0244599999999977,0.7421199999999999,0.3571699999999964,0.513971999999999,0.5928400000000025,1.1257922000000002,0.7858020000000039,0.8065439999999988,0.1832100000000025,0.2939609999999959
9474,951,0.0741980000000026,0.1886790000000004,0.2202760000000001,0.1087030000000002,0.2203023000000001,0.1309969999999998,0.202656000000001,0.2160300000000035,0.7403519999999979,0.5002199999999846,0.2019300000000043,0.3492299999999986,0.2624710000000014,0.7474269000000007,0.4251440000000031,0.516649000000001,0.1335389999999989,0.2632199999999969
9484,952,0.0773790000000005,0.2140520000000005,0.2329635999999997,0.1143450000000001,0.2323683000000009,0.1356939000000001,0.2129939999999983,0.2070890000000034,0.7187739999999998,0.4923900000000003,0.2205500000000029,0.3732030000000002,0.3271820000000005,0.8181884000000004,0.4776900000000097,0.556284999999999,0.1371859999999998,0.2473389999999966
9494,953,0.1030250000000023,0.2502390000000005,0.2816625999999997,0.1408240000000002,0.2863263000000007,0.1624444,0.2649839999999983,0.2656850000000048,0.9022949999999988,0.6155100000000004,0.2770900000000011,0.4261999999999979,0.4158909999999984,1.0285026999999998,0.5957729999999941,0.6773699999999998,0.1673419999999978,0.2959800000000001
9504,954,0.0780460000000005,0.2067980000000009,0.2575674000000001,0.114438999999999,0.2192403000000009,0.1390780999999998,0.200607999999999,0.2559719999999998,0.8682230000000004,0.6006999999999891,0.2243200000000058,0.4036170000000005,0.4782229999999998,0.889065,0.3910869999999988,0.5903700000000001,0.1387800000000041,0.2966580000000007
9514,955,0.0675460000000001,0.148975,0.2130766999999993,0.0983450000000001,0.1934543000000008,0.1216333999999998,0.1813049999999982,0.2201300000000046,0.7190310000000011,0.4871399999999823,0.1989200000000011,0.3465260000000008,0.3372059999999983,0.7625027999999991,0.3404469999999975,0.4899810000000002,0.123823999999999,0.2571060000000003
9524,956,0.1044930000000015,0.2640530000000005,0.2947726999999993,0.1468199999999999,0.2958963000000008,0.1649071000000002,0.2735449999999986,0.245549000000004,0.8786149999999999,0.6166199999999833,0.2823900000000066,0.4573339999999994,0.4706800000000015,0.9943678,0.6335639999999927,0.7320349999999998,0.1700459999999992,0.2669829999999962
9534,957,0.128273,0.3284739999999999,0.3536523999999996,0.1749489999999998,0.3594673000000004,0.1931555999999998,0.3399329999999985,0.3003320000000045,1.0350849999999987,0.7135999999999854,0.3388500000000078,0.525390999999999,0.5284770000000023,1.1427174999999998,0.7774689999999964,0.7891399999999997,0.1906960000000026,0.3224879999999999
