,Balikpapan height,Bontang height,Tandjoengbatoe height,Tarakan height,Tawau height,Semporna height,Bongao Island height,Zamboanga height,Pagadian height,General Santos height,Tahuna height,Manado height,Boroko height,Genluma height,Boeol height,Tolotoli height,Palu height,Davao height
0,0.11313900000000032,0.30791400000000024,0.4313696,0.16536799999999907,0.29014830000000025,0.18481479999999983,0.19217300000000037,0.33359899999999953,1.0845079999999996,0.8445499999999981,0.30304999999999893,0.7395579999999988,0.9709719999999997,1.3573442,0.44428700000000276,0.6276860000000006,0.17072900000000146,0.26721799999999973
0,0.11313900000000032,0.30791400000000024,0.4313696,0.16536799999999907,0.29014830000000025,0.18481479999999983,0.19217300000000037,0.33359899999999953,1.0845079999999996,0.8445499999999981,0.30304999999999893,0.7395579999999988,0.9709719999999997,1.3573442,0.44428700000000276,0.6276860000000006,0.17072900000000146,0.26721799999999973
1,0.07516500000000192,0.1818540000000013,0.21688879999999955,0.10925999999999902,0.21876730000000144,0.13266240000000007,0.1981900000000003,0.22436199999999928,0.7472840000000005,0.5054299999999898,0.21739999999999782,0.3510379999999991,0.2895150000000015,0.8309750000000005,0.41539000000000215,0.5438739999999989,0.1346109999999996,0.25545199999999824
2,0.07640900000000173,0.17029600000000045,0.24798739999999952,0.11030500000000032,0.2120273000000008,0.1330423999999999,0.1879729999999995,0.22971300000000383,0.7325289999999995,0.5155399999999872,0.24154000000000053,0.4279919999999997,0.4236980000000017,0.9602879,0.4390429999999981,0.5861729999999987,0.13579200000000213,0.23409799999999592
3,0.12022900000000192,0.27414000000000094,0.3074753999999995,0.15810199999999952,0.3162813,0.17863689999999988,0.2930439999999983,0.2960470000000015,1.0081489999999995,0.7308699999999817,0.3483499999999964,0.5736019999999975,0.637636999999998,1.2393997000000008,0.7051119999999997,0.7963200000000015,0.17666100000000284,0.303291999999999
4,-9.9999e+98,0.10224100000000114,0.14475839999999973,0.0702859999999994,0.13413430000000126,0.09001780000000004,0.1275839999999988,0.1292660000000012,0.5432249999999996,0.39286999999998784,0.15465000000000373,0.26521100000000075,0.21248499999999737,0.5463798999999998,0.2845909999999918,0.32768899999999945,0.05427999999999855,0.20959299999999814
5,0.09812500000000313,0.2437300000000011,0.27157119999999946,0.13834400000000002,0.27328430000000026,0.15974060000000012,0.2351959999999984,0.2616300000000038,0.8845029999999987,0.5970700000000022,0.25276999999999816,0.4408139999999996,0.4106839999999998,1.0092642000000005,0.5300220000000024,0.6994480000000003,0.16087699999999927,0.2818770000000015
6,0.09812500000000313,0.2437300000000011,0.27157119999999946,0.13834400000000002,0.27328430000000026,0.15974060000000012,0.2351959999999984,0.2616300000000038,0.8845029999999987,0.5970700000000022,0.25276999999999816,0.4408139999999996,0.4106839999999998,1.0092642000000005,0.5300220000000024,0.6994480000000003,0.16087699999999927,0.2818770000000015
7,0.07868400000000264,0.1939869999999999,0.22984099999999952,0.11523599999999945,0.23195930000000153,0.13838289999999986,0.2112109999999987,0.23106500000000096,0.7842850000000006,0.5296999999999912,0.22835000000000605,0.39114000000000004,0.2992449999999991,0.8539218000000002,0.4444109999999881,0.5699429999999985,0.14424700000000001,0.2714870000000005
8,0.07844200000000257,0.21000500000000066,0.2320758999999999,0.11437100000000022,0.23024529999999999,0.13638189999999994,0.21072399999999902,0.22323899999999952,0.798410999999998,0.5465799999999774,0.20219000000000165,0.3501030000000007,0.24891000000000219,0.7469038000000001,0.43806299999999965,0.5491470000000014,0.13666800000000023,0.2807150000000007
9,0.11424300000000187,0.25578500000000126,0.2952300999999995,0.14733299999999971,0.30091330000000127,0.16902410000000012,0.282157999999999,0.2802599999999984,0.963749,0.6456000000000017,0.2847399999999993,0.4560980000000008,0.41951099999999997,1.0489514,0.5879860000000008,0.6912800000000026,0.16590599999999966,0.31543800000000033
10,0.09469800000000106,0.2289980000000007,0.2595041,0.12876599999999883,0.2627853000000009,0.1510612,0.2428120000000007,0.24518499999999932,0.8617910000000002,0.5763299999999845,0.24970000000000425,0.41479099999999747,0.3211499999999994,0.9074343999999996,0.49570899999999085,0.6104070000000021,0.15221900000000232,0.29400400000000104
11,0.07158800000000198,0.16949600000000054,0.2049884999999998,0.10141899999999993,0.20359930000000048,0.12411709999999987,0.19325500000000062,0.2099590000000049,0.7581740000000003,0.5403299999999831,0.2177199999999999,0.32765799999999956,0.2177970000000009,0.6643645000000005,0.3928549999999973,0.48970100000000016,0.12477400000000216,0.281723999999997
12,0.07806400000000124,0.17124500000000076,0.23871269999999978,0.11256899999999881,0.21901230000000105,0.1369514999999999,0.20241299999999995,0.24819000000000102,0.8330689999999983,0.5712399999999889,0.2234899999999982,0.3942060000000005,0.383186000000002,0.8435862000000007,0.40908199999999795,0.5773009999999985,0.13937899999999814,0.291959999999996
13,0.093746000000003,0.24005999999999972,0.2631250999999999,0.12973899999999894,0.2639893000000004,0.1508683999999998,0.24374699999999905,0.23694700000000068,0.8031889999999997,0.5528599999999813,0.25256000000000256,0.40914199999999923,0.3822119999999991,0.9178578999999996,0.5518439999999885,0.625083,0.1518610000000038,0.2641869999999997
14,0.061859000000001885,0.14948599999999956,0.1905424999999994,0.09424199999999949,0.18936630000000143,0.11636300000000022,0.18094100000000068,0.1989240000000052,0.6796669999999985,0.46307999999999083,0.18568000000000495,0.337298999999998,0.24322199999999938,0.6691728999999995,0.3390490000000028,0.4581179999999989,0.11744000000000199,0.24683499999999725
15,0.12571700000000163,0.2812669999999997,0.3175089,0.16426799999999986,0.3240413000000011,0.18447499999999994,0.2797370000000008,0.30913400000000024,1.0389470000000003,0.7061099999999954,0.31710999999999956,0.5645780000000009,0.568911,1.2365596000000005,0.6742300000000085,0.8174910000000004,0.18635799999999847,0.3168149999999983
16,0.06989300000000043,0.16216400000000064,0.22939669999999968,0.10412999999999961,0.20297430000000105,0.12752229999999987,0.19144199999999856,0.2326180000000022,0.7919160000000005,0.5544199999999933,0.21417999999999893,0.3911820000000006,0.37887800000000027,0.8009662000000004,0.3313400000000115,0.5275740000000013,0.1270060000000015,0.28016499999999667
17,0.09674800000000161,0.2506780000000006,0.2727801999999997,0.13665299999999903,0.273105300000001,0.1571479,0.23794399999999882,0.24468399999999946,0.8382089999999991,0.5677699999999959,0.25412000000000035,0.44309200000000004,0.4059139999999992,0.9495866,0.5579510000000028,0.6876229999999985,0.1568499999999986,0.27412499999999795
18,0.0878060000000005,0.19263300000000072,0.24212899999999937,0.12325699999999884,0.2460412999999999,0.1473293,0.2252849999999995,0.25538099999999986,0.8711659999999988,0.58526999999998,0.24721999999999866,0.4042369999999984,0.39968499999999807,0.946345,0.42834299999999814,0.6037060000000025,0.15018500000000046,0.29591399999999624
19,0.09842500000000243,0.23391800000000096,0.2706553999999999,0.13653300000000002,0.2693923000000016,0.1588978000000001,0.2378469999999986,0.26525900000000036,0.8880479999999977,0.6078200000000038,0.2701799999999963,0.46650999999999954,0.4434980000000017,1.0248413000000003,0.5402939999999887,0.6953750000000021,0.15938500000000033,0.28314900000000165
20,0.07001400000000046,0.1578210000000002,0.19072589999999945,0.09556199999999926,0.18972830000000052,0.1183095999999999,0.1766210000000008,0.2035809999999998,0.7042929999999998,0.49413999999998737,0.19133999999999673,0.3198799999999977,0.24158800000000014,0.6622827999999998,0.37915099999999313,0.47973099999999747,0.11928300000000291,0.2596629999999962
21,0.06230900000000261,0.13771400000000078,0.20398050000000012,0.09435299999999991,0.18087030000000048,0.11749130000000019,0.1684039999999989,0.21575700000000353,0.7180759999999999,0.49975999999998066,0.18795000000000073,0.3346839999999993,0.3484729999999985,0.7457681999999997,0.3363780000000105,0.476738000000001,0.11709199999999953,0.25519699999999546
22,-9.9999e+98,0.10861300000000007,0.1631222999999995,0.0718589999999999,0.12875230000000037,0.0905800000000001,0.12287699999999901,0.14829600000000198,0.5633829999999982,0.4121899999999812,0.16846999999999923,0.2866970000000002,0.27221899999999977,0.6288423999999999,0.2570869999999985,0.3402270000000023,0.05203600000000108,0.20938199999999796
23,0.0805780000000027,0.18931500000000057,0.2289979999999998,0.11582199999999965,0.2308482999999999,0.1394736000000001,0.21678700000000006,0.24781300000000073,0.8550819999999995,0.5915399999999806,0.22159999999999513,0.3893199999999979,0.2945059999999984,0.8058849000000006,0.42220199999999863,0.5730710000000023,0.14017600000000385,0.3059599999999989
24,0.1249910000000014,0.28303800000000123,0.31243719999999975,0.15945299999999918,0.32303130000000024,0.1816209999999998,0.30381500000000017,0.33342300000000336,1.1093620000000008,0.7354299999999796,0.3161400000000043,0.5335639999999984,0.5684660000000008,1.1779509,0.5693879999999893,0.7657300000000014,0.1778370000000038,0.36594699999999847
25,0.11602900000000105,0.2828900000000001,0.310168,0.15628399999999942,0.3107103000000002,0.17481180000000007,0.26426199999999866,0.2744130000000027,0.9567329999999998,0.6308199999999999,0.2630800000000022,0.46583499999999844,0.4592649999999985,1.0346151000000008,0.6036619999999999,0.7637299999999989,0.1695100000000025,0.30328199999999583
26,0.10642300000000304,0.24764799999999987,0.2869709999999994,0.14235199999999892,0.2920443000000006,0.1636652999999999,0.27617799999999804,0.2744520000000037,0.9467029999999994,0.6272400000000005,0.2754199999999969,0.4376649999999991,0.3816789999999983,0.9858655000000001,0.5463099999999912,0.6552410000000002,0.15667299999999784,0.31707899999999967
27,0.09298599999999979,0.22539399999999965,0.2535064,0.12750600000000034,0.25746730000000007,0.1505093999999998,0.23543000000000092,0.24506399999999928,0.8350030000000004,0.5679700000000025,0.2562300000000022,0.4013799999999996,0.37329799999999835,0.9553783999999998,0.5219770000000068,0.6378929999999983,0.15647100000000336,0.2778119999999973
28,0.07424900000000179,0.1621269999999999,0.22957289999999997,0.10711899999999908,0.20924630000000022,0.1310916999999998,0.1956719999999983,0.233077999999999,0.8071219999999997,0.5625599999999906,0.21394999999999698,0.3694209999999991,0.3258480000000006,0.792071,0.392825000000002,0.5483949999999993,0.13414300000000168,0.28949599999999975
29,0.08850600000000242,0.20866900000000044,0.24872300000000003,0.12624199999999952,0.25290630000000114,0.14962609999999987,0.23802099999999982,0.26326200000000455,0.9066900000000011,0.6123699999999985,0.24656000000000233,0.43553899999999857,0.3484650000000009,0.9182002000000002,0.4468880000000013,0.6249569999999984,0.14928400000000153,0.3186509999999956
30,0.0807070000000003,0.19227799999999995,0.2295707999999994,0.11556199999999883,0.23189630000000072,0.13876899999999992,0.21064499999999953,0.23217300000000307,0.7898360000000011,0.5341099999999983,0.2275500000000079,0.39513099999999923,0.2974519999999998,0.8597969000000001,0.4457689999999985,0.5688089999999981,0.14522999999999797,0.2761819999999986
31,0.08498300000000114,0.20948300000000053,0.23546759999999978,0.11850899999999953,0.23818430000000035,0.14132869999999986,0.21532399999999896,0.23326000000000136,0.7821119999999979,0.5315999999999974,0.23680000000000234,0.40740599999999816,0.3302569999999996,0.894082,0.4723299999999995,0.5966820000000013,0.15157800000000066,0.26611700000000127
32,0.12823200000000057,0.31176600000000043,0.32902580000000015,0.1696679999999997,0.34043830000000064,0.19187719999999997,0.31080299999999994,0.355749000000003,1.142077999999998,0.7730799999999931,0.3355099999999993,0.5422319999999985,0.5871829999999996,1.2944261,0.6723199999999991,0.8106359999999988,0.19329199999999958,0.3665060000000011
33,0.09679500000000019,0.22065100000000015,0.2656345,0.13622200000000007,0.272222300000001,0.1595327000000002,0.2531940000000006,0.28984200000000016,0.972054,0.6540699999999902,0.2677100000000081,0.4433809999999987,0.4074629999999999,1.0081784000000003,0.47335700000000713,0.6809559999999983,0.16708799999999968,0.3350369999999998
34,0.11097100000000282,0.2589249999999996,0.29847809999999964,0.15166600000000052,0.3044843000000004,0.1731881999999998,0.2787000000000006,0.31364599999999854,1.060371,0.7122200000000021,0.28279000000000565,0.4613680000000002,0.4205939999999977,1.0768196999999997,0.5305250000000115,0.7384160000000008,0.17462499999999892,0.3640320000000017
35,0.10014300000000276,0.24057100000000098,0.2709261999999999,0.13682099999999942,0.2758193000000002,0.15929839999999995,0.25065899999999885,0.26624400000000037,0.8938430000000004,0.6066099999999892,0.27461999999999875,0.4524259999999991,0.3832909999999998,1.0052010000000005,0.5587459999999993,0.6816560000000003,0.16233199999999925,0.30033799999999644
36,0.09363500000000258,0.2325160000000004,0.2744654999999998,0.13346199999999975,0.2607883000000015,0.1525964000000002,0.25124500000000083,0.24092100000000016,0.8621979999999994,0.5997299999999939,0.2817000000000007,0.5474759999999996,0.545376000000001,1.0760768,0.5972369999999927,0.7489610000000013,0.15972500000000167,0.24400599999999883
37,0.07157199999999975,0.15828600000000037,0.21570079999999958,0.1002799999999997,0.19555630000000157,0.12392229999999982,0.1796059999999997,0.2225040000000007,0.7382190000000008,0.5058799999999906,0.19516000000000133,0.34080399999999855,0.3190969999999993,0.7514250000000002,0.37317999999999074,0.5078700000000005,0.12386000000000053,0.26292899999999975
38,0.07157199999999975,0.15828600000000037,0.21570079999999958,0.1002799999999997,0.19555630000000157,0.12392229999999982,0.1796059999999997,0.2225040000000007,0.7382190000000008,0.5058799999999906,0.19516000000000133,0.34080399999999855,0.3190969999999993,0.7514250000000002,0.37317999999999074,0.5078700000000005,0.12386000000000053,0.26292899999999975
39,0.1313030000000026,0.3277630000000009,0.34338089999999966,0.17774,0.3562523000000013,0.1994836000000002,0.32670599999999794,0.37094499999999897,1.1728929999999984,0.8091599999999914,0.36381000000000085,0.5916029999999992,0.6689240000000005,1.3639533999999998,0.7571870000000018,0.8587649999999982,0.2086049999999986,0.36435300000000126
40,0.09222000000000108,0.22123700000000035,0.25805390000000017,0.1310880000000001,0.26034630000000014,0.15431419999999996,0.2385610000000007,0.2712280000000007,0.9538109999999982,0.6510399999999947,0.23846000000000345,0.4132409999999993,0.39902800000000127,0.9000781,0.4375299999999953,0.6465830000000032,0.15149200000000462,0.3338639999999984
41,0.1036720000000031,0.27962300000000084,0.2887430999999996,0.14667799999999964,0.2892393000000002,0.1640628999999998,0.27280700000000024,0.22892000000000223,0.8736630000000005,0.5622999999999934,0.2718200000000053,0.508341999999999,0.5623809999999985,0.9485887000000002,0.6505860000000041,0.7460760000000022,0.1579139999999981,0.2096429999999998
42,0.09734500000000068,0.2336570000000009,0.2683106999999998,0.13519199999999998,0.2728753000000008,0.15817179999999986,0.24909999999999854,0.26901300000000106,0.9089539999999978,0.6114900000000034,0.2634000000000043,0.4125249999999987,0.3792989999999996,0.9937434000000005,0.5179629999999946,0.6464280000000002,0.15949100000000271,0.301600999999998
43,0.0772490000000019,0.18519099999999966,0.24922120000000003,0.1170069999999992,0.23192130000000155,0.14136270000000017,0.20921200000000084,0.24446999999999974,0.8106629999999981,0.5509899999999845,0.23919000000000779,0.3998229999999978,0.43549999999999756,0.9443405,0.4418860000000109,0.5711810000000028,0.14414400000000427,0.26459699999999486
44,0.07102000000000075,0.15686100000000103,0.22063670000000002,0.10008399999999895,0.19535230000000148,0.12370819999999982,0.176009999999998,0.2172570000000036,0.7136040000000001,0.4853999999999985,0.19930000000000803,0.3422850000000004,0.3172099999999993,0.7831078000000007,0.3845019999999977,0.5070190000000032,0.12571600000000416,0.25005499999999614
45,0.1217850000000027,0.2896169999999998,0.3272379000000001,0.1645979999999998,0.3347593,0.18546020000000007,0.3117309999999982,0.3339730000000003,1.122803000000001,0.7452499999999986,0.30555999999999983,0.48660199999999776,0.43230299999999744,1.1418369999999998,0.5983710000000002,0.779049999999998,0.18224100000000476,0.38045100000000076
46,0.1217850000000027,0.2896169999999998,0.3272379000000001,0.1645979999999998,0.3347593,0.18546020000000007,0.3117309999999982,0.3339730000000003,1.122803000000001,0.7452499999999986,0.30555999999999983,0.48660199999999776,0.43230299999999744,1.1418369999999998,0.5983710000000002,0.779049999999998,0.18224100000000476,0.38045100000000076
47,0.08349899999999977,0.21741700000000108,0.2642232,0.12071100000000001,0.23191330000000043,0.1452867000000002,0.21651199999999804,0.27414800000000383,0.9274769999999997,0.644929999999988,0.24423000000000172,0.4405929999999998,0.4994929999999975,0.9301124999999999,0.3880890000000079,0.616219000000001,0.14320400000000433,0.31672899999999515
48,0.10190900000000269,0.26620699999999964,0.2891336999999998,0.14230500000000035,0.2890383000000014,0.16009550000000017,0.2725760000000008,0.22771399999999886,0.8224370000000008,0.5758599999999774,0.26801000000000386,0.43542099999999806,0.4390900000000002,0.9158343000000002,0.6298620000000028,0.6972459999999998,0.16201399999999921,0.24594899999999598
49,0.1379550000000016,0.33194000000000123,0.37191889999999983,0.18840699999999977,0.3851073000000014,0.20866909999999983,0.37279200000000046,0.38850200000000257,1.2137129999999985,0.8160699999999963,0.3662700000000001,0.6012219999999999,0.5657859999999992,1.3028234999999997,0.7797259999999966,0.8784440000000018,0.19056499999999943,0.38318399999999997
50,0.08829599999999971,0.22941300000000098,0.2524543999999995,0.1241229999999991,0.2525713000000014,0.14574480000000012,0.2310769999999991,0.23029600000000272,0.7989819999999987,0.5387699999999995,0.23090000000000543,0.39006299999999783,0.3232090000000021,0.8707877000000002,0.4961550000000017,0.5941609999999997,0.14778499999999894,0.2710399999999993
51,0.09199900000000127,0.22658600000000106,0.2704160999999994,0.1296879999999998,0.25660030000000056,0.15406560000000002,0.23553000000000068,0.2762859999999989,0.9344789999999996,0.6275100000000009,0.261099999999999,0.4383909999999993,0.4973529999999968,1.0085457,0.4310880000000026,0.6327420000000004,0.15508799999999923,0.31205500000000086
52,0.10601000000000127,0.2676949999999998,0.301361,0.14709099999999964,0.2911432999999999,0.1701858999999999,0.2642400000000009,0.3208920000000006,1.0506689999999992,0.7075399999999945,0.28553999999999746,0.4807600000000001,0.5145939999999989,1.0962283,0.5076229999999953,0.7330049999999986,0.16788600000000287,0.35523799999999994
53,0.09009300000000309,0.22153699999999965,0.2530548999999995,0.12735499999999966,0.2539433000000013,0.1464574999999999,0.24257799999999818,0.22483700000000084,0.7847469999999994,0.5575299999999856,0.2685900000000032,0.46873099999999823,0.4751449999999977,0.9540467000000001,0.5547900000000112,0.6888679999999994,0.14791199999999805,0.234142999999996
54,0.09009300000000309,0.22153699999999965,0.2530548999999995,0.12735499999999966,0.2539433000000013,0.1464574999999999,0.24257799999999818,0.22483700000000084,0.7847469999999994,0.5575299999999856,0.2685900000000032,0.46873099999999823,0.4751449999999977,0.9540467000000001,0.5547900000000112,0.6888679999999994,0.14791199999999805,0.234142999999996
55,0.08211500000000171,0.2089780000000001,0.25282249999999973,0.12036400000000036,0.2368813000000003,0.14427449999999986,0.22334799999999788,0.2602240000000009,0.9034729999999982,0.620679999999993,0.2379800000000074,0.4167759999999987,0.4249030000000005,0.8691162000000006,0.3792110000000122,0.6016140000000014,0.1440380000000019,0.3131179999999958
56,0.093553,0.2132860000000001,0.25338199999999933,0.12732300000000052,0.25210930000000076,0.14978539999999985,0.22728599999999943,0.24540700000000015,0.817734999999999,0.57423,0.26659999999999684,0.4492219999999989,0.4364209999999993,1.0114919999999996,0.5245889999999918,0.664632000000001,0.14986999999999995,0.26444399999999746
57,0.10276600000000258,0.2527070000000009,0.2882629999999997,0.1431489999999993,0.28392130000000115,0.16645829999999995,0.2641279999999995,0.31253800000000354,1.0389540000000004,0.6991899999999873,0.27862000000000364,0.46813200000000066,0.4873349999999981,1.0503472,0.4881060000000019,0.7068960000000004,0.16597800000000262,0.3564969999999974
58,0.1228030000000011,0.28285300000000113,0.3157085999999998,0.15916900000000034,0.32280130000000007,0.1802516999999999,0.29742099999999994,0.3057969999999983,1.0251780000000004,0.6961900000000014,0.3071699999999993,0.4746719999999982,0.46251900000000035,1.1443253000000002,0.6606859999999983,0.7674570000000003,0.1783410000000032,0.3334109999999981
59,0.1228030000000011,0.28285300000000113,0.3157085999999998,0.15916900000000034,0.32280130000000007,0.1802516999999999,0.29742099999999994,0.3057969999999983,1.0251780000000004,0.6961900000000014,0.3071699999999993,0.4746719999999982,0.46251900000000035,1.1443253000000002,0.6606859999999983,0.7674570000000003,0.1783410000000032,0.3334109999999981
60,0.07447100000000262,0.18253800000000098,0.21230890000000002,0.1059549999999998,0.21066830000000003,0.12781140000000013,0.18426399999999887,0.1969350000000034,0.6963429999999988,0.46847999999999956,0.17673000000000627,0.345873000000001,0.2905930000000012,0.7379775999999998,0.44088699999998937,0.5374930000000013,0.12919399999999825,0.24280900000000116
61,0.10575000000000045,0.25072700000000125,0.28507689999999997,0.1460360000000005,0.29110630000000093,0.16814680000000015,0.2600429999999996,0.2876070000000013,0.9822719999999983,0.6621399999999937,0.27773000000000536,0.46464699999999937,0.4314239999999998,1.0972672999999995,0.5461770000000001,0.7162189999999988,0.16792600000000135,0.32407899999999756
62,0.08972500000000139,0.2293200000000013,0.26115569999999977,0.13058499999999995,0.26235430000000015,0.1533294999999999,0.24950600000000023,0.2770840000000021,0.9745539999999977,0.6925599999999861,0.2789800000000042,0.4044489999999996,0.2674689999999984,0.8299320000000003,0.48054500000000644,0.6247909999999983,0.15220599999999962,0.3530019999999965
63,0.0213940000000008,0.12767200000000045,0.1661115999999998,0.08251899999999956,0.16277130000000106,0.10409129999999989,0.15398099999999815,0.1705570000000023,0.612126,0.42485999999999535,0.16476000000000113,0.30315299999999823,0.22038000000000224,0.5935056000000003,0.32107500000000755,0.409122,0.10190599999999961,0.22763099999999525
64,0.1240230000000011,0.2918479999999999,0.3230257999999999,0.16361000000000026,0.3324923000000002,0.18557330000000016,0.3081569999999978,0.3291630000000012,1.0813389999999998,0.7262299999999868,0.3197399999999959,0.5131239999999977,0.49985399999999913,1.1952173999999998,0.6580689999999976,0.7790530000000011,0.18354700000000435,0.3497610000000009
65,0.08199700000000121,0.2268699999999999,0.26213909999999974,0.12379600000000046,0.2386683000000005,0.14771659999999986,0.20289100000000104,0.25592900000000185,0.8713759999999979,0.5814399999999864,0.21108999999999867,0.4078649999999975,0.42966399999999894,0.9288340000000002,0.4545359999999903,0.6339919999999992,0.14790899999999851,0.28646899999999675
66,0.13906700000000072,0.3552870000000006,0.3766789999999993,0.19019600000000025,0.38257530000000095,0.20702860000000012,0.33348099999999903,0.3507290000000012,1.1581909999999986,0.7594699999999932,0.3186199999999957,0.5353569999999976,0.5496949999999998,1.2320835000000008,0.7557220000000058,0.8819230000000005,0.178252999999998,0.3599519999999998
67,0.06981200000000243,0.184075,0.21367970000000014,0.10496499999999997,0.21344230000000053,0.12730929999999985,0.19663699999999906,0.20208999999999833,0.7083769999999987,0.47685999999998785,0.20049000000000206,0.3432949999999977,0.2633970000000012,0.7317178000000002,0.41471900000000517,0.5040099999999974,0.13006299999999982,0.25151299999999566
68,0.07654500000000297,0.18021500000000046,0.24675139999999995,0.11220699999999972,0.2160302999999999,0.13675870000000012,0.19912700000000072,0.2556760000000011,0.8554139999999997,0.596429999999998,0.22808999999999457,0.4010879999999979,0.4347369999999984,0.8626318,0.3924829999999986,0.5842810000000007,0.13644700000000398,0.29843299999999573
69,0.12352000000000274,0.28699100000000044,0.3218413,0.16093399999999924,0.3291283000000007,0.1821343999999998,0.312418000000001,0.30376700000000056,1.0324729999999995,0.6942599999999857,0.3115400000000079,0.4887169999999976,0.46178000000000097,1.1331207999999995,0.6640469999999965,0.7487139999999997,0.17825500000000005,0.3352879999999985
70,0.10518300000000025,0.25262200000000057,0.2881999999999998,0.14679100000000034,0.2921472999999999,0.1679539000000001,0.2556650000000005,0.29025000000000034,0.9914799999999993,0.6559699999999964,0.24889000000000294,0.4444510000000008,0.41753399999999985,1.0574383000000003,0.5048120000000011,0.7125440000000012,0.17536499999999933,0.32920899999999875
71,0.07863500000000201,0.1783640000000002,0.23509270000000004,0.11220199999999991,0.21912330000000146,0.1361083999999999,0.19440799999999925,0.23458200000000318,0.8060900000000011,0.5498599999999954,0.20077000000000567,0.36241399999999757,0.33493199999999845,0.8222098999999998,0.42099699999999984,0.5738479999999981,0.1398319999999984,0.2756690000000006
72,0.06655600000000206,0.13570800000000105,0.22289859999999972,0.09367799999999882,0.17289129999999986,0.11610090000000017,0.16101899999999958,0.21646700000000152,0.7388179999999984,0.5321199999999919,0.2157499999999999,0.3596049999999984,0.3819379999999981,0.7825732000000003,0.3198979999999949,0.4800000000000004,0.11338700000000301,0.2627589999999955
73,0.10385199999999983,0.25402700000000067,0.28496509999999997,0.14173399999999958,0.28784330000000047,0.16242089999999987,0.26399100000000075,0.26289799999999985,0.8931690000000003,0.6081700000000012,0.2719900000000024,0.45536200000000093,0.40829399999999794,1.0002170000000001,0.5973249999999979,0.6858249999999977,0.16636100000000198,0.29868099999999487
74,0.09702700000000064,0.2337220000000002,0.27007089999999945,0.13776099999999936,0.2739383000000011,0.16044539999999996,0.2433019999999999,0.27873000000000303,0.9375119999999981,0.6297899999999856,0.25472000000000605,0.43112899999999854,0.40766800000000103,1.0253582999999997,0.4919790000000006,0.675733000000001,0.16198899999999838,0.312145000000001
75,0.09089300000000122,0.22580699999999965,0.25051549999999967,0.1259769999999989,0.2515343000000012,0.1476902,0.22685500000000047,0.23762299999999925,0.796914000000001,0.5534600000000012,0.2505699999999962,0.40455299999999994,0.3911660000000019,0.9386472000000001,0.5186750000000018,0.645232,0.1505210000000048,0.26117999999999597
76,0.09089300000000122,0.22580699999999965,0.25051549999999967,0.1259769999999989,0.2515343000000012,0.1476902,0.22685500000000047,0.23762299999999925,0.796914000000001,0.5534600000000012,0.2505699999999962,0.40455299999999994,0.3911660000000019,0.9386472000000001,0.5186750000000018,0.645232,0.1505210000000048,0.26117999999999597
77,0.09089300000000122,0.22580699999999965,0.25051549999999967,0.1259769999999989,0.2515343000000012,0.1476902,0.22685500000000047,0.23762299999999925,0.796914000000001,0.5534600000000012,0.2505699999999962,0.40455299999999994,0.3911660000000019,0.9386472000000001,0.5186750000000018,0.645232,0.1505210000000048,0.26117999999999597
78,0.12315900000000113,0.306813,0.32374729999999996,0.16122700000000023,0.3196953000000011,0.1836323000000002,0.28740099999999913,0.35248200000000196,1.1341,0.7616199999999935,0.3085800000000063,0.5179739999999988,0.5906069999999985,1.2030667,0.5528080000000131,0.7850539999999988,0.17614700000000028,0.37603999999999616
79,0.08466100000000054,0.19269599999999976,0.2579155999999996,0.12179399999999951,0.24080430000000064,0.14632380000000023,0.2174200000000006,0.25524200000000263,0.8627639999999985,0.5825199999999882,0.24644999999999584,0.4119810000000008,0.4429620000000014,0.9713326999999996,0.42797400000000607,0.5983240000000016,0.14864899999999892,0.28607999999999834
80,0.09443300000000221,0.22234200000000115,0.2758680999999994,0.1326249999999991,0.2598243,0.1562686000000002,0.22773600000000016,0.27356900000000195,0.901807999999999,0.6082199999999887,0.25634999999999764,0.4558870000000006,0.4588649999999994,1.0683708999999997,0.49411399999999617,0.6704069999999973,0.15074700000000263,0.29260099999999767
81,0.08127600000000257,0.1933290000000003,0.23238819999999993,0.11659099999999967,0.23437330000000145,0.1398183999999998,0.21898900000000054,0.23681400000000252,0.8322299999999991,0.5612099999999884,0.22216000000000236,0.37191999999999936,0.30840399999999946,0.8383265999999994,0.40578800000000115,0.5697030000000005,0.14257800000000032,0.2904309999999981
82,0.1174350000000004,0.29108100000000015,0.31614839999999944,0.15681599999999918,0.3191323000000015,0.17622539999999987,0.29094200000000114,0.28529600000000244,0.9860889999999998,0.66019,0.28212000000000614,0.475680999999998,0.41339900000000185,1.0366314,0.6348330000000004,0.7319589999999998,0.1737680000000026,0.3295090000000016
83,-9.9999e+98,0.09785399999999989,0.15530989999999978,0.0707640000000005,0.12853830000000066,0.0900612999999999,0.12109399999999937,0.14081699999999842,0.5571510000000011,0.40852999999998474,0.17073000000000604,0.2727959999999996,0.2498950000000022,0.5925145999999994,0.2739310000000046,0.33884800000000226,0.05146900000000443,0.2105369999999951
84,0.10375500000000315,0.250807,0.2863356999999995,0.14478300000000033,0.2924933000000003,0.16674370000000005,0.27059600000000117,0.29477899999999835,1.010473000000001,0.6761699999999848,0.27682000000000073,0.44114399999999776,0.38919899999999785,1.0555697000000004,0.5071530000000024,0.7008079999999985,0.1685760000000016,0.34713800000000106
85,0.08674800000000005,0.21227700000000027,0.2457490999999994,0.12514000000000003,0.24964330000000068,0.14867059999999999,0.22518999999999778,0.24981900000000223,0.8443049999999985,0.5723999999999876,0.24824999999999875,0.4037410000000001,0.3500489999999985,0.9624116000000003,0.47793900000000633,0.6238540000000015,0.15293499999999938,0.2815349999999981
86,0.09950200000000109,0.25260000000000105,0.2797665999999994,0.14004100000000008,0.2811123000000002,0.15877160000000012,0.26400699999999944,0.23521500000000373,0.8399079999999977,0.5878500000000031,0.27836999999999534,0.4734820000000006,0.47710300000000316,0.9839152000000002,0.6098219999999941,0.7212469999999982,0.16141800000000472,0.2520839999999964
87,0.10821200000000175,0.26836199999999977,0.3066835999999995,0.1491189999999989,0.29537430000000064,0.17219970000000018,0.27102999999999966,0.32345400000000524,1.079902999999998,0.7271199999999851,0.2916799999999995,0.4883449999999989,0.5335129999999992,1.1089200000000003,0.5024099999999976,0.7386169999999979,0.17135700000000043,0.36624899999999627
88,0.09027700000000038,0.22798099999999977,0.25841199999999986,0.1280020000000004,0.25247930000000096,0.1515301,0.22382299999999944,0.2616119999999995,0.8703369999999993,0.5873599999999897,0.24772000000000105,0.4241819999999983,0.3983150000000002,0.9994964,0.4795639999999963,0.6437910000000002,0.15375900000000087,0.2903739999999999
89,0.0680240000000012,0.145111,0.22170329999999971,0.09892799999999902,0.19323230000000002,0.1222181,0.18173900000000032,0.22165800000000502,0.732405,0.4987199999999916,0.20346999999999582,0.36083099999999746,0.37459400000000187,0.7747558000000003,0.32248500000000035,0.4878229999999988,0.12311100000000152,0.2587599999999952
90,0.12093600000000038,0.2763910000000003,0.3125390000000001,0.16122999999999976,0.3208673000000015,0.1823576,0.2845799999999983,0.31400899999999865,1.0372319999999995,0.7061300000000017,0.31898999999999944,0.5386330000000008,0.5279649999999982,1.2286228000000001,0.6601819999999918,0.8031390000000016,0.18452200000000119,0.32630100000000084
91,0.1133500000000005,0.2663770000000003,0.3071541999999994,0.1514299999999995,0.31111530000000087,0.1714673000000002,0.2991740000000007,0.29381599999999963,1.0329960000000007,0.6831899999999962,0.27478999999999587,0.45612299999999806,0.3574339999999978,0.9812371999999998,0.5240690000000114,0.701194000000001,0.16500299999999868,0.35610499999999945
92,0.12553000000000125,0.269304,0.3080007,0.15786199999999972,0.3181232999999999,0.18050580000000016,0.2922000000000011,0.3214000000000041,1.0496589999999983,0.7159599999999955,0.31947999999999865,0.5095819999999982,0.5329549999999976,1.2153003,0.6526109999999932,0.7603539999999995,0.17678000000000083,0.3373160000000013
93,0.10677900000000307,0.24907699999999977,0.30254709999999996,0.14567899999999945,0.2876802999999999,0.1691083,0.25791599999999804,0.2997399999999999,0.9964890000000004,0.6779200000000003,0.2944999999999993,0.5089249999999979,0.5695869999999985,1.1811382999999998,0.573672000000002,0.7188420000000022,0.16916200000000003,0.3236530000000002
94,0.07187100000000157,0.1748410000000007,0.2109500999999998,0.10445400000000049,0.2102983000000016,0.12693829999999995,0.19832299999999847,0.20768600000000248,0.7450149999999987,0.5119699999999909,0.19702999999999804,0.3422769999999993,0.24830599999999947,0.7141833000000002,0.40430200000000127,0.5178840000000022,0.1326970000000003,0.27279699999999707
95,0.1057699999999997,0.23413099999999964,0.2816025,0.14418599999999948,0.28916630000000154,0.16681010000000018,0.2680019999999992,0.3029629999999983,1.0181059999999995,0.6824000000000012,0.281320000000008,0.45840300000000056,0.41650399999999976,1.0701595,0.502553000000006,0.7119619999999998,0.16543300000000016,0.3466629999999995
96,0.09746900000000025,0.23751000000000033,0.27193869999999976,0.13890400000000014,0.27519830000000134,0.16126899999999988,0.2415610000000008,0.2816630000000018,0.9651849999999982,0.6417199999999923,0.2366700000000037,0.4301089999999981,0.4108060000000009,0.9918984000000002,0.47394799999999293,0.6803249999999998,0.1660579999999996,0.3258560000000017
97,-9.9999e+98,0.11197899999999983,0.1600640999999996,0.07721899999999948,0.14891830000000006,0.09807070000000007,0.13952899999999957,0.15700100000000106,0.5768120000000003,0.3987300000000005,0.15395999999999788,0.28268199999999766,0.26335200000000114,0.6045929000000001,0.29410000000000025,0.35291400000000195,0.09342800000000295,0.2106950000000012
98,0.1237320000000004,0.2909000000000006,0.32030210000000015,0.16075099999999942,0.32529129999999995,0.18050889999999997,0.29809799999999953,0.29513400000000445,0.9986409999999992,0.685309999999987,0.3097800000000035,0.4813510000000001,0.4884190000000004,1.1256062,0.6771090000000015,0.7814620000000012,0.18104000000000298,0.3196629999999985
99,0.11804300000000012,0.2670110000000001,0.3041041,0.15110199999999985,0.30857130000000055,0.1719415999999998,0.287585,0.2823010000000039,0.9594570000000004,0.6516199999999799,0.28903999999999996,0.4486649999999983,0.4329800000000006,1.0636625999999998,0.6247439999999926,0.7097540000000002,0.16307700000000125,0.313561
100,0.12007100000000293,0.27770399999999995,0.31667809999999985,0.15751000000000026,0.32314230000000066,0.1782037999999999,0.30416899999999814,0.31283900000000386,1.0531249999999979,0.6963399999999922,0.29644000000000403,0.4857030000000009,0.3694439999999979,1.0655513,0.6049840000000017,0.7406480000000002,0.17258700000000005,0.35713499999999954
101,0.09732800000000097,0.24621600000000043,0.2739718,0.13642800000000044,0.2748723000000002,0.15728980000000004,0.24730100000000022,0.2447300000000041,0.850794999999998,0.5786799999999914,0.25679999999999836,0.434546000000001,0.3897149999999989,0.9546052999999999,0.5601190000000003,0.676873999999998,0.15668500000000307,0.28200199999999853
102,0.0931650000000026,0.23580300000000065,0.25836529999999946,0.12816199999999967,0.26050230000000063,0.14991200000000005,0.2396439999999984,0.2356800000000021,0.8065789999999993,0.5525399999999934,0.25365999999999644,0.42189600000000027,0.3813129999999987,0.9241570000000001,0.5478799999999922,0.6251079999999973,0.15456300000000311,0.2693689999999975
103,0.0896480000000004,0.23565400000000025,0.2841338999999996,0.12907399999999924,0.25122730000000004,0.15369559999999982,0.22339999999999804,0.27309600000000245,0.9005189999999992,0.6126199999999926,0.2668600000000083,0.472332999999999,0.530146000000002,1.0931132000000003,0.4834149999999937,0.6514239999999987,0.1554050000000018,0.28963999999999857
104,0.09595900000000057,0.2320840000000004,0.2623622000000001,0.13090500000000027,0.2661332999999999,0.1536620000000002,0.24462000000000117,0.25694100000000475,0.8637200000000007,0.581089999999989,0.2623399999999947,0.41921699999999973,0.34821299999999766,0.9484496999999994,0.5274089999999916,0.6227350000000023,0.15475899999999854,0.2911450000000002
105,0.07301999999999964,0.16880700000000104,0.21677709999999983,0.10500299999999996,0.2048223,0.12773529999999989,0.18003900000000073,0.22116700000000122,0.7046939999999999,0.48109999999999786,0.20502000000000464,0.3559769999999993,0.3200269999999996,0.8310779000000004,0.42046700000000214,0.5437860000000008,0.12963200000000086,0.23270499999999572
106,-9.9999e+98,0.10217899999999958,0.15555529999999962,0.06717899999999943,0.1204193,0.08565420000000001,0.11585499999999982,0.1346200000000053,0.5294939999999997,0.3857099999999889,0.1539499999999947,0.2738039999999984,0.2786970000000011,0.5953091000000006,0.22730300000000625,0.2855739999999969,0.05112100000000197,0.19597699999999918
107,0.10379999999999967,0.27243999999999957,0.29033320000000007,0.14692400000000028,0.2914443000000002,0.16403170000000022,0.2802730000000011,0.23171500000000123,0.8970379999999984,0.6046199999999828,0.28891000000000133,0.5315969999999979,0.5036070000000024,0.9934157999999993,0.6664179999999931,0.7803939999999976,0.16414500000000487,0.23293499999999767
108,0.11502899999999983,0.2789830000000002,0.3011499999999998,0.15420999999999907,0.3083353000000013,0.17709149999999996,0.27966299999999933,0.32522700000000526,1.063047000000001,0.7157199999999762,0.3051899999999961,0.49726300000000023,0.536096999999998,1.1895574,0.5767420000000101,0.743072999999999,0.17053700000000305,0.3455239999999975
109,0.12002999999999986,0.2847799999999996,0.31373919999999966,0.1585099999999997,0.31607630000000064,0.1770358999999999,0.2801000000000009,0.2767120000000034,0.9694539999999989,0.6645199999999818,0.296369999999996,0.4982629999999979,0.4959409999999984,1.0857413999999999,0.6528509999999983,0.7810629999999996,0.17723600000000062,0.2973349999999968
110,0.12872600000000034,0.3093090000000007,0.3456582999999993,0.17837800000000037,0.35191130000000115,0.19722280000000003,0.2922539999999998,0.3320190000000025,1.110274999999998,0.7175100000000043,0.2970800000000082,0.5493859999999984,0.5716549999999998,1.2467558999999993,0.6838530000000134,0.8588829999999987,0.17531900000000178,0.32960699999999576
111,0.1019570000000023,0.24722799999999978,0.27862589999999976,0.14020900000000047,0.28191330000000114,0.16150410000000015,0.2520729999999993,0.2664079999999984,0.9298059999999992,0.6189899999999966,0.25145999999999447,0.4538379999999975,0.3631399999999978,0.9957086999999998,0.5204960000000085,0.6867780000000003,0.1665220000000005,0.3144489999999962
112,0.11908700000000039,0.2571840000000005,0.29948209999999964,0.15247100000000025,0.30675130000000017,0.17403520000000006,0.2824099999999987,0.30057400000000456,0.9850360000000009,0.6893399999999872,0.3180499999999995,0.5033010000000004,0.5354500000000009,1.1703893999999995,0.6319209999999913,0.7419620000000009,0.16754500000000405,0.30722799999999495
113,0.13629000000000246,0.33421000000000056,0.36296649999999975,0.18570399999999943,0.3768633000000001,0.20701629999999982,0.3531119999999994,0.40119200000000177,1.237178,0.8293899999999894,0.36316999999999666,0.6074249999999992,0.6377439999999979,1.3402436,0.7396339999999952,0.8721819999999987,0.1904960000000031,0.39039899999999506
114,0.10531500000000094,0.2485160000000004,0.27988370000000007,0.14056300000000022,0.28529430000000033,0.16233880000000012,0.26383699999999877,0.263733000000002,0.8962119999999985,0.6161999999999921,0.28603999999999985,0.43869300000000067,0.4410539999999976,1.0476093000000004,0.5997109999999992,0.6818890000000017,0.17221800000000087,0.29326700000000017
115,0.08327300000000193,0.21910700000000105,0.2656187999999995,0.1214189999999995,0.23445129999999992,0.14620329999999981,0.2180250000000008,0.27380099999999885,0.9348109999999998,0.6545500000000004,0.2506999999999948,0.43241199999999935,0.48420099999999877,0.9048618000000004,0.40548899999998866,0.6224719999999984,0.14124100000000084,0.3239729999999952
116,0.12298000000000187,0.26372000000000106,0.29940619999999996,0.15398599999999973,0.3085193000000004,0.17611810000000006,0.2809999999999988,0.3098900000000029,1.0197079999999978,0.6996900000000039,0.3110900000000072,0.5056519999999978,0.5126230000000014,1.1890667000000006,0.6383380000000045,0.7554380000000016,0.1741090000000014,0.3278309999999962
117,0.06661500000000231,0.1386610000000008,0.20026079999999968,0.0940259999999995,0.18212530000000093,0.11672590000000005,0.1717019999999998,0.20660200000000373,0.7187379999999983,0.5091499999999769,0.1953100000000063,0.3504509999999996,0.2939059999999998,0.7188189999999999,0.3399040000000042,0.4832880000000017,0.11800699999999864,0.26291599999999704
118,0.09521700000000166,0.22258900000000104,0.26406609999999997,0.1326079999999994,0.26932930000000077,0.15547710000000015,0.24987099999999884,0.2701160000000016,0.9072189999999978,0.6035499999999843,0.2600000000000051,0.4076570000000004,0.38432200000000094,0.9546505999999999,0.4832269999999994,0.6359460000000006,0.1555140000000037,0.3072179999999989
119,0.09757600000000011,0.23705600000000082,0.2625586999999996,0.1310349999999989,0.2639123000000012,0.15248350000000022,0.24204599999999843,0.2442309999999992,0.8260919999999992,0.5723899999999844,0.25687999999999533,0.4030529999999999,0.39932500000000104,0.9436021000000006,0.5406789999999972,0.6467499999999973,0.15303600000000017,0.2704079999999962
120,0.07731500000000224,0.20849899999999977,0.22658539999999938,0.11304400000000037,0.22600830000000016,0.1347497999999998,0.19905699999999982,0.2080920000000006,0.7269819999999996,0.48831999999998743,0.20225000000000648,0.37594700000000003,0.31464099999999817,0.7882708999999997,0.45503599999999267,0.5728299999999997,0.13995599999999797,0.25378299999999854
121,0.07512100000000288,0.21181300000000114,0.22852549999999994,0.11474399999999996,0.2273733,0.1363167999999999,0.19332999999999956,0.21708300000000236,0.7389319999999984,0.49046999999998775,0.1838199999999972,0.3667189999999998,0.32447600000000065,0.7830358999999998,0.4740460000000013,0.5846359999999997,0.1421800000000033,0.25609999999999644
122,0.06302900000000022,0.14113400000000098,0.21607600000000016,0.09789699999999968,0.1898023000000002,0.12057869999999982,0.18019999999999925,0.22073800000000432,0.7489430000000006,0.5301899999999762,0.20237000000000194,0.3736329999999981,0.35158100000000303,0.7634543000000003,0.3151320000000055,0.5008720000000011,0.11971900000000346,0.2678069999999977
123,0.1272030000000015,0.3081080000000007,0.3398981999999995,0.17170299999999905,0.3464442999999999,0.1906816,0.32202600000000103,0.3161100000000019,1.059080999999999,0.746089999999981,0.3490199999999959,0.5321269999999991,0.5623869999999975,1.1973837000000005,0.7349820000000022,0.8269070000000021,0.16561200000000298,0.3247739999999979
124,0.1272030000000015,0.3081080000000007,0.3398981999999995,0.17170299999999905,0.3464442999999999,0.1906816,0.32202600000000103,0.3161100000000019,1.059080999999999,0.746089999999981,0.3490199999999959,0.5321269999999991,0.5623869999999975,1.1973837000000005,0.7349820000000022,0.8269070000000021,0.16561200000000298,0.3247739999999979
125,0.07105100000000064,0.15109499999999976,0.22006259999999944,0.10216299999999912,0.1979513000000015,0.12594780000000005,0.18587499999999935,0.22768400000000355,0.7885390000000001,0.5613199999999949,0.22350000000000136,0.3641380000000005,0.316793999999998,0.7665984000000003,0.3736950000000121,0.5281350000000025,0.12744100000000458,0.2853500000000011
126,0.11359400000000264,0.2838320000000003,0.3048232999999998,0.15126099999999987,0.3069473000000009,0.16952429999999996,0.2848469999999992,0.25281000000000375,0.8968199999999982,0.6280199999999923,0.29367999999999483,0.4570509999999999,0.4730109999999996,1.0128409999999999,0.6609780000000001,0.7351400000000012,0.17654800000000392,0.2819939999999974
127,0.11594800000000305,0.26616700000000115,0.30389019999999967,0.15332599999999985,0.3095783000000001,0.17409350000000012,0.28280499999999975,0.2917230000000046,0.9799019999999992,0.6705399999999884,0.2969499999999954,0.46586500000000086,0.4608930000000022,1.1107857999999995,0.638032999999993,0.7498250000000013,0.17443399999999798,0.31832800000000105
128,0.08059800000000195,0.20742800000000017,0.25307869999999966,0.11812699999999943,0.23157330000000087,0.14236400000000016,0.2161699999999982,0.2586900000000014,0.8874889999999986,0.6097999999999786,0.22957999999999856,0.4004639999999995,0.40093399999999946,0.8529891000000003,0.38870400000000416,0.5923920000000003,0.14268299999999812,0.30720699999999823
129,0.07498999999999967,0.19103199999999987,0.2505663,0.10915099999999889,0.2091743000000008,0.13289980000000012,0.19666699999999793,0.2463030000000046,0.8371709999999979,0.5821499999999844,0.23263000000000034,0.42371299999999934,0.49317600000000184,0.8824098999999999,0.34676999999999225,0.5496999999999979,0.1301740000000038,0.283851999999996
130,0.07352600000000109,0.18417200000000022,0.22230849999999958,0.11088999999999949,0.22312930000000009,0.13364410000000015,0.208715999999999,0.22361800000000187,0.775390999999999,0.5258199999999817,0.21300999999999704,0.3740239999999986,0.2677900000000015,0.7870080999999995,0.4355950000000064,0.5501359999999984,0.13927900000000193,0.279010999999997
131,0.07810600000000179,0.17626000000000097,0.2518704999999999,0.1120789999999996,0.21692330000000126,0.1340602999999998,0.19470000000000098,0.2294210000000021,0.7315359999999984,0.5218699999999785,0.24536000000000513,0.4421369999999989,0.4323920000000001,0.9622720999999999,0.46075700000000097,0.608391000000001,0.13620699999999886,0.22949200000000047
132,0.08518000000000114,0.2204309999999996,0.24613329999999944,0.1257830000000002,0.24464230000000065,0.14869010000000005,0.20457099999999784,0.25554699999999997,0.8741109999999992,0.5882399999999848,0.23733000000000004,0.3681610000000006,0.3220150000000004,0.8583123000000001,0.4804020000000122,0.6361349999999995,0.14702799999999883,0.29914699999999783
133,0.09684600000000287,0.21612600000000093,0.26449509999999954,0.1322600000000005,0.2674283000000006,0.15417479999999983,0.25561599999999984,0.27428799999999853,0.9431139999999978,0.6376699999999857,0.25428999999999746,0.42645999999999873,0.375826,0.9201579000000004,0.4228909999999928,0.6403329999999983,0.15455200000000247,0.33079099999999784
134,0.10454200000000213,0.25302000000000113,0.2843355000000001,0.14281599999999983,0.28834430000000033,0.16402759999999983,0.26254499999999936,0.2733729999999994,0.9142240000000008,0.6227899999999806,0.2772499999999951,0.438483999999999,0.42087000000000074,1.0276208000000002,0.5868930000000034,0.7082719999999973,0.17238100000000145,0.30124800000000107
135,0.12183700000000286,0.2839780000000012,0.31315649999999984,0.1586559999999988,0.3168413000000001,0.1767694999999998,0.28970199999999835,0.2729399999999984,0.959066,0.6629700000000014,0.3101999999999947,0.5359599999999993,0.5470089999999992,1.1163873000000004,0.6872919999999993,0.798451,0.17519400000000473,0.2869409999999988
136,0.08771500000000287,0.21955800000000103,0.2625375999999999,0.12553699999999957,0.24709430000000054,0.1502602999999998,0.22278100000000123,0.2689620000000019,0.8918239999999997,0.6022999999999854,0.2580200000000019,0.4343119999999985,0.4662259999999989,1.0109688000000006,0.44550600000000884,0.6186930000000004,0.15474100000000135,0.29720999999999975
137,0.07050399999999968,0.16844900000000074,0.2079822999999994,0.1031139999999997,0.20879830000000155,0.12561560000000016,0.19808899999999952,0.21457900000000052,0.7273390000000006,0.4894400000000019,0.20485000000000753,0.3629339999999992,0.25974000000000075,0.7346949,0.3695280000000025,0.5003980000000006,0.1299630000000036,0.2606409999999997
138,0.11271600000000248,0.26798300000000097,0.3016077999999993,0.14981799999999978,0.3071343000000013,0.1706666000000001,0.2880369999999992,0.28908799999999957,1.0028900000000007,0.6645000000000039,0.2817399999999992,0.4631419999999977,0.3580059999999996,1.0222185000000001,0.5741930000000082,0.7007319999999986,0.1694790000000026,0.344186999999998
139,0.09301200000000165,0.23777500000000096,0.28009530000000016,0.13036600000000043,0.2550423000000013,0.15470339999999982,0.22701499999999797,0.2712050000000019,0.900582,0.6129499999999837,0.265349999999998,0.4654260000000008,0.5112470000000009,1.0912659999999992,0.49444699999999386,0.6594999999999978,0.15492900000000276,0.29310100000000006
140,0.0734640000000013,0.17425800000000002,0.21467239999999954,0.10627199999999881,0.21461530000000018,0.12855859999999986,0.2050920000000005,0.21188400000000485,0.7659109999999991,0.5265499999999861,0.20185999999999638,0.35736400000000046,0.25070699999999846,0.7247303,0.38443800000000294,0.5233110000000032,0.13327800000000423,0.27597799999999495
141,0.12364600000000081,0.29386500000000026,0.32426200000000005,0.1616149999999994,0.3297193000000007,0.18187750000000014,0.3048479999999998,0.30364099999999894,1.0301709999999993,0.6922999999999888,0.30349999999999966,0.49652599999999936,0.43128099999999847,1.1115683,0.6688329999999922,0.757085,0.17868299999999948,0.3410909999999987
142,0.0708490000000026,0.16029800000000094,0.2264355999999994,0.10405699999999918,0.20618230000000004,0.1278199,0.19248800000000088,0.2314569999999989,0.757002,0.5091499999999769,0.2116800000000012,0.3629679999999986,0.3908619999999985,0.8113266000000001,0.34359500000000764,0.5133259999999993,0.12814600000000098,0.2616790000000009
143,0.12370300000000256,0.2906230000000001,0.32739399999999996,0.1670449999999999,0.33419929999999987,0.18748129999999996,0.28580699999999837,0.3227839999999986,1.0993819999999985,0.6976300000000037,0.25515000000000043,0.4706659999999978,0.46783100000000033,1.1937645999999997,0.5918589999999995,0.7857420000000026,0.1862120000000047,0.3481749999999977
144,0.11367600000000166,0.28762299999999996,0.31468839999999965,0.15589800000000054,0.3176943000000012,0.17565950000000008,0.2911469999999987,0.2934720000000013,0.9963599999999992,0.6663800000000037,0.2837200000000024,0.4699559999999998,0.39511500000000055,1.0376339999999997,0.6232919999999922,0.7231190000000005,0.17553399999999897,0.3379849999999962
145,0.12300600000000017,0.2922190000000011,0.30907899999999966,0.15902299999999947,0.3189623000000008,0.18234340000000016,0.2912259999999982,0.33531899999999837,1.0932499999999976,0.7355299999999829,0.32188000000000727,0.5222799999999985,0.5865100000000005,1.2385369000000006,0.6184810000000027,0.762474000000001,0.18525999999999954,0.35742700000000127
146,0.11355999999999966,0.277489000000001,0.31050369999999994,0.15041800000000016,0.2987523000000003,0.1737852000000002,0.2712459999999979,0.31478100000000353,1.018502999999999,0.7023199999999861,0.3158499999999975,0.5348679999999995,0.6036719999999995,1.2381503999999994,0.6376719999999949,0.7436040000000013,0.16935399999999845,0.32449100000000186
147,0.05136600000000158,0.11539300000000097,0.2047384000000001,0.08733400000000024,0.16191030000000062,0.10893640000000016,0.1474209999999978,0.19784500000000094,0.6521830000000008,0.4482399999999984,0.17865000000000464,0.3326209999999996,0.3735520000000001,0.7461184999999997,0.3092380000000077,0.413926,0.10767200000000088,0.2275059999999982
148,0.12611100000000164,0.31700400000000073,0.35078049999999994,0.17321800000000032,0.357546300000001,0.19270250000000022,0.3483789999999978,0.3266670000000005,1.1033000000000008,0.7258999999999958,0.3174199999999985,0.5003220000000006,0.43440800000000124,1.1324261,0.7099919999999997,0.7808290000000007,0.18015199999999965,0.36323699999999803
149,-9.9999e+98,-9.9999e+98,0.08073979999999992,0.03681300000000043,0.08060530000000021,0.05007140000000021,0.07997299999999896,0.08633700000000033,0.3775480000000009,0.2868299999999806,0.12614000000000658,0.19877599999999873,0.16393400000000113,0.3801421999999999,0.1759879999999896,0.2029829999999997,-0.0027739999999951692,0.16361899999999707
150,0.09863999999999962,0.22865600000000086,0.28677010000000003,0.1393399999999989,0.27627230000000047,0.1634275999999999,0.2502180000000003,0.3002010000000013,0.991454000000001,0.6674099999999896,0.27662999999999727,0.45961600000000047,0.5058059999999998,1.0791105000000005,0.4781109999999984,0.680852999999999,0.16317800000000204,0.3319240000000008
151,0.07380700000000218,0.17116299999999995,0.2422525999999996,0.1077659999999998,0.20918029999999987,0.13196340000000006,0.19425799999999782,0.24510500000000235,0.8011499999999998,0.543610000000001,0.22017999999999915,0.3898489999999981,0.4185219999999994,0.8464434000000001,0.35889500000000396,0.5423139999999975,0.1323640000000026,0.2781779999999969
152,-9.9999e+98,0.10396900000000109,0.1534570999999998,0.06918399999999991,0.12335530000000006,0.08823179999999997,0.11427199999999971,0.13629399999999947,0.5239159999999998,0.36836999999999875,0.14092000000000837,0.26196999999999804,0.29172399999999854,0.5953420999999999,0.2612799999999993,0.3010230000000007,0.05147999999999797,0.18967899999999815
153,0.12484099999999998,0.3074279999999998,0.33863359999999965,0.1694300000000002,0.3430533000000011,0.1880689000000002,0.30428500000000014,0.3090049999999991,1.0583950000000009,0.6932199999999966,0.2819300000000027,0.5104019999999991,0.44337600000000066,1.1062489000000006,0.6622459999999961,0.792152999999999,0.19015800000000382,0.3496290000000002
154,0.07482900000000114,0.18304400000000065,0.2199673999999998,0.11109399999999958,0.22101430000000022,0.13406850000000015,0.19714199999999948,0.22550400000000081,0.7543419999999976,0.509680000000003,0.2083899999999943,0.35819199999999896,0.29852599999999896,0.8144616999999998,0.4308850000000035,0.5589879999999994,0.13823899999999867,0.26426099999999764
155,0.10175000000000267,0.24639600000000073,0.2814179000000001,0.14149499999999904,0.2865933000000016,0.1632213,0.26540299999999917,0.28197099999999864,0.9724359999999983,0.6528899999999851,0.2699700000000007,0.45672700000000077,0.3480249999999998,1.0046495000000002,0.5357269999999943,0.6953640000000014,0.16929800000000483,0.3437399999999968
156,0.12708100000000044,0.31726600000000005,0.3442267000000001,0.17189100000000046,0.34739630000000155,0.18972480000000003,0.31882599999999783,0.2999890000000036,1.036607,0.7127699999999777,0.3198500000000024,0.49125199999999936,0.5091439999999992,1.1238451999999999,0.714626999999993,0.8124739999999981,0.16468799999999817,0.3221459999999965
157,0.12172200000000188,0.2892880000000009,0.32830899999999996,0.16518999999999906,0.3368233000000007,0.1864053000000001,0.31262900000000116,0.33681800000000095,1.1107729999999982,0.7366899999999816,0.312650000000005,0.5033639999999977,0.4742469999999983,1.1508690000000001,0.6195830000000058,0.7744050000000016,0.18405900000000486,0.36755899999999997
158,0.08469200000000043,0.22308100000000053,0.24392920000000018,0.121969,0.24473829999999985,0.14359220000000006,0.22381899999999888,0.22737300000000005,0.7687740000000005,0.539449999999988,0.24796000000000618,0.38988299999999754,0.38685600000000164,0.9134260999999997,0.5018979999999971,0.6169030000000006,0.14590600000000364,0.25024799999999914
159,0.07713999999999999,0.19664700000000046,0.22753710000000016,0.11348800000000026,0.2284853000000009,0.13601989999999997,0.20623199999999997,0.22153700000000498,0.7577809999999978,0.5120299999999816,0.21627999999999759,0.3792459999999984,0.30053200000000047,0.8209322000000006,0.45086200000000076,0.5631629999999994,0.13951800000000247,0.2666579999999996
160,0.10454600000000269,0.24482800000000005,0.2799041999999998,0.13960099999999898,0.28515530000000133,0.16152200000000017,0.26697799999999816,0.2629090000000005,0.906762999999998,0.6105399999999861,0.2788400000000024,0.441120999999999,0.38749899999999826,1.0091639,0.5790930000000003,0.6628979999999984,0.16655800000000198,0.3034800000000004
161,0.0733680000000021,0.16534799999999983,0.2031893999999994,0.10146899999999981,0.20312230000000042,0.12437399999999998,0.19170099999999834,0.21314900000000137,0.7468170000000001,0.5224199999999826,0.19881999999999778,0.33823899999999796,0.25421099999999797,0.7031898999999999,0.39128499999999633,0.500269000000003,0.12637699999999796,0.2742670000000018
162,0.0733680000000021,0.16534799999999983,0.2031893999999994,0.10146899999999981,0.20312230000000042,0.12437399999999998,0.19170099999999834,0.21314900000000137,0.7468170000000001,0.5224199999999826,0.19881999999999778,0.33823899999999796,0.25421099999999797,0.7031898999999999,0.39128499999999633,0.500269000000003,0.12637699999999796,0.2742670000000018
163,0.10519999999999996,0.24063700000000132,0.2784430999999996,0.14235599999999948,0.2861513000000002,0.16533160000000002,0.26064699999999874,0.28948300000000415,0.9640169999999983,0.6503099999999904,0.2838600000000042,0.45232799999999784,0.44574599999999975,1.0784645000000008,0.5531159999999886,0.690572999999997,0.16924800000000317,0.3212089999999961
164,0.11558300000000088,0.2914290000000008,0.3213973000000001,0.15919699999999892,0.3236693000000006,0.1778998999999999,0.2918060000000011,0.29055999999999926,1.0221710000000002,0.6731299999999862,0.26246000000000436,0.45844499999999755,0.37984100000000254,1.0098309999999993,0.5877040000000022,0.7365969999999997,0.1709019999999981,0.3467020000000005
165,0.0667030000000004,0.1472730000000002,0.23065390000000008,0.09869899999999987,0.18879730000000094,0.12135190000000007,0.17833200000000105,0.2257760000000033,0.7574170000000002,0.5325499999999863,0.2124199999999945,0.39333799999999997,0.4480359999999983,0.8086396999999996,0.30897600000000125,0.4936559999999979,0.11818999999999846,0.2656369999999981
166,0.10710399999999964,0.262455000000001,0.28704410000000014,0.14335200000000015,0.2876523000000013,0.16271140000000006,0.2547409999999992,0.2452560000000048,0.8647880000000008,0.5933100000000024,0.27200000000000557,0.4457950000000004,0.4476070000000014,0.9745892999999999,0.5988920000000064,0.7147299999999994,0.16702700000000448,0.2776539999999983
167,0.11491800000000296,0.26148900000000097,0.29767969999999977,0.15368699999999968,0.3036583000000004,0.17455050000000005,0.2586829999999978,0.29667200000000093,0.995829999999998,0.6593099999999765,0.276219999999995,0.49670099999999806,0.4598569999999995,1.1395169000000003,0.5877320000000026,0.7653299999999987,0.17987899999999968,0.31390899999999533
168,0.07585200000000114,0.1828719999999997,0.22526899999999994,0.11193100000000022,0.22641130000000054,0.1342903999999998,0.21562000000000126,0.22768299999999897,0.7908760000000008,0.53646999999998,0.2147199999999998,0.3786999999999985,0.2690100000000015,0.7770710000000003,0.4126499999999993,0.5498939999999983,0.13951600000000042,0.28312599999999577
169,-9.9999e+98,0.025133000000000294,0.10843949999999936,0.035519999999999996,0.08947329999999987,0.05068969999999995,0.08908699999999925,0.0942890000000034,0.4082030000000003,0.3035500000000013,0.12292000000000769,0.21966399999999808,0.22844100000000012,0.44406009999999974,0.17002999999999702,0.2129329999999996,-0.0010830000000012774,0.17167200000000093
170,0.10592199999999963,0.24862099999999998,0.2874422999999995,0.14638199999999912,0.29483430000000155,0.16862529999999998,0.2720319999999994,0.3033980000000014,1.0201509999999985,0.682469999999995,0.283299999999997,0.4503769999999996,0.4179010000000005,1.0892951000000002,0.5220610000000079,0.7104649999999992,0.16966599999999943,0.3448269999999951
171,0.10808500000000265,0.2433310000000013,0.2854891999999998,0.14687699999999992,0.29493530000000057,0.17005420000000004,0.2693000000000012,0.3025030000000015,1.017717000000001,0.682549999999992,0.2962100000000021,0.47454099999999855,0.5114590000000021,1.1243831000000002,0.5494879999999966,0.7119999999999997,0.16740899999999925,0.33892900000000026
172,0.08203200000000166,0.19962400000000002,0.23586259999999992,0.11617799999999967,0.23589830000000056,0.1380376000000001,0.2269079999999981,0.2352430000000041,0.8278150000000011,0.5655599999999765,0.22084999999999866,0.3865780000000001,0.27230499999999935,0.7727542999999999,0.3842729999999932,0.5597069999999995,0.13838799999999907,0.2947849999999974
173,0.08430900000000108,0.18674500000000016,0.2528300999999997,0.12035499999999999,0.23701430000000023,0.14464450000000006,0.21239699999999928,0.254285000000003,0.8317060000000005,0.5654299999999921,0.2460800000000063,0.4141079999999988,0.40807200000000066,0.9825175999999995,0.4498269999999991,0.6033639999999991,0.1481460000000041,0.277516999999996
174,0.09043300000000087,0.234865000000001,0.2542574999999996,0.12617000000000012,0.25303430000000127,0.1466854999999998,0.22517500000000013,0.2298720000000003,0.7732290000000006,0.5259700000000009,0.2331000000000074,0.4192280000000004,0.374844999999997,0.8764439999999993,0.5146309999999943,0.6320280000000018,0.1474720000000005,0.258505999999997
175,0.09001400000000004,0.21671000000000085,0.25156199999999984,0.12802399999999992,0.2556863000000007,0.15135509999999996,0.23742700000000028,0.26431800000000294,0.9073059999999984,0.6132399999999905,0.24822000000000344,0.4397549999999981,0.32659599999999855,0.9278743,0.4745549999999952,0.6371210000000005,0.15466700000000344,0.32466699999999804
176,0.12086800000000153,0.29589200000000027,0.32547709999999963,0.16227499999999928,0.32889830000000053,0.18119869999999993,0.29322699999999813,0.3063369999999992,1.0342959999999977,0.67743999999999,0.26604000000000383,0.4796300000000002,0.4045109999999994,1.0496704000000001,0.6091819999999899,0.7608560000000004,0.17751200000000011,0.34478199999999504
177,0.10783500000000146,0.2801000000000009,0.30423009999999984,0.1506229999999995,0.3060533000000003,0.17007450000000013,0.27708200000000005,0.2714330000000018,0.9455439999999982,0.6323199999999929,0.2715000000000032,0.45974000000000004,0.3971410000000013,0.9962719999999994,0.6049700000000087,0.7101819999999996,0.17753300000000394,0.31621200000000016
178,0.07547000000000281,0.15474500000000013,0.22652129999999993,0.10554699999999961,0.20639730000000078,0.12916809999999979,0.19462899999999905,0.23487200000000286,0.792898000000001,0.5478899999999953,0.21374000000000137,0.38159399999999977,0.37121799999999894,0.8017683999999994,0.3414910000000049,0.5317059999999998,0.1299369999999982,0.27747600000000006
179,0.07940699999999978,0.19394500000000114,0.2300412999999999,0.11566900000000047,0.23004829999999998,0.1385907999999998,0.20774899999999974,0.22763600000000395,0.7577449999999999,0.5254300000000001,0.2371300000000076,0.38964599999999905,0.36407900000000026,0.9220132000000003,0.47116200000000674,0.5893349999999984,0.14325200000000393,0.25002800000000036
180,0.07094999999999985,0.160343000000001,0.19416429999999973,0.09662099999999896,0.1917983000000003,0.11907639999999997,0.17474299999999943,0.2008909999999986,0.6908919999999981,0.48024999999998386,0.18746000000000151,0.309823999999999,0.2270620000000001,0.6607431999999998,0.3936950000000081,0.48012199999999794,0.11868400000000179,0.2520409999999984
181,0.05896800000000013,0.13919399999999982,0.1833480999999999,0.08818699999999957,0.17631530000000062,0.11046069999999997,0.16596099999999936,0.17974500000000404,0.6309439999999995,0.42602999999999724,0.17888999999999555,0.31896599999999964,0.2520249999999997,0.6592969999999996,0.32367299999999943,0.42883099999999885,0.10970300000000321,0.2267219999999952
182,0.07174300000000144,0.1658489999999997,0.2332250999999994,0.10672399999999982,0.21052430000000122,0.1309496000000001,0.19134899999999888,0.23014200000000073,0.7643859999999982,0.5159999999999911,0.220870000000005,0.3697589999999984,0.39269700000000185,0.8467456000000002,0.3727179999999919,0.521566,0.1308300000000031,0.2635299999999958
183,0.09155700000000166,0.2296200000000006,0.2572858999999994,0.13211300000000037,0.2609463000000005,0.15457359999999998,0.2223179999999978,0.26071300000000264,0.8772769999999994,0.5751199999999983,0.21811999999999898,0.43671999999999755,0.3651830000000018,0.9695726000000002,0.5001079999999973,0.6640139999999981,0.15711999999999904,0.2930539999999979
184,0.10527000000000086,0.23961200000000105,0.28055580000000013,0.14217499999999994,0.2836943000000005,0.16487790000000002,0.257991999999998,0.2792450000000031,0.9328079999999979,0.649959999999993,0.29623000000000843,0.48769399999999763,0.4992359999999998,1.131576,0.5985940000000056,0.708204000000002,0.16533799999999843,0.29561899999999497
185,0.10784800000000061,0.2597290000000001,0.28227329999999995,0.14700899999999884,0.28424830000000156,0.16722059999999983,0.22624000000000066,0.2513660000000044,0.8911829999999981,0.5548399999999845,0.22387000000000512,0.4704750000000004,0.45053800000000166,1.0120541999999997,0.5492190000000079,0.7344839999999984,0.1708110000000005,0.26179899999999634
186,0.06885899999999978,0.14670200000000122,0.21417809999999982,0.09716899999999917,0.19189830000000008,0.1202084000000001,0.18004200000000026,0.21692099999999925,0.703319999999998,0.47565999999997643,0.1985300000000052,0.34300400000000053,0.32655300000000054,0.7496922000000001,0.3358379999999954,0.48336499999999916,0.12439400000000234,0.24861899999999792
187,0.015581000000000955,0.11631000000000036,0.17996049999999997,0.08233300000000021,0.15404030000000013,0.1032491000000002,0.14060699999999926,0.1800970000000035,0.625312000000001,0.4411999999999807,0.1721600000000052,0.2924849999999992,0.28146500000000074,0.6513576000000008,0.32012400000000696,0.4159930000000003,0.10048799999999858,0.2255490000000009
188,0.0059180000000012,0.11471300000000006,0.15682449999999992,0.07617600000000024,0.1478483000000015,0.09645150000000013,0.1410689999999981,0.14762000000000342,0.5804669999999987,0.41725999999999885,0.165859999999995,0.2815259999999995,0.2247640000000004,0.5556742999999997,0.3031690000000111,0.3647999999999989,0.09259200000000334,0.2241199999999992
189,0.12100300000000175,0.2756880000000006,0.30888449999999956,0.15901999999999994,0.3139843000000013,0.1783108000000002,0.2799279999999982,0.2914220000000043,1.0004039999999996,0.6911399999999901,0.31494999999999607,0.5572599999999994,0.562618999999998,1.1881089999999999,0.6580030000000079,0.8026340000000012,0.18343300000000085,0.30158999999999736
190,0.1075090000000003,0.2793100000000006,0.29996579999999984,0.14915899999999915,0.30073430000000023,0.1667212,0.2738599999999991,0.23864400000000074,0.8684779999999996,0.5964099999999917,0.2758400000000023,0.4895259999999979,0.4649460000000012,0.9713390000000004,0.6501870000000025,0.7324419999999989,0.17656500000000364,0.26512400000000014
191,0.11561600000000283,0.28364800000000123,0.3117101999999994,0.15844899999999917,0.3161763000000004,0.1758267,0.2988180000000007,0.2629960000000011,0.9685789999999983,0.6762399999999786,0.3264199999999988,0.5699280000000009,0.5842390000000002,1.1372800000000005,0.6875900000000001,0.8202240000000032,0.16995400000000416,0.2737199999999973
192,0.1362230000000011,0.33716599999999985,0.37096199999999957,0.1847379999999994,0.37979130000000083,0.20386760000000015,0.3655159999999995,0.3576669999999993,1.1754689999999997,0.7788899999999899,0.3432499999999976,0.5396169999999998,0.4851320000000001,1.2252771999999998,0.7632029999999901,0.8380590000000012,0.1854459999999989,0.38066200000000094
193,0.1362230000000011,0.33716599999999985,0.37096199999999957,0.1847379999999994,0.37979130000000083,0.20386760000000015,0.3655159999999995,0.3576669999999993,1.1754689999999997,0.7788899999999899,0.3432499999999976,0.5396169999999998,0.4851320000000001,1.2252771999999998,0.7632029999999901,0.8380590000000012,0.1854459999999989,0.38066200000000094
194,0.1154970000000013,0.2652219999999996,0.3059196000000002,0.15283299999999933,0.312406300000001,0.17430259999999986,0.29765399999999786,0.28867699999999985,0.9801110000000008,0.6643200000000036,0.29882999999999527,0.4771509999999992,0.4442929999999983,1.0944671000000001,0.6242259999999931,0.7115089999999995,0.16768000000000427,0.31579999999999586
195,0.09440600000000288,0.2265270000000008,0.26466679999999965,0.13423300000000005,0.2671133000000001,0.15700629999999993,0.2407769999999978,0.27246099999999984,0.9534829999999985,0.6469099999999912,0.2415500000000037,0.4113739999999986,0.3900470000000027,0.9279126,0.4528020000000055,0.6571220000000011,0.15727300000000355,0.3277169999999998
196,0.1366580000000006,0.33474299999999957,0.3595379999999997,0.18473000000000006,0.3737533000000006,0.20634510000000006,0.35160199999999975,0.39847800000000433,1.2222100000000005,0.8327999999999918,0.3693400000000082,0.6220779999999984,0.6757900000000028,1.3506912999999994,0.7660040000000095,0.8687740000000019,0.19165500000000435,0.37896699999999583
197,0.12431100000000228,0.3048200000000012,0.3261164999999995,0.16718299999999964,0.3274833000000008,0.1882012999999998,0.2714359999999978,0.32366700000000037,1.0801729999999985,0.7028999999999996,0.2933400000000006,0.5698469999999993,0.5910159999999998,1.2944173999999995,0.6428420000000017,0.8157110000000003,0.19060900000000203,0.3229119999999952
198,0.13180800000000303,0.31767199999999995,0.3523493999999996,0.17799799999999877,0.3639443,0.19903000000000004,0.3483200000000011,0.35998700000000383,1.163886999999999,0.7757000000000005,0.34614000000000544,0.5610700000000008,0.5069680000000005,1.2439784999999999,0.7187729999999988,0.8415479999999995,0.2064409999999981,0.37888399999999933
199,0.10733500000000262,0.2430960000000013,0.28376979999999996,0.14545399999999908,0.29263430000000135,0.16839290000000018,0.26720399999999955,0.29658799999999985,0.9842139999999979,0.663960000000003,0.294399999999996,0.4644919999999999,0.44529199999999847,1.1070851,0.5754860000000122,0.7102989999999991,0.17138100000000378,0.3274119999999954
200,-9.9999e+98,0.09843400000000102,0.16539949999999948,0.07435699999999912,0.13649930000000055,0.0938165999999998,0.12754599999999883,0.15513100000000435,0.5710359999999994,0.4045799999999815,0.15881000000000256,0.277276999999998,0.2896169999999998,0.623615,0.2824839999999966,0.3518989999999995,0.052300000000002456,0.20687999999999818
201,0.08168500000000023,0.1857009999999999,0.24909849999999967,0.11754700000000007,0.23145130000000158,0.14177149999999994,0.2148469999999989,0.2537540000000007,0.865752999999998,0.5888399999999763,0.229140000000001,0.3952759999999991,0.3964040000000004,0.8636797000000005,0.4032200000000046,0.5852290000000018,0.14340899999999834,0.2988250000000008
202,0.07811200000000085,0.17590400000000095,0.23511159999999975,0.11007999999999996,0.2143803000000002,0.1340937000000002,0.20141999999999882,0.24493300000000318,0.8463509999999985,0.6022199999999884,0.23941999999999553,0.3885380000000005,0.33490600000000015,0.8072071000000003,0.3863640000000004,0.5677969999999988,0.135587000000001,0.30605500000000063
203,0.1130589999999998,0.25573600000000063,0.2939356000000002,0.1506539999999994,0.30073229999999995,0.17248390000000002,0.27152399999999943,0.2996910000000028,1.001854999999999,0.6829299999999989,0.29497999999999536,0.48380200000000073,0.48434800000000067,1.1432263000000003,0.5920720000000017,0.7417540000000002,0.1709639999999979,0.32279099999999517
204,0.12846000000000046,0.34236300000000064,0.3739409,0.18183099999999897,0.3751723000000009,0.1971810999999999,0.35848499999999817,0.34367300000000256,1.2063609999999976,0.8084599999999966,0.28271999999999764,0.4621929999999992,0.40391500000000136,1.0208883999999996,0.6063249999999982,0.7922769999999986,0.16785200000000344,0.42938600000000093
205,0.08285100000000156,0.2172420000000006,0.2426705,0.12104099999999995,0.2440483000000011,0.1435118000000002,0.2228829999999995,0.23432999999999993,0.7919750000000008,0.5399299999999982,0.23547999999999547,0.37013299999999916,0.34220200000000034,0.8978106000000006,0.48355399999999804,0.5973799999999976,0.14819800000000072,0.26284599999999614
206,0.07314799999999977,0.15727099999999972,0.19157569999999957,0.09649999999999892,0.18968430000000147,0.11923020000000006,0.17205299999999824,0.20254100000000363,0.7015259999999977,0.489530000000002,0.19545999999999708,0.316122,0.24075200000000052,0.6784846,0.39132299999999987,0.4884839999999997,0.12041100000000426,0.2546749999999989
207,0.1241940000000028,0.3230440000000012,0.34651479999999957,0.1712480000000003,0.3486853000000014,0.18880410000000003,0.3191039999999994,0.2947070000000025,1.0233509999999981,0.6867999999999768,0.30258999999999503,0.5066299999999977,0.4680850000000021,1.0884080999999997,0.7205629999999985,0.7829870000000021,0.18025300000000044,0.32754899999999765
208,0.11206200000000166,0.2620830000000005,0.2977830999999993,0.148890999999999,0.30375130000000006,0.1699790000000001,0.2844799999999985,0.2694970000000012,0.9353680000000004,0.6441299999999899,0.30035999999999774,0.4502120000000005,0.46836500000000214,1.0802962999999997,0.6304930000000013,0.7064529999999998,0.16924399999999906,0.3008659999999992
209,0.12375700000000123,0.28221399999999974,0.31917360000000006,0.16098899999999894,0.3287753000000002,0.18294290000000002,0.3135779999999997,0.314979000000001,1.058924000000001,0.7085899999999867,0.31931000000000154,0.5128559999999993,0.47431100000000015,1.1582040999999998,0.646410000000003,0.7623660000000001,0.18122000000000327,0.3447699999999969
210,0.07171000000000305,0.16328099999999957,0.2240247000000002,0.10610600000000048,0.20878830000000015,0.12994739999999982,0.1959370000000007,0.22903200000000368,0.7969709999999992,0.5545199999999966,0.2095599999999962,0.358117,0.3094999999999999,0.7620856999999992,0.38596099999999467,0.5397099999999995,0.13376800000000344,0.2857100000000017
211,0.058741000000001264,0.13002999999999965,0.21240779999999937,0.09131,0.17125630000000136,0.11382890000000012,0.15947299999999842,0.21041500000000468,0.7192849999999993,0.519629999999978,0.21062999999999477,0.33388499999999866,0.3241429999999994,0.7220608999999998,0.32409199999999316,0.47068500000000313,0.11057399999999973,0.2572619999999972
212,0.0728640000000027,0.16653900000000021,0.2355375999999998,0.10629999999999917,0.2047073000000008,0.12973709999999983,0.1789689999999986,0.2259170000000026,0.7430610000000009,0.5035999999999774,0.20360999999999763,0.3651479999999978,0.3641539999999992,0.851254,0.4151339999999948,0.5529930000000007,0.1285920000000047,0.2537540000000007
213,0.10806900000000041,0.2629070000000002,0.2952522000000002,0.1462140000000005,0.2993283000000009,0.16678760000000015,0.2797470000000004,0.2670579999999987,0.9176459999999977,0.6219899999999825,0.28441999999999723,0.4652549999999991,0.4194670000000009,1.0298286,0.6356619999999964,0.6946020000000033,0.17213100000000026,0.3059079999999952
214,0.09652499999999975,0.23359300000000083,0.2730448999999995,0.13704500000000053,0.2750603000000016,0.1591326999999998,0.2543229999999994,0.29154100000000227,0.9809689999999982,0.6672599999999989,0.24188999999999794,0.4143100000000004,0.3345610000000008,0.9110870000000002,0.45945599999998876,0.6630459999999978,0.16164600000000462,0.3469729999999984
215,0.07924400000000276,0.20512399999999964,0.2417530999999995,0.12018899999999988,0.24392230000000126,0.14275459999999995,0.23219299999999876,0.2440860000000029,0.8462800000000001,0.5672799999999825,0.2335999999999956,0.4087469999999982,0.3283430000000003,0.8562721,0.405493000000007,0.5812079999999966,0.14271700000000465,0.2933659999999989
216,0.10660500000000184,0.24438600000000044,0.29597559999999934,0.14484299999999983,0.28336430000000057,0.1669326,0.24366799999999955,0.2846140000000048,0.9458289999999998,0.6467600000000004,0.284080000000003,0.5106339999999996,0.5272529999999982,1.1286188,0.570139999999995,0.7314869999999978,0.1710160000000016,0.2917410000000018
217,0.10530400000000029,0.25144000000000055,0.28876089999999976,0.14596500000000034,0.29287430000000114,0.1673524999999998,0.2687799999999996,0.2987360000000052,1.0294479999999986,0.6930299999999932,0.26238999999999635,0.4459780000000002,0.4018529999999991,1.0039835999999998,0.49253400000000624,0.711864000000002,0.17193300000000278,0.3579340000000002
218,0.1297440000000023,0.3140300000000007,0.34609500000000004,0.17575300000000027,0.35791830000000147,0.19742950000000015,0.3380769999999984,0.36264600000000513,1.1694189999999978,0.7798699999999883,0.34207000000000676,0.5691869999999994,0.5770909999999994,1.2555372,0.692742999999993,0.8194739999999996,0.20259300000000025,0.37476499999999646
219,0.11268800000000212,0.27063900000000096,0.29560619999999993,0.14813700000000019,0.29837630000000104,0.1674650999999998,0.2714800000000004,0.25223700000000093,0.8962459999999979,0.6238699999999824,0.29780999999999835,0.4666169999999994,0.47964699999999993,1.046671,0.6362160000000046,0.7406539999999993,0.17407700000000403,0.2847849999999994
220,-9.9999e+98,0.11764100000000077,0.16194489999999995,0.07778099999999988,0.15101630000000021,0.09877700000000011,0.14190100000000072,0.15589599999999848,0.5834349999999979,0.4078299999999899,0.1570600000000013,0.29347299999999876,0.21830599999999833,0.5875079000000003,0.31537099999999896,0.3644829999999999,0.0956639999999993,0.21662299999999846
221,0.0710070000000016,0.15135900000000113,0.23197270000000003,0.10166800000000009,0.1899923000000001,0.12444629999999979,0.16631599999999835,0.2214130000000054,0.7288700000000006,0.4953399999999988,0.1929800000000057,0.3657649999999997,0.39183700000000243,0.8100356000000009,0.38998800000000244,0.5294179999999997,0.1214390000000023,0.24420200000000136
222,0.13030000000000186,0.32439199999999957,0.34668779999999977,0.17754399999999926,0.3577413000000007,0.19868249999999987,0.3296469999999978,0.36292600000000164,1.1668649999999978,0.7967099999999903,0.3483099999999979,0.5568169999999988,0.5855840000000008,1.3081667999999995,0.7258309999999994,0.8495479999999986,0.18276800000000293,0.3695069999999987
223,0.10240100000000041,0.2044890000000006,0.28045669999999934,0.13605100000000014,0.27190830000000155,0.1603085000000002,0.2512299999999996,0.2863919999999993,0.9581270000000011,0.6402999999999963,0.2830500000000029,0.4666809999999977,0.5257310000000004,1.0635152000000003,0.49289199999999767,0.6653350000000025,0.15648300000000148,0.31667199999999696
224,0.09777900000000272,0.23124900000000004,0.2698285,0.13568899999999928,0.2682153000000014,0.15824419999999995,0.2403100000000009,0.26176399999999944,0.8804370000000006,0.6140699999999981,0.2793800000000033,0.47284999999999755,0.4762050000000002,1.0677824999999999,0.5569009999999963,0.6937299999999986,0.15558800000000161,0.28068199999999877
225,0.09421600000000296,0.22693600000000025,0.25956709999999994,0.1312079999999991,0.2642963000000016,0.1545179000000001,0.24083699999999908,0.2658800000000028,0.8824660000000009,0.5949999999999989,0.2593300000000056,0.4089880000000008,0.3592800000000018,0.9832902000000008,0.5075799999999902,0.641100999999999,0.155898999999998,0.29324100000000186
226,0.09591300000000302,0.24851300000000087,0.27465340000000005,0.1367390000000004,0.27663430000000133,0.15566840000000015,0.2642950000000006,0.2295790000000011,0.8188439999999986,0.5848000000000013,0.278570000000002,0.4573110000000007,0.4748180000000026,0.9717377999999997,0.6106419999999986,0.6930930000000011,0.15828600000000392,0.24434300000000064
227,0.11867200000000011,0.2760770000000008,0.31213230000000003,0.16100199999999987,0.3167883000000007,0.18079270000000003,0.2634299999999996,0.2963020000000043,1.0198529999999977,0.6646499999999946,0.27232000000000767,0.5031619999999997,0.493269999999999,1.1451265,0.6031370000000038,0.7947170000000021,0.17768000000000228,0.31033000000000044
228,0.12677300000000002,0.32461699999999993,0.35289839999999995,0.1762789999999992,0.36051630000000046,0.19429300000000005,0.34848500000000016,0.29904499999999956,1.0496519999999983,0.7623099999999852,0.36785000000000423,0.5231700000000004,0.6327699999999972,1.1575707000000008,0.8005250000000075,0.8072990000000004,0.1902200000000036,0.302897999999999
229,0.0375120000000031,0.1306250000000002,0.17544449999999934,0.08434399999999975,0.16845230000000022,0.10588260000000016,0.16058800000000062,0.1707269999999994,0.6126100000000001,0.4164899999999818,0.1681600000000003,0.3128360000000008,0.24957200000000057,0.6156835000000003,0.30391199999999685,0.39886900000000125,0.1032820000000001,0.22335999999999956
230,0.09929900000000202,0.2546470000000003,0.2905147999999995,0.13957899999999945,0.2727913000000015,0.16314539999999988,0.23794200000000032,0.2898309999999995,0.972134999999998,0.647059999999982,0.25786000000000797,0.4729649999999985,0.5331830000000011,1.0917323000000003,0.48397400000000346,0.6947939999999981,0.16100000000000136,0.31485399999999686
231,0.07933799999999991,0.1793610000000001,0.22077659999999977,0.1084739999999993,0.21561330000000112,0.1319009000000002,0.19437899999999786,0.22931900000000383,0.7539669999999994,0.5105099999999823,0.21090999999999838,0.35096300000000014,0.30794799999999967,0.8179365999999995,0.408623999999989,0.5403399999999969,0.1314180000000036,0.25986599999999527
232,0.115120000000001,0.2519770000000001,0.29114739999999983,0.14939000000000036,0.29905630000000016,0.17156070000000012,0.2719529999999999,0.2962479999999985,0.9837290000000003,0.6760899999999879,0.302180000000007,0.4915559999999992,0.47738399999999714,1.1501887000000002,0.6211249999999922,0.7372840000000025,0.16531100000000265,0.3204729999999998
233,0.07959500000000119,0.19054700000000047,0.22540089999999946,0.11421900000000029,0.22824330000000081,0.1370357000000002,0.2061150000000005,0.22299300000000244,0.7436569999999989,0.5126999999999953,0.2343800000000016,0.3789580000000008,0.355992999999998,0.8948349000000002,0.4702130000000011,0.5856129999999986,0.1435209999999998,0.2507979999999961
234,0.11369000000000185,0.25297500000000106,0.2962904000000002,0.15021999999999913,0.3050523000000016,0.17264800000000013,0.2832000000000008,0.30022300000000257,1.0053419999999988,0.674209999999988,0.3010900000000021,0.481266999999999,0.4599510000000002,1.1155531000000005,0.5970639999999889,0.7195399999999985,0.16414300000000281,0.3302270000000007
235,0.08309300000000164,0.18828400000000123,0.2506290999999994,0.1184239999999992,0.2325633000000007,0.1426311,0.2079810000000002,0.24866700000000463,0.8269759999999984,0.5605699999999842,0.23825000000000784,0.4037469999999992,0.39849599999999796,0.9466009999999994,0.440913000000009,0.598316999999998,0.14556100000000072,0.2782799999999952
236,0.10409700000000299,0.2583859999999998,0.28049639999999965,0.14520399999999967,0.2817003000000007,0.1646299,0.2431750000000008,0.24288299999999907,0.8759209999999982,0.5689699999999789,0.25296000000000163,0.5014830000000003,0.47302799999999934,1.0080646999999994,0.5776790000000034,0.7446780000000004,0.17246899999999954,0.24852299999999872
237,0.08358400000000188,0.21297600000000116,0.24290919999999971,0.12180000000000035,0.24429930000000155,0.1444768999999999,0.2224119999999985,0.24249300000000318,0.8439750000000004,0.5716499999999769,0.22668000000000177,0.4023000000000003,0.28866100000000117,0.8497558999999999,0.46128699999999867,0.6053470000000019,0.1462190000000021,0.29708300000000065
238,0.08188700000000182,0.18254699999999957,0.24155619999999978,0.11761300000000041,0.23140930000000104,0.14180880000000018,0.20958100000000002,0.2508550000000014,0.8450759999999988,0.5726999999999975,0.23138000000000147,0.39420300000000097,0.39380000000000237,0.9013470000000003,0.4211039999999997,0.5881839999999983,0.14494100000000287,0.2908869999999979
239,0.07428499999999971,0.16574899999999992,0.21784629999999972,0.10852099999999965,0.2146233000000013,0.13184269999999998,0.20365500000000125,0.22951199999999972,0.816672999999998,0.576909999999998,0.22034999999999627,0.3831050000000005,0.30182800000000043,0.7490088000000004,0.37621999999998934,0.5474309999999996,0.13426199999999966,0.29647399999999635
240,0.1136020000000002,0.25936500000000073,0.2919906999999995,0.1466510000000003,0.297804300000001,0.16785929999999993,0.2754089999999998,0.2716959999999986,0.9281059999999997,0.63997999999998,0.2961400000000083,0.451903999999999,0.46541999999999817,1.0825702000000001,0.6221189999999979,0.709894000000002,0.16609100000000154,0.2988900000000001
241,-9.9999e+98,0.09126999999999974,0.14717380000000002,0.061175999999999675,0.1078752999999999,0.07832799999999995,0.10592199999999963,0.11940400000000295,0.48621999999999943,0.36073999999999273,0.14919000000000437,0.2613260000000004,0.24602399999999847,0.5519240999999999,0.19868400000000008,0.27020299999999864,2.8999999997836312e-05,0.1814329999999984
242,-9.9999e+98,0.09126999999999974,0.14717380000000002,0.061175999999999675,0.1078752999999999,0.07832799999999995,0.10592199999999963,0.11940400000000295,0.48621999999999943,0.36073999999999273,0.14919000000000437,0.2613260000000004,0.24602399999999847,0.5519240999999999,0.19868400000000008,0.27020299999999864,2.8999999997836312e-05,0.1814329999999984
243,0.0730130000000031,0.1590530000000001,0.2300816999999995,0.10421700000000023,0.20124530000000007,0.1278706999999999,0.17797900000000055,0.2226490000000041,0.7362879999999983,0.5007599999999854,0.20682000000000755,0.36296399999999807,0.3605629999999991,0.8467498000000004,0.40005299999999977,0.5345909999999989,0.12685799999999858,0.25498199999999827
244,0.15575400000000172,0.3916440000000012,0.4218225999999996,0.21115999999999957,0.43102830000000125,0.2250681000000001,0.38814499999999796,0.40377800000000263,1.3057949999999998,0.8231499999999983,0.30799000000000376,0.573715,0.5487649999999995,1.2916520999999994,0.8011300000000006,0.943759,0.19558100000000422,0.4117989999999949
245,0.1273040000000023,0.3046810000000004,0.3281703,0.16837999999999909,0.34095030000000115,0.19087940000000003,0.3169409999999999,0.3632610000000014,1.1600329999999985,0.7705799999999954,0.3339200000000062,0.5605039999999981,0.6149890000000013,1.2569081999999998,0.623581999999999,0.7985439999999997,0.1897730000000024,0.37803699999999907
246,0.13196399999999997,0.3182520000000011,0.3555627999999995,0.18191700000000033,0.36418830000000035,0.20139070000000014,0.31558300000000017,0.37189200000000255,1.2017269999999982,0.7757799999999975,0.2949600000000032,0.5261299999999984,0.5266759999999984,1.2778897999999996,0.641641000000007,0.8608519999999977,0.18406000000000233,0.3843559999999968
247,0.10444900000000246,0.22974400000000017,0.2712849999999998,0.1372359999999997,0.2778973000000011,0.16025139999999993,0.25526100000000085,0.2780920000000009,0.9364539999999977,0.626339999999999,0.2717700000000036,0.4341009999999983,0.4438680000000019,1.0113589999999997,0.5179329999999993,0.6571660000000001,0.16292299999999926,0.30845000000000056
248,0.06955699999999965,0.16933799999999977,0.20546549999999986,0.10047499999999943,0.20320230000000095,0.12264419999999987,0.19328199999999995,0.20538700000000176,0.7361179999999976,0.5226499999999987,0.2093500000000006,0.3156089999999985,0.19988499999999831,0.6398304000000001,0.39849799999998936,0.4876259999999988,0.12417400000000356,0.27182099999999565
249,0.04629000000000261,0.13750000000000107,0.17668829999999947,0.08710799999999885,0.17034330000000075,0.10930829999999991,0.15706699999999785,0.18606700000000131,0.6481940000000002,0.4566499999999962,0.17995000000000516,0.2980809999999998,0.23372499999999974,0.6153544000000002,0.3573920000000044,0.4452280000000002,0.10773800000000477,0.24038600000000088
250,0.04629000000000261,0.13750000000000107,0.17668829999999947,0.08710799999999885,0.17034330000000075,0.10930829999999991,0.15706699999999785,0.18606700000000131,0.6481940000000002,0.4566499999999962,0.17995000000000516,0.2980809999999998,0.23372499999999974,0.6153544000000002,0.3573920000000044,0.4452280000000002,0.10773800000000477,0.24038600000000088
251,0.07416000000000267,0.17465300000000106,0.21006500000000017,0.10517999999999894,0.21057730000000063,0.1281886000000001,0.19501599999999897,0.21375700000000109,0.7460579999999979,0.5080799999999783,0.19919000000000153,0.35471399999999775,0.2590129999999995,0.7480008000000007,0.40852999999999895,0.5191370000000006,0.1300640000000044,0.2660769999999957
252,0.08750400000000269,0.2187429999999999,0.24761679999999942,0.12304699999999968,0.25030030000000103,0.14581640000000018,0.23026099999999872,0.23637000000000086,0.8288279999999979,0.5557900000000018,0.23926000000000158,0.39881799999999856,0.30109600000000114,0.8928937000000001,0.4680850000000021,0.5856570000000012,0.14739399999999847,0.28186499999999626
253,0.1026730000000029,0.2398100000000003,0.2717571999999997,0.1361239999999988,0.27645230000000076,0.15866839999999982,0.254014999999999,0.2625420000000034,0.8929469999999995,0.601949999999988,0.2689500000000038,0.4093890000000009,0.37915900000000136,0.9856505000000002,0.5382589999999965,0.6490790000000004,0.16221800000000286,0.29877799999999866
254,-9.9999e+98,0.10012299999999996,0.1613547999999998,0.07327499999999887,0.13500630000000058,0.09312599999999982,0.128266,0.15117899999999906,0.5831869999999988,0.43107999999998015,0.17498000000000502,0.2847760000000008,0.2477090000000004,0.6106315000000002,0.27509399999999573,0.35759900000000044,0.05039599999999922,0.21847299999999592
255,0.10910400000000209,0.24005200000000038,0.2962132999999998,0.14591399999999943,0.29259630000000136,0.1696213000000002,0.2670439999999985,0.30672900000000425,1.0120819999999995,0.6802500000000009,0.298569999999998,0.4899939999999994,0.5754559999999991,1.1469809,0.5565069999999963,0.7033529999999999,0.16487200000000257,0.3349759999999975
256,0.10696200000000289,0.2719459999999998,0.2963009999999997,0.1466890000000003,0.2953033000000005,0.16509680000000015,0.2619030000000002,0.26117599999999896,0.8856280000000005,0.5996499999999969,0.26462000000000785,0.4452449999999999,0.40798500000000004,0.9497118000000002,0.5978589999999997,0.7078160000000011,0.16905200000000065,0.286570999999995
257,0.07948400000000078,0.1800550000000012,0.24582959999999954,0.11395499999999892,0.2231973000000007,0.13837600000000005,0.20568700000000106,0.25255100000000397,0.837848000000001,0.56604999999999,0.23105999999999938,0.39990200000000087,0.4453099999999992,0.8899460000000001,0.3738740000000007,0.5623620000000003,0.13827200000000062,0.28555300000000017
258,0.0978589999999997,0.2349490000000003,0.26938320000000004,0.13650999999999947,0.2740993000000014,0.1591399,0.2506559999999993,0.27920999999999907,0.9436889999999991,0.6352899999999977,0.26327999999999463,0.45430199999999843,0.33624900000000224,0.9930954999999999,0.5133440000000036,0.6782640000000022,0.16350700000000273,0.3348529999999954
259,0.12159600000000026,0.29842499999999994,0.3228422999999996,0.16040899999999958,0.3177803000000008,0.18308329999999984,0.28473499999999774,0.34431700000000376,1.1016960000000005,0.7451099999999826,0.3178000000000054,0.5420149999999992,0.6261310000000009,1.2570622999999994,0.6165459999999996,0.780622000000001,0.18015499999999918,0.35596900000000176
260,0.07597100000000268,0.162312,0.2364404999999996,0.10612199999999916,0.20551830000000137,0.13014800000000015,0.18342099999999917,0.23202400000000267,0.7632159999999999,0.5182700000000011,0.21375000000000455,0.37316099999999963,0.3956809999999997,0.8471526000000003,0.38345999999999947,0.5378709999999991,0.12819400000000059,0.26153499999999497
261,-0.0019320000000000448,0.10255200000000109,0.1901956999999994,0.07888999999999946,0.14631330000000098,0.09881040000000008,0.13995099999999994,0.17042700000000366,0.62378,0.46003999999999223,0.1886999999999972,0.3259839999999983,0.3148509999999973,0.6795856000000002,0.2603539999999924,0.37957899999999967,0.09293300000000215,0.22696499999999986
262,0.10702200000000062,0.24931500000000106,0.2832593000000001,0.14503500000000003,0.2890813000000012,0.16703160000000006,0.25707200000000086,0.2838300000000018,0.9676279999999977,0.6510999999999854,0.27371000000000834,0.46186999999999756,0.4187019999999997,1.0825242999999993,0.5466390000000132,0.7151870000000002,0.16684899999999914,0.31906899999999894
263,0.10490500000000225,0.26909700000000036,0.2972735999999996,0.14770899999999898,0.2991103000000006,0.1671537999999999,0.2673829999999988,0.27721000000000373,0.9592519999999993,0.6338599999999985,0.24535000000000196,0.4382640000000002,0.35997199999999907,0.9702147999999999,0.5417699999999996,0.6968510000000023,0.16980999999999824,0.32797300000000007
264,0.08441200000000038,0.20185999999999993,0.2424615000000001,0.12340200000000046,0.2434093000000015,0.14679619999999982,0.21435400000000016,0.24822699999999998,0.8439309999999978,0.5662599999999998,0.22872999999999877,0.40333299999999994,0.3537510000000026,0.9376552999999994,0.4593679999999978,0.6160499999999978,0.1511640000000014,0.28368299999999635
265,0.1180550000000018,0.28217800000000004,0.3052823,0.15565999999999924,0.31353529999999985,0.17826409999999981,0.2908159999999995,0.3311380000000028,1.093674,0.7281799999999805,0.30803000000000225,0.503933,0.5543320000000023,1.1670604000000004,0.5526939999999883,0.7484979999999979,0.1689790000000002,0.36252700000000004
266,0.11202300000000065,0.2722350000000002,0.2963882999999994,0.1522799999999993,0.30364330000000095,0.1741166999999999,0.2707669999999993,0.3091130000000035,1.0378889999999998,0.6950399999999775,0.2841200000000015,0.47957999999999856,0.46412699999999774,1.1312122000000002,0.543295999999998,0.739844999999999,0.1743319999999997,0.3464049999999972
267,0.07801400000000314,0.17920600000000064,0.2373731999999995,0.11342999999999925,0.22082930000000012,0.13781430000000006,0.2032910000000001,0.2486069999999998,0.8294040000000003,0.5651900000000012,0.22728000000000748,0.39623399999999975,0.3780520000000003,0.8667055000000001,0.41148700000000815,0.5823179999999972,0.139285000000001,0.2871680000000012
268,0.10435900000000231,0.2322930000000003,0.2871826999999998,0.14205100000000037,0.2817753000000014,0.16578740000000014,0.2542699999999982,0.2968450000000047,0.9743449999999996,0.6629199999999855,0.2906799999999947,0.4894660000000002,0.5295430000000003,1.1397680000000001,0.560883000000004,0.698917999999999,0.16468799999999817,0.31898599999999533
269,0.10545600000000022,0.244529,0.2795215999999998,0.140034,0.28511929999999985,0.16202130000000015,0.26393600000000106,0.27913699999999864,0.9533969999999989,0.6354999999999791,0.27366999999999564,0.4451769999999975,0.3683960000000006,0.9941465000000003,0.5175389999999993,0.6673240000000007,0.16619500000000187,0.32360299999999853
270,0.13453600000000066,0.32761700000000005,0.36114900000000016,0.18228000000000044,0.3678283000000011,0.2011251999999999,0.3308800000000005,0.37960100000000097,1.2394280000000002,0.8089799999999912,0.29361000000000104,0.5273280000000007,0.5226240000000004,1.2348787000000003,0.5956769999999949,0.8424379999999978,0.1829450000000037,0.4064249999999987
271,0.08660700000000077,0.2174580000000006,0.2462542000000001,0.12295100000000048,0.2485073,0.14572399999999996,0.2263370000000009,0.2390270000000001,0.8222500000000004,0.5537300000000016,0.23708999999999492,0.37408399999999986,0.31835299999999833,0.8937857000000005,0.46835799999999495,0.5899040000000007,0.14949299999999965,0.2787629999999979
272,0.07536800000000099,0.19598400000000105,0.22668679999999952,0.11259399999999964,0.2267463000000003,0.13491350000000013,0.20496299999999934,0.22007599999999883,0.7558039999999977,0.510249999999985,0.2100200000000001,0.3701900000000009,0.29082400000000064,0.7895384999999999,0.44602700000000084,0.5528800000000018,0.14106199999999802,0.26648199999999633
273,0.09576799999999963,0.23074800000000018,0.2619604999999998,0.13333899999999943,0.2676753000000005,0.1565034999999999,0.2442840000000004,0.26001099999999866,0.8761389999999984,0.6019599999999912,0.2704700000000031,0.43194599999999994,0.4067469999999993,1.0235652000000002,0.5537470000000013,0.6678880000000014,0.16269300000000442,0.2879519999999971
274,0.09416900000000084,0.22797300000000043,0.2592433999999999,0.13181400000000032,0.26469630000000066,0.15484469999999995,0.24069199999999924,0.2551680000000047,0.8653750000000002,0.5906599999999855,0.2679200000000037,0.4244659999999989,0.3914320000000018,0.9983750000000002,0.5399220000000042,0.6643679999999996,0.15867300000000029,0.289010999999995
275,0.11306599999999989,0.2776069999999997,0.3054573999999999,0.15110699999999966,0.3101533000000014,0.1716283999999999,0.28889799999999966,0.2802780000000027,0.9739590000000007,0.6485199999999907,0.284009999999995,0.46280199999999994,0.3992260000000023,1.019781,0.6188330000000093,0.7008110000000016,0.16936300000000415,0.33120299999999503
276,0.07041500000000056,0.13873200000000097,0.21413860000000007,0.09739199999999926,0.1859383000000001,0.1203365999999999,0.17447599999999852,0.22149800000000397,0.7533619999999992,0.5393299999999783,0.21466999999999814,0.36433999999999855,0.3345620000000018,0.7701087000000006,0.3448750000000018,0.5090649999999997,0.1188720000000032,0.2744679999999988
277,0.130587000000002,0.33161800000000063,0.35659879999999955,0.1778739999999992,0.3621413000000011,0.1961012000000002,0.3363109999999985,0.32330500000000484,1.080604000000001,0.7387499999999818,0.3327199999999948,0.502127999999999,0.5242260000000023,1.1771979999999997,0.7548790000000025,0.828042,0.1846180000000004,0.34360699999999866
278,0.09225900000000209,0.2089660000000002,0.2526440999999995,0.12801200000000001,0.2565873000000014,0.1516601999999998,0.2388539999999999,0.26383500000000026,0.9133929999999992,0.6123099999999795,0.25302000000000646,0.41729099999999875,0.41887399999999886,0.9672879999999999,0.42304299999999273,0.6320130000000006,0.15164800000000156,0.31163000000000096
279,0.07313800000000015,0.1580969999999997,0.22539659999999984,0.10306699999999935,0.2000743000000007,0.12701150000000005,0.18385999999999925,0.2321150000000003,0.766731,0.5265100000000018,0.20247000000000526,0.35814399999999935,0.35090100000000035,0.7784449000000002,0.375977000000006,0.5249260000000007,0.12325299999999828,0.27014399999999483
280,0.07821500000000015,0.2005530000000011,0.24508580000000002,0.11297399999999946,0.21886330000000065,0.13745830000000003,0.20260299999999987,0.2524670000000029,0.8610240000000005,0.598889999999983,0.22445000000000448,0.3992930000000001,0.40086399999999855,0.8445197000000002,0.38498900000000447,0.5782340000000019,0.13559300000000007,0.298967999999995
281,0.07858000000000231,0.17953900000000012,0.2575348000000002,0.11493299999999884,0.22230930000000093,0.13776389999999994,0.19726700000000008,0.2401270000000011,0.7570489999999985,0.5394199999999785,0.25709000000000515,0.4592589999999994,0.4594660000000026,1.0061814,0.47523599999999533,0.6173639999999985,0.13782400000000194,0.23962799999999618
282,0.09735400000000283,0.25758100000000006,0.2752454999999996,0.1375049999999991,0.27538330000000144,0.15752599999999983,0.2346900000000005,0.2401620000000051,0.8454890000000006,0.5548499999999876,0.2262099999999947,0.4313420000000008,0.39282799999999796,0.9172571999999999,0.541205000000005,0.6770640000000014,0.15735899999999958,0.2844169999999977
283,0.01961299999999966,0.11953800000000037,0.17336680000000015,0.0828129999999998,0.16039830000000066,0.10416429999999988,0.15154400000000123,0.17574499999999915,0.622329999999998,0.4359900000000039,0.17125000000000057,0.3229900000000008,0.2579960000000021,0.6360967999999998,0.310639000000009,0.4060780000000008,0.1047009999999986,0.23020700000000005
284,0.11237799999999964,0.2745370000000005,0.3015951999999995,0.1542519999999996,0.30433330000000147,0.1720641999999999,0.27745399999999876,0.2618630000000053,0.9442789999999981,0.6435699999999827,0.2985400000000027,0.5461479999999987,0.5383370000000021,1.1090277999999998,0.6399100000000004,0.7974519999999998,0.1743099999999984,0.2723370000000003
285,0.08995499999999979,0.21584600000000087,0.2551646999999999,0.12914099999999884,0.2554173000000013,0.1527582999999999,0.22985800000000012,0.2692650000000043,0.9248329999999996,0.6267299999999807,0.23982999999999777,0.4140270000000008,0.40802599999999956,0.9250122999999997,0.4454120000000046,0.6428089999999997,0.15247600000000006,0.3191459999999964
286,0.11787100000000095,0.29887500000000067,0.3214901000000001,0.1621769999999998,0.32510230000000107,0.17838889999999985,0.3128479999999989,0.25847000000000264,0.9792109999999994,0.6756799999999998,0.3259299999999996,0.5708899999999986,0.5652599999999985,1.0936244999999998,0.701878999999991,0.8211879999999994,0.17053299999999894,0.25981399999999866
287,0.09455499999999972,0.2419570000000011,0.26491240000000005,0.12990299999999877,0.2653483000000012,0.15067750000000002,0.2461449999999985,0.2288160000000019,0.7930039999999998,0.5463900000000024,0.25390000000000157,0.41817499999999797,0.385270000000002,0.9079826999999998,0.5602240000000052,0.6191919999999982,0.15295300000000367,0.2643190000000004
288,0.06254900000000063,0.14592000000000027,0.22537679999999938,0.09904000000000046,0.18900830000000113,0.12181199999999981,0.17787600000000126,0.2220530000000025,0.7620930000000001,0.536849999999987,0.2082500000000067,0.3873889999999989,0.41357099999999747,0.8109868000000002,0.3114980000000003,0.5014140000000005,0.119568000000001,0.26887800000000084
289,0.07215700000000069,0.19761900000000132,0.22741399999999956,0.10955199999999898,0.22589730000000152,0.13051639999999987,0.2184039999999996,0.20431100000000413,0.7473989999999979,0.4981999999999971,0.19966999999999757,0.34182699999999855,0.24716700000000102,0.7005958999999997,0.37350000000000705,0.4987320000000004,0.1341949999999983,0.26412899999999695
290,0.07296200000000042,0.1862370000000002,0.21851229999999955,0.11000199999999971,0.21354130000000104,0.13235719999999995,0.17701100000000025,0.2148600000000016,0.7227840000000008,0.4780799999999772,0.17663000000000295,0.36292999999999864,0.3255750000000006,0.7956221999999995,0.4590419999999966,0.5786550000000013,0.13667500000000388,0.2455360000000013
291,0.1026270000000018,0.24451900000000037,0.2781886999999994,0.14104700000000037,0.2822653000000006,0.16304510000000016,0.25465600000000066,0.2876359999999991,0.9756840000000011,0.6553399999999954,0.25804000000000826,0.4349609999999977,0.389362000000002,1.0070464999999995,0.49959799999999177,0.6886139999999976,0.16556100000000384,0.33487300000000175
292,0.09464000000000183,0.21771200000000057,0.2643626999999995,0.1337899999999994,0.26658630000000016,0.15812539999999986,0.24169999999999803,0.2780690000000021,0.932860999999999,0.6284299999999803,0.27076999999999884,0.4445799999999984,0.47555699999999845,1.0602479999999996,0.4909980000000047,0.6484620000000021,0.16038300000000305,0.308720000000001
293,0.09029100000000057,0.2318270000000009,0.26184019999999997,0.12835199999999958,0.2633063,0.1501264,0.2439239999999998,0.24134700000000464,0.8395720000000004,0.5590200000000038,0.24219999999999686,0.3930970000000009,0.3128830000000029,0.8811090999999998,0.507000000000005,0.5868199999999995,0.1499950000000041,0.2849209999999971
294,0.12079400000000007,0.29295199999999966,0.31106319999999954,0.16031800000000018,0.3219113,0.18307289999999998,0.294083999999998,0.3272310000000047,1.0746919999999989,0.7289600000000007,0.3235300000000052,0.5185889999999986,0.5236710000000002,1.2362115999999999,0.6530779999999936,0.7799170000000011,0.18352200000000352,0.3491849999999985
295,0.07079600000000141,0.16844400000000093,0.19851509999999983,0.10094799999999893,0.19822930000000127,0.12295109999999987,0.17502700000000004,0.19575999999999993,0.6536149999999985,0.44669999999999277,0.19572999999999752,0.3422079999999994,0.30768099999999876,0.7787702999999997,0.4129310000000004,0.5275580000000026,0.12495600000000451,0.22423699999999513
296,0.10768900000000059,0.2649920000000012,0.28900409999999965,0.14874399999999888,0.29346030000000134,0.1669862000000002,0.28056199999999976,0.2473320000000001,0.9354729999999982,0.6414099999999792,0.3037000000000063,0.5779940000000003,0.5656660000000002,1.1087045,0.6643590000000046,0.7939780000000027,0.16841800000000262,0.24788600000000116
297,-9.9999e+98,0.06988500000000109,0.13410479999999936,0.06432299999999991,0.09852930000000093,0.07475560000000003,0.09628700000000023,0.11344800000000532,0.4745299999999979,0.3564399999999921,0.149249999999995,0.2600619999999978,0.26750200000000035,0.5549157000000005,0.1885429999999957,0.24369499999999888,0.00018599999999935335,0.18029999999999546
298,0.129247000000003,0.3168059999999997,0.3517833999999995,0.17617800000000017,0.3567952999999999,0.19491710000000007,0.32344600000000057,0.3468380000000053,1.1325590000000005,0.7550499999999829,0.3074900000000014,0.4845649999999999,0.44551400000000285,1.1540064999999995,0.672031000000004,0.8276429999999984,0.1809950000000029,0.37258899999999784
299,0.014667000000002872,0.12033500000000075,0.16002859999999952,0.07875799999999877,0.15341430000000145,0.09999059999999993,0.14461299999999966,0.15609299999999848,0.5995509999999982,0.4257199999999841,0.16758000000000095,0.28729799999999983,0.21525899999999965,0.5876869999999998,0.3167529999999914,0.3911100000000012,0.09656499999999824,0.22417999999999694
300,0.0840519999999998,0.21565100000000115,0.23974579999999968,0.11904000000000003,0.23971130000000151,0.14099359999999983,0.21488099999999832,0.22585200000000327,0.7912159999999986,0.5316299999999785,0.2150000000000034,0.37909799999999905,0.3015599999999985,0.8091684999999993,0.46027700000000493,0.5775699999999979,0.14522099999999938,0.27416900000000055
301,0.1212440000000008,0.28486800000000123,0.31325419999999937,0.16024999999999956,0.31762530000000133,0.17865390000000003,0.2844219999999993,0.28407700000000347,0.9758250000000004,0.6635499999999865,0.3094700000000046,0.5514729999999979,0.5571710000000003,1.1442570000000005,0.6811430000000058,0.8099680000000014,0.17762400000000156,0.2906939999999949
302,0.11333500000000285,0.2767850000000003,0.30807499999999965,0.15477399999999975,0.3111923000000001,0.1744150000000002,0.2685500000000012,0.29292999999999836,1.000080999999998,0.6443399999999997,0.23380000000000223,0.4570149999999984,0.4063680000000005,1.0532060999999997,0.563736999999989,0.7322880000000005,0.178449999999998,0.3322080000000014
303,0.1302720000000015,0.32363300000000095,0.34536549999999977,0.1771419999999999,0.3474933,0.19386059999999983,0.3013879999999993,0.2836980000000011,1.040386999999999,0.658709999999985,0.2862700000000018,0.5473299999999988,0.612406,1.1415667999999997,0.6474680000000035,0.8379399999999997,0.18500999999999834,0.26784299999999917
304,0.0862569999999998,0.21896300000000046,0.2465888999999999,0.12443199999999877,0.24607130000000055,0.14845219999999992,0.22906700000000058,0.2630589999999984,0.9142070000000011,0.6261799999999766,0.23811000000000604,0.4101759999999999,0.36181399999999897,0.8767680000000002,0.4398930000000121,0.6273090000000003,0.14762699999999995,0.3266449999999992
305,0.06025200000000197,0.1414080000000002,0.18242199999999986,0.09049800000000019,0.1791083000000011,0.1130694000000001,0.16820599999999786,0.19129900000000077,0.6593869999999988,0.4513900000000035,0.17999000000000365,0.3303130000000003,0.24045699999999925,0.6633225999999999,0.3477409999999992,0.4575950000000013,0.11354599999999948,0.2406220000000019
306,0.07685600000000292,0.186338000000001,0.22583470000000005,0.11111000000000004,0.22563430000000118,0.1331642999999998,0.21634799999999998,0.22328300000000212,0.7896590000000003,0.5374199999999973,0.20899,0.3659819999999989,0.2507629999999992,0.7453685999999999,0.3921919999999943,0.5323330000000013,0.13754200000000338,0.28176099999999593
307,0.06992400000000032,0.15258600000000122,0.23924019999999935,0.10224599999999917,0.19444830000000124,0.12587709999999985,0.1762219999999992,0.23234000000000066,0.7562630000000006,0.5153599999999869,0.20816000000000656,0.3724559999999997,0.42189499999999924,0.8196094,0.35656899999999325,0.5153009999999973,0.12302700000000044,0.2591029999999961
308,0.13543700000000314,0.3383230000000008,0.3763962999999997,0.18747199999999964,0.38552929999999996,0.20597449999999995,0.36531300000000044,0.3750130000000027,1.2325499999999998,0.8073699999999917,0.338239999999999,0.5457389999999975,0.44543200000000027,1.2308582999999995,0.7293769999999995,0.8572089999999974,0.18872100000000103,0.39427999999999486
309,0.09219300000000175,0.2354130000000012,0.2564549999999999,0.1275549999999992,0.2557483000000005,0.14832199999999984,0.23038099999999773,0.23613000000000284,0.7897409999999994,0.5429599999999937,0.24146000000000356,0.39304199999999767,0.3801409999999983,0.9002863999999997,0.5161349999999914,0.6387889999999992,0.14913899999999813,0.26118900000000167
310,0.1330360000000006,0.3210910000000009,0.35326460000000015,0.1799869999999988,0.36566330000000136,0.20133299999999998,0.338712000000001,0.37597900000000095,1.2129569999999994,0.8065799999999967,0.34632000000000573,0.5761099999999999,0.5932230000000018,1.2953013000000002,0.6907420000000002,0.8475369999999991,0.2074750000000023,0.3941039999999987
311,0.11397600000000097,0.27248100000000086,0.3043439000000001,0.15551600000000043,0.30829330000000077,0.17516389999999982,0.26965399999999917,0.27772600000000125,0.9715539999999976,0.6648600000000044,0.2991700000000037,0.5153369999999988,0.5085589999999982,1.1315255999999998,0.6389989999999983,0.7820059999999991,0.17471100000000206,0.3001739999999984
312,0.09441400000000044,0.25064000000000064,0.27456179999999986,0.13524699999999967,0.27449230000000036,0.1555686999999999,0.24755400000000094,0.2517380000000031,0.8919229999999985,0.5944899999999791,0.22232999999999947,0.3909319999999994,0.31863500000000045,0.8625230999999998,0.4973990000000015,0.6400530000000018,0.15729800000000438,0.3075159999999997
313,0.1301690000000022,0.32023500000000027,0.3540038999999995,0.17770200000000003,0.3625713000000008,0.1976996999999998,0.3369730000000004,0.346580000000003,1.1383559999999981,0.7631700000000023,0.33522000000000673,0.5161479999999976,0.4887500000000031,1.2225901000000006,0.7294770000000028,0.8323300000000025,0.19011700000000076,0.3663309999999953
314,0.08980500000000191,0.21504999999999974,0.25645449999999936,0.1302089999999989,0.2583783000000004,0.1539853,0.23896799999999985,0.2745350000000002,0.9453220000000009,0.6438199999999767,0.24772000000000105,0.42381599999999864,0.38164199999999937,0.9207242000000004,0.452100999999999,0.6511490000000002,0.15220599999999962,0.3343789999999984
315,0.10612800000000178,0.24834700000000076,0.2851431,0.14189099999999932,0.2895053000000001,0.1634411,0.2670880000000011,0.27767300000000006,0.938724999999998,0.6268900000000031,0.2759199999999993,0.4401200000000003,0.3568719999999992,0.9975991000000004,0.5595770000000044,0.6598570000000024,0.16209100000000376,0.316086999999996
316,0.06328000000000245,0.14218200000000003,0.20560210000000012,0.09557899999999897,0.18352229999999992,0.11885920000000016,0.17019799999999918,0.21328600000000364,0.7318829999999998,0.5146999999999764,0.20183000000000106,0.33980499999999836,0.3326449999999994,0.7411968999999994,0.35103200000000356,0.4919960000000003,0.11839100000000258,0.26329199999999986
317,0.09701300000000046,0.23900500000000058,0.26503379999999943,0.13236000000000026,0.26705930000000144,0.15393979999999985,0.2437429999999985,0.2461020000000005,0.8338870000000007,0.5746199999999817,0.2600800000000021,0.40786199999999795,0.4027269999999987,0.9603349999999997,0.5507450000000063,0.6586660000000002,0.15427600000000297,0.27430899999999525
318,0.07783799999999985,0.1831390000000006,0.22303229999999985,0.11254699999999929,0.2256253000000008,0.13597059999999983,0.20904600000000073,0.22895799999999866,0.7931880000000007,0.5349999999999966,0.22491999999999734,0.3894990000000007,0.2929680000000019,0.8370508000000001,0.4180040000000105,0.562536999999999,0.13951600000000042,0.2780699999999996
319,0.06950100000000248,0.17888699999999957,0.20982969999999934,0.10363899999999937,0.20858730000000136,0.12570579999999998,0.18768700000000038,0.20624200000000315,0.6972339999999981,0.4723299999999995,0.18744999999999834,0.33400299999999916,0.2657980000000002,0.7127436999999999,0.42073399999999594,0.5041909999999987,0.12724200000000252,0.24689999999999657
320,0.055107000000003126,0.13232200000000027,0.17749579999999998,0.08590300000000006,0.16603130000000021,0.10782390000000008,0.14909799999999862,0.17339000000000482,0.6095579999999998,0.4184499999999787,0.16315000000000168,0.2912719999999993,0.2511310000000009,0.6593619999999998,0.36109400000000846,0.44485699999999895,0.10739300000000185,0.22035400000000038
321,0.08950300000000055,0.22339600000000104,0.27242319999999953,0.12661999999999907,0.24921730000000153,0.1517065999999998,0.22645199999999832,0.2759670000000014,0.9086019999999984,0.6103999999999985,0.261800000000008,0.45237599999999745,0.5383989999999983,1.0322353,0.4414079999999956,0.6159999999999997,0.1556410000000028,0.29944400000000115
322,0.09407300000000163,0.24974399999999974,0.27114619999999956,0.13434200000000018,0.27151930000000135,0.15194339999999995,0.26440799999999953,0.22265000000000157,0.8002009999999977,0.5665300000000002,0.27149,0.45526599999999817,0.45789600000000164,0.9240504999999999,0.5797219999999896,0.6923700000000004,0.15349199999999996,0.22777299999999912
323,0.07969200000000143,0.2037570000000013,0.24787719999999958,0.11356999999999928,0.21923530000000113,0.13797179999999987,0.19720999999999833,0.2496360000000024,0.8481699999999996,0.5848799999999983,0.22402999999999906,0.3819899999999983,0.40422700000000233,0.8310504999999999,0.4008310000000108,0.5834460000000021,0.13815100000000058,0.2901549999999986
324,0.08111400000000302,0.21050500000000127,0.23387199999999986,0.11756300000000053,0.23647230000000086,0.14008529999999997,0.21476200000000034,0.22448899999999838,0.7592639999999982,0.5215299999999843,0.2405600000000021,0.411014999999999,0.35261299999999807,0.8955004999999998,0.48892399999999725,0.6046119999999995,0.14635300000000484,0.25990600000000086
325,0.07289800000000213,0.1719810000000006,0.21485809999999983,0.10772599999999954,0.2157063000000008,0.1306303999999998,0.20471799999999973,0.2233410000000049,0.7838579999999986,0.5387999999999806,0.2085699999999946,0.3746469999999995,0.27923900000000046,0.7645210000000002,0.3886839999999978,0.5364550000000001,0.1349519999999984,0.28366199999999964
326,0.06861400000000017,0.15727000000000046,0.1927759999999994,0.09666400000000053,0.19073830000000136,0.11936219999999986,0.1734580000000001,0.20518700000000223,0.6996889999999993,0.4875499999999988,0.19259999999999877,0.31414200000000037,0.24481899999999968,0.6690500000000004,0.3901490000000081,0.48881700000000095,0.11872999999999934,0.25093599999999583
327,0.10434700000000063,0.23212299999999964,0.27209340000000015,0.1364970000000003,0.2782713000000001,0.15884039999999988,0.2605979999999981,0.27168100000000095,0.9218669999999989,0.6120799999999917,0.2704400000000078,0.42947699999999855,0.39264200000000216,0.9748789000000002,0.5133729999999872,0.6481500000000011,0.16042699999999854,0.3074680000000001
328,0.11401000000000039,0.2738050000000012,0.30795809999999957,0.1539319999999993,0.31375930000000096,0.1749149000000001,0.28957300000000075,0.3006950000000046,1.0255919999999996,0.6835199999999872,0.2899799999999999,0.47448599999999885,0.37364200000000025,1.0579296999999999,0.590707000000009,0.724499999999999,0.175457999999999,0.3461289999999977
329,0.083318000000002,0.20691300000000012,0.26240620000000003,0.12646099999999905,0.23815130000000018,0.14667010000000014,0.2063309999999987,0.23403900000000277,0.7907419999999981,0.5120699999999943,0.22267000000000792,0.4839929999999981,0.4313799999999972,0.9795794999999998,0.47943199999998853,0.6914059999999971,0.15030300000000096,0.22062400000000082
330,0.12485000000000213,0.3082510000000003,0.34317960000000003,0.1715920000000004,0.35145030000000155,0.19206950000000012,0.33884000000000114,0.3214000000000041,1.0806660000000008,0.7328599999999881,0.32994000000000767,0.5276779999999981,0.5130079999999992,1.1733301000000003,0.7181819999999988,0.7842640000000003,0.19701799999999992,0.34521499999999605
331,0.12495000000000189,0.284497,0.3362843,0.16777599999999993,0.3429493000000008,0.1873841999999999,0.3305189999999989,0.3448540000000051,1.160781,0.771410000000003,0.3097000000000065,0.5126099999999987,0.4543319999999973,1.1026731000000005,0.552037999999996,0.7980369999999972,0.179230000000004,0.3942699999999988
332,0.09841199999999972,0.226483,0.2727997999999996,0.1391019999999994,0.2768613000000002,0.1622359000000002,0.2595509999999983,0.3067780000000013,1.0233249999999998,0.6972199999999873,0.26189000000000817,0.4423189999999977,0.4347829999999995,0.9693244999999999,0.4517369999999943,0.6839280000000016,0.16320100000000082,0.35339700000000107
333,0.08774999999999977,0.20608700000000013,0.2597151999999996,0.12630199999999903,0.2487162999999999,0.15013889999999996,0.22873799999999989,0.2750699999999995,0.9412599999999998,0.6517299999999864,0.2429599999999965,0.41875599999999835,0.4336159999999971,0.8609126000000007,0.4210809999999867,0.6283700000000003,0.14496000000000464,0.328834999999998
334,0.07526100000000113,0.17966299999999968,0.22014219999999973,0.10939999999999905,0.21729830000000128,0.13301249999999998,0.20563399999999987,0.2366129999999984,0.8321669999999983,0.5960800000000006,0.241659999999996,0.36560799999999816,0.2571489999999983,0.7191043000000001,0.4158479999999969,0.5466099999999976,0.13264999999999816,0.3064449999999965
335,0.08045400000000313,0.18343199999999982,0.2293687999999996,0.11580799999999947,0.22929930000000098,0.13957309999999978,0.20611399999999946,0.2388690000000011,0.8068179999999998,0.5460599999999829,0.22822000000000742,0.38265699999999825,0.3311070000000029,0.8829982999999997,0.4369489999999985,0.5771060000000006,0.14517400000000436,0.2810479999999984
336,-9.9999e+98,0.09864300000000092,0.16916719999999952,0.07557300000000033,0.1386863000000016,0.09552069999999979,0.13033300000000025,0.15734700000000146,0.5872630000000001,0.41980999999998403,0.16522000000000503,0.2928329999999981,0.30706599999999895,0.6511013999999999,0.2668469999999985,0.35243300000000133,0.05014200000000102,0.21419099999999958
337,0.10331500000000204,0.22806700000000113,0.27362609999999954,0.13929599999999986,0.28056630000000027,0.1619345000000001,0.2612419999999993,0.28884800000000155,0.9784909999999982,0.6548200000000008,0.27370000000000516,0.4433620000000005,0.4005410000000005,1.0324466999999995,0.4838459999999998,0.682309,0.15939000000000192,0.3384769999999975
338,0.1063900000000011,0.22355199999999975,0.29231479999999976,0.14282799999999973,0.2863703000000015,0.16619319999999993,0.26549400000000034,0.2976420000000033,1.0116709999999998,0.6731699999999989,0.2865900000000039,0.47136000000000067,0.5599920000000012,1.0851428999999992,0.49630000000000507,0.6882780000000004,0.16068400000000338,0.33165299999999576
339,0.1339250000000014,0.3512339999999998,0.36732180000000003,0.18522199999999955,0.3705072999999999,0.20171699999999992,0.31066299999999814,0.3098069999999993,1.0782579999999982,0.6813799999999901,0.28137999999999863,0.544395999999999,0.5384429999999973,1.130394,0.7516729999999967,0.835253999999999,0.18258600000000058,0.32437399999999883
340,0.0953290000000031,0.2311399999999999,0.26657559999999947,0.1333959999999994,0.27011630000000153,0.15581820000000013,0.2495510000000003,0.2664880000000025,0.9189989999999995,0.616579999999999,0.2533300000000054,0.42778399999999905,0.31429100000000076,0.9480754999999998,0.500708000000003,0.6488760000000013,0.15775100000000464,0.3192669999999964
341,0.07718100000000305,0.17561300000000024,0.22188509999999972,0.1093409999999988,0.21692330000000126,0.1331213,0.19880500000000012,0.23334700000000197,0.7821779999999983,0.5301699999999983,0.2147199999999998,0.36177499999999796,0.32765099999999947,0.8295304000000003,0.3986459999999994,0.5413889999999988,0.13618999999999915,0.2728570000000019
342,-9.9999e+98,0.10004300000000121,0.1721143999999999,0.07776899999999998,0.14133830000000103,0.09749400000000019,0.131574999999998,0.16604600000000147,0.5971809999999991,0.42538999999999305,0.16902000000000328,0.29723399999999955,0.29687799999999953,0.6716103000000002,0.2970629999999943,0.3742560000000026,0.09315600000000046,0.21587499999999693
343,0.12058999999999997,0.26771300000000053,0.30345529999999954,0.1532429999999998,0.3061523000000008,0.17557590000000012,0.27899099999999777,0.30752199999999874,1.0072410000000005,0.7019399999999791,0.32326000000000477,0.5289849999999987,0.5767319999999998,1.2286913999999998,0.6558789999999988,0.7588710000000027,0.1718400000000031,0.3138229999999993
344,0.11666300000000263,0.2914720000000006,0.31841709999999956,0.15848800000000018,0.3216493000000007,0.17765839999999988,0.29761099999999985,0.2809470000000047,0.966391999999999,0.6662399999999877,0.3040100000000052,0.4623679999999979,0.4764609999999969,1.0809707,0.6733109999999982,0.7594209999999997,0.17887999999999948,0.3078919999999954
345,0.12753000000000014,0.3144930000000006,0.34058299999999964,0.1741349999999997,0.3525033000000004,0.1960301000000002,0.3249519999999997,0.3663179999999997,1.180975,0.7878900000000044,0.3387299999999982,0.5554780000000008,0.5732210000000002,1.284992,0.6701970000000017,0.8301890000000007,0.20027400000000029,0.38649600000000106
346,0.07840600000000109,0.17558400000000063,0.2375360999999998,0.11402999999999963,0.2239083000000015,0.1382013999999998,0.20077799999999968,0.24563400000000257,0.8074539999999999,0.5475199999999916,0.22760999999999854,0.3861689999999989,0.3678449999999991,0.8899894000000002,0.42185500000000786,0.5764990000000019,0.14250200000000035,0.27608299999999986
347,0.10640400000000128,0.2634810000000005,0.2920185999999996,0.147867999999999,0.2956013000000013,0.1681712000000002,0.2616259999999997,0.27984200000000214,0.932700999999998,0.6288099999999872,0.2747499999999974,0.4610260000000004,0.44130300000000133,1.0553293999999998,0.5875989999999973,0.743625999999999,0.1723920000000021,0.30090299999999814
348,-9.9999e+98,0.09826400000000035,0.16670309999999944,0.07386900000000018,0.13420530000000142,0.09343980000000007,0.12708100000000044,0.15469200000000427,0.5881000000000007,0.43387999999998783,0.1773199999999946,0.2899749999999983,0.27043099999999853,0.6317478999999997,0.265972000000005,0.35923700000000025,0.05023700000000275,0.21661299999999528
349,-9.9999e+98,0.09826400000000035,0.16670309999999944,0.07386900000000018,0.13420530000000142,0.09343980000000007,0.12708100000000044,0.15469200000000427,0.5881000000000007,0.43387999999998783,0.1773199999999946,0.2899749999999983,0.27043099999999853,0.6317478999999997,0.265972000000005,0.35923700000000025,0.05023700000000275,0.21661299999999528
350,0.07334000000000174,0.1774590000000007,0.21015169999999994,0.104711,0.21033230000000103,0.1276212000000001,0.19107299999999938,0.21757399999999905,0.721309999999999,0.4879099999999994,0.20470000000000255,0.3517240000000008,0.2566240000000022,0.7643907999999993,0.40342700000000775,0.5173830000000024,0.13043799999999806,0.2543539999999993
351,0.07334000000000174,0.1774590000000007,0.21015169999999994,0.104711,0.21033230000000103,0.1276212000000001,0.19107299999999938,0.21757399999999905,0.721309999999999,0.4879099999999994,0.20470000000000255,0.3517240000000008,0.2566240000000022,0.7643907999999993,0.40342700000000775,0.5173830000000024,0.13043799999999806,0.2543539999999993
352,0.07039900000000188,0.1547970000000003,0.22414889999999943,0.10229999999999961,0.19788530000000115,0.12613509999999994,0.18454499999999996,0.23213400000000206,0.765858999999999,0.5245599999999797,0.20644000000000062,0.36907099999999815,0.376456000000001,0.8006897999999998,0.35475200000000484,0.5188389999999998,0.12441600000000363,0.26810700000000054
353,0.12411900000000031,0.2980710000000002,0.3202416999999995,0.16469999999999985,0.3282202999999999,0.18557289999999993,0.2863509999999998,0.33546900000000335,1.1025019999999977,0.7204600000000028,0.28042000000000655,0.5038489999999989,0.4996709999999993,1.2004996000000006,0.5780659999999926,0.788218999999998,0.1842280000000045,0.3586400000000012
354,0.10991100000000031,0.26535200000000003,0.3030071999999997,0.1513189999999991,0.30593230000000027,0.17165549999999996,0.28630000000000067,0.31375600000000503,1.0760559999999977,0.7357499999999959,0.2713899999999967,0.46041999999999916,0.3416870000000003,0.9658498,0.5057249999999982,0.7215600000000002,0.16530099999999948,0.3780409999999961
355,0.12365199999999987,0.30248600000000003,0.33359000000000005,0.1674679999999995,0.34117330000000123,0.18785790000000002,0.3165779999999998,0.31380400000000463,1.0592569999999988,0.7189499999999782,0.32591999999999643,0.5198660000000004,0.4858050000000027,1.1828892,0.7154090000000082,0.7950300000000006,0.19023599999999874,0.3470310000000012
356,0.0620490000000018,0.15096000000000132,0.19135839999999948,0.09216699999999989,0.18728429999999996,0.11286590000000007,0.18168400000000062,0.18386500000000439,0.654993000000001,0.4543499999999767,0.17761000000000138,0.30938099999999835,0.21355799999999903,0.5822283000000006,0.3177179999999993,0.44176200000000065,0.1121610000000004,0.24416899999999941
357,0.11865799999999993,0.2778760000000009,0.31385409999999947,0.15694599999999959,0.31904730000000114,0.17756099999999986,0.2952179999999984,0.3161139999999989,1.0598959999999984,0.7069499999999778,0.28937000000000523,0.4779459999999993,0.3731989999999996,1.0818396000000003,0.5822539999999918,0.7485320000000009,0.1799310000000034,0.3654379999999975
358,0.1184800000000017,0.2960940000000001,0.31899869999999986,0.15954400000000035,0.3189093000000014,0.18260049999999994,0.29446499999999887,0.34586699999999837,1.1324819999999995,0.7564899999999852,0.3215399999999988,0.5249729999999992,0.5899210000000004,1.2218407999999998,0.5684850000000097,0.7751419999999989,0.17724799999999874,0.3726270000000014
359,0.0853180000000009,0.2010430000000003,0.23598179999999935,0.11947799999999908,0.23784430000000079,0.14185999999999988,0.21185200000000037,0.23286300000000182,0.7715969999999999,0.5276599999999974,0.23431999999999675,0.39063799999999915,0.3586539999999978,0.9102243000000003,0.47775400000000445,0.6204060000000027,0.14779300000000006,0.2571879999999993
360,0.09904900000000083,0.252675,0.2734230999999996,0.13790000000000013,0.27461230000000114,0.15851710000000008,0.23348700000000022,0.2538160000000005,0.860949999999999,0.5675299999999766,0.23181999999999903,0.44693699999999836,0.3947649999999996,0.9596476000000003,0.5387529999999998,0.6922530000000009,0.15860299999999938,0.2878509999999963
361,0.0724020000000003,0.18053200000000125,0.21469049999999967,0.10722599999999893,0.21522430000000092,0.12993599999999983,0.1955449999999992,0.21189800000000503,0.7363970000000002,0.49944999999999595,0.2075800000000072,0.36494599999999977,0.271099999999997,0.7736326,0.42096499999999537,0.5266520000000021,0.13340900000000033,0.26348600000000033
362,0.016982000000002273,0.11341900000000038,0.18274230000000014,0.08247399999999949,0.15397930000000137,0.10352899999999998,0.1415760000000006,0.18361300000000114,0.6244239999999976,0.4365099999999984,0.16490000000000293,0.29869099999999804,0.30057500000000203,0.6850236000000001,0.3190089999999941,0.4036629999999981,0.1016000000000048,0.22555899999999696
363,0.08953900000000203,0.22904700000000133,0.2610014999999999,0.12811299999999903,0.25313930000000084,0.15230129999999997,0.23404099999999772,0.27404599999999846,0.9336309999999983,0.6305799999999806,0.25377000000000294,0.43176599999999965,0.4356200000000001,0.9627632000000004,0.4321990000000113,0.637075000000003,0.1555749999999989,0.3225489999999951
364,0.1118389999999998,0.27045900000000067,0.2971861999999996,0.15063400000000016,0.30147730000000017,0.17200099999999985,0.2792740000000009,0.32312500000000455,1.0914499999999983,0.744010000000003,0.2737199999999973,0.45989399999999847,0.46619900000000314,1.0053562,0.4923519999999968,0.7273590000000034,0.17803599999999875,0.37656599999999685
365,0.12013100000000065,0.29152600000000106,0.32165969999999966,0.16294199999999925,0.32523630000000026,0.1804207,0.3022989999999979,0.28184000000000253,0.9877140000000004,0.6843099999999822,0.3220799999999997,0.5548549999999999,0.5716059999999992,1.1411230999999997,0.7020639999999929,0.8268160000000009,0.17333500000000157,0.2920599999999993
366,0.10950500000000218,0.2591840000000012,0.2952566000000001,0.14964499999999958,0.30253629999999987,0.17175109999999982,0.2773779999999988,0.30115200000000186,1.0172209999999993,0.6806599999999889,0.2913599999999974,0.45674100000000095,0.4250310000000006,1.0914603000000005,0.5636629999999911,0.7151469999999982,0.1720940000000013,0.3422819999999973
367,0.012952000000002073,0.11908400000000086,0.16298889999999933,0.07984800000000014,0.15496830000000017,0.10069989999999995,0.14772299999999916,0.1595700000000022,0.6108480000000007,0.4395199999999875,0.17448000000000263,0.29290599999999856,0.23081399999999874,0.5878717,0.3055880000000002,0.38072899999999876,0.0973200000000034,0.2310239999999979
368,0.05023700000000275,0.1327309999999997,0.17990800000000018,0.08756699999999995,0.16915430000000065,0.11012090000000008,0.1549429999999994,0.1906360000000049,0.6503619999999977,0.4552799999999877,0.17629999999999768,0.31286099999999806,0.2579299999999982,0.6522587,0.3601380000000063,0.45197900000000146,0.11125100000000288,0.24037099999999612
369,0.09039300000000239,0.22124400000000044,0.25521929999999937,0.1294839999999997,0.2594623000000009,0.15260739999999995,0.2351479999999988,0.264599000000004,0.889251999999999,0.5994399999999871,0.254729999999995,0.4321939999999991,0.33521900000000215,0.9577290000000005,0.49147299999999916,0.6430720000000001,0.1545150000000035,0.30759700000000123
370,0.08671200000000212,0.22349200000000025,0.25208039999999965,0.1276969999999995,0.2535053000000005,0.15050169999999996,0.22421500000000094,0.25864899999999835,0.8906779999999976,0.598150000000004,0.21286000000000627,0.38916799999999796,0.3092790000000001,0.8954585999999995,0.46816900000000317,0.6276639999999993,0.14912100000000095,0.30645200000000017
371,0.10332700000000017,0.2531340000000011,0.2926013999999997,0.1447939999999992,0.2878223000000002,0.16733719999999996,0.27214400000000083,0.31971200000000266,1.0667359999999988,0.7255600000000015,0.27988999999999464,0.47531999999999996,0.4859639999999992,1.0267248999999996,0.4640109999999993,0.7124689999999987,0.16563100000000475,0.3643870000000007
372,0.07726400000000311,0.17835900000000038,0.21690159999999992,0.10769099999999909,0.21496929999999992,0.1310665000000002,0.19436100000000067,0.2228110000000001,0.736498000000001,0.4994999999999834,0.2160300000000035,0.3529169999999979,0.29495199999999855,0.8253709000000002,0.41588400000000547,0.5395380000000003,0.1332220000000035,0.2562950000000015
373,0.12443999999999988,0.300281,0.3194417999999999,0.16397199999999934,0.33033930000000034,0.18650909999999987,0.3030159999999995,0.3750399999999985,1.1333649999999977,0.7569699999999955,0.32068999999999903,0.5254359999999991,0.5750329999999977,1.2265692000000001,0.6020619999999894,0.7845869999999984,0.18254800000000415,0.37084999999999724
374,0.09400400000000175,0.23461700000000008,0.2602260999999997,0.12890799999999913,0.2628003000000003,0.1508913999999999,0.24281699999999873,0.23500900000000513,0.8185420000000008,0.5575099999999793,0.2567899999999952,0.4211840000000002,0.36937500000000156,0.9226478,0.5513480000000044,0.6213459999999991,0.15578700000000367,0.2756299999999996
375,0.1031460000000024,0.25623900000000077,0.2977439999999998,0.14383899999999983,0.28427230000000137,0.16743299999999994,0.2626810000000006,0.3155399999999986,1.048051000000001,0.7044799999999896,0.28685000000000116,0.4837670000000003,0.5515699999999981,1.0902010000000004,0.46992600000000095,0.707098000000002,0.16393000000000058,0.3506309999999999
376,0.12830399999999997,0.2950860000000013,0.3310005999999994,0.17150299999999952,0.33771730000000133,0.19086340000000002,0.2898209999999999,0.3158999999999992,1.0663689999999981,0.7134099999999819,0.32009000000000754,0.5853149999999978,0.6014909999999993,1.2592056999999999,0.7052620000000047,0.8505770000000012,0.1787040000000033,0.3171919999999986
377,0.0751090000000012,0.17254100000000072,0.23782459999999972,0.11290099999999903,0.2252673000000005,0.13669390000000003,0.21171400000000062,0.23846000000000345,0.8055179999999993,0.5398199999999918,0.23283000000000698,0.38813499999999834,0.4070210000000003,0.8830662,0.3822329999999994,0.550301000000001,0.14072300000000126,0.2742930000000001
378,0.11434600000000117,0.25512200000000007,0.2928278999999998,0.1492969999999989,0.29907830000000146,0.17092090000000004,0.2707960000000007,0.2941430000000054,0.9786140000000003,0.6677499999999839,0.29215000000000657,0.47428099999999773,0.445647000000001,1.1177733000000005,0.6008020000000016,0.7354909999999997,0.1712880000000041,0.322542999999996
379,0.09356299999999962,0.2336229999999997,0.26433639999999947,0.13159399999999977,0.2671213000000012,0.15391239999999984,0.2443409999999986,0.2556110000000018,0.8698540000000001,0.5841899999999782,0.2561199999999957,0.42397499999999866,0.339027999999999,0.9456828000000002,0.5222119999999961,0.6280130000000028,0.1550060000000002,0.2939840000000018
380,0.12914900000000173,0.3160129999999999,0.3475089999999996,0.1763589999999997,0.3576643000000015,0.1970114999999999,0.33343400000000045,0.3295670000000044,1.1146659999999997,0.779689999999988,0.3645700000000005,0.556836999999998,0.6158129999999993,1.2667234,0.7461289999999963,0.8292070000000002,0.18571599999999933,0.34450599999999554
381,0.0871030000000026,0.22001999999999988,0.2476395999999994,0.12422100000000036,0.25047130000000095,0.1470267999999999,0.22959299999999772,0.24157500000000454,0.8090949999999992,0.5564200000000028,0.24980999999999653,0.3908540000000009,0.37332300000000274,0.9334385000000003,0.5106310000000036,0.6126539999999991,0.14838400000000007,0.2660550000000015
382,0.11191200000000023,0.27637400000000056,0.3101756,0.1541250000000005,0.31265730000000147,0.17367830000000017,0.2851719999999993,0.2972250000000045,1.0330259999999996,0.6887199999999893,0.26196000000000197,0.4553079999999987,0.34837300000000226,1.0140423000000007,0.5427820000000025,0.7263829999999984,0.17372100000000046,0.3643329999999949
383,0.07163300000000206,0.16037999999999997,0.23483929999999997,0.10479100000000052,0.19931730000000059,0.12880219999999998,0.1851079999999996,0.23608500000000276,0.8146190000000004,0.5800399999999968,0.23188000000000386,0.38656199999999785,0.3870730000000009,0.8297405000000002,0.37464700000001017,0.5446360000000006,0.12722000000000122,0.28960999999999615
384,0.10505400000000265,0.23999700000000068,0.27410089999999965,0.1385039999999993,0.2801593000000011,0.1612178000000002,0.2584309999999981,0.2603909999999985,0.8880780000000001,0.6189899999999966,0.28992999999999824,0.45131499999999747,0.4585780000000028,1.0658025000000002,0.5811829999999958,0.6757549999999988,0.16457100000000224,0.2834700000000012
385,0.0790600000000019,0.17651099999999964,0.23907079999999947,0.11357100000000031,0.22147830000000113,0.13747480000000012,0.19540199999999786,0.2404020000000031,0.7883390000000006,0.5335800000000006,0.22213000000000704,0.38912600000000097,0.36818600000000146,0.8926043999999997,0.4299839999999904,0.5810570000000013,0.14094700000000415,0.26599999999999824
386,0.1041249999999998,0.23788700000000063,0.2703441,0.1374329999999997,0.27643030000000124,0.16032219999999997,0.25360200000000077,0.26280700000000223,0.8961830000000006,0.6189699999999903,0.2819300000000027,0.4490610000000004,0.4350670000000001,1.0607441,0.5721169999999915,0.6781890000000033,0.16709500000000332,0.2897699999999972
387,0.12562400000000196,0.29699899999999957,0.3263707999999994,0.1657239999999991,0.33629830000000105,0.18774259999999998,0.3100839999999998,0.342334000000001,1.116115999999998,0.745129999999989,0.32139000000000806,0.528929999999999,0.5477689999999988,1.2102721999999995,0.6380319999999955,0.7820999999999998,0.185020999999999,0.3618799999999993
388,0.1127110000000009,0.29040200000000027,0.31752119999999984,0.15552399999999977,0.31756830000000136,0.17345690000000014,0.2863849999999992,0.2774870000000007,0.9965289999999989,0.6567900000000009,0.23920999999999992,0.41237100000000027,0.3601309999999991,0.9401542999999997,0.5548629999999974,0.7024480000000004,0.16593000000000302,0.3491649999999993
389,0.06793500000000208,0.1419340000000009,0.18793110000000013,0.09427999999999948,0.18490730000000077,0.11638610000000016,0.17605899999999863,0.2022359999999992,0.7069480000000006,0.5039699999999812,0.19398999999999944,0.34960299999999833,0.2783680000000004,0.6680605000000002,0.33422000000000196,0.4776089999999975,0.11626000000000403,0.26463299999999634
390,0.12263200000000296,0.30392500000000133,0.34045460000000016,0.169986999999999,0.34464630000000085,0.18882749999999993,0.3115319999999997,0.33130799999999994,1.1107799999999983,0.7327799999999911,0.28557999999999595,0.49709000000000003,0.3914100000000005,1.1028482999999998,0.6138009999999952,0.7926760000000002,0.183759000000002,0.3729019999999963
391,0.10650200000000254,0.24768399999999957,0.28174540000000015,0.1423009999999998,0.28698330000000105,0.16422530000000002,0.2609659999999998,0.2831120000000027,0.9385139999999978,0.6339499999999987,0.27714000000000283,0.43613500000000016,0.3943159999999999,1.0379749,0.5607809999999915,0.6976790000000008,0.16977100000000434,0.3137309999999971
392,0.09930100000000053,0.2489340000000002,0.2783249999999997,0.13908699999999996,0.2798393000000008,0.1590837999999999,0.2552430000000001,0.24315100000000456,0.8452680000000008,0.5956699999999842,0.2787299999999959,0.4416979999999988,0.45259100000000174,0.9822047000000005,0.592962,0.7006329999999998,0.1629210000000043,0.26619300000000123
393,0.13660600000000045,0.34779300000000113,0.3693697,0.18627599999999944,0.3801873000000011,0.2026382,0.378346999999998,0.32060200000000094,1.1195570000000004,0.8292799999999829,0.40328999999999837,0.5877680000000005,0.7567450000000022,1.3258337000000004,0.7944439999999986,0.8437490000000025,0.16862199999999916,0.31018399999999957
394,0.08966200000000057,0.23783200000000093,0.2598585999999994,0.13138499999999986,0.2602163000000015,0.15237690000000015,0.22204400000000035,0.2371650000000045,0.8183539999999994,0.5475399999999979,0.23514000000000124,0.4158639999999991,0.39542399999999844,0.9356258000000004,0.5129810000000106,0.6754919999999984,0.15122399999999914,0.27170699999999925
395,0.0715590000000006,0.16131799999999963,0.23802080000000014,0.10853099999999927,0.21362530000000035,0.13241140000000007,0.20053300000000007,0.23907700000000176,0.8008950000000006,0.5424599999999771,0.22100000000000364,0.38634700000000066,0.41716599999999815,0.8248309000000003,0.3458299999999923,0.5373079999999995,0.13395700000000232,0.27655599999999936
396,0.07841300000000118,0.17613400000000112,0.22732589999999941,0.11058799999999991,0.2189823000000004,0.1345329999999998,0.1974739999999997,0.2324780000000004,0.7748849999999976,0.5253999999999905,0.220089999999999,0.3669639999999994,0.3412779999999991,0.8620077999999998,0.4108540000000005,0.5518290000000015,0.13627800000000434,0.2678119999999993
397,0.112757000000002,0.29522099999999973,0.3053330000000001,0.15550599999999903,0.30673630000000074,0.17219819999999997,0.281562000000001,0.23783900000000102,0.912585,0.5852199999999925,0.27998999999999796,0.5272039999999976,0.584773000000002,0.9973103000000005,0.6334010000000063,0.7692499999999995,0.1668599999999998,0.22400799999999776
398,0.08904500000000226,0.20074800000000081,0.2575155999999996,0.12487400000000015,0.24812430000000063,0.14909479999999986,0.2241560000000007,0.25854800000000466,0.871219,0.5882299999999816,0.25007999999999697,0.4111790000000006,0.4207339999999995,0.9871359000000002,0.4505420000000129,0.6174339999999994,0.1516289999999998,0.28886200000000173
399,0.09821900000000028,0.22846999999999973,0.2691920999999997,0.13471999999999973,0.2733673000000003,0.15697440000000018,0.2598649999999978,0.27506800000000453,0.9459559999999989,0.6334300000000042,0.2586000000000013,0.4469259999999977,0.33185800000000043,0.9532436000000004,0.46460899999999583,0.654439,0.15823300000000273,0.33456999999999937
400,-9.9999e+98,0.09456500000000112,0.1379887000000002,0.06216099999999969,0.11424530000000033,0.08019279999999984,0.11187899999999829,0.11464800000000253,0.49029900000000026,0.3653099999999938,0.15157000000000664,0.2524540000000002,0.19203999999999866,0.5122426999999998,0.23516200000000254,0.28105899999999906,-0.0005379999999988172,0.18865499999999713
401,0.11847200000000058,0.27843400000000074,0.31266829999999945,0.15487500000000054,0.31880030000000126,0.17559950000000013,0.3038810000000005,0.2962890000000016,1.0128540000000008,0.669099999999986,0.2916500000000042,0.47113900000000086,0.3831339999999983,1.0470122000000002,0.6125899999999973,0.7074619999999996,0.16785300000000092,0.3421109999999956
402,0.10484399999999994,0.278378,0.2920979999999993,0.14910599999999974,0.2944273000000006,0.1663591000000002,0.29371300000000033,0.25036500000000217,0.9242579999999982,0.6016300000000001,0.29873000000000616,0.5463789999999982,0.6207980000000006,1.1092590000000007,0.7445560000000029,0.7694030000000005,0.16117500000000007,0.22732500000000044
403,0.1114580000000025,0.2586580000000005,0.2962926999999995,0.1521889999999999,0.30226030000000037,0.17365580000000014,0.2654810000000012,0.30738500000000357,1.0224200000000003,0.6814299999999776,0.2761299999999949,0.4785679999999992,0.47340499999999963,1.0939208000000002,0.5489819999999952,0.747599000000001,0.17330900000000327,0.33453499999999536
404,0.1114580000000025,0.2586580000000005,0.2962926999999995,0.1521889999999999,0.30226030000000037,0.17365580000000014,0.2654810000000012,0.30738500000000357,1.0224200000000003,0.6814299999999776,0.2761299999999949,0.4785679999999992,0.47340499999999963,1.0939208000000002,0.5489819999999952,0.747599000000001,0.17330900000000327,0.33453499999999536
405,0.08534700000000228,0.22432099999999977,0.26995900000000006,0.1245599999999989,0.24191630000000153,0.14932670000000003,0.22173599999999993,0.2786469999999994,0.9228729999999992,0.6265999999999963,0.25065999999999633,0.43855199999999783,0.5013890000000032,0.9495746999999994,0.4145330000000058,0.6325719999999997,0.1464070000000035,0.31510899999999964
406,0.10495799999999988,0.25774400000000064,0.28558649999999997,0.14477399999999996,0.2877503000000008,0.16734269999999984,0.26838400000000107,0.3246040000000008,1.0730709999999988,0.740809999999982,0.2719600000000071,0.4725350000000006,0.4742120000000014,0.9737100999999999,0.4755959999999959,0.7116560000000014,0.17106100000000168,0.37077999999999633
407,0.10495600000000138,0.24060200000000087,0.2816470999999998,0.1439009999999996,0.2880673000000016,0.1665133000000001,0.2608069999999998,0.2958460000000045,0.9864870000000003,0.6635599999999897,0.27828999999999837,0.45100300000000004,0.43114399999999975,1.0854935999999995,0.5273229999999955,0.7011089999999989,0.16418000000000177,0.3322810000000018
408,0.08817300000000117,0.2247900000000005,0.2534187000000001,0.12636299999999956,0.24928530000000038,0.1504677000000001,0.22639900000000068,0.2646100000000047,0.9080820000000003,0.6151899999999841,0.24545000000000528,0.4181519999999992,0.4119729999999997,0.9404819,0.4469410000000096,0.6329609999999981,0.15079000000000065,0.31523200000000173
409,0.13056100000000015,0.3270400000000002,0.3534429000000001,0.17863900000000044,0.3575893000000008,0.19484369999999984,0.33138699999999943,0.30053500000000355,1.0596309999999995,0.7243199999999774,0.33732999999999436,0.5720220000000005,0.6017650000000003,1.1582431,0.7610860000000059,0.86984,0.16196800000000167,0.3024130000000014
410,0.11563500000000104,0.28181100000000114,0.3190727999999998,0.1519339999999989,0.2957403000000003,0.17418179999999994,0.2526609999999998,0.30187000000000097,0.9939789999999995,0.6809999999999832,0.31427999999999656,0.5787839999999989,0.6255629999999996,1.2657362999999995,0.6218999999999966,0.7662019999999998,0.18144800000000316,0.3040499999999966
411,0.13272399999999962,0.33109300000000097,0.3522647000000001,0.18198999999999899,0.3670813000000006,0.20405659999999992,0.3379909999999988,0.3913300000000035,1.2234599999999993,0.8240299999999934,0.36298999999999637,0.5927019999999992,0.6297950000000014,1.3731280000000003,0.7352739999999898,0.8686150000000019,0.21403000000000105,0.38987799999999595
412,0.13024599999999964,0.3122050000000005,0.3342793999999998,0.17104299999999917,0.34509530000000055,0.19244079999999997,0.31870899999999835,0.3303900000000013,1.1026290000000003,0.7633399999999995,0.3509899999999959,0.5488229999999987,0.5736529999999966,1.2762151,0.7274389999999897,0.8254860000000015,0.19982900000000114,0.347093000000001
413,0.12016200000000055,0.32301600000000086,0.33885849999999973,0.1670449999999999,0.3405643000000005,0.18288130000000002,0.32927899999999966,0.26893400000000156,0.9671109999999992,0.6901900000000012,0.3159899999999993,0.45926000000000045,0.502521999999999,1.0316587999999998,0.7132360000000091,0.7603310000000008,0.17455900000000213,0.28806799999999555
414,0.12016200000000055,0.32301600000000086,0.33885849999999973,0.1670449999999999,0.3405643000000005,0.18288130000000002,0.32927899999999966,0.26893400000000156,0.9671109999999992,0.6901900000000012,0.3159899999999993,0.45926000000000045,0.502521999999999,1.0316587999999998,0.7132360000000091,0.7603310000000008,0.17455900000000213,0.28806799999999555
415,0.12697000000000003,0.30107500000000087,0.3300396000000001,0.16846499999999942,0.3371613,0.1886515000000002,0.2956380000000003,0.3450210000000027,1.1187109999999976,0.7313800000000015,0.28144000000000347,0.49697699999999756,0.4677480000000003,1.1851730000000007,0.5894559999999984,0.804901000000001,0.1910519999999991,0.36485799999999813
416,0.1186920000000029,0.3044640000000012,0.3304266999999994,0.16346500000000042,0.3325793000000008,0.1814277999999998,0.29630699999999877,0.2953280000000049,1.0207529999999991,0.6650199999999984,0.2557000000000045,0.45420099999999763,0.407665999999999,1.0024232,0.6173019999999951,0.7481429999999989,0.1783450000000002,0.34393099999999777
417,0.0960850000000022,0.25306800000000074,0.27218369999999936,0.13679799999999886,0.2698293000000014,0.1564017999999998,0.22352599999999967,0.23593300000000283,0.821003000000001,0.5315399999999784,0.21904999999999575,0.4419739999999983,0.3983710000000009,0.8960737000000005,0.5226180000000085,0.681398999999999,0.15681299999999965,0.2627960000000016
418,0.09621900000000139,0.23458300000000065,0.26815750000000005,0.13671899999999937,0.27195130000000134,0.15909439999999986,0.23914599999999808,0.2738599999999991,0.9220620000000004,0.6115700000000004,0.2398600000000073,0.4312989999999992,0.3594849999999994,0.9973033999999998,0.4942360000000008,0.6756519999999995,0.16122899999999873,0.3103229999999968
419,-9.9999e+98,0.108981,0.15495459999999994,0.07330199999999998,0.1401363,0.09377289999999983,0.13484799999999808,0.14769799999999833,0.5884669999999979,0.4416699999999878,0.18757999999999697,0.26884399999999786,0.20829399999999865,0.5269945000000007,0.292231000000001,0.3642000000000003,0.05447200000000407,0.22439500000000123
420,0.07186000000000092,0.16821999999999981,0.20256859999999932,0.10218599999999967,0.20401430000000076,0.12541590000000014,0.1845700000000008,0.21372300000000166,0.6966819999999991,0.4732999999999947,0.20395000000000607,0.332615999999998,0.2918850000000006,0.7873309000000006,0.3936219999999935,0.5120919999999991,0.12869799999999998,0.23944099999999935
421,0.10369299999999981,0.24827300000000108,0.2781091,0.14210999999999885,0.28213230000000067,0.16379590000000022,0.24633899999999898,0.27656999999999954,0.9307389999999991,0.6201399999999921,0.2547399999999982,0.45110099999999775,0.39699500000000043,1.0557189000000005,0.5307959999999952,0.7113249999999987,0.17193300000000278,0.3003050000000016
422,0.124448000000001,0.29184500000000035,0.31504629999999967,0.16032500000000027,0.3236833000000008,0.18202989999999986,0.29724799999999973,0.3218969999999999,1.0521819999999984,0.7157499999999857,0.3137100000000004,0.4947739999999996,0.47855699999999857,1.1877132000000001,0.658417,0.775978000000002,0.18013600000000451,0.33770200000000017
423,0.08239400000000074,0.21537400000000062,0.2368749000000001,0.12097599999999886,0.23573030000000017,0.14216220000000002,0.1999539999999982,0.2274930000000026,0.7592159999999986,0.5055799999999806,0.2143300000000039,0.4007329999999989,0.3720549999999996,0.8830450000000001,0.47837700000000893,0.6377089999999974,0.14296099999999967,0.2453039999999973
424,0.08037200000000055,0.2115620000000007,0.23229019999999956,0.1157439999999994,0.23127730000000035,0.13802700000000012,0.20534800000000075,0.22515700000000294,0.7965400000000002,0.5409999999999968,0.19923000000000002,0.3576669999999993,0.2719009999999997,0.7800326999999996,0.4506099999999975,0.5644859999999987,0.13911900000000088,0.2766719999999978
425,0.07101100000000216,0.17273899999999998,0.2004418999999995,0.09839599999999926,0.1982583000000009,0.11978469999999986,0.17911199999999994,0.17456400000000372,0.6359519999999996,0.43209999999999127,0.1818800000000067,0.3266150000000003,0.27134399999999914,0.6895853000000001,0.40732599999999763,0.4916319999999992,0.11824800000000124,0.22960199999999986
426,0.13404099999999985,0.3353350000000006,0.36748080000000005,0.18423299999999898,0.37721530000000136,0.2036882000000002,0.36138400000000104,0.3507810000000049,1.1535079999999986,0.7807099999999991,0.3516300000000001,0.5564739999999979,0.5501620000000003,1.2462542,0.7849860000000035,0.8463160000000016,0.1822440000000043,0.36871699999999663
427,0.11794400000000138,0.2810360000000003,0.3070846999999999,0.15367799999999932,0.3106283000000012,0.17286290000000015,0.2866679999999988,0.2658750000000012,0.9355189999999993,0.6544099999999844,0.30647000000000446,0.46917299999999784,0.4893389999999975,1.0768238000000006,0.6614319999999907,0.7539459999999991,0.17161399999999816,0.2954819999999998
428,0.07345500000000271,0.1812250000000013,0.22081609999999952,0.1099509999999988,0.21738530000000011,0.13373079999999993,0.20582800000000034,0.2395789999999991,0.8492339999999992,0.6163099999999986,0.2565400000000011,0.3681279999999987,0.2541080000000022,0.7135133000000002,0.4233819999999895,0.5544319999999985,0.13297400000000437,0.316125999999997
429,0.08197900000000047,0.21897700000000064,0.24086810000000014,0.12275900000000028,0.24176830000000038,0.14472970000000007,0.2045250000000003,0.23698000000000263,0.794401999999998,0.5247699999999895,0.20944000000000074,0.3893979999999999,0.3557300000000012,0.8916820000000003,0.4871880000000033,0.6359190000000012,0.14464300000000208,0.26858500000000163
430,0.02248000000000161,0.12636600000000087,0.1811739000000001,0.08527199999999979,0.1688193000000009,0.10676839999999999,0.16138799999999875,0.18057999999999907,0.6295569999999984,0.4336799999999812,0.17454000000000747,0.3232520000000001,0.27457500000000223,0.6088029000000006,0.29188299999999856,0.4114310000000003,0.10499599999999987,0.22748599999999897
431,0.10798899999999989,0.2683890000000009,0.3026119999999999,0.14954499999999982,0.30390530000000027,0.16913029999999996,0.2854309999999991,0.297542,1.0508409999999984,0.7185899999999776,0.260469999999998,0.4384169999999976,0.30121400000000165,0.9288951000000001,0.5009730000000019,0.7021870000000021,0.17191300000000354,0.37383299999999764
432,0.11433099999999996,0.27227200000000096,0.3064038,0.156172999999999,0.3103883000000014,0.17617130000000003,0.2679279999999977,0.2966340000000045,0.9978659999999984,0.6681299999999908,0.28184000000000253,0.4813609999999997,0.45244399999999985,1.1093364999999995,0.5992180000000076,0.7666250000000012,0.1778019999999998,0.3130659999999992
433,0.0594380000000001,0.13832000000000022,0.18924260000000004,0.08914299999999997,0.17536530000000106,0.11174149999999994,0.16229299999999824,0.19084800000000257,0.6482869999999998,0.4422999999999888,0.1745999999999981,0.3033949999999983,0.26023199999999846,0.6669041,0.3394399999999962,0.44772199999999884,0.1115390000000005,0.23262799999999828
434,0.09802700000000186,0.23435700000000104,0.2764066999999999,0.13400299999999987,0.26546730000000096,0.15877279999999994,0.23989699999999914,0.28499300000000005,0.9413780000000003,0.635329999999982,0.2752700000000061,0.46546400000000077,0.5263279999999995,1.0886119999999995,0.5033090000000016,0.6626030000000007,0.16035099999999858,0.3081409999999991
435,0.07017000000000095,0.1585409999999996,0.20590999999999937,0.10175100000000015,0.20158830000000094,0.12544909999999998,0.1827380000000005,0.2193809999999985,0.7145450000000011,0.4830699999999979,0.209140000000005,0.3460479999999997,0.34736099999999936,0.8036215999999996,0.37400300000000186,0.5033219999999972,0.12932500000000147,0.24425000000000097
436,-9.9999e+98,0.10568100000000058,0.14585759999999937,0.06988899999999987,0.13554530000000042,0.08968230000000021,0.1297460000000008,0.12300300000000419,0.5355199999999982,0.3886699999999905,0.15698000000000434,0.2516040000000004,0.186240999999999,0.49340289999999953,0.2961030000000022,0.3202549999999995,0.05219600000000213,0.2055560000000014
437,0.011608000000002505,0.12015200000000092,0.16043309999999966,0.07735300000000045,0.15074930000000109,0.09820479999999998,0.14553300000000036,0.1496010000000041,0.613669999999999,0.46096000000000004,0.1930799999999948,0.2732139999999994,0.1979140000000008,0.4929546,0.31647900000000107,0.3885249999999978,0.09238900000000427,0.23736600000000152
438,0.09517100000000056,0.2227510000000006,0.26696529999999985,0.13642299999999885,0.2715063000000004,0.15980479999999986,0.25430000000000064,0.29059099999999916,0.9852999999999987,0.6649599999999793,0.26641999999999655,0.44938399999999845,0.4034290000000027,1.0045890999999996,0.4715759999999989,0.6723809999999979,0.163806000000001,0.34260799999999847
439,0.09216300000000288,0.2302420000000005,0.2539888999999995,0.12726499999999952,0.25629729999999995,0.14917690000000006,0.23201299999999847,0.23656600000000338,0.8056799999999988,0.5529799999999909,0.25244999999999607,0.42635800000000046,0.38097700000000145,0.9416267000000005,0.5288680000000028,0.647627,0.15179700000000196,0.26996400000000165
440,0.07943500000000014,0.19469899999999996,0.2263636999999994,0.11368799999999979,0.2265953000000014,0.13645590000000007,0.20342899999999986,0.22990200000000272,0.7869649999999986,0.5332799999999907,0.2040800000000047,0.37432599999999994,0.2765860000000018,0.8014728,0.4427210000000059,0.5609290000000016,0.1416329999999988,0.27636299999999636
441,0.07956000000000074,0.19052399999999992,0.2281386999999997,0.11550800000000017,0.22915930000000095,0.13849769999999983,0.20351399999999842,0.23445999999999856,0.7834569999999985,0.5292299999999841,0.2149000000000001,0.36661399999999844,0.30615299999999834,0.8554710999999999,0.44099699999999586,0.5760830000000006,0.14198400000000078,0.26798000000000144
442,0.12365700000000146,0.30714799999999975,0.3371176,0.1684479999999997,0.34005730000000156,0.18696409999999997,0.30239800000000017,0.3083920000000049,1.0575019999999995,0.6993399999999781,0.2817399999999992,0.4687969999999986,0.43785999999999703,1.0823258999999998,0.6449179999999899,0.7972129999999993,0.17607699999999937,0.3435209999999955
443,0.12091000000000207,0.27851099999999995,0.3123113999999996,0.15795199999999987,0.31744530000000104,0.1782598000000002,0.28324500000000086,0.29949700000000234,1.014918999999999,0.6793799999999806,0.2848299999999995,0.47290599999999827,0.4359169999999999,1.1033824999999995,0.6129359999999906,0.7755459999999985,0.18079200000000384,0.3279500000000013
444,0.10376600000000025,0.23922600000000038,0.29053799999999974,0.1408290000000001,0.2768113000000003,0.16353170000000006,0.2456630000000004,0.2841270000000051,0.9225779999999979,0.6404199999999776,0.2916000000000025,0.5059569999999987,0.5251160000000006,1.1285328000000003,0.5701549999999997,0.7131460000000018,0.16335399999999822,0.2842149999999961
445,0.11353400000000136,0.275995,0.30726419999999965,0.15468499999999885,0.312247300000001,0.1753800000000001,0.2836040000000004,0.2948170000000019,0.9961389999999994,0.673579999999987,0.29076999999999487,0.4627789999999976,0.4361729999999966,1.0917291999999996,0.6215360000000061,0.7545760000000001,0.17772599999999983,0.32641399999999976
446,0.07138400000000189,0.16961099999999973,0.21305589999999963,0.106463999999999,0.2145393000000002,0.1294192999999999,0.20304499999999948,0.22350099999999884,0.7581220000000002,0.5104399999999885,0.2139800000000065,0.37479700000000093,0.30983499999999964,0.7733905999999999,0.36849199999998916,0.5170229999999982,0.13261500000000126,0.2663790000000006
447,0.13326600000000255,0.3384900000000002,0.36618059999999986,0.18313000000000024,0.37233930000000015,0.20134659999999993,0.3443170000000002,0.3383269999999996,1.1388029999999993,0.7702099999999916,0.33312999999999704,0.5080740000000006,0.5189609999999973,1.2161632999999998,0.7550700000000035,0.8530359999999995,0.18165799999999876,0.3643959999999993
448,-9.9999e+98,0.09889800000000015,0.15007899999999985,0.06981700000000046,0.1299783000000012,0.0892385,0.1227899999999984,0.13859500000000224,0.5407209999999978,0.39056999999999675,0.1567399999999992,0.264721999999999,0.2234870000000022,0.5713974999999998,0.2805050000000051,0.3321709999999989,0.05340800000000456,0.20140599999999864
449,0.06899800000000056,0.15243099999999998,0.18729130000000005,0.09609399999999901,0.18708430000000043,0.11897499999999983,0.1658760000000008,0.19760899999999992,0.6819029999999984,0.46925999999999135,0.17795999999999879,0.33035699999999935,0.28226000000000084,0.7159671000000003,0.40044799999999725,0.5002749999999985,0.119923,0.24728199999999845
450,0.11796700000000016,0.2642369999999996,0.2994027999999993,0.15268200000000043,0.30666230000000105,0.1745694000000002,0.2788289999999982,0.30477100000000235,1.0159589999999987,0.6879600000000039,0.29679000000000144,0.47695500000000024,0.45973800000000153,1.1408855000000004,0.602681000000004,0.7428080000000001,0.17708700000000022,0.33123199999999997
451,0.07356100000000154,0.16103100000000126,0.23437410000000014,0.10636500000000026,0.2067773000000006,0.1304056,0.18659200000000098,0.2342870000000019,0.7755849999999995,0.5282399999999825,0.21075000000000443,0.365791999999999,0.3859250000000003,0.8193118999999998,0.38076599999999416,0.5353199999999987,0.12669600000000258,0.2656819999999982
452,0.06405000000000172,0.1401520000000005,0.19400890000000004,0.09281900000000043,0.1760963000000011,0.1151295000000001,0.1548790000000011,0.2002780000000044,0.6620500000000007,0.45335000000000036,0.17343999999999937,0.3192559999999993,0.2926549999999999,0.7260637999999995,0.3787109999999956,0.48744499999999746,0.11643300000000067,0.23270399999999825
453,0.08076500000000308,0.18782099999999957,0.22609659999999998,0.11551700000000054,0.22851130000000097,0.1387786000000002,0.203202000000001,0.23601000000000028,0.7806449999999998,0.528429999999986,0.2239799999999974,0.37883599999999973,0.3240039999999986,0.8828822999999995,0.44968800000000897,0.5894770000000022,0.1399070000000009,0.2660939999999954
454,0.09048800000000057,0.21882200000000118,0.24876839999999945,0.12537099999999946,0.2518343000000005,0.14839389999999986,0.22919599999999818,0.252590000000005,0.833797999999998,0.5661399999999901,0.24858000000000402,0.3925049999999999,0.34686400000000006,0.9432456,0.4915579999999977,0.6191800000000001,0.1463590000000039,0.27727399999999847
455,0.09206300000000311,0.2246990000000011,0.25834389999999985,0.13095399999999913,0.26231630000000017,0.15397479999999986,0.2368459999999999,0.26351600000000275,0.8934460000000009,0.6014699999999777,0.25114999999999554,0.40887099999999776,0.33312400000000153,0.9621851999999995,0.48939199999999516,0.6466950000000011,0.15492400000000117,0.3055260000000004
456,0.08250800000000069,0.21416400000000024,0.24007880000000004,0.11850499999999897,0.24064330000000034,0.14070740000000015,0.22230099999999808,0.23117900000000446,0.8065539999999984,0.5425899999999899,0.2223199999999963,0.37580799999999925,0.2879419999999975,0.8075503999999993,0.4609700000000032,0.559469,0.14720100000000258,0.2832769999999982
457,0.09393200000000235,0.21907799999999966,0.2629003999999995,0.13325500000000012,0.26570730000000076,0.15673350000000008,0.2492680000000007,0.2830680000000001,0.9654279999999993,0.6536399999999958,0.2555399999999963,0.4315560000000005,0.37992000000000203,0.9599167999999993,0.45904000000000167,0.6598649999999999,0.1629220000000018,0.3393999999999977
458,0.07187100000000157,0.16125399999999956,0.21088469999999937,0.10055099999999939,0.19848830000000106,0.12402209999999991,0.18454900000000052,0.22031900000000348,0.7422199999999997,0.5112499999999898,0.19178999999999746,0.33477099999999993,0.2813939999999988,0.7241660000000003,0.3741279999999989,0.5041639999999994,0.12337099999999879,0.2688839999999999
459,0.0871200000000023,0.2271750000000008,0.2507140999999997,0.12657399999999974,0.24976430000000072,0.14781539999999982,0.214105,0.23942699999999917,0.8014909999999986,0.5387999999999806,0.22540999999999656,0.3972549999999977,0.3655389999999983,0.8988063000000004,0.4878829999999965,0.6487119999999997,0.14658000000000015,0.2632989999999964
460,0.06327300000000236,0.1508300000000009,0.1883214999999998,0.09445000000000014,0.1879753000000015,0.11735320000000016,0.1719469999999994,0.2001020000000011,0.6647859999999994,0.44917999999998415,0.18871000000000038,0.31365399999999966,0.2810290000000002,0.7091617000000001,0.3542890000000085,0.4628639999999997,0.11626400000000103,0.23650999999999556
461,0.0911570000000026,0.2100350000000013,0.25054839999999956,0.12823899999999888,0.2567672999999999,0.1520315000000001,0.2352489999999996,0.26673500000000416,0.8955009999999994,0.6013299999999902,0.2568600000000032,0.41486799999999846,0.3824609999999993,0.9784305999999994,0.45831300000000397,0.638503,0.15473599999999976,0.3076369999999997
462,0.10435999999999979,0.24078399999999966,0.3023688,0.14525399999999955,0.2871043000000011,0.16931129999999994,0.25967800000000096,0.31406199999999984,1.034167,0.6956399999999974,0.2926300000000026,0.49857899999999944,0.5941629999999982,1.1513957999999995,0.5209870000000052,0.7069369999999999,0.16509500000000088,0.3392690000000016
463,0.11636600000000286,0.2569700000000008,0.30020129999999945,0.15087899999999976,0.30742630000000126,0.1724654000000001,0.28818199999999905,0.3037570000000045,1.0362529999999985,0.6863699999999824,0.28943999999999903,0.4827489999999983,0.4748859999999979,1.0674745999999997,0.5425220000000053,0.7097239999999978,0.17017900000000452,0.34591100000000097
464,0.07140000000000057,0.16658600000000057,0.23494610000000016,0.10506799999999927,0.1973703000000011,0.12859940000000014,0.17462700000000098,0.23164300000000537,0.7887920000000008,0.5506799999999998,0.22612999999999772,0.3610129999999998,0.3546990000000001,0.7730054000000002,0.39372000000000185,0.5498770000000022,0.12916400000000294,0.27483499999999594
465,0.08475100000000069,0.19561700000000037,0.2552240999999995,0.12164199999999958,0.24036030000000075,0.14523030000000015,0.21631999999999962,0.24876600000000337,0.8140529999999977,0.5641899999999964,0.2510300000000001,0.42269100000000037,0.41524300000000025,0.9920636999999992,0.4942530000000005,0.6190639999999981,0.14536600000000277,0.2636849999999953
466,0.10616100000000017,0.2548010000000005,0.28568519999999964,0.1424279999999989,0.2895323000000012,0.1633515000000001,0.2666669999999982,0.2618940000000052,0.9022620000000003,0.6147499999999866,0.27734999999999843,0.46279499999999985,0.41430200000000283,1.0149207000000002,0.5990129999999994,0.6919980000000017,0.16970100000000343,0.3009699999999995
467,0.10111800000000315,0.24049800000000054,0.2788789999999999,0.14188700000000054,0.28360630000000064,0.16435259999999996,0.2643899999999988,0.2988369999999989,1.026495999999998,0.6971699999999998,0.26345000000000596,0.4412629999999993,0.40072899999999834,0.9836844000000005,0.4765569999999997,0.6970789999999987,0.1715820000000008,0.35770799999999525
468,0.10170600000000007,0.24514000000000102,0.27794719999999984,0.13994299999999882,0.2799373000000003,0.1608676,0.2537300000000009,0.26318200000000047,0.8804769999999991,0.6118400000000008,0.2764700000000033,0.440017000000001,0.4298549999999999,1.0066047000000005,0.5700960000000066,0.6997590000000002,0.16011999999999915,0.2827179999999956
469,0.10270200000000074,0.22637100000000032,0.2754460999999999,0.13950200000000024,0.27901230000000155,0.16314280000000014,0.2539119999999997,0.2906800000000018,0.9740900000000003,0.6540799999999933,0.2797400000000039,0.4546360000000007,0.49145599999999945,1.0746218,0.5073969999999974,0.67727,0.1648440000000022,0.3250290000000007
470,0.10270200000000074,0.22637100000000032,0.2754460999999999,0.13950200000000024,0.27901230000000155,0.16314280000000014,0.2539119999999997,0.2906800000000018,0.9740900000000003,0.6540799999999933,0.2797400000000039,0.4546360000000007,0.49145599999999945,1.0746218,0.5073969999999974,0.67727,0.1648440000000022,0.3250290000000007
471,0.0680170000000011,0.1446620000000003,0.21699749999999973,0.09862500000000018,0.19123629999999991,0.12156069999999985,0.18065899999999857,0.2234150000000028,0.7520710000000008,0.5290099999999995,0.20400000000000773,0.3771880000000003,0.35662599999999856,0.7732378000000004,0.3167580000000072,0.5007219999999997,0.11968900000000104,0.26893899999999604
472,0.14654600000000073,0.34517300000000084,0.38028139999999944,0.19528299999999987,0.3963813000000016,0.21581599999999979,0.3825250000000011,0.40952500000000214,1.270707999999999,0.87242999999998,0.3998600000000039,0.664238000000001,0.6965029999999999,1.4043868000000002,0.8335790000000003,0.9194309999999994,0.19398600000000243,0.3892659999999992
473,0.07903000000000304,0.17082900000000123,0.23198149999999984,0.11324699999999943,0.22313130000000037,0.13739310000000016,0.20305099999999854,0.23831200000000052,0.8022840000000002,0.543769999999995,0.23676000000000386,0.39165399999999906,0.3705040000000004,0.8973499,0.41291099999999403,0.5696920000000034,0.13976100000000002,0.2779919999999976
474,0.10269800000000018,0.21625900000000087,0.27061020000000013,0.13515999999999906,0.2735643000000003,0.15673860000000017,0.26226799999999884,0.2820299999999989,0.9671009999999995,0.6555799999999863,0.2594299999999947,0.43147300000000044,0.4134570000000011,0.9159303999999997,0.43714300000000605,0.6531739999999999,0.1543089999999978,0.3348489999999984
475,-9.9999e+98,0.10407299999999964,0.14521430000000013,0.06646299999999883,0.12391530000000017,0.08496019999999982,0.1202469999999991,0.12846000000000402,0.5096220000000002,0.36404999999999177,0.13997000000000526,0.2755139999999976,0.21618799999999894,0.5508552,0.2406429999999915,0.29383100000000084,0.050268000000002644,0.19107699999999994
476,0.05454000000000292,0.13474500000000056,0.18321649999999945,0.08799099999999882,0.17421230000000065,0.11019539999999983,0.16507100000000108,0.18992300000000029,0.6492429999999985,0.4470699999999965,0.17708000000000368,0.3250019999999978,0.25051699999999855,0.639189,0.3234939999999966,0.4386490000000016,0.11070300000000088,0.23721700000000112
477,0.11503599999999992,0.26473999999999975,0.30124890000000004,0.15519399999999983,0.3075853000000013,0.1762750999999998,0.27022600000000097,0.3057489999999987,1.012201000000001,0.6835499999999968,0.2969200000000001,0.5141980000000004,0.5185010000000005,1.1747937999999998,0.6139229999999998,0.7669040000000003,0.17543799999999976,0.31705300000000136
478,0.10673200000000094,0.2512220000000003,0.2957609999999997,0.14701900000000023,0.30000230000000094,0.16762180000000004,0.286172999999998,0.29474799999999846,1.023578999999998,0.6833199999999806,0.26874999999999716,0.45047500000000085,0.33281700000000214,0.9960239999999994,0.5004559999999998,0.6929209999999983,0.16317899999999952,0.35831699999999955
479,0.10280300000000153,0.23856400000000022,0.2731665999999997,0.1386029999999998,0.27795330000000007,0.1612566000000002,0.2507939999999991,0.27618900000000224,0.9263899999999978,0.6249599999999873,0.26762000000000796,0.4298329999999986,0.37602000000000046,1.0298138999999997,0.5274579999999958,0.6791060000000009,0.16411099999999834,0.3069769999999963
480,0.07312300000000249,0.1782850000000007,0.21047749999999965,0.10336999999999996,0.20832230000000074,0.12567379999999995,0.19876299999999958,0.21407400000000365,0.769880999999998,0.5547599999999875,0.22276000000000806,0.33400100000000066,0.21432399999999774,0.6445425,0.4190280000000115,0.5043030000000002,0.1303400000000039,0.284554
481,0.13020500000000013,0.3293340000000011,0.34295859999999934,0.17709299999999928,0.3560023000000001,0.1997768999999998,0.32866599999999835,0.3812330000000017,1.1678099999999993,0.8162899999999809,0.3825400000000059,0.6173399999999987,0.710521,1.3843639999999997,0.7781620000000089,0.8531119999999994,0.20804199999999895,0.36158899999999505
482,0.07509600000000205,0.1743579999999998,0.21734419999999943,0.10896599999999879,0.2162462999999999,0.13264349999999991,0.20050099999999915,0.22919600000000173,0.7854919999999979,0.5340599999999824,0.2170200000000051,0.3819669999999995,0.30173799999999673,0.8082901000000007,0.4071089999999913,0.5497910000000026,0.13803500000000213,0.2807639999999978
483,0.12212000000000245,0.2863439999999997,0.32073959999999957,0.16100099999999884,0.32773630000000153,0.18228810000000006,0.30321400000000054,0.30789500000000203,1.0497779999999999,0.7054799999999943,0.30768000000000484,0.4854719999999979,0.45293900000000065,1.1421639,0.6475310000000007,0.7549080000000004,0.17936200000000468,0.34109399999999823
484,0.09382700000000099,0.23651700000000098,0.26903409999999983,0.1323799999999995,0.2715683000000002,0.1538075000000001,0.2561479999999996,0.2522200000000012,0.892315,0.5937699999999779,0.24437000000000353,0.40632799999999847,0.31216500000000025,0.8928419999999999,0.4954830000000072,0.6163319999999999,0.15239799999999804,0.30983399999999506
485,0.11707600000000085,0.27450699999999983,0.3106435999999997,0.1593049999999998,0.3171753000000006,0.1801746999999998,0.28448399999999907,0.31121399999999966,1.0357139999999987,0.7094699999999818,0.313910000000007,0.5203689999999987,0.5314189999999996,1.1961133000000004,0.6379739999999998,0.784084,0.1867330000000038,0.3243579999999966
486,0.11879800000000174,0.26039300000000054,0.30184429999999995,0.15430800000000033,0.30889029999999984,0.17576239999999999,0.2802100000000003,0.3061130000000034,1.0121019999999987,0.6958199999999977,0.30552000000000135,0.49466899999999825,0.4959339999999983,1.1612555000000002,0.6291659999999979,0.7583069999999985,0.16906800000000288,0.3234560000000002
487,0.12159600000000026,0.2831419999999998,0.3115831,0.15753499999999931,0.3179213000000001,0.1768168000000001,0.29702299999999937,0.27584699999999884,0.9637220000000006,0.6928800000000024,0.334069999999997,0.5353770000000004,0.5879979999999989,1.1536402,0.7108669999999933,0.7856820000000013,0.187732000000004,0.28936900000000065
488,0.110240000000001,0.25811400000000084,0.29753510000000016,0.14718399999999932,0.3024103,0.1676744000000001,0.2894919999999992,0.2843650000000011,0.992048999999998,0.6545299999999941,0.2781999999999982,0.4647909999999982,0.3445200000000028,0.9826896999999999,0.542981999999995,0.6936409999999995,0.16883700000000346,0.3412099999999967
489,0.07387700000000308,0.18025300000000044,0.22101609999999994,0.1113559999999989,0.22280630000000023,0.1347094000000002,0.209382999999999,0.23473200000000105,0.8066119999999977,0.5498800000000017,0.2142199999999974,0.38346699999999956,0.2865080000000013,0.8005590000000007,0.40767700000000673,0.5505850000000017,0.1401000000000039,0.288218999999998
490,0.10089800000000082,0.25589000000000084,0.27760879999999943,0.1418809999999997,0.2788713000000005,0.16152599999999984,0.24187099999999973,0.24675500000000028,0.8523320000000005,0.5681599999999776,0.26236000000000104,0.49095399999999856,0.464106000000001,1.0002708,0.5745659999999901,0.7346180000000011,0.16868699999999848,0.26024400000000014
491,0.07794900000000027,0.17588399999999993,0.21616869999999988,0.10811200000000021,0.21401930000000036,0.13176759999999987,0.20199799999999968,0.23148100000000227,0.8224859999999978,0.5901499999999942,0.2413400000000081,0.3680749999999975,0.26699600000000245,0.7158954000000004,0.4177130000000062,0.5478830000000023,0.13510300000000086,0.30351799999999685
492,0.07794900000000027,0.17588399999999993,0.21616869999999988,0.10811200000000021,0.21401930000000036,0.13176759999999987,0.20199799999999968,0.23148100000000227,0.8224859999999978,0.5901499999999942,0.2413400000000081,0.3680749999999975,0.26699600000000245,0.7158954000000004,0.4177130000000062,0.5478830000000023,0.13510300000000086,0.30351799999999685
493,0.10323500000000152,0.2571950000000012,0.29739119999999986,0.1438569999999988,0.28471630000000125,0.16729100000000008,0.2632399999999997,0.31537500000000307,1.047892000000001,0.7056599999999946,0.2827800000000025,0.47681599999999946,0.5196840000000016,1.0659121999999996,0.47855099999999595,0.7092910000000003,0.16523600000000016,0.3537849999999949
494,0.11512600000000006,0.2705850000000005,0.30338879999999957,0.15090099999999929,0.30776230000000027,0.17163430000000002,0.2857120000000002,0.2773260000000022,0.9604129999999991,0.6505399999999781,0.2877500000000026,0.4369829999999979,0.4271470000000015,1.0560241999999995,0.6317160000000115,0.7125640000000004,0.1703680000000034,0.31515600000000177
495,0.08815400000000295,0.19671199999999978,0.25745919999999956,0.12410199999999882,0.2465123000000009,0.14848509999999981,0.2242849999999983,0.25211300000000136,0.8342829999999992,0.5805900000000008,0.26744999999999663,0.4510690000000004,0.46304899999999805,1.0344429000000002,0.513142000000002,0.6271139999999988,0.14780100000000118,0.2717309999999955
496,0.11632400000000231,0.2691340000000011,0.3100800999999995,0.1549669999999992,0.3171393000000009,0.1759659,0.29901800000000023,0.3018420000000006,1.048760999999999,0.695210000000003,0.2974099999999993,0.4908549999999998,0.3916250000000012,1.0669429,0.5788750000000107,0.7375679999999996,0.16820299999999833,0.35684899999999686
497,0.12532100000000312,0.3115450000000006,0.32591389999999976,0.16674199999999928,0.3370963000000007,0.18876660000000012,0.3122620000000005,0.32882299999999987,1.0811719999999987,0.7499499999999841,0.3475700000000046,0.5438930000000006,0.5799730000000025,1.2586361000000004,0.7073270000000065,0.8026079999999993,0.19199199999999905,0.3409509999999969
498,0.11473500000000314,0.27919499999999964,0.30359659999999966,0.15806699999999907,0.3071052999999999,0.17735829999999986,0.24495299999999887,0.2638299999999987,0.9483250000000005,0.5854799999999898,0.2391099999999966,0.49756400000000056,0.5061239999999998,1.0815561000000002,0.5997059999999976,0.7660049999999998,0.1860280000000003,0.2699360000000013
499,0.11438100000000162,0.2848360000000003,0.3131376000000001,0.15384899999999924,0.30525930000000123,0.1769693000000001,0.27512199999999964,0.33006800000000425,1.05546,0.715769999999992,0.3126000000000033,0.5271059999999999,0.5904729999999994,1.2278126,0.6075329999999894,0.7526690000000009,0.16868300000000147,0.34526799999999724
500,0.07437400000000238,0.188600000000001,0.21940280000000012,0.1093150000000005,0.21900429999999993,0.13174589999999986,0.19703799999999916,0.21543600000000396,0.7439949999999982,0.5032799999999895,0.19593000000000416,0.3575179999999989,0.27746099999999885,0.7586806999999993,0.437113999999994,0.541361000000002,0.13660200000000344,0.26348000000000127
501,0.08274199999999965,0.20882000000000112,0.23824600000000018,0.11977499999999885,0.23993230000000132,0.14273990000000003,0.22043700000000044,0.24026100000000383,0.8398000000000003,0.5692399999999793,0.22541999999999973,0.3993079999999978,0.28284299999999973,0.8519217999999995,0.45466899999999555,0.5927119999999988,0.1461790000000036,0.29782000000000153
502,0.08274199999999965,0.20882000000000112,0.23824600000000018,0.11977499999999885,0.23993230000000132,0.14273990000000003,0.22043700000000044,0.24026100000000383,0.8398000000000003,0.5692399999999793,0.22541999999999973,0.3993079999999978,0.28284299999999973,0.8519217999999995,0.45466899999999555,0.5927119999999988,0.1461790000000036,0.29782000000000153
503,0.1011400000000009,0.2489340000000002,0.276821,0.13747199999999893,0.2791813000000012,0.15889359999999986,0.2548320000000004,0.25445799999999963,0.8824089999999991,0.5950699999999927,0.26086999999999705,0.4369569999999996,0.3701280000000011,0.9670931999999999,0.5482530000000025,0.658923999999999,0.1623650000000012,0.2970189999999988
504,0.10671300000000272,0.25839700000000043,0.2895949999999994,0.144088,0.29480730000000044,0.16500039999999982,0.27576099999999926,0.2831779999999995,0.9656559999999992,0.6429899999999975,0.2761200000000059,0.4557859999999998,0.36005299999999707,0.9911766999999996,0.5578359999999947,0.681436999999999,0.16650200000000126,0.3321159999999992
505,0.09942400000000262,0.23614700000000077,0.27248800000000006,0.13817500000000038,0.2736653000000011,0.16062829999999995,0.24362700000000004,0.2700110000000038,0.9009779999999985,0.6178799999999853,0.27438000000000784,0.46652500000000074,0.44298299999999813,1.0625299000000004,0.5527069999999981,0.7016759999999991,0.16084800000000143,0.2907340000000005
506,0.11658600000000163,0.2623519999999999,0.3029421999999995,0.15368999999999922,0.30421429999999994,0.1750683999999998,0.2709939999999982,0.2984650000000002,1.002483999999999,0.6882999999999981,0.3072999999999979,0.5253389999999989,0.5509599999999999,1.1942595000000003,0.6267959999999988,0.7639589999999998,0.17517000000000138,0.3151069999999976
507,0.0850570000000026,0.21708899999999964,0.24745319999999982,0.12513799999999975,0.2466423000000013,0.1483525000000001,0.22132299999999816,0.26502700000000345,0.9200909999999993,0.6395799999999952,0.26171999999999684,0.372952999999999,0.3104769999999988,0.8326800000000003,0.4506679999999932,0.612088,0.146525000000004,0.32719799999999566
508,0.07425399999999982,0.1983340000000009,0.2270707999999999,0.11273800000000023,0.2269243000000003,0.13437900000000003,0.20483199999999968,0.20720200000000233,0.7138419999999996,0.4900599999999997,0.2181099999999958,0.38143699999999825,0.32845600000000275,0.8392914000000005,0.462924000000001,0.5769950000000001,0.13870100000000463,0.2448130000000006
509,0.11113500000000087,0.27959900000000104,0.3019050999999999,0.15312899999999985,0.3044803000000016,0.17098859999999982,0.2722289999999994,0.247595000000004,0.9065270000000005,0.6097199999999816,0.28667000000000087,0.5209930000000007,0.5041969999999978,1.0469242999999997,0.6442789999999974,0.7744399999999985,0.1854020000000034,0.2680310000000006
510,0.10833000000000226,0.26897000000000126,0.3041058999999997,0.1502219999999994,0.30836730000000045,0.17041249999999986,0.29255799999999965,0.29108099999999837,1.0161510000000007,0.6750099999999861,0.27293000000000234,0.45094800000000035,0.33991100000000074,0.9935714999999998,0.5483080000000058,0.6998779999999982,0.16794900000000013,0.3567460000000011
511,0.10734800000000178,0.25201600000000113,0.2860265999999996,0.14551400000000037,0.2904382999999999,0.1672321000000001,0.2587469999999996,0.2940100000000001,0.9901659999999985,0.6650099999999952,0.2665800000000047,0.4457470000000008,0.4307199999999973,1.0664482,0.5126149999999967,0.70608,0.17536000000000485,0.33178499999999644
512,0.12049400000000077,0.3225460000000009,0.34025019999999984,0.16866199999999942,0.34518130000000014,0.18528389999999995,0.3380970000000012,0.27335000000000065,0.9809649999999976,0.7125499999999931,0.34161000000000286,0.4846339999999998,0.5620910000000023,1.0732796999999996,0.7533870000000036,0.7670290000000008,0.18058100000000366,0.28152899999999903
513,0.0756280000000018,0.1734650000000002,0.2146681999999993,0.10877200000000009,0.2164653000000012,0.13246380000000002,0.20155600000000007,0.2271029999999996,0.783573999999998,0.5308699999999931,0.21460000000000434,0.36542299999999983,0.30835400000000135,0.8176952999999996,0.3945269999999965,0.5440770000000015,0.13709300000000013,0.2801849999999959
514,0.12284800000000118,0.3030419999999996,0.3348000999999998,0.165341999999999,0.3407523000000001,0.18543120000000002,0.33637999999999835,0.2959209999999999,1.0154029999999992,0.6864999999999952,0.3225500000000068,0.4921289999999985,0.4792449999999988,1.1063862000000002,0.7163819999999959,0.7483539999999991,0.18561300000000358,0.32388199999999756
515,0.12206400000000173,0.2810509999999997,0.31391219999999986,0.1566479999999988,0.32043830000000106,0.17771999999999988,0.30521399999999943,0.28957600000000383,0.9914780000000007,0.6750199999999893,0.3056700000000063,0.48095099999999746,0.4677199999999999,1.1062835999999994,0.6504919999999998,0.7252720000000004,0.1728480000000019,0.3171649999999957
516,0.09253800000000112,0.21566500000000133,0.2493299999999996,0.1263829999999988,0.25481530000000063,0.1501980999999999,0.2327559999999984,0.255703000000004,0.8535749999999993,0.576219999999978,0.2571800000000053,0.40366500000000016,0.3873470000000019,0.9584402999999995,0.49707499999999527,0.6211580000000012,0.15266600000000352,0.2826379999999986
517,0.13857400000000197,0.36197000000000124,0.3713641999999995,0.186909,0.3726573000000002,0.2012862000000002,0.3420179999999995,0.296828000000005,1.0872770000000003,0.7224899999999934,0.3175600000000003,0.5559979999999989,0.5711970000000015,1.0919720000000002,0.7546470000000056,0.8877890000000015,0.17407899999999898,0.2934059999999974
518,0.12175700000000234,0.28798300000000054,0.3158706999999996,0.15696599999999883,0.3190993000000013,0.17620160000000018,0.29665199999999814,0.27693400000000423,0.9606099999999991,0.6639699999999777,0.3039100000000019,0.45288599999999946,0.475756999999998,1.0753713999999999,0.6609920000000074,0.7455870000000004,0.17357100000000258,0.3030729999999977
519,-9.9999e+98,0.10028500000000129,0.1316948,0.06155799999999978,0.11731130000000078,0.08009680000000019,0.11478500000000125,0.10917400000000299,0.47926999999999964,0.3525899999999922,0.14226999999999634,0.24068199999999962,0.19654699999999892,0.46661140000000056,0.25044400000000167,0.2721109999999989,0.00026600000000343016,0.18797999999999604
520,0.047019000000002364,0.12630300000000005,0.19946410000000014,0.08951699999999896,0.16544330000000151,0.11125130000000016,0.1470729999999989,0.1964889999999997,0.6612620000000007,0.4605799999999931,0.18161999999999523,0.3154359999999983,0.30259100000000316,0.7187675000000002,0.3628750000000025,0.46837700000000027,0.11083200000000204,0.23774999999999835
521,0.12613600000000247,0.30274,0.33323839999999993,0.16797299999999993,0.341648300000001,0.1887585999999999,0.3176710000000007,0.31612000000000506,1.0647160000000007,0.7295099999999763,0.33019000000000176,0.5070160000000001,0.5207470000000001,1.1981273000000003,0.7137170000000026,0.7935719999999975,0.19327200000000033,0.34169399999999683
522,0.08676100000000275,0.21390700000000074,0.24452590000000018,0.12244399999999978,0.24840030000000013,0.14546100000000006,0.2283609999999996,0.24033899999999875,0.8295649999999988,0.5574599999999919,0.24443000000000836,0.4099269999999997,0.30996999999999986,0.9016796000000005,0.46932599999999525,0.5900319999999972,0.15036599999999822,0.28497600000000034
523,0.10199100000000172,0.2602620000000009,0.28955030000000015,0.14329199999999886,0.29071730000000073,0.1633019,0.26613299999999995,0.27588100000000537,0.9758379999999995,0.6586299999999881,0.246459999999999,0.41991299999999754,0.30041900000000155,0.9168858000000002,0.5129479999999944,0.6780110000000015,0.1672450000000012,0.344538
524,0.08007200000000125,0.19361400000000017,0.24109159999999985,0.12054799999999943,0.24126730000000052,0.14459920000000004,0.22191600000000022,0.25377000000000294,0.8515939999999986,0.5702199999999777,0.24411999999999523,0.39935799999999944,0.4311480000000003,0.9291577000000002,0.41561799999999494,0.5850359999999988,0.14484399999999908,0.284044999999999
525,0.12008000000000152,0.2641670000000005,0.30454459999999983,0.1548160000000003,0.3125453,0.1763275000000002,0.2880269999999996,0.29793700000000456,0.9887239999999977,0.6911699999999996,0.32423,0.504058999999998,0.5226520000000008,1.1752650000000004,0.6568510000000032,0.751532000000001,0.17114200000000324,0.3109979999999979
526,0.06513100000000094,0.1416839999999997,0.20137869999999936,0.09400999999999904,0.17529329999999987,0.11619219999999997,0.15415499999999938,0.20750200000000518,0.6919590000000007,0.48443000000000325,0.19943000000000666,0.3197139999999976,0.284870999999999,0.6855026000000004,0.37364800000000287,0.4902480000000011,0.11560899999999918,0.2429649999999981
527,0.12392499999999984,0.2916749999999997,0.31401889999999977,0.16097800000000007,0.32160030000000006,0.18214590000000008,0.28583499999999873,0.322377000000003,1.0607509999999998,0.7110899999999845,0.298569999999998,0.5032879999999977,0.4834630000000004,1.1791193,0.6174699999999973,0.7846580000000003,0.1789150000000035,0.3399560000000008
528,0.12469400000000164,0.30783300000000047,0.34042320000000004,0.172879,0.34545130000000057,0.19176780000000004,0.3033520000000003,0.3167410000000004,1.0753379999999986,0.7280199999999866,0.3181200000000075,0.5234169999999985,0.5199989999999985,1.1947409000000002,0.6936720000000065,0.8295969999999997,0.1967780000000019,0.33287200000000183
529,-9.9999e+98,0.11500800000000133,0.1548387,0.07498999999999967,0.14585630000000016,0.09530640000000012,0.1406880000000008,0.14224300000000056,0.5806669999999983,0.4247799999999984,0.17359000000000435,0.27286499999999947,0.20618400000000037,0.5342757000000002,0.3072030000000012,0.3573590000000024,0.09078999999999837,0.22205399999999997
530,0.11785700000000077,0.30164800000000014,0.3256799999999993,0.16110699999999945,0.32652630000000116,0.17877199999999993,0.29835800000000035,0.2739740000000026,0.9532910000000001,0.6503500000000031,0.2934400000000039,0.4910010000000007,0.46044900000000055,1.0271058999999996,0.6815459999999973,0.7505849999999974,0.180692999999998,0.30123899999999537
531,0.097800000000003,0.22765900000000094,0.26709659999999946,0.1348679999999991,0.2725193000000008,0.15797609999999995,0.25013299999999816,0.2710440000000034,0.9300840000000008,0.6219799999999793,0.26232000000000255,0.4155629999999988,0.395035,0.9919956000000001,0.4840809999999891,0.6479150000000011,0.1585370000000026,0.3160260000000008
532,0.07088700000000259,0.17952800000000124,0.21121880000000015,0.10436900000000016,0.2113353,0.12696819999999986,0.1932559999999981,0.21071500000000043,0.7108089999999976,0.47926999999998543,0.20301000000000613,0.3488749999999996,0.2598079999999996,0.7606945999999999,0.4021279999999905,0.5035379999999989,0.13030200000000036,0.25110099999999846
533,0.1050120000000021,0.2576660000000004,0.29015460000000015,0.14675499999999886,0.29387529999999984,0.1676791999999998,0.26124799999999837,0.2877160000000032,0.9829489999999979,0.6550699999999949,0.2574199999999962,0.4383400000000002,0.3715769999999985,1.0396037000000007,0.5206919999999968,0.712375999999999,0.17011200000000315,0.32568200000000047
534,0.10298099999999977,0.25027000000000044,0.2774203000000002,0.13911599999999957,0.2791022999999999,0.1602790999999999,0.2485759999999999,0.2694970000000012,0.8848699999999994,0.5976399999999842,0.2556900000000013,0.42336500000000044,0.39441499999999863,0.9875479999999994,0.5463700000000102,0.6879919999999977,0.1629739999999984,0.2904879999999963
535,0.10298099999999977,0.25027000000000044,0.2774203000000002,0.13911599999999957,0.2791022999999999,0.1602790999999999,0.2485759999999999,0.2694970000000012,0.8848699999999994,0.5976399999999842,0.2556900000000013,0.42336500000000044,0.39441499999999863,0.9875479999999994,0.5463700000000102,0.6879919999999977,0.1629739999999984,0.2904879999999963
536,0.07718300000000156,0.19242400000000082,0.22653049999999997,0.11382000000000048,0.2287573000000016,0.13709760000000015,0.20759599999999878,0.22992400000000401,0.769406,0.5202400000000011,0.22526999999999475,0.35970499999999817,0.3018810000000016,0.8653165999999999,0.4329699999999974,0.5611320000000006,0.14061699999999888,0.2605179999999976
537,0.11672700000000091,0.2735240000000001,0.3090262999999993,0.1561489999999992,0.31749330000000064,0.17785109999999982,0.2931069999999991,0.31053,1.0513839999999988,0.701909999999998,0.3077899999999971,0.49399000000000015,0.3966619999999992,1.1113758000000002,0.6049380000000042,0.7508479999999977,0.17217800000000238,0.3529849999999968
538,0.12375199999999964,0.2923840000000002,0.32081239999999944,0.16418299999999952,0.3320343000000001,0.18637440000000005,0.30544499999999886,0.337530000000001,1.1186499999999988,0.7475999999999772,0.3243700000000018,0.513304999999999,0.48042799999999986,1.2108341999999999,0.6275770000000023,0.8001590000000007,0.18506700000000365,0.3763179999999977
539,0.10221600000000208,0.25304900000000075,0.28472669999999933,0.14329599999999942,0.28868130000000036,0.1646057999999999,0.2601659999999981,0.27645100000000156,0.955766999999998,0.6410499999999786,0.2655900000000031,0.4625330000000005,0.36619400000000013,1.0205922000000003,0.536096999999998,0.6973580000000013,0.17175900000000155,0.3255139999999983
540,0.10651200000000216,0.26211800000000096,0.2940996,0.1470400000000005,0.2949603000000014,0.1659619000000001,0.2661619999999978,0.2565060000000017,0.8978560000000009,0.6253399999999942,0.2845099999999974,0.45230499999999907,0.45942499999999953,1.0109437000000003,0.6138210000000015,0.7247479999999982,0.16700900000000019,0.28204600000000113
541,0.11214400000000069,0.27637600000000084,0.30089260000000007,0.15030499999999947,0.30631830000000093,0.1685264000000002,0.29712999999999923,0.248305000000002,0.9013199999999983,0.6595099999999832,0.3234900000000067,0.5034080000000003,0.5641869999999969,1.0712887000000002,0.6967719999999957,0.7352519999999991,0.18062499999999915,0.2641269999999949
542,0.1287690000000019,0.3127639999999996,0.3332018999999997,0.17089799999999933,0.3438593000000001,0.19293799999999983,0.31450399999999945,0.36108099999999865,1.1640179999999987,0.7807699999999897,0.33079000000000747,0.5351169999999996,0.5867660000000008,1.2719465000000003,0.6457860000000011,0.8179200000000009,0.18974200000000252,0.37578599999999796
543,0.11961800000000267,0.2607040000000005,0.30059089999999955,0.15237699999999954,0.30681530000000024,0.17350580000000004,0.28027799999999914,0.2946580000000054,0.9832859999999997,0.6756000000000029,0.2989000000000033,0.4736629999999984,0.4619749999999989,1.1252049,0.6309600000000017,0.7440400000000018,0.16677700000000328,0.3177219999999963
544,0.12395700000000076,0.2934330000000003,0.30989949999999933,0.1588599999999989,0.32010130000000103,0.1816523000000001,0.2937589999999979,0.32632699999999915,1.065562,0.7219099999999798,0.3180399999999963,0.5097190000000005,0.5576860000000003,1.2121918000000003,0.6405749999999983,0.756172000000003,0.17943199999999848,0.34131699999999654
545,0.13963400000000092,0.36280800000000113,0.3778562999999995,0.18803799999999882,0.38016130000000103,0.20367829999999998,0.35029600000000016,0.32403100000000506,1.119057999999999,0.7635399999999777,0.33128999999999564,0.5043839999999982,0.5310830000000024,1.1472691,0.7601599999999991,0.8653739999999992,0.1781959999999998,0.3428419999999974
546,0.08975099999999969,0.2093480000000003,0.2443318999999997,0.124193,0.249569300000001,0.1480931000000001,0.22791300000000092,0.25753200000000476,0.859019,0.5772299999999859,0.2491899999999987,0.3979299999999988,0.3910449999999983,0.9472243999999996,0.4558800000000076,0.6093399999999995,0.15150799999999975,0.28698599999999885
547,0.07438500000000303,0.15804699999999983,0.20883640000000003,0.10107399999999878,0.1997643,0.1244133999999999,0.18869399999999814,0.22094700000000245,0.7567969999999988,0.5267399999999895,0.20013000000000147,0.3623580000000004,0.2885780000000011,0.7222509000000006,0.36319300000000965,0.5099860000000014,0.12370599999999854,0.2759140000000002
548,0.11846500000000049,0.2577639999999999,0.29953079999999943,0.15273799999999937,0.30664230000000003,0.17450020000000022,0.27926499999999876,0.3009869999999992,1.0094700000000003,0.6867000000000019,0.29877000000000464,0.48077499999999773,0.45932399999999873,1.1406215,0.6158180000000044,0.7492649999999976,0.1680470000000014,0.3292999999999964
549,0.10983000000000231,0.26151000000000124,0.2939973,0.1456160000000004,0.29882330000000046,0.1665725,0.27889300000000006,0.2776980000000009,0.9592209999999994,0.6367599999999811,0.2757699999999943,0.4514889999999987,0.36298299999999983,0.9920957000000001,0.5748559999999969,0.669944000000001,0.1713009999999997,0.3269170000000017
550,0.114726000000001,0.2790820000000007,0.3033476999999998,0.15671999999999997,0.31066130000000136,0.17798960000000008,0.2619579999999999,0.3131130000000013,1.0421019999999999,0.6647700000000043,0.2464000000000084,0.47271399999999986,0.4516019999999976,1.1687813,0.5490690000000029,0.7563659999999999,0.1786730000000034,0.3316939999999988
551,0.0645130000000016,0.14047200000000082,0.19646149999999984,0.093475999999999,0.1784543000000003,0.1163536999999999,0.16026199999999946,0.20278700000000072,0.6838999999999977,0.471509999999995,0.1770700000000005,0.31923499999999905,0.29768800000000084,0.7127224999999999,0.37475200000000086,0.4775820000000017,0.11747600000000347,0.24413599999999747
552,0.08052200000000198,0.19644500000000065,0.2313919999999996,0.11543400000000048,0.23246430000000018,0.13832570000000022,0.21798199999999923,0.23228900000000152,0.8147199999999977,0.551809999999989,0.21847999999999956,0.38443200000000033,0.2583720000000014,0.8180370000000003,0.43694600000000605,0.5632190000000001,0.14366700000000066,0.28721900000000034
553,0.10500400000000099,0.2606010000000012,0.2899094,0.1441870000000005,0.2923033000000004,0.16456690000000007,0.2644169999999981,0.27084800000000087,0.9286999999999992,0.622889999999984,0.2641100000000023,0.45131499999999747,0.3718609999999991,0.9871359999999996,0.5666829999999976,0.6922159999999984,0.1720240000000004,0.31107899999999944
554,0.08437200000000189,0.18153400000000097,0.2381694999999997,0.1184700000000003,0.23691330000000121,0.14202769999999987,0.22282500000000027,0.2466450000000009,0.8489749999999994,0.5706399999999974,0.23729000000000156,0.39942299999999875,0.3733170000000001,0.8956197000000001,0.39665899999999965,0.5887859999999989,0.14371700000000232,0.29326700000000017
555,0.12219800000000092,0.300497,0.31835710000000006,0.15945699999999974,0.31823130000000077,0.1815392,0.29140299999999897,0.32233200000000295,1.0410830000000004,0.7405100000000004,0.3516300000000001,0.5707689999999985,0.6413289999999989,1.2706963999999994,0.6849820000000051,0.7913560000000004,0.18467100000000158,0.3243709999999993
556,0.12218400000000074,0.30410000000000004,0.3269611000000001,0.16437099999999916,0.32968130000000073,0.18268240000000002,0.27306099999999844,0.2757700000000014,0.9838850000000008,0.6165999999999769,0.24110000000000298,0.4779599999999995,0.480084999999999,1.0377384999999997,0.6557509999999951,0.7622509999999991,0.1827469999999991,0.3150569999999959
557,0.12331700000000012,0.29638200000000126,0.3264043999999995,0.16276399999999924,0.3315153000000013,0.18277030000000005,0.30618199999999973,0.3028750000000002,1.0302889999999998,0.6953900000000033,0.306910000000002,0.4919419999999981,0.4433790000000002,1.1208659,0.6778529999999989,0.7637850000000022,0.17996800000000235,0.33930099999999896
558,0.07370799999999988,0.18869899999999973,0.22045919999999963,0.1099250000000005,0.21982130000000133,0.1326833999999999,0.20187899999999814,0.22123700000000213,0.774951999999999,0.5289099999999962,0.19952999999999577,0.3562589999999979,0.25527699999999953,0.7588121000000001,0.42638499999999624,0.5399180000000001,0.1381680000000003,0.2769399999999962
559,0.07370799999999988,0.18869899999999973,0.22045919999999963,0.1099250000000005,0.21982130000000133,0.1326833999999999,0.20187899999999814,0.22123700000000213,0.774951999999999,0.5289099999999962,0.19952999999999577,0.3562589999999979,0.25527699999999953,0.7588121000000001,0.42638499999999624,0.5399180000000001,0.1381680000000003,0.2769399999999962
560,0.0685360000000017,0.16553900000000077,0.19974299999999978,0.0962859999999992,0.196810300000001,0.1174704000000002,0.18931699999999907,0.19131600000000049,0.6833269999999985,0.4710399999999879,0.17682000000000642,0.3011349999999986,0.19206099999999893,0.6224137000000001,0.3558659999999918,0.4566020000000002,0.1162610000000015,0.2539370000000005
561,0.060862000000000194,0.14135500000000079,0.18900149999999982,0.09217299999999895,0.18329030000000124,0.11454720000000007,0.17412799999999962,0.19909799999999933,0.6791859999999978,0.4640799999999956,0.17954000000000292,0.31637899999999775,0.2899400000000014,0.6650431000000001,0.31211199999999906,0.4554639999999992,0.11311200000000099,0.2425269999999955
562,0.010354000000003083,0.10504000000000069,0.16609669999999976,0.07851099999999889,0.14731330000000042,0.09888709999999978,0.13899400000000028,0.16681900000000383,0.6017119999999991,0.4211699999999894,0.16029000000000337,0.2988289999999978,0.3137289999999986,0.6630323000000002,0.2733750000000015,0.36389099999999885,0.09290700000000385,0.21431799999999868
563,0.10038199999999975,0.22394300000000023,0.2665078999999997,0.13585899999999995,0.27396330000000013,0.1596633999999999,0.2508580000000009,0.279637000000001,0.9316250000000004,0.6249899999999968,0.27443999999999846,0.4380640000000007,0.47316100000000105,1.0282961999999998,0.5177330000000069,0.6613099999999967,0.16000600000000276,0.3063149999999979
564,0.06739600000000223,0.14420300000000097,0.18489820000000012,0.09251300000000029,0.18241930000000117,0.11491089999999993,0.17338699999999818,0.19912400000000474,0.7034859999999981,0.5028700000000015,0.20063000000000386,0.324228999999999,0.24337099999999978,0.6433488,0.35245700000000113,0.4676670000000023,0.11677699999999902,0.2638979999999975
565,-9.9999e+98,0.09423199999999987,0.13374379999999952,0.0617049999999999,0.11478430000000017,0.07927410000000013,0.11305199999999971,0.10942500000000166,0.47397199999999984,0.3456499999999778,0.13429000000000713,0.24987099999999884,0.19974200000000053,0.4931228999999995,0.2319479999999885,0.2662240000000011,0.007975000000001842,0.1866109999999992
566,0.12225899999999967,0.3050670000000011,0.32925869999999957,0.1637789999999999,0.3330043000000007,0.18186100000000005,0.3102419999999988,0.2743080000000049,0.9669309999999989,0.6768500000000017,0.3220900000000029,0.5100139999999982,0.5049400000000013,1.0864192,0.7230160000000012,0.7748460000000001,0.17667699999999797,0.299866999999999
567,0.06921700000000186,0.1505320000000001,0.19625000000000004,0.09593899999999955,0.18548330000000135,0.11895640000000007,0.16720700000000122,0.21240099999999984,0.704460000000001,0.489609999999999,0.1895200000000017,0.3102780000000003,0.27824099999999774,0.6943957999999997,0.37470499999999163,0.4907049999999984,0.11796700000000016,0.25218799999999675
568,0.10260900000000106,0.26253100000000096,0.2857702,0.14121199999999945,0.28511530000000107,0.1605230999999998,0.25748199999999954,0.24267499999999842,0.8450769999999999,0.5776099999999929,0.2617400000000032,0.44976600000000033,0.4148239999999994,0.9291907999999998,0.5914160000000095,0.6854440000000004,0.16344200000000342,0.2753200000000007
569,0.12190700000000021,0.29056300000000057,0.3261376999999994,0.16403799999999968,0.33063030000000104,0.1835287000000001,0.2926579999999994,0.3173129999999986,1.0656369999999988,0.6990600000000029,0.27295999999999765,0.46763199999999827,0.4135950000000008,1.0985379999999996,0.5929550000000035,0.7801229999999997,0.1795760000000044,0.35214899999999716
570,0.12190700000000021,0.29056300000000057,0.3261376999999994,0.16403799999999968,0.33063030000000104,0.1835287000000001,0.2926579999999994,0.3173129999999986,1.0656369999999988,0.6990600000000029,0.27295999999999765,0.46763199999999827,0.4135950000000008,1.0985379999999996,0.5929550000000035,0.7801229999999997,0.1795760000000044,0.35214899999999716
571,0.06986100000000306,0.18528599999999962,0.21651009999999982,0.10488099999999889,0.21432330000000022,0.12633910000000004,0.20587700000000098,0.2027490000000043,0.7522610000000007,0.5276899999999785,0.20506000000000313,0.31911699999999854,0.20311900000000094,0.6556166000000001,0.3956620000000015,0.4930330000000005,0.1277770000000018,0.2747409999999988
572,0.11401000000000039,0.2711950000000005,0.30876910000000013,0.1548619999999996,0.31227530000000137,0.17482050000000005,0.28125299999999953,0.3072140000000019,1.0495339999999977,0.6966499999999769,0.26269999999999527,0.4462529999999987,0.36658900000000116,1.0587888000000003,0.5226609999999994,0.7331059999999994,0.17469400000000235,0.36005999999999716
573,0.062496000000002994,0.1313259999999996,0.2082234999999999,0.09315600000000046,0.17892930000000007,0.11605230000000022,0.1665089999999978,0.21271300000000082,0.6891110000000005,0.47049999999998704,0.19380999999999915,0.347726999999999,0.35841100000000026,0.7651166000000007,0.32425100000000384,0.4628920000000001,0.11797200000000174,0.24809700000000134
574,0.10368700000000075,0.24955700000000114,0.28467280000000006,0.14422599999999974,0.2912203000000009,0.16640679999999985,0.2688209999999991,0.2932610000000011,0.9993379999999981,0.668549999999982,0.27760000000000673,0.4397669999999998,0.39453100000000063,1.0622407000000003,0.5185450000000031,0.6972079999999998,0.17160200000000003,0.34256099999999634
575,0.10810600000000292,0.25760499999999986,0.28442549999999933,0.14398300000000042,0.28515530000000133,0.16413400000000022,0.25138399999999805,0.26337099999999936,0.900500000000001,0.6186500000000024,0.2719199999999944,0.46507700000000085,0.44939700000000116,1.0193946,0.5778019999999913,0.7248710000000003,0.16603299999999876,0.2817280000000011
576,0.017894000000001853,0.11741199999999985,0.16279149999999998,0.08075599999999916,0.15547230000000134,0.10157769999999999,0.14796600000000026,0.16676500000000516,0.6237460000000006,0.4497299999999882,0.1794399999999996,0.3014469999999996,0.24047999999999803,0.6167040000000004,0.30486700000000155,0.3949670000000012,0.10047899999999998,0.2351419999999962
577,0.0733940000000004,0.1674819999999997,0.19969910000000013,0.09946899999999914,0.1981503,0.12152479999999999,0.1756859999999989,0.19099299999999886,0.6646289999999979,0.4500899999999888,0.1745999999999981,0.3292029999999997,0.27356900000000195,0.7025864999999998,0.4183090000000078,0.5044399999999989,0.12085900000000294,0.23752999999999957
578,0.1024520000000031,0.2319899999999997,0.27693939999999984,0.14053299999999957,0.2791573000000014,0.16381829999999997,0.2545339999999996,0.29911600000000504,0.9999760000000002,0.6738199999999779,0.2736600000000067,0.45382199999999884,0.4505049999999997,1.0470466999999992,0.4962770000000063,0.6967169999999996,0.1606740000000002,0.34381700000000137
579,0.1209900000000026,0.2798069999999999,0.30904609999999977,0.15454899999999938,0.3160483000000003,0.17562329999999982,0.29987799999999964,0.28721900000000034,0.9730980000000002,0.663519999999977,0.3096100000000064,0.502751,0.46480399999999733,1.1147929000000003,0.6770960000000059,0.7432400000000001,0.18037100000000095,0.31849899999999565
580,0.14015700000000209,0.3376809999999999,0.38013859999999955,0.19151600000000002,0.39153830000000056,0.21079150000000002,0.3713899999999981,0.3986629999999991,1.244496999999999,0.8273499999999956,0.35826000000000136,0.5902360000000009,0.559151,1.2914240999999995,0.7606129999999922,0.878266,0.1883020000000002,0.3968890000000016
581,0.12189900000000264,0.2881020000000003,0.3171425999999995,0.15971500000000027,0.3237722999999999,0.18074879999999993,0.2998019999999997,0.32496100000000183,1.0933959999999985,0.7299399999999991,0.30015000000000214,0.4936959999999999,0.3805550000000011,1.1278902999999998,0.5820469999999887,0.7672710000000009,0.1745069999999984,0.37365299999999735
582,0.10021500000000216,0.24798100000000112,0.28652699999999953,0.1405890000000003,0.27728330000000057,0.16395220000000021,0.2597929999999984,0.308802,1.0500009999999982,0.7191499999999849,0.26939000000000135,0.46064799999999906,0.48219600000000185,0.9902145999999998,0.45929499999999734,0.6999649999999988,0.16398699999999877,0.3593229999999963
583,0.09564500000000109,0.23034700000000008,0.26663769999999953,0.13605899999999949,0.2710322999999999,0.1590581000000002,0.2426579999999987,0.27855300000000227,0.9181799999999996,0.6210299999999904,0.2617000000000047,0.43144599999999755,0.39334100000000305,1.0322060999999998,0.5056469999999962,0.6695760000000028,0.1619269999999986,0.30094700000000074
584,0.08434600000000003,0.2288180000000004,0.25893560000000004,0.12373499999999993,0.24049530000000097,0.14803599999999983,0.2125610000000009,0.2608889999999988,0.8907789999999984,0.6009899999999959,0.23269000000000517,0.4211539999999978,0.4681430000000013,0.9346940000000004,0.43153200000000425,0.6257410000000014,0.14957499999999868,0.2992479999999986
585,0.08987899999999982,0.21672099999999972,0.2517363999999995,0.12758700000000012,0.25603530000000063,0.15090840000000005,0.23338700000000046,0.2575479999999999,0.8843209999999999,0.5960099999999784,0.2519500000000079,0.4221520000000005,0.3377049999999997,0.9497749000000004,0.4752520000000118,0.6295739999999981,0.151563000000003,0.3053279999999958
586,0.07763399999999976,0.1737580000000012,0.22736399999999968,0.11124399999999923,0.21895530000000107,0.1352559000000002,0.20076999999999856,0.23624300000000176,0.8127029999999991,0.5560199999999895,0.21151000000000408,0.3653510000000004,0.33948600000000084,0.8092835999999997,0.40337800000000357,0.5590420000000016,0.13734500000000338,0.285857
587,0.10512100000000046,0.23837699999999984,0.28816729999999957,0.14438299999999948,0.2886053000000004,0.16827369999999986,0.26285899999999884,0.30003200000000163,0.9878669999999978,0.6713900000000024,0.3001299999999958,0.49760200000000054,0.5631379999999986,1.1669956,0.594563000000008,0.7009529999999984,0.15966900000000095,0.3172959999999989
588,0.11476900000000256,0.2817000000000007,0.3078561999999998,0.15507599999999933,0.31537930000000003,0.1722874000000001,0.31451799999999963,0.24895599999999973,0.9483110000000003,0.6947399999999959,0.34910999999999603,0.5594919999999988,0.6393479999999983,1.1314419999999998,0.6851979999999998,0.7789369999999991,0.17367300000000085,0.2588009999999983
589,0.1253270000000022,0.2975290000000008,0.31082249999999956,0.16008399999999945,0.32177530000000054,0.1829535,0.294632,0.32658500000000146,1.0776140000000005,0.730639999999994,0.3227200000000039,0.5198709999999984,0.557147999999998,1.2381645000000008,0.6476140000000044,0.766408000000002,0.18178300000000291,0.34626999999999697
590,0.07926500000000303,0.18096400000000123,0.2522744000000001,0.11448000000000036,0.22156830000000127,0.13903240000000006,0.2056609999999992,0.25034300000000087,0.8609270000000002,0.5882599999999911,0.2291799999999995,0.40519399999999806,0.45220600000000033,0.8775585000000001,0.3808350000000047,0.5799679999999974,0.13842800000000466,0.2945369999999983
591,0.10273700000000119,0.23464700000000072,0.2761024000000001,0.137929999999999,0.2815023000000014,0.15960220000000014,0.2649240000000006,0.2683810000000051,0.9367389999999993,0.6234699999999975,0.2696899999999971,0.4541399999999989,0.33847100000000196,0.9619760000000008,0.5172249999999963,0.6648309999999995,0.1541040000000038,0.3189119999999974
592,0.09953600000000051,0.24061400000000077,0.27245399999999975,0.13715900000000047,0.27562130000000096,0.15916510000000006,0.24880100000000027,0.26491299999999995,0.8976509999999998,0.6078399999999817,0.260540000000006,0.41762100000000046,0.37578399999999945,0.9978704,0.534474000000003,0.6767660000000006,0.16389500000000368,0.29842299999999966
593,0.1293350000000011,0.338178000000001,0.3630930000000001,0.18037299999999945,0.3671652999999999,0.19754430000000012,0.3298349999999992,0.3338099999999997,1.1227319999999992,0.7331299999999885,0.2897399999999948,0.5051899999999989,0.4431169999999973,1.1109505000000004,0.6894949999999938,0.8232169999999996,0.17687099999999845,0.37392799999999937
594,0.09476900000000299,0.22290600000000005,0.27054319999999965,0.1320370000000004,0.26037530000000153,0.15538970000000019,0.23164799999999985,0.262160999999999,0.8769629999999999,0.6014099999999871,0.2663600000000059,0.4605329999999981,0.44466899999999754,1.0637714999999996,0.5293419999999998,0.6727359999999969,0.1536260000000027,0.2827470000000005
595,0.09980300000000142,0.2410490000000003,0.2732418000000001,0.13778299999999888,0.27675030000000156,0.15983880000000017,0.24818099999999887,0.2657310000000024,0.9048949999999998,0.6092799999999841,0.2582400000000007,0.4244160000000008,0.3718040000000009,0.9928624999999993,0.5277839999999969,0.6801579999999987,0.16202900000000398,0.30389900000000125
596,0.09186500000000208,0.2362219999999997,0.26936999999999944,0.13363200000000042,0.27092330000000153,0.15539479999999983,0.2547879999999978,0.2669560000000004,0.9356019999999994,0.6337599999999952,0.2397500000000008,0.4095039999999983,0.2757359999999984,0.8884195999999998,0.486575000000002,0.6456860000000013,0.15618800000000022,0.3362979999999993
597,0.06305300000000003,0.15118600000000093,0.1884023999999993,0.0942930000000004,0.18704030000000138,0.1171019000000002,0.17001699999999786,0.19556200000000246,0.656880000000001,0.44521999999997774,0.18811999999999784,0.31422799999999995,0.26497600000000077,0.7114501999999998,0.36252300000001014,0.4653320000000001,0.11773399999999867,0.23431000000000068
598,0.0736590000000028,0.17624900000000032,0.24679139999999933,0.11138300000000001,0.21984130000000057,0.1359186000000001,0.19816499999999948,0.2377040000000008,0.7755720000000004,0.5278899999999851,0.23628000000000782,0.39528499999999767,0.41377299999999906,0.9226447000000002,0.4228260000000006,0.5512209999999982,0.13641199999999998,0.25869699999999796
599,0.08845800000000281,0.22758900000000004,0.26399479999999986,0.12722199999999972,0.24972930000000026,0.15164009999999983,0.23292599999999908,0.2820609999999988,0.9433340000000001,0.640749999999997,0.2513500000000022,0.43605600000000067,0.47046100000000024,0.9393328999999992,0.42021199999999226,0.6381279999999983,0.15044500000000482,0.32305900000000065
600,0.12284800000000118,0.3120460000000005,0.3355742999999993,0.16887900000000045,0.33701130000000035,0.18600329999999987,0.2909259999999989,0.27897000000000105,0.9834800000000001,0.6450399999999945,0.2838700000000074,0.537195999999998,0.508656000000002,1.0625024000000005,0.7050750000000079,0.8012000000000015,0.18666000000000338,0.2960640000000012
601,0.0972040000000014,0.22121100000000027,0.2627997999999998,0.13188899999999926,0.2676133000000007,0.15464870000000008,0.25250099999999875,0.2703210000000027,0.9184739999999998,0.6109299999999962,0.2575999999999965,0.4124130000000008,0.3765819999999991,0.9536746000000003,0.46210599999999147,0.6417500000000018,0.15827099999999916,0.3111189999999979
602,0.0972040000000014,0.22121100000000027,0.2627997999999998,0.13188899999999926,0.2676133000000007,0.15464870000000008,0.25250099999999875,0.2703210000000027,0.9184739999999998,0.6109299999999962,0.2575999999999965,0.4124130000000008,0.3765819999999991,0.9536746000000003,0.46210599999999147,0.6417500000000018,0.15827099999999916,0.3111189999999979
603,0.10437600000000202,0.25430300000000017,0.28690440000000006,0.14206800000000008,0.2907403000000013,0.1630885000000002,0.26950300000000027,0.2643990000000045,0.912074999999998,0.6118799999999851,0.2741800000000012,0.4454899999999995,0.3830449999999992,0.9909591999999998,0.5914159999999953,0.6669300000000007,0.16671999999999798,0.30711799999999556
604,0.12423200000000278,0.3014229999999998,0.33811389999999975,0.16923699999999897,0.34519430000000106,0.18948130000000019,0.31940099999999916,0.334302000000001,1.1206429999999976,0.7440699999999936,0.3122599999999949,0.5074949999999987,0.4103779999999979,1.1405373,0.6547529999999995,0.7851650000000028,0.190097999999999,0.3772809999999964
605,0.07486899999999963,0.16049000000000113,0.21425439999999973,0.10380499999999948,0.20529730000000157,0.12710519999999992,0.19329799999999864,0.22437400000000451,0.7580589999999994,0.5203499999999792,0.20947999999999922,0.3839739999999985,0.30303400000000025,0.7681518,0.37605399999999634,0.524560000000001,0.13145800000000207,0.27516800000000075
606,0.07671200000000056,0.2145349999999997,0.23289139999999975,0.11545499999999898,0.22895930000000142,0.13732390000000017,0.2001950000000008,0.2213520000000031,0.8055649999999979,0.5596499999999764,0.2352599999999967,0.3307479999999998,0.26298399999999944,0.7348424999999992,0.46638599999999997,0.5616869999999992,0.13598400000000055,0.28322399999999703
607,0.06284800000000246,0.135015000000001,0.22383479999999967,0.09646399999999922,0.18458930000000073,0.11925490000000005,0.17605000000000004,0.2212030000000027,0.7516770000000008,0.5363099999999861,0.20653000000000077,0.36912500000000037,0.38366799999999657,0.7732763999999994,0.3138720000000035,0.4825009999999992,0.11548100000000261,0.26358599999999655
608,0.10833700000000235,0.2614660000000004,0.29157849999999996,0.14636799999999894,0.29587430000000126,0.1669293999999999,0.2700169999999993,0.26996799999999865,0.9180519999999994,0.630359999999996,0.2870900000000063,0.45043799999999834,0.4504020000000004,1.0537172000000004,0.618432999999996,0.7260690000000025,0.1672709999999995,0.2987549999999999
609,0.10026500000000027,0.24232600000000026,0.2754766000000002,0.1408339999999999,0.27811830000000093,0.16294269999999988,0.2420839999999984,0.281801999999999,0.9250429999999987,0.6211299999999937,0.2615600000000029,0.45811199999999985,0.42809400000000153,1.0333622999999994,0.5306499999999943,0.7058919999999986,0.1692250000000044,0.29352099999999837
610,0.08286500000000174,0.19549899999999987,0.23761160000000014,0.11900200000000005,0.24003130000000006,0.14204410000000012,0.2267070000000011,0.24452099999999888,0.8467599999999997,0.5686800000000005,0.23174000000000206,0.40164000000000044,0.3222130000000014,0.8620344000000006,0.4149319999999932,0.5768040000000028,0.145386000000002,0.29228700000000174
611,0.10677400000000148,0.2644580000000012,0.2900784999999999,0.14735799999999877,0.2948613000000009,0.1652802000000002,0.28737299999999877,0.2528700000000015,0.9273139999999991,0.6645000000000039,0.3234900000000067,0.5553670000000004,0.5986750000000001,1.1161917000000008,0.6332809999999967,0.7867069999999998,0.17634400000000028,0.2615559999999988
612,0.06887100000000146,0.15208499999999958,0.18625880000000006,0.09467800000000004,0.18629929999999995,0.11743229999999993,0.16881799999999814,0.19976900000000342,0.6676900000000003,0.4564799999999991,0.18173000000000172,0.33647399999999905,0.2590280000000007,0.7023807,0.3917240000000106,0.48209199999999797,0.11918100000000464,0.2431100000000015
613,0.12339300000000009,0.299671,0.33059800000000017,0.16458300000000037,0.33433130000000055,0.18376089999999978,0.30312999999999946,0.30766700000000213,1.049706999999998,0.6993799999999908,0.28936000000000206,0.490907,0.4097860000000004,1.0767257999999993,0.6429799999999943,0.7676909999999992,0.1822349999999986,0.34748899999999594
614,0.09173400000000242,0.25004700000000035,0.2699074999999995,0.13379299999999894,0.2693593000000014,0.1539741000000001,0.2313130000000001,0.2377830000000003,0.8430529999999976,0.5529499999999814,0.20411,0.3849039999999988,0.35303599999999946,0.8490153999999999,0.5136279999999971,0.6405230000000017,0.15339900000000029,0.28869100000000003
615,0.06447600000000264,0.13278000000000034,0.17818069999999953,0.0884520000000002,0.17393530000000013,0.10991300000000015,0.1678859999999993,0.18406000000000233,0.6743850000000009,0.4909600000000012,0.19577999999999918,0.32327499999999887,0.2508510000000008,0.6184168000000003,0.30886699999999223,0.43970099999999945,0.11038800000000037,0.25703800000000143
616,0.07853000000000065,0.178408000000001,0.23740959999999944,0.11355299999999957,0.2220633000000003,0.1374751999999999,0.19740600000000086,0.2426230000000018,0.8046089999999992,0.545659999999998,0.21295999999999538,0.3751819999999988,0.37317799999999934,0.8706928000000005,0.42296000000000333,0.5738419999999991,0.14171900000000193,0.2731799999999964
617,0.112599000000003,0.27305199999999985,0.30785199999999957,0.15167899999999968,0.3119133000000005,0.17206119999999991,0.299118,0.2747200000000021,0.9444909999999993,0.6372299999999882,0.289670000000001,0.4656489999999991,0.4216450000000016,1.0435645000000005,0.6526679999999914,0.696352000000001,0.17003400000000113,0.3077550000000002
618,0.08033400000000057,0.19172800000000123,0.25100049999999996,0.1174369999999989,0.22896230000000095,0.14195849999999988,0.21171599999999913,0.2584810000000033,0.8764569999999985,0.6030799999999772,0.2291100000000057,0.40393999999999863,0.420183999999999,0.8676511999999996,0.4106909999999999,0.598748999999998,0.14423100000000488,0.3073319999999953
619,0.12560799999999972,0.3102110000000007,0.3209838999999999,0.16571899999999928,0.33234030000000025,0.1879426999999998,0.3049999999999997,0.33366000000000184,1.0875819999999976,0.7571299999999894,0.3482300000000009,0.5630880000000005,0.629956,1.2943037999999998,0.7109549999999984,0.8068800000000032,0.1925200000000018,0.3411609999999996
620,0.09640399999999971,0.24308399999999963,0.26476200000000016,0.13217500000000015,0.2646343000000009,0.15214380000000016,0.23492999999999853,0.2377919999999989,0.7941849999999988,0.5471399999999846,0.251490000000004,0.4273859999999985,0.4248429999999992,0.9131739999999997,0.553212000000002,0.6712629999999997,0.15346100000000007,0.2520239999999987
621,0.12117000000000289,0.3160249999999998,0.34305070000000004,0.16879999999999917,0.34800330000000024,0.18768230000000008,0.33942599999999956,0.2893230000000031,1.007313,0.6857799999999941,0.3255500000000069,0.5027200000000001,0.49457100000000054,1.1007372000000002,0.7455190000000016,0.7476529999999997,0.19391000000000247,0.318877999999998
622,0.04739900000000219,0.12704500000000074,0.1725840999999999,0.08403000000000027,0.16419830000000069,0.10583920000000013,0.15422500000000028,0.1812010000000015,0.6268379999999993,0.43590000000000373,0.1677399999999949,0.3106439999999999,0.23638899999999907,0.6170195000000005,0.3311400000000049,0.4215519999999984,0.10420799999999986,0.23207399999999723
623,0.13018500000000088,0.3184250000000013,0.35223780000000016,0.17830000000000013,0.3641083000000016,0.1994737999999998,0.34896499999999975,0.35568500000000114,1.1555,0.7769099999999867,0.3498000000000019,0.5665629999999986,0.5298249999999989,1.2603014000000003,0.7335779999999943,0.8318869999999983,0.2059899999999999,0.36786999999999637
624,0.10515000000000185,0.26305900000000015,0.28763000000000005,0.14410699999999999,0.28844830000000066,0.1634188000000001,0.25443500000000085,0.24396200000000334,0.8705379999999998,0.5959799999999973,0.27391000000000076,0.45206899999999806,0.4552970000000016,0.9867669000000001,0.6016770000000093,0.7197449999999996,0.169076000000004,0.27471200000000096
625,0.06704400000000277,0.1490039999999997,0.19183229999999973,0.0952149999999996,0.18387330000000013,0.11780960000000018,0.16198599999999885,0.1962210000000013,0.6665500000000009,0.4551299999999969,0.17367000000000132,0.3154590000000006,0.2738379999999978,0.7338968000000001,0.394732999999988,0.49979199999999935,0.11755399999999838,0.23391199999999657
626,0.0984940000000023,0.23304300000000033,0.26799839999999975,0.1368159999999996,0.2711653000000016,0.15966559999999985,0.24165499999999795,0.2729880000000051,0.9126079999999988,0.6211399999999969,0.2660199999999975,0.44832099999999997,0.42409100000000066,1.0195118999999995,0.525739999999999,0.6896419999999992,0.16419700000000148,0.2939739999999986
627,0.07365300000000019,0.15789600000000092,0.23187019999999947,0.1037359999999996,0.19968630000000154,0.12740540000000022,0.18755200000000016,0.23919899999999927,0.8044510000000002,0.5684200000000033,0.21922000000000708,0.38152200000000036,0.385981000000001,0.8087001000000003,0.3380339999999933,0.5288809999999984,0.12683700000000186,0.2827119999999965
628,-9.9999e+98,0.10481799999999986,0.16552489999999942,0.07728900000000039,0.14291730000000058,0.0975022000000001,0.1326970000000003,0.157941000000001,0.5846850000000003,0.41107999999999834,0.15859000000000378,0.2811780000000006,0.2690470000000005,0.6463251999999997,0.3002740000000017,0.3695539999999973,0.09270500000000226,0.21207700000000074
629,0.11582000000000292,0.31975599999999993,0.32781709999999986,0.16079700000000052,0.33002030000000104,0.17581250000000015,0.3237629999999996,0.237406,0.9009840000000011,0.6445699999999874,0.3025999999999982,0.4771679999999989,0.4944419999999994,0.9609801999999998,0.7350079999999934,0.7166750000000022,0.16581800000000158,0.2577709999999982
630,0.13831800000000172,0.35071600000000025,0.38746219999999987,0.19204299999999996,0.39139630000000025,0.2078380000000002,0.3577559999999984,0.3759980000000027,1.2603849999999994,0.8285999999999945,0.29734999999999445,0.5176429999999996,0.4490419999999986,1.1655303000000004,0.6531329999999969,0.8715030000000006,0.1816609999999983,0.42496099999999615
631,0.10413000000000139,0.254309000000001,0.28682229999999986,0.14388699999999943,0.2887063000000012,0.16390169999999982,0.2613859999999981,0.2599209999999985,0.8890759999999993,0.6150399999999934,0.28083999999999776,0.4483239999999995,0.447179000000002,1.0186098000000001,0.595532999999989,0.714426999999997,0.16590099999999808,0.28636900000000054
632,0.06958000000000197,0.16651900000000097,0.20647769999999976,0.10306999999999888,0.20641130000000096,0.12616819999999995,0.19216499999999925,0.21451800000000532,0.737804999999998,0.5004399999999976,0.20203999999999667,0.3619589999999988,0.27404799999999696,0.7487018000000001,0.378153999999995,0.5079790000000024,0.12859000000000265,0.26301300000000083
633,0.10376500000000277,0.25273900000000005,0.2804145999999994,0.1429229999999997,0.2830043,0.16396960000000016,0.2361930000000001,0.27634100000000217,0.9316180000000003,0.5995599999999968,0.21643000000000256,0.4206429999999983,0.3978040000000007,1.0054676000000002,0.5182740000000052,0.7070340000000002,0.16764700000000232,0.30501199999999784
634,0.11532900000000268,0.2598219999999998,0.29761840000000017,0.15074199999999927,0.299297300000001,0.17198750000000018,0.26938399999999874,0.28044600000000486,0.9610859999999981,0.6748199999999827,0.32018999999999664,0.5413399999999982,0.5475850000000015,1.1948512999999998,0.6391849999999977,0.7690289999999997,0.17322300000000013,0.297939999999997
635,0.08358800000000244,0.21261500000000133,0.24008689999999966,0.11961200000000005,0.24137630000000065,0.1423454999999998,0.21940899999999885,0.2366840000000039,0.8120869999999982,0.5474199999999882,0.22656999999999528,0.38715799999999945,0.2918909999999997,0.8510325000000005,0.46408300000000224,0.5758349999999979,0.14706100000000077,0.28291600000000017
636,0.10523400000000294,0.24214300000000044,0.2753768999999995,0.13940399999999897,0.2810833000000006,0.16204129999999983,0.25836599999999876,0.2667330000000021,0.9003160000000001,0.624920000000003,0.2859899999999982,0.4519059999999975,0.4497,1.0673570999999997,0.5833449999999942,0.6818540000000013,0.16546100000000052,0.2892700000000019
637,0.11569000000000074,0.2796250000000011,0.3056663999999998,0.15643799999999963,0.31295129999999993,0.17806809999999995,0.28112199999999987,0.31796900000000505,1.0597189999999976,0.710899999999981,0.2941100000000034,0.48459199999999925,0.46810999999999936,1.1524868000000001,0.5710179999999951,0.7579920000000016,0.17482799999999799,0.35602699999999743
638,0.12160400000000138,0.29518100000000125,0.32600879999999943,0.1653760000000002,0.3320383000000007,0.18510910000000003,0.30262600000000006,0.3035759999999996,1.0299720000000008,0.7169299999999907,0.32820999999999856,0.5200369999999985,0.5264559999999996,1.1822228999999993,0.6940469999999976,0.8085470000000008,0.18889000000000067,0.3216430000000017
639,0.07233900000000304,0.16120800000000024,0.19723679999999977,0.09921199999999963,0.19623729999999995,0.12205500000000002,0.1785899999999998,0.20821200000000317,0.711233,0.49187999999998056,0.18856999999999857,0.3205360000000006,0.24616199999999822,0.6989874,0.3951590000000067,0.4994249999999987,0.12337600000000037,0.25443899999999786
640,0.0844680000000011,0.2020350000000004,0.2708402999999997,0.12648199999999932,0.24515430000000116,0.1511477000000001,0.22930099999999953,0.2847289999999987,0.9733809999999998,0.6820099999999911,0.2591600000000085,0.44643199999999794,0.47465199999999896,0.9311965999999998,0.4190320000000014,0.6504900000000013,0.14996500000000168,0.338830999999999
641,0.10917000000000243,0.30228500000000125,0.3154369999999993,0.15735300000000052,0.31796429999999987,0.1717816000000001,0.31976900000000086,0.24586599999999947,0.9431629999999984,0.6543499999999938,0.313280000000006,0.5375559999999986,0.5347749999999998,0.9995985999999997,0.7867330000000123,0.795300000000001,0.1576170000000019,0.24096600000000024
642,0.08672100000000071,0.20557600000000065,0.24431729999999963,0.12226300000000023,0.24721130000000002,0.1452034000000002,0.23394099999999796,0.24560300000000268,0.8639599999999987,0.5787599999999884,0.23810000000000286,0.41648700000000005,0.32444200000000123,0.8850920000000002,0.4318810000000042,0.5935059999999979,0.14498300000000341,0.29898000000000025
643,0.08410100000000043,0.22158800000000056,0.2441059999999995,0.11943400000000004,0.24209630000000004,0.14069749999999992,0.22276899999999955,0.2258509999999987,0.8217339999999993,0.5617599999999925,0.21003000000000327,0.3439949999999996,0.25674899999999923,0.7509885000000001,0.45044199999999535,0.5607919999999993,0.1373090000000019,0.2903999999999982
644,0.12173700000000309,0.2996250000000007,0.3297338999999999,0.1662619999999997,0.3379543000000016,0.1853946999999998,0.32833499999999916,0.28823900000000435,1.020353,0.7522999999999911,0.3634500000000003,0.5474069999999998,0.676404999999999,1.1857873000000003,0.7567109999999957,0.7969660000000012,0.18144000000000204,0.2986749999999958
645,0.12574600000000302,0.31856300000000104,0.34786119999999965,0.1725569999999994,0.3552382999999999,0.1922773000000002,0.34770699999999977,0.315681000000005,1.0620019999999997,0.7175399999999854,0.33276999999999646,0.5236009999999993,0.49875199999999964,1.1596970999999998,0.761692999999994,0.7872489999999992,0.17852299999999843,0.3476319999999973
646,0.07724300000000284,0.18019300000000094,0.22158759999999944,0.1126819999999995,0.2240353000000006,0.13644420000000013,0.20571999999999946,0.23542700000000139,0.8023629999999997,0.5429699999999968,0.2202999999999946,0.3707299999999982,0.3178180000000026,0.8434208000000005,0.4156890000000004,0.560261999999998,0.14030900000000202,0.2818929999999966
647,0.10068500000000213,0.25392300000000034,0.28437659999999987,0.14221700000000048,0.2864423000000009,0.16307589999999994,0.2583920000000006,0.2690550000000016,0.9590829999999997,0.6422900000000027,0.25224000000000046,0.4354399999999998,0.33409400000000034,0.9723981999999998,0.5119800000000083,0.6840389999999985,0.1693780000000018,0.3274059999999963
648,0.10068500000000213,0.25392300000000034,0.28437659999999987,0.14221700000000048,0.2864423000000009,0.16307589999999994,0.2583920000000006,0.2690550000000016,0.9590829999999997,0.6422900000000027,0.25224000000000046,0.4354399999999998,0.33409400000000034,0.9723981999999998,0.5119800000000083,0.6840389999999985,0.1693780000000018,0.3274059999999963
649,0.07452500000000128,0.1731890000000007,0.21338089999999976,0.1038969999999999,0.20605030000000113,0.12684240000000013,0.18548600000000093,0.21473999999999904,0.6932729999999978,0.47557999999997946,0.21276000000000295,0.34985499999999803,0.30930500000000194,0.818009,0.4177870000000041,0.5317760000000007,0.13222100000000125,0.23610800000000154
650,0.0948910000000005,0.2497959999999999,0.2664624,0.1364459999999994,0.2648123000000009,0.15521390000000013,0.23600300000000018,0.23401900000000353,0.8264269999999989,0.5402899999999988,0.23763999999999896,0.4668469999999978,0.43110599999999977,0.9298012,0.5299559999999985,0.7251650000000005,0.15966000000000236,0.2306600000000003
651,0.11540500000000264,0.26027799999999957,0.29790349999999943,0.15132999999999974,0.30594430000000017,0.17372150000000008,0.28044200000000075,0.30519200000000524,1.0175429999999999,0.6833900000000028,0.29760000000000275,0.4716850000000008,0.46892000000000067,1.1217289,0.5927269999999965,0.7239299999999993,0.17459399999999903,0.3341390000000004
652,0.09228200000000086,0.20654900000000076,0.2558669999999994,0.12787499999999952,0.2542193000000008,0.15176370000000006,0.22892599999999774,0.2615340000000046,0.8771810000000002,0.593529999999987,0.2555600000000027,0.4186869999999985,0.38459499999999736,1.0047516000000005,0.4779489999999953,0.6363749999999975,0.15298100000000403,0.2929719999999989
653,0.07209100000000035,0.14870800000000095,0.22928459999999973,0.09840799999999916,0.1832293000000007,0.12154899999999991,0.17116499999999846,0.22507399999999933,0.7841929999999984,0.5710499999999854,0.238900000000001,0.3681209999999986,0.39724700000000013,0.7833744999999994,0.33205999999999847,0.5149849999999994,0.11721700000000368,0.2752869999999987
654,0.12047700000000106,0.2835000000000001,0.31236189999999997,0.15918600000000005,0.3164763000000015,0.17774150000000022,0.28512800000000027,0.28165900000000477,0.9757919999999984,0.6723199999999849,0.309669999999997,0.5414779999999979,0.5523960000000017,1.1441533999999995,0.6783080000000012,0.8054820000000014,0.17501700000000397,0.2940589999999972
655,0.08739399999999975,0.22149500000000089,0.24629220000000007,0.12325699999999884,0.24801430000000124,0.14508650000000012,0.22823999999999955,0.22614500000000248,0.7764699999999998,0.5487699999999904,0.2590900000000005,0.4005510000000001,0.40244399999999914,0.9313028000000001,0.5143089999999972,0.6206800000000001,0.14759200000000305,0.2520510000000016
656,0.08325300000000269,0.22064000000000128,0.25080610000000014,0.1220049999999997,0.23790630000000057,0.14583559999999984,0.20735999999999777,0.2544380000000004,0.86402,0.5814699999999959,0.21147999999999456,0.39271600000000007,0.39726699999999937,0.8972427999999999,0.4428410000000014,0.6147069999999992,0.14540300000000173,0.28743800000000164
657,0.07041900000000112,0.1740870000000001,0.21087349999999994,0.10483900000000013,0.21006830000000143,0.12730439999999987,0.190649999999998,0.2034410000000051,0.7232549999999982,0.4931100000000015,0.19195999999999458,0.34246299999999863,0.2623040000000003,0.7263884999999997,0.4232060000000075,0.5194200000000002,0.13028200000000112,0.260745
658,0.11412699999999987,0.26280900000000074,0.29552339999999955,0.14890899999999974,0.30055030000000116,0.16987970000000008,0.2739559999999983,0.2820639999999983,0.9547969999999992,0.6512299999999982,0.28897999999999513,0.4554790000000004,0.4416380000000011,1.075431,0.6162369999999981,0.7310269999999974,0.17098700000000377,0.31334700000000026
659,0.11249300000000062,0.27885200000000054,0.3104502999999994,0.1525540000000003,0.3112413000000007,0.17150560000000015,0.29432999999999865,0.297068000000003,1.0597229999999982,0.7249899999999911,0.26264000000000465,0.42849700000000013,0.2874099999999977,0.9295409999999995,0.5241460000000018,0.7025109999999977,0.157392999999999,0.3815389999999965
660,0.08496099999999984,0.1896470000000008,0.23982909999999968,0.1204389999999993,0.2389163000000014,0.1444812999999998,0.22199699999999822,0.2540779999999998,0.8659189999999981,0.5852199999999925,0.2377000000000038,0.4021030000000003,0.3573939999999993,0.9047179000000005,0.43474700000000155,0.6057390000000034,0.14770099999999786,0.2995680000000007
661,0.11469600000000213,0.3033110000000008,0.31849049999999934,0.16057099999999913,0.3188833000000013,0.17661520000000008,0.2930439999999983,0.2367190000000008,0.9377770000000005,0.6156199999999785,0.28150999999999726,0.5299459999999989,0.5167319999999975,0.9871557000000006,0.6278360000000021,0.7917169999999984,0.1716040000000021,0.25336699999999723
662,0.08450200000000052,0.22418900000000086,0.2474090999999996,0.12357399999999963,0.2470473000000002,0.14493929999999988,0.218004999999998,0.2314100000000039,0.7843719999999976,0.529059999999987,0.22544000000000608,0.3797150000000009,0.3520140000000005,0.8794316000000002,0.48315999999999804,0.6260510000000004,0.1470650000000049,0.26412399999999536
663,0.10773400000000066,0.27759600000000084,0.3002028000000001,0.15137499999999982,0.3052483000000006,0.16668700000000003,0.3160489999999996,0.253109000000002,0.9571140000000007,0.6769899999999893,0.3312700000000035,0.5835679999999996,0.5910019999999996,1.0949445000000004,0.8043760000000049,0.8014229999999998,0.15258599999999944,0.25000699999999654
664,0.088001000000002,0.22534800000000033,0.24379360000000005,0.12566699999999997,0.24861730000000115,0.1496548999999998,0.22325799999999774,0.2610650000000021,0.883112999999998,0.5967699999999923,0.24397000000000446,0.41241799999999884,0.38351300000000066,0.9467960999999994,0.4590560000000039,0.6246789999999969,0.1512700000000038,0.30258999999999503
665,0.10122500000000301,0.2385850000000005,0.27223940000000013,0.13821399999999961,0.2775963000000008,0.16106929999999986,0.25283899999999804,0.2697029999999998,0.914518000000001,0.62272999999999,0.2713800000000077,0.435219,0.3995040000000003,1.0335934,0.5536069999999995,0.676718000000001,0.1622419999999991,0.30224799999999874
666,0.12882000000000104,0.33807200000000037,0.3546079999999998,0.1762219999999992,0.3603033,0.19279849999999987,0.34601599999999877,0.2881590000000003,1.023502999999998,0.7292899999999918,0.346580000000003,0.504134999999998,0.5612579999999987,1.1168478000000004,0.784955999999994,0.8122730000000011,0.1891689999999997,0.29952799999999513
667,0.11416800000000293,0.2816580000000002,0.30672039999999967,0.1553179999999994,0.31162830000000064,0.17218460000000002,0.3037290000000006,0.26056300000000476,0.9588189999999983,0.6783399999999915,0.33290999999999826,0.5733019999999982,0.5955840000000023,1.1338845000000006,0.6811849999999993,0.8129530000000003,0.16683499999999896,0.264604999999996
668,0.08913900000000297,0.2313989999999997,0.2502148999999996,0.12515499999999946,0.25001229999999985,0.1456249999999999,0.22093399999999974,0.2224210000000042,0.7578619999999994,0.5235299999999938,0.24132000000000176,0.4097629999999981,0.4031640000000003,0.8881703999999999,0.5249799999999993,0.6529660000000028,0.14624799999999993,0.24725000000000108
669,0.1294150000000016,0.3288030000000006,0.3633254999999993,0.17990299999999948,0.3712093000000003,0.19907129999999995,0.3677969999999995,0.34337899999999877,1.1363249999999994,0.7518099999999777,0.33665999999999485,0.5446159999999978,0.474730000000001,1.1548945000000002,0.7216260000000005,0.8043420000000019,0.1872240000000005,0.36663099999999815
670,0.07701100000000238,0.17785700000000126,0.22705229999999954,0.11358399999999946,0.22441630000000146,0.1375194999999998,0.20820300000000103,0.24293200000000326,0.8271689999999978,0.5650799999999947,0.2200600000000037,0.3807079999999985,0.32347899999999896,0.8288440999999995,0.41461800000000437,0.5743760000000009,0.14151100000000127,0.29392500000000155
671,0.08003800000000183,0.21150599999999997,0.24816989999999972,0.12080199999999941,0.24800730000000115,0.1417693,0.23963999999999785,0.24486000000000274,0.8339599999999976,0.560389999999984,0.22491999999999734,0.3868380000000009,0.2706869999999988,0.7796598999999995,0.38770999999999844,0.5655530000000013,0.14350600000000213,0.28986799999999846
672,0.10961300000000307,0.2762530000000005,0.30112369999999977,0.15086499999999958,0.3038673000000003,0.17022249999999994,0.2679930000000006,0.2774350000000041,0.9340170000000008,0.6207100000000025,0.26479000000000497,0.48029299999999964,0.42777200000000093,1.0250080000000006,0.6055619999999919,0.7360849999999992,0.17089700000000363,0.30703099999999495
673,0.09174500000000307,0.21738999999999997,0.25621199999999966,0.13120599999999882,0.2618543000000013,0.1550720000000001,0.2377280000000006,0.2681520000000006,0.919352,0.6188300000000027,0.25748000000000104,0.418651999999998,0.4198650000000015,1.0071959999999995,0.46232300000001203,0.642156,0.15616400000000397,0.3106829999999974
674,0.1081750000000028,0.24423800000000107,0.2840112999999995,0.14490099999999906,0.2864133000000013,0.16737540000000006,0.2507780000000004,0.29694299999999885,1.0002899999999997,0.6618299999999806,0.2565000000000026,0.4667299999999983,0.47519199999999984,1.0855500000000005,0.496420999999998,0.7124649999999981,0.1653170000000017,0.3338889999999992
675,0.11469000000000307,0.27893599999999985,0.30843309999999935,0.15446599999999933,0.3118243000000014,0.17430089999999998,0.2781729999999989,0.2853619999999992,0.9855449999999983,0.6561799999999778,0.2738899999999944,0.4845039999999976,0.40238700000000094,1.0472587000000004,0.6026260000000008,0.7413190000000007,0.17508000000000123,0.32434299999999894
676,0.07439200000000312,0.15988800000000047,0.22841129999999943,0.10634199999999971,0.20713630000000016,0.13045820000000008,0.19062599999999819,0.23222499999999968,0.7883509999999987,0.540159999999986,0.2092400000000083,0.36878799999999856,0.36745100000000264,0.7947613999999996,0.3859149999999971,0.5391919999999999,0.1285700000000034,0.2783280000000019
677,0.08090800000000087,0.18213399999999957,0.24990739999999967,0.11649300000000018,0.22753330000000105,0.14023869999999983,0.20163300000000106,0.24083800000000366,0.7879690000000004,0.5391400000000033,0.23811000000000604,0.41248999999999825,0.38843200000000166,0.9655433999999996,0.4519810000000035,0.6048690000000008,0.1408839999999998,0.2612439999999978
678,0.07509700000000308,0.16051700000000046,0.24259819999999976,0.10766300000000051,0.20531030000000072,0.1310775999999998,0.17998599999999954,0.23442500000000166,0.7496559999999981,0.5096899999999778,0.21795000000000186,0.399636000000001,0.40881399999999957,0.9085809999999999,0.41145200000001125,0.552935999999999,0.12856500000000182,0.24988299999999697
679,0.12687400000000082,0.30234700000000103,0.3425951999999999,0.17249499999999962,0.35252130000000115,0.19336429999999982,0.330919999999999,0.34827200000000147,1.162468999999998,0.76755,0.3272500000000065,0.5388319999999993,0.49438299999999913,1.1970402,0.6497719999999987,0.8145730000000029,0.19513900000000461,0.3866030000000009
680,0.1189530000000012,0.28720999999999997,0.3199810999999997,0.15971399999999925,0.3230833000000004,0.1791261999999998,0.2889759999999981,0.3049310000000034,1.0310169999999985,0.6839599999999848,0.27330999999999506,0.47760800000000003,0.38300299999999865,1.0456452999999994,0.5949409999999915,0.7524320000000024,0.1731499999999997,0.34715599999999824
681,0.08231800000000078,0.21772100000000094,0.263541,0.12121199999999988,0.23376030000000014,0.14456939999999996,0.2023060000000001,0.25289700000000437,0.8161540000000009,0.5529699999999877,0.23911999999999978,0.4404900000000005,0.44325999999999866,1.0054610000000004,0.4623709999999903,0.628152,0.14207300000000345,0.2598249999999993
682,0.0969980000000028,0.25377399999999994,0.2817143,0.1379400000000004,0.2813883000000015,0.15767279999999984,0.2619019999999992,0.2562989999999985,0.9346919999999983,0.6320299999999861,0.23371000000000208,0.39387800000000084,0.2894609999999993,0.8511303999999997,0.4950540000000103,0.6429779999999994,0.1580330000000032,0.333596
683,0.13078500000000304,0.3156630000000007,0.3461772999999999,0.17584499999999892,0.35790630000000156,0.19748829999999984,0.34222700000000117,0.3704310000000035,1.1459100000000007,0.7793599999999969,0.34762000000000626,0.5850960000000001,0.5972660000000012,1.2535612,0.7124039999999923,0.8119250000000022,0.20173900000000344,0.3589969999999951
684,0.09130000000000038,0.21866499999999967,0.25229690000000016,0.12697099999999928,0.25664130000000007,0.15023950000000008,0.23459099999999822,0.25814499999999896,0.8554220000000008,0.5752999999999986,0.25164999999999793,0.3918770000000009,0.34382300000000043,0.9429077999999995,0.4851019999999977,0.6155730000000013,0.15416400000000152,0.285464999999995
685,0.04683300000000301,0.1382360000000009,0.17050129999999974,0.08538699999999899,0.16781030000000108,0.10730750000000011,0.1537450000000007,0.1662590000000037,0.6162220000000005,0.42820999999997866,0.16321999999999548,0.2935370000000006,0.23298100000000233,0.6183328000000001,0.3653419999999983,0.43553400000000053,0.10591200000000356,0.22678599999999705
686,0.09674100000000152,0.23789400000000072,0.2691935999999995,0.13568399999999947,0.27092330000000153,0.15590860000000006,0.2528870000000012,0.2483220000000017,0.8459709999999987,0.6057500000000005,0.2824899999999957,0.4703610000000005,0.4868029999999983,1.0164163000000004,0.5826560000000001,0.7009149999999984,0.1561280000000025,0.26048000000000116
687,0.0755010000000027,0.20877899999999983,0.2354591999999993,0.11532300000000006,0.23621729999999985,0.13728700000000016,0.22487299999999877,0.22013700000000114,0.7921659999999981,0.5273599999999874,0.21661000000000286,0.37202999999999875,0.2608320000000006,0.7882316999999999,0.41457900000000336,0.5433009999999996,0.14336800000000238,0.2709959999999967
688,-9.9999e+98,0.10398900000000033,0.14523259999999993,0.07062599999999897,0.136121300000001,0.09017810000000015,0.12930899999999923,0.12787000000000148,0.524871000000001,0.3688899999999933,0.14275999999999556,0.26843999999999824,0.19659100000000151,0.5245374000000007,0.2918080000000032,0.3188999999999993,0.0542689999999979,0.1996430000000018
689,0.12552000000000163,0.3053990000000013,0.34477579999999985,0.1719419999999996,0.3521713000000002,0.192218,0.33167800000000014,0.33891100000000307,1.1198440000000005,0.7422200000000032,0.3201999999999998,0.5117209999999979,0.4497309999999999,1.1628141000000003,0.6779910000000058,0.790140000000001,0.19654900000000453,0.36689299999999747
690,0.09291800000000094,0.23106899999999975,0.26111539999999955,0.12874899999999911,0.2638953000000015,0.15078930000000001,0.24470600000000076,0.23911199999999866,0.8533580000000001,0.5680899999999838,0.2460800000000063,0.4026139999999998,0.30733900000000247,0.8902711999999999,0.49704200000000753,0.5907300000000006,0.14956200000000308,0.2884779999999978
691,0.08583199999999991,0.20456800000000008,0.24051249999999946,0.12161299999999997,0.24276630000000132,0.14442630000000012,0.21876800000000074,0.24150900000000064,0.8042289999999994,0.5484599999999773,0.2385100000000051,0.3882170000000009,0.33959400000000173,0.9245612000000003,0.4736869999999982,0.6154879999999991,0.15040799999999876,0.26897799999999705
692,0.07414800000000099,0.18962600000000052,0.2179618999999997,0.10855899999999963,0.2178513000000013,0.1307668999999998,0.19565099999999802,0.21121899999999982,0.7097699999999989,0.4819099999999992,0.2049300000000045,0.36731599999999887,0.3002660000000006,0.7984628999999996,0.4411150000000106,0.5473220000000012,0.13508900000000068,0.2484359999999981
693,0.06973500000000143,0.15173099999999984,0.22235419999999984,0.10096099999999986,0.20028830000000042,0.12406430000000013,0.1892220000000009,0.22448700000000343,0.7418019999999999,0.503959999999978,0.20547000000000537,0.3599669999999975,0.3730469999999997,0.7594304999999997,0.3137970000000081,0.4896169999999991,0.12458000000000169,0.2611610000000013
694,0.13102000000000302,0.344812000000001,0.36119460000000014,0.18047600000000052,0.3693093000000012,0.19696099999999994,0.364135000000001,0.2977810000000005,1.0589759999999977,0.7744799999999827,0.37618000000000507,0.5392989999999998,0.645344999999999,1.1555606999999997,0.8229450000000043,0.8168079999999982,0.16501300000000185,0.29843199999999825
695,0.09845600000000232,0.2351030000000005,0.26890970000000003,0.1348919999999989,0.2735423000000008,0.15757069999999995,0.25063499999999905,0.2620290000000054,0.8995519999999999,0.6043200000000013,0.2697000000000003,0.43264999999999887,0.34599500000000205,0.9796842999999997,0.5320139999999896,0.6498639999999973,0.15867899999999935,0.3053740000000005
696,0.10417300000000296,0.27716600000000113,0.2928997999999998,0.1477889999999995,0.29499730000000035,0.16472109999999995,0.27779199999999804,0.22622199999999992,0.8790580000000006,0.5954899999999839,0.2822299999999984,0.5157089999999975,0.49236299999999744,0.9773746000000001,0.6326569999999947,0.768699999999999,0.16388299999999845,0.23484899999999698
697,0.11773900000000026,0.2590269999999997,0.29920049999999954,0.15273099999999928,0.3069013000000016,0.1739660999999999,0.28221500000000077,0.29102999999999923,0.9725439999999992,0.6885800000000017,0.32559999999999434,0.5190839999999994,0.5495139999999985,1.1843836000000003,0.6558979999999934,0.7559889999999996,0.17068600000000345,0.30374199999999973
698,0.11998499999999979,0.2726790000000001,0.3037934999999994,0.15609899999999932,0.30742630000000126,0.1754039999999999,0.26703299999999786,0.2812770000000029,0.9715910000000001,0.6577599999999961,0.2941500000000019,0.5285790000000006,0.5177200000000006,1.1347231000000004,0.6351779999999962,0.7883449999999996,0.1795580000000001,0.2990220000000008
699,0.09162700000000257,0.21342000000000105,0.2698660999999998,0.13002000000000002,0.2548573000000012,0.15157260000000017,0.23203699999999827,0.2456239999999994,0.828288999999998,0.5844400000000007,0.285570000000007,0.5164489999999979,0.5110449999999993,1.0713156000000001,0.5660519999999991,0.7030130000000021,0.15204599999999857,0.25425500000000056
700,0.12214100000000272,0.2870190000000008,0.31791899999999984,0.16023500000000013,0.32193130000000103,0.17860060000000022,0.29823100000000125,0.27462799999999987,0.9738720000000001,0.6866899999999987,0.31980000000000075,0.5292840000000005,0.565180999999999,1.1296010999999995,0.7010140000000007,0.7921660000000017,0.17485700000000293,0.29081499999999494
701,0.09700600000000037,0.24687899999999985,0.2729577000000001,0.13650999999999947,0.27410630000000147,0.15744770000000008,0.24268999999999963,0.2525189999999995,0.8557400000000008,0.575649999999996,0.2483399999999989,0.44310099999999863,0.38644100000000137,0.9612115000000001,0.5464709999999968,0.6808410000000009,0.158138000000001,0.2829229999999967
702,0.0942190000000025,0.22341600000000028,0.2575574999999999,0.13055999999999912,0.26300029999999985,0.1543751000000002,0.2404459999999986,0.2616310000000013,0.8821779999999997,0.5971999999999866,0.2612699999999961,0.41916200000000003,0.4585340000000002,0.9611128000000004,0.5051040000000029,0.6267360000000011,0.15577100000000144,0.28772199999999515
703,0.07340300000000255,0.16446900000000042,0.20825169999999993,0.10243599999999908,0.20289830000000109,0.12580029999999987,0.1883340000000011,0.21670100000000048,0.7509300000000003,0.5220499999999788,0.1992699999999985,0.3492369999999987,0.2801560000000016,0.7270979000000004,0.39813099999999224,0.5161509999999971,0.12672700000000248,0.27182499999999976
704,0.13272300000000214,0.3186510000000009,0.3556094999999999,0.17858599999999925,0.36438730000000064,0.19865909999999998,0.3390190000000004,0.3592620000000011,1.1491939999999978,0.7694499999999778,0.33588000000000306,0.5281999999999982,0.49211400000000083,1.2311343999999993,0.7254529999999875,0.8282219999999967,0.19066200000000322,0.3701939999999979
705,0.09182100000000304,0.23442700000000016,0.26850599999999947,0.13021700000000003,0.2691673000000012,0.15065280000000003,0.25926000000000116,0.235356000000003,0.8685179999999981,0.5741899999999873,0.22974999999999568,0.37965499999999963,0.285304,0.8365426999999999,0.4786110000000008,0.5971329999999995,0.14969800000000077,0.29954499999999484
706,0.09189100000000039,0.2344210000000011,0.26104729999999954,0.13173800000000035,0.26205430000000085,0.15270170000000016,0.2302919999999986,0.23913399999999996,0.8146369999999976,0.5615599999999858,0.25694000000000017,0.42839599999999933,0.4214880000000001,0.9595266000000002,0.5420890000000043,0.6763110000000019,0.15629200000000054,0.26022599999999585
707,0.10818500000000242,0.25874100000000055,0.2956707999999999,0.1483049999999988,0.29249930000000113,0.16800820000000005,0.27419399999999783,0.2654940000000039,0.9440349999999995,0.6672999999999831,0.3232100000000031,0.5834489999999981,0.6131400000000014,1.1884115,0.6440610000000078,0.7924899999999973,0.1761759999999981,0.2733160000000012
708,0.11778500000000136,0.34114800000000045,0.34655539999999974,0.17142999999999908,0.35219730000000027,0.18332360000000003,0.3727160000000005,0.2599260000000001,0.9891329999999989,0.7166100000000029,0.34651999999999816,0.5187559999999998,0.5965929999999986,1.0692417999999995,0.900582,0.7753370000000004,0.1481020000000015,0.2381990000000016
709,0.11217600000000161,0.25757800000000053,0.3043034999999996,0.14961300000000044,0.2924943000000013,0.17030339999999988,0.25824400000000125,0.28240399999999966,0.9548899999999989,0.6574799999999925,0.30485000000000184,0.5612600000000008,0.5535229999999984,1.1877421000000004,0.6139050000000026,0.7815939999999983,0.1756680000000017,0.28689500000000123
710,0.12342600000000203,0.3003410000000013,0.3246298999999997,0.16175999999999924,0.3225712999999999,0.18526299999999996,0.2937030000000007,0.35493600000000214,1.1378470000000007,0.762599999999992,0.3276599999999945,0.5390389999999989,0.6207799999999999,1.2643905000000002,0.5964430000000078,0.7822859999999991,0.1808279999999982,0.3729839999999953
711,0.09843200000000252,0.23804400000000037,0.2722169999999995,0.13613999999999926,0.2760433000000013,0.1585751000000002,0.25265800000000027,0.2664919999999995,0.9116679999999988,0.611220000000003,0.26600000000000534,0.4304409999999983,0.33869299999999924,0.9753462000000006,0.5234310000000022,0.6548049999999996,0.15979700000000463,0.3047809999999984
712,0.1262810000000023,0.31976400000000105,0.35185520000000015,0.17483700000000013,0.35937330000000145,0.1945929999999998,0.34936700000000087,0.33081200000000166,1.0889629999999997,0.7331800000000044,0.33429999999999893,0.5185809999999975,0.49062999999999946,1.1713414000000002,0.7472970000000032,0.7935459999999992,0.20111800000000102,0.3527440000000013
713,0.08414100000000246,0.1909510000000001,0.23660399999999981,0.12042600000000014,0.24111030000000078,0.1442836999999999,0.2194459999999978,0.24778300000000542,0.834855000000001,0.5630599999999788,0.2426099999999991,0.38983499999999793,0.35636699999999877,0.9243791000000003,0.4375619999999998,0.5922620000000016,0.1487940000000023,0.28505399999999526
714,0.12682799999999972,0.30307200000000023,0.33255619999999997,0.1700759999999999,0.3444283000000006,0.1916768000000002,0.32874800000000093,0.3663890000000052,1.1851470000000006,0.7844399999999894,0.33831999999999596,0.558489999999999,0.5705410000000022,1.242635,0.604415000000003,0.8227580000000003,0.19122200000000333,0.3932039999999972
715,0.11795100000000147,0.2807720000000007,0.3032048999999999,0.15555999999999948,0.3114453000000008,0.1776308000000002,0.28204900000000066,0.3214800000000011,1.0714599999999983,0.7189799999999877,0.2966600000000028,0.4816509999999994,0.47238800000000225,1.1537416999999994,0.559314999999998,0.7554160000000003,0.17205100000000328,0.35939499999999924
716,0.12191100000000077,0.30481400000000036,0.32656499999999955,0.16156099999999896,0.32503230000000016,0.1784349999999999,0.2837530000000008,0.2625840000000039,0.9465959999999995,0.6270099999999843,0.26883000000000834,0.4829289999999986,0.454781999999998,0.9805498000000004,0.6565039999999982,0.753067999999999,0.19091900000000095,0.30210399999999993
717,0.07669500000000085,0.20837799999999973,0.22525369999999967,0.11143000000000036,0.2228583000000004,0.13317220000000018,0.19555599999999984,0.21795800000000298,0.750195999999999,0.5099599999999782,0.19764000000000692,0.32869600000000077,0.27398000000000167,0.7299671999999999,0.4514520000000033,0.5407559999999982,0.1356090000000023,0.2652909999999977
718,0.10715900000000289,0.24726900000000107,0.28691259999999996,0.14358000000000004,0.2927743000000014,0.16554499999999983,0.27117399999999847,0.28309600000000046,0.9542830000000002,0.6372299999999882,0.28014000000000294,0.4435629999999975,0.3985730000000025,1.0286105,0.5640819999999991,0.6782599999999981,0.16286999999999807,0.3165779999999998
719,0.07051500000000033,0.16516400000000075,0.20115319999999937,0.09949299999999894,0.19864930000000136,0.12153100000000006,0.17748699999999928,0.20047999999999888,0.6940929999999987,0.48088999999998805,0.1901900000000012,0.3077159999999992,0.2362610000000025,0.6648309000000001,0.4118880000000047,0.49198200000000014,0.12066000000000088,0.2508890000000008
720,0.11286800000000241,0.26578300000000077,0.2990376999999995,0.1490910000000003,0.3027003000000015,0.16951220000000022,0.2782820000000008,0.2772160000000028,0.9483229999999985,0.6434500000000014,0.2818100000000072,0.4364139999999992,0.42339999999999733,1.0392744,0.6146659999999997,0.7178290000000018,0.16728499999999968,0.30944099999999963
721,0.11286800000000241,0.26578300000000077,0.2990376999999995,0.1490910000000003,0.3027003000000015,0.16951220000000022,0.2782820000000008,0.2772160000000028,0.9483229999999985,0.6434500000000014,0.2818100000000072,0.4364139999999992,0.42339999999999733,1.0392744,0.6146659999999997,0.7178290000000018,0.16728499999999968,0.30944099999999963
722,0.11415799999999976,0.2601310000000012,0.2986714999999993,0.15191899999999947,0.30374429999999997,0.17234270000000018,0.27588099999999827,0.27954799999999835,0.961943999999999,0.6722299999999848,0.31036000000000286,0.49960699999999747,0.49657900000000055,1.1296860000000004,0.6362949999999898,0.7543389999999981,0.17365200000000414,0.2982669999999956
723,0.07160100000000114,0.16880900000000132,0.22756009999999982,0.10702799999999968,0.2125223000000016,0.13086600000000015,0.19669199999999876,0.23156800000000288,0.7741450000000007,0.522750000000002,0.21289000000000158,0.3621160000000003,0.34955900000000284,0.8183645000000004,0.3673610000000025,0.5306840000000008,0.13153900000000363,0.26898699999999565
724,0.1274770000000025,0.31078899999999976,0.3442086,0.17539999999999978,0.3519983,0.19531220000000005,0.3080290000000012,0.3619290000000035,1.1668099999999981,0.7503799999999785,0.2805800000000005,0.5027690000000007,0.4889720000000004,1.2320085,0.6056750000000051,0.8199699999999979,0.18575799999999987,0.3791519999999977
725,0.1274770000000025,0.31078899999999976,0.3442086,0.17539999999999978,0.3519983,0.19531220000000005,0.3080290000000012,0.3619290000000035,1.1668099999999981,0.7503799999999785,0.2805800000000005,0.5027690000000007,0.4889720000000004,1.2320085,0.6056750000000051,0.8199699999999979,0.18575799999999987,0.3791519999999977
726,0.108232000000001,0.2670659999999998,0.2921401000000001,0.14624099999999984,0.29338330000000035,0.16538489999999983,0.2607129999999991,0.2540350000000018,0.8837279999999978,0.6081499999999949,0.2808299999999946,0.4556930000000001,0.4622329999999977,1.0052038000000003,0.6222139999999996,0.732604000000002,0.17102400000000273,0.27832499999999527
727,0.026416000000001105,0.12352200000000124,0.1739758,0.08366999999999969,0.16272930000000052,0.10543199999999997,0.15401800000000065,0.1782129999999995,0.6417409999999997,0.458280000000002,0.18041999999999803,0.30596599999999796,0.25627500000000225,0.6300171000000008,0.3164590000000089,0.41964100000000215,0.10429299999999841,0.241185999999999
728,0.1046200000000006,0.23711899999999986,0.2864300000000002,0.14475499999999997,0.28881530000000133,0.16805260000000022,0.2613999999999983,0.3019250000000042,0.9948610000000002,0.6712699999999927,0.2911399999999986,0.47455499999999873,0.48007000000000133,1.1243991999999992,0.5496370000000042,0.7067140000000016,0.16738800000000253,0.3320149999999984
729,0.08828300000000056,0.23373199999999983,0.2528970999999993,0.13005500000000048,0.25397030000000065,0.1504048,0.22303300000000092,0.2360040000000012,0.7961500000000008,0.5362299999999891,0.24938000000000216,0.47072299999999956,0.4409549999999989,0.9770042000000005,0.5299380000000014,0.6947629999999982,0.1547869999999989,0.24743899999999996
730,0.0982289999999999,0.21457200000000043,0.2693741999999997,0.133502,0.26477530000000016,0.1579978999999998,0.23919700000000077,0.2796120000000002,0.931204000000001,0.6285000000000025,0.2731200000000058,0.4537489999999984,0.47986900000000077,1.0719503000000001,0.49654200000000515,0.6603870000000001,0.1624049999999997,0.30713599999999985
731,0.10358800000000201,0.24916100000000085,0.28174549999999954,0.14024700000000045,0.28613530000000154,0.1617529000000002,0.2642769999999999,0.26186900000000435,0.904128,0.6097099999999784,0.2745000000000033,0.44750399999999857,0.3880619999999979,0.9983333000000005,0.5870180000000005,0.6657010000000021,0.1665440000000018,0.3000599999999949
732,0.11937400000000054,0.29275800000000096,0.3113115999999998,0.16015200000000007,0.3208213000000004,0.1824682000000002,0.29122899999999774,0.3364960000000039,1.1027069999999988,0.7397199999999771,0.309669999999997,0.4987080000000006,0.5085280000000019,1.2011947999999997,0.5866789999999895,0.7740580000000001,0.17871399999999937,0.3660420000000002
733,0.07078000000000273,0.16503900000000016,0.2322552999999994,0.10483599999999882,0.2067773000000006,0.1287720000000001,0.18618299999999977,0.2307169999999985,0.7335659999999997,0.49810999999999694,0.21577000000000623,0.3608480000000007,0.3673549999999999,0.8499610000000004,0.3894860000000051,0.5169339999999991,0.12933999999999912,0.25059399999999954
734,0.09409300000000087,0.22811599999999999,0.25767199999999946,0.13041499999999928,0.26190030000000064,0.1534217,0.23891000000000062,0.25334399999999846,0.8604069999999986,0.5884099999999819,0.25768999999999664,0.41224599999999967,0.38034199999999885,0.9822844999999996,0.5278829999999886,0.6466330000000013,0.1515720000000016,0.28291699999999764
735,-9.9999e+98,0.10248900000000027,0.15705489999999944,0.07285399999999953,0.13901230000000098,0.09276129999999982,0.13373400000000046,0.14554700000000054,0.5602809999999998,0.39866999999998143,0.1518700000000024,0.2868259999999978,0.25200900000000104,0.5868647999999999,0.2600189999999998,0.33031799999999834,0.052491000000003396,0.20815999999999946
736,0.018218000000000956,0.11969700000000039,0.1585396999999995,0.07855499999999971,0.15170830000000102,0.0995617000000002,0.14319700000000068,0.15985200000000077,0.6067169999999997,0.4396500000000003,0.17952999999999975,0.280621,0.20617700000000028,0.5781116000000006,0.3184889999999996,0.3958919999999999,0.0954189999999997,0.22959699999999827
737,-9.9999e+98,0.09391500000000086,0.12996449999999982,0.06076399999999893,0.11194630000000139,0.07709400000000022,0.10871900000000068,0.10038099999999872,0.45591399999999993,0.3338899999999967,0.13917999999999608,0.2198980000000006,0.1710470000000015,0.3977390999999999,0.26348200000001043,0.27076600000000184,-0.0012970000000009918,0.17900399999999905
738,0.09793900000000022,0.24111599999999989,0.2734139999999998,0.13687299999999958,0.2756253000000015,0.1586801000000002,0.2478999999999978,0.267470000000003,0.9123710000000003,0.612419999999986,0.25193000000000154,0.4299199999999992,0.34461600000000203,0.9677756999999998,0.51083899999999,0.6650360000000006,0.15905700000000422,0.31150699999999887
739,0.12413200000000302,0.3023579999999999,0.3354311000000001,0.16999799999999965,0.33937230000000085,0.18863239999999992,0.29996200000000073,0.3075900000000047,1.0491329999999977,0.7172300000000007,0.32009000000000754,0.5210860000000004,0.5254560000000019,1.1637133000000004,0.6900819999999896,0.8230609999999992,0.1762289999999993,0.32089099999999604
740,0.11704399999999993,0.285933,0.3103992,0.15925799999999946,0.32021230000000145,0.18167579999999983,0.2955059999999996,0.33442200000000355,1.1159159999999986,0.7448799999999949,0.3096400000000017,0.5029830000000004,0.517156,1.1922993999999996,0.5650649999999899,0.766652999999998,0.17567100000000124,0.3701019999999957
741,0.06979500000000272,0.15489300000000128,0.20867129999999978,0.10042999999999935,0.1997743000000014,0.12304830000000022,0.18988200000000077,0.21505400000000208,0.7372790000000009,0.5088700000000017,0.20314000000000476,0.37274799999999786,0.29739999999999966,0.7195156999999996,0.3345369999999974,0.4958159999999978,0.12434700000000021,0.2686080000000004
742,0.08661100000000133,0.20703199999999988,0.23984459999999963,0.12185899999999883,0.2439883000000016,0.14558600000000022,0.22135899999999964,0.2482870000000048,0.8394539999999999,0.5658599999999865,0.24107000000000767,0.3893710000000006,0.343318,0.9293046,0.4481150000000014,0.5930190000000017,0.15010699999999844,0.2827259999999967
743,0.09351400000000254,0.22861499999999957,0.26209479999999985,0.1306919999999998,0.26583730000000116,0.15321760000000006,0.24695200000000028,0.2601750000000038,0.8949019999999983,0.5984100000000012,0.2514500000000055,0.420773999999998,0.3076870000000014,0.9344598,0.48289299999999,0.6253360000000008,0.15518900000000002,0.308132999999998
744,0.08510000000000062,0.187068,0.24945799999999974,0.12053899999999906,0.23846029999999985,0.14482799999999996,0.2199530000000003,0.25535899999999856,0.8680260000000004,0.5843099999999879,0.24522000000000332,0.411878999999999,0.4320069999999987,0.9371532,0.41488999999999976,0.5982759999999985,0.14774599999999793,0.29507199999999756
745,0.12064800000000275,0.2551690000000004,0.2953779000000001,0.1518789999999992,0.30541030000000013,0.17445889999999986,0.2808749999999982,0.30337400000000514,0.9982369999999996,0.6889099999999928,0.3159700000000072,0.507002,0.5071259999999995,1.1910718000000005,0.6483229999999907,0.7499480000000034,0.17285499999999843,0.3180979999999991
746,0.07371800000000306,0.18205500000000008,0.22123519999999974,0.11080299999999887,0.22183230000000087,0.1338927000000001,0.20636599999999916,0.23054000000000485,0.7887570000000004,0.538659999999993,0.2094500000000039,0.3717259999999989,0.25880499999999884,0.7813679000000002,0.4263390000000129,0.5486329999999988,0.13962400000000486,0.28423899999999946
747,0.06987800000000277,0.15287499999999987,0.20227599999999946,0.09713799999999928,0.18828630000000146,0.11981790000000014,0.16556699999999935,0.20248000000000133,0.6827229999999993,0.4665999999999997,0.17615999999999588,0.3171539999999986,0.28000399999999814,0.7278513000000002,0.4042359999999974,0.5087909999999987,0.1202249999999978,0.242841999999996
748,0.08706200000000308,0.19490000000000052,0.24047220000000014,0.12293099999999946,0.2460412999999999,0.14689240000000003,0.22369799999999884,0.24834500000000048,0.8442170000000004,0.5699999999999932,0.2516300000000058,0.4011509999999987,0.36655899999999875,0.951765,0.4651629999999898,0.6135480000000015,0.15207300000000146,0.2823360000000008
749,0.10085199999999972,0.2370650000000012,0.2668362999999996,0.1355209999999989,0.27188130000000044,0.15834850000000023,0.2475859999999983,0.263378000000003,0.8890600000000006,0.6095699999999908,0.27027999999999963,0.4337470000000003,0.4062359999999998,1.0237625999999995,0.5547320000000013,0.6753339999999994,0.16439600000000354,0.29296999999999684
750,0.09821700000000178,0.24277100000000118,0.2709438999999998,0.13575900000000019,0.2743323000000011,0.15769140000000004,0.24871100000000013,0.2552880000000002,0.8788279999999986,0.5946399999999983,0.2617000000000047,0.4475629999999988,0.3769170000000024,0.9809959999999993,0.5468520000000012,0.6655750000000005,0.16301599999999894,0.2962139999999991
751,0.09015600000000035,0.2062020000000011,0.27264599999999994,0.12826800000000027,0.2510923000000016,0.15195340000000002,0.2240809999999982,0.2596820000000051,0.8581450000000004,0.5961700000000008,0.26805000000000234,0.46582799999999835,0.4900109999999991,1.0666446,0.5152840000000083,0.6539500000000018,0.14817500000000194,0.2728490000000008
752,0.12125100000000089,0.30467900000000014,0.32741929999999986,0.1625899999999998,0.33013630000000127,0.1800793999999999,0.3043289999999992,0.2664960000000036,0.9536729999999984,0.6661299999999812,0.3117500000000035,0.4840719999999976,0.5069440000000007,1.0546036999999995,0.7095759999999984,0.7762680000000017,0.18014900000000011,0.2918889999999976
753,0.1198730000000019,0.27035300000000007,0.31537429999999933,0.15703099999999992,0.321359300000001,0.17742309999999994,0.30782699999999963,0.3134250000000023,1.0772060000000003,0.713089999999994,0.2921800000000019,0.4872960000000006,0.3960860000000004,1.0472409999999996,0.5509810000000073,0.7378409999999995,0.16961600000000487,0.3686579999999964
754,0.10611899999999963,0.2631150000000009,0.2937607,0.144620999999999,0.29699830000000027,0.16503479999999993,0.2792740000000009,0.26242900000000446,0.9108479999999979,0.6107999999999834,0.274879999999996,0.4454199999999986,0.39361599999999797,0.9907276999999999,0.616619,0.668296999999999,0.1680770000000038,0.30794199999999705
755,0.09759100000000132,0.23790600000000062,0.2728193999999995,0.13641299999999923,0.27683329999999984,0.15859619999999985,0.2539209999999983,0.2680310000000006,0.920774999999999,0.6175099999999816,0.2614099999999979,0.4364629999999998,0.3386630000000004,0.9678487999999996,0.5139209999999963,0.6544589999999992,0.16032900000000438,0.318799999999996
756,0.09869500000000286,0.22743300000000133,0.27981489999999987,0.13902099999999962,0.27640630000000144,0.16275139999999988,0.25273699999999977,0.2956429999999983,0.9906179999999978,0.6666599999999789,0.2734300000000047,0.4496709999999986,0.45804899999999904,1.0477153999999995,0.48698300000000927,0.6866230000000009,0.16253499999999832,0.3381739999999951
757,0.09847500000000053,0.27749299999999977,0.28906719999999986,0.14264200000000038,0.2867183000000004,0.1598533999999998,0.2653679999999987,0.21700900000000445,0.8228930000000005,0.5583599999999933,0.2497900000000044,0.4613689999999977,0.42993999999999843,0.8758939999999997,0.6029949999999928,0.7111610000000006,0.1643669999999986,0.24044399999999655
758,0.12563000000000102,0.30091999999999963,0.3324983999999995,0.1690259999999988,0.33845729999999996,0.18804009999999982,0.305222999999998,0.30845899999999915,1.0410339999999998,0.7280299999999897,0.3409599999999955,0.550374999999999,0.5851360000000021,1.1986491999999993,0.7318730000000073,0.8282430000000005,0.17026599999999803,0.3207349999999991
759,0.08640000000000114,0.21719700000000053,0.25028059999999996,0.12589900000000043,0.25284930000000116,0.1489402000000002,0.23438099999999906,0.2580730000000031,0.8898969999999977,0.601399999999984,0.2392899999999969,0.41436399999999907,0.31007900000000177,0.8991230000000003,0.46103399999999795,0.6173479999999998,0.14732000000000056,0.31712399999999974
760,0.10192900000000193,0.22583800000000132,0.2694158,0.13575999999999944,0.2753963000000006,0.15855430000000004,0.25750599999999935,0.27512400000000525,0.9398669999999996,0.6245899999999835,0.26596000000000686,0.4251199999999997,0.4011409999999991,0.9821691000000001,0.4862719999999996,0.6570070000000001,0.16245599999999882,0.31815699999999936
761,0.1015010000000025,0.24891400000000097,0.27891149999999953,0.13894999999999946,0.2817843,0.16024819999999984,0.25644499999999937,0.2626729999999995,0.9003230000000002,0.6065699999999765,0.26479000000000497,0.44302499999999867,0.3685699999999983,0.9818368000000008,0.5558300000000003,0.6704639999999991,0.16364300000000043,0.30106399999999667
762,0.041165000000003005,0.1292460000000002,0.17300739999999948,0.08468799999999987,0.16925130000000088,0.10576939999999979,0.16225100000000126,0.17407500000000198,0.6165160000000007,0.4227499999999793,0.17185999999999524,0.32178799999999796,0.2664570000000026,0.5772618999999999,0.2824509999999947,0.4015599999999999,0.10394200000000353,0.22476299999999583
763,0.09251300000000029,0.21132599999999968,0.2630013,0.12833399999999884,0.2540943000000002,0.15181630000000013,0.22924700000000087,0.2572450000000046,0.8524770000000004,0.5924200000000042,0.26493000000000677,0.44433599999999984,0.44838299999999975,1.0326868000000005,0.5286159999999995,0.6487099999999977,0.14903400000000033,0.2738200000000006
764,0.057875000000002785,0.12930300000000017,0.20219770000000015,0.09122699999999995,0.1751953000000004,0.11402849999999987,0.15927100000000038,0.2029800000000037,0.6695259999999976,0.4558799999999792,0.18760000000000332,0.33298599999999823,0.35628799999999927,0.7295408999999999,0.3250890000000055,0.4380720000000018,0.11350699999999847,0.23429699999999798
765,0.11590699999999998,0.27836000000000105,0.3127779999999998,0.15514199999999967,0.3154683000000009,0.1744949,0.28728399999999965,0.29566300000000467,1.0271030000000003,0.6779099999999971,0.2560900000000004,0.4549990000000008,0.37970200000000176,1.0224659000000003,0.5507379999999955,0.7299390000000017,0.16690900000000397,0.35953099999999694
766,0.07007500000000277,0.1652850000000008,0.20445249999999948,0.10082099999999983,0.20457530000000013,0.12303450000000016,0.19500000000000028,0.20742900000000475,0.7121490000000001,0.48103000000000407,0.19698999999999955,0.3501879999999993,0.24784000000000006,0.7033738000000005,0.3654639999999887,0.4920979999999986,0.12694400000000172,0.2569069999999982
767,0.09463500000000025,0.23139399999999988,0.2619327,0.13322400000000023,0.264959300000001,0.1555808999999999,0.23290099999999825,0.2612020000000044,0.8842609999999986,0.5907899999999984,0.23877000000000237,0.4169459999999994,0.3600020000000015,0.9810463999999994,0.4940770000000043,0.6591299999999976,0.1579320000000024,0.29258799999999496
768,0.08508199999999988,0.2092520000000011,0.2411808999999998,0.12117699999999942,0.24460430000000066,0.1444892000000002,0.22364199999999812,0.24352500000000532,0.8310859999999991,0.5585399999999936,0.2386500000000069,0.376968999999999,0.3196799999999982,0.9010651000000003,0.44532999999999845,0.5803559999999983,0.14810100000000403,0.28309699999999793
769,0.08508199999999988,0.2092520000000011,0.2411808999999998,0.12117699999999942,0.24460430000000066,0.1444892000000002,0.22364199999999812,0.24352500000000532,0.8310859999999991,0.5585399999999936,0.2386500000000069,0.376968999999999,0.3196799999999982,0.9010651000000003,0.44532999999999845,0.5803559999999983,0.14810100000000403,0.28309699999999793
770,0.11144600000000082,0.2552669999999999,0.2970286,0.150091999999999,0.3045863000000004,0.17221639999999994,0.28013699999999986,0.2962490000000031,0.9987899999999996,0.6704699999999946,0.2958600000000047,0.46076799999999807,0.4313149999999979,1.1019484999999998,0.5980539999999905,0.7160569999999993,0.16958100000000087,0.330486999999998
771,-9.9999e+98,0.0899479999999997,0.1271052999999993,0.06800799999999896,0.1059543000000005,0.07505050000000013,0.10479199999999977,0.10463200000000228,0.4549619999999983,0.33328999999997677,0.13363999999999976,0.2376189999999987,0.19147599999999798,0.48023720000000036,0.2192360000000093,0.25097900000000095,0.0013970000000043115,0.1749239999999972
772,0.07221700000000197,0.16667499999999968,0.2073615999999996,0.10360399999999892,0.2069333000000011,0.1270384,0.18862700000000032,0.21693100000000243,0.720247999999998,0.4868199999999945,0.20968999999999482,0.3433349999999997,0.2851949999999981,0.7909642000000003,0.38824900000000184,0.5150049999999986,0.13153700000000157,0.2521330000000006
773,0.13913700000000162,0.35107600000000083,0.3798697999999998,0.1910279999999993,0.39078630000000025,0.20972340000000012,0.3701769999999982,0.37946099999999916,1.1884419999999984,0.8073699999999917,0.36575999999999453,0.5717660000000002,0.5855809999999977,1.2857901000000007,0.8275699999999944,0.8870640000000023,0.18625000000000114,0.37667499999999876
774,0.11234600000000228,0.27695500000000095,0.3123448,0.155659,0.31495229999999985,0.17529359999999983,0.28534600000000054,0.30175700000000205,1.0448419999999992,0.6968099999999993,0.26618000000000563,0.45374499999999784,0.3475840000000012,1.0301067000000002,0.5377430000000061,0.7328930000000007,0.17608400000000302,0.3638419999999982
775,0.10615000000000308,0.23921100000000095,0.28413669999999946,0.14440800000000031,0.29113530000000054,0.16653800000000007,0.27483399999999847,0.30525200000000297,1.0274350000000005,0.6859599999999944,0.28064000000000533,0.45757899999999907,0.4583650000000006,1.0640567,0.47373799999999733,0.6999759999999995,0.16580900000000298,0.34828199999999754
776,0.08273800000000264,0.2207100000000004,0.2436134000000001,0.12355799999999917,0.24312530000000088,0.14589890000000016,0.205171,0.24035599999999846,0.8335819999999998,0.5557299999999827,0.2135200000000026,0.35914499999999805,0.32931600000000216,0.8414058999999998,0.4803349999999966,0.6160379999999996,0.14519700000000313,0.2818759999999969
777,0.07190800000000053,0.1576550000000001,0.23550389999999943,0.10342299999999938,0.19726029999999994,0.1272120000000001,0.17734700000000103,0.2318080000000009,0.7568719999999978,0.5167699999999797,0.2053200000000004,0.36696099999999987,0.3821349999999981,0.8033895000000006,0.3835460000000097,0.5329859999999975,0.12496699999999805,0.26107599999999564
778,0.10453000000000046,0.253343000000001,0.28245379999999987,0.14200499999999927,0.28389929999999985,0.16241459999999996,0.254173999999999,0.2569470000000038,0.8793049999999987,0.6044699999999921,0.2730200000000025,0.4447349999999979,0.4375709999999984,1.0016915999999991,0.5787590000000051,0.7080599999999997,0.16359700000000288,0.2824859999999987
779,0.09155600000000064,0.219557,0.2546488999999994,0.12968699999999878,0.2582663000000007,0.15298459999999992,0.23200100000000035,0.262357999999999,0.8915579999999999,0.6018599999999878,0.24648999999999432,0.4082809999999988,0.38299200000000155,0.9719413000000001,0.47302799999999934,0.639723,0.15491700000000463,0.29844599999999843
780,0.09155600000000064,0.219557,0.2546488999999994,0.12968699999999878,0.2582663000000007,0.15298459999999992,0.23200100000000035,0.262357999999999,0.8915579999999999,0.6018599999999878,0.24648999999999432,0.4082809999999988,0.38299200000000155,0.9719413000000001,0.47302799999999934,0.639723,0.15491700000000463,0.29844599999999843
781,0.08542000000000272,0.19916599999999995,0.2476946,0.12338800000000028,0.24381830000000093,0.1474340999999999,0.21889099999999928,0.2521120000000039,0.8686170000000004,0.5869099999999889,0.2399300000000011,0.4058269999999986,0.38191699999999784,0.9379864000000007,0.45055600000000595,0.6191929999999992,0.14852499999999935,0.2950219999999959
782,0.08161300000000082,0.19016000000000055,0.2432843,0.11626899999999907,0.2253513000000016,0.14046260000000022,0.19893199999999922,0.24760700000000213,0.836193999999999,0.5668199999999786,0.21517000000000053,0.3911069999999981,0.41988100000000017,0.8826946000000007,0.42586299999999255,0.5930549999999997,0.1411680000000004,0.2825300000000013
783,0.09079400000000248,0.21479300000000023,0.2545440999999995,0.12957899999999967,0.2596123000000006,0.15306299999999995,0.24109400000000036,0.2686780000000013,0.9217960000000005,0.6192199999999843,0.2523300000000006,0.41707199999999744,0.3725139999999989,0.9685701,0.4536949999999962,0.6430149999999983,0.15334299999999956,0.31670299999999685
784,0.04873200000000111,0.13018100000000032,0.1746825999999997,0.08604699999999887,0.1695063000000001,0.10751659999999985,0.16135599999999783,0.176991000000001,0.6398089999999996,0.44933000000000334,0.17280999999999835,0.3130839999999999,0.23632900000000134,0.6014087999999997,0.325642000000002,0.4320139999999988,0.10720100000000343,0.24161300000000097
785,-9.9999e+98,0.10327200000000047,0.13297189999999937,0.06266800000000039,0.11778630000000057,0.0813663,0.11540300000000059,0.11150500000000108,0.4952559999999977,0.3708199999999806,0.15483000000000402,0.24448800000000048,0.2068940000000019,0.4619460000000002,0.2613580000000013,0.2855300000000014,0.05068299999999937,0.19629499999999922
786,0.11452900000000099,0.25415800000000033,0.2951755999999994,0.14923600000000015,0.30297529999999995,0.17141830000000002,0.2786970000000011,0.29556800000000294,0.996022,0.6678100000000029,0.29649999999999466,0.46043200000000084,0.4157979999999988,1.0949179999999998,0.5921700000000101,0.7176539999999996,0.17084299999999786,0.33161400000000185
787,0.12442900000000279,0.2918780000000005,0.3284173999999993,0.16568000000000005,0.337613300000001,0.18719950000000019,0.3134300000000003,0.33767699999999934,1.103435000000001,0.7347299999999848,0.319500000000005,0.515384000000001,0.49169200000000046,1.1805659999999998,0.6455259999999896,0.7858590000000021,0.18520999999999788,0.3660190000000014
788,0.12277300000000224,0.28923200000000016,0.32309119999999947,0.16390200000000021,0.3274903000000009,0.18336059999999987,0.28255499999999856,0.29987700000000217,1.0305619999999998,0.6821499999999787,0.284000000000006,0.48927699999999774,0.46958399999999756,1.1292442999999999,0.638828999999987,0.7985480000000003,0.18024799999999885,0.32731299999999663
789,0.09092100000000158,0.22625299999999982,0.25960930000000015,0.1295199999999994,0.2611503000000006,0.15179160000000014,0.2415459999999996,0.25755900000000054,0.9034319999999987,0.6103499999999826,0.23698000000000263,0.4096170000000008,0.2793500000000009,0.8858419,0.4755410000000069,0.6223740000000006,0.15106000000000108,0.32003600000000176
790,0.058868000000000364,0.13434200000000018,0.1913070999999995,0.09080900000000014,0.17872430000000072,0.11365490000000023,0.16694400000000087,0.20058800000000332,0.6555859999999996,0.4425399999999797,0.18751000000000317,0.32358699999999985,0.31080200000000247,0.7103454999999999,0.32292799999999033,0.44372100000000003,0.1150739999999999,0.23404699999999679
791,0.07147700000000157,0.1578759999999999,0.22978580000000015,0.10428800000000038,0.20715630000000118,0.12726550000000003,0.1964599999999983,0.23444400000000343,0.772590000000001,0.5262400000000014,0.20989000000000146,0.36928199999999833,0.4048879999999997,0.7692844999999995,0.3286030000000011,0.5011210000000013,0.12563300000000055,0.26739699999999544
792,0.08156600000000225,0.19294100000000114,0.2437005999999995,0.11823799999999984,0.23406830000000056,0.14187109999999992,0.2112949999999998,0.23927100000000223,0.7864269999999998,0.5456099999999822,0.2472099999999955,0.41500800000000027,0.3923369999999977,0.9722486000000004,0.4854930000000053,0.6010190000000009,0.14354099999999903,0.25515800000000155
793,0.07492400000000288,0.1654990000000005,0.2305185999999999,0.1083470000000002,0.21271330000000077,0.13231910000000013,0.1998029999999993,0.23972700000000202,0.8224269999999976,0.5749500000000012,0.21622999999999593,0.3801389999999998,0.34229600000000104,0.7866080000000002,0.3779710000000023,0.5457099999999997,0.1338350000000048,0.2926609999999954
794,0.11383900000000224,0.26977899999999977,0.29959060000000015,0.14832900000000038,0.3035093,0.1690239,0.2810769999999998,0.2863010000000017,0.9840049999999998,0.6538599999999803,0.2736500000000035,0.44754700000000014,0.3514240000000015,1.0009118,0.5681790000000007,0.6865960000000015,0.17381900000000172,0.3388569999999973
795,-9.9999e+98,0.08543900000000093,0.14044200000000018,0.06151899999999877,0.10508130000000016,0.07828310000000016,0.10215999999999781,0.11807100000000048,0.4949179999999984,0.37599999999997635,0.1623299999999972,0.2596519999999991,0.22601799999999983,0.5468082000000001,0.21530100000001084,0.27458099999999774,0.0003570000000010509,0.18751400000000018
796,0.1350110000000022,0.37002999999999986,0.37435369999999946,0.1854219999999991,0.37999130000000036,0.19939470000000004,0.3740710000000007,0.28438400000000286,1.045614999999998,0.7508399999999824,0.35419000000000267,0.5076560000000008,0.572265999999999,1.0792522,0.8530240000000049,0.8084029999999984,0.172659000000003,0.2870229999999978
797,0.10907100000000014,0.2664530000000003,0.29368639999999946,0.15056699999999879,0.29796130000000076,0.169562,0.27384899999999845,0.26685900000000373,0.9354300000000002,0.6500599999999963,0.3101300000000009,0.5514839999999985,0.5606439999999999,1.1413665000000002,0.6450579999999917,0.7937500000000028,0.17850500000000125,0.28136200000000144
798,0.08768600000000148,0.21224699999999963,0.2515609999999997,0.12098299999999895,0.2374193000000009,0.1449828000000002,0.2231500000000004,0.2662070000000014,0.8979700000000008,0.6139499999999884,0.2431100000000015,0.42717400000000083,0.4273169999999986,0.8917289999999998,0.394882999999993,0.605913000000001,0.14614600000000166,0.31421100000000024
799,0.09313600000000122,0.2138340000000003,0.2600205999999998,0.13161299999999976,0.2622963000000009,0.15565430000000013,0.23906799999999961,0.27514200000000244,0.9325139999999976,0.6275100000000009,0.26084000000000174,0.4265170000000005,0.4331800000000001,1.0042397999999997,0.4567689999999942,0.6467620000000025,0.1592330000000004,0.3192990000000009
800,0.1261480000000006,0.3029590000000013,0.3394883000000002,0.1709189999999996,0.3483673000000014,0.19162899999999983,0.3260229999999993,0.34251199999999926,1.1620199999999983,0.7687200000000018,0.31937000000000637,0.5148480000000006,0.47236600000000095,1.1843250999999997,0.6312680000000057,0.8036700000000003,0.1916620000000009,0.3878029999999981
801,0.10061800000000076,0.24545700000000004,0.27624859999999973,0.13839800000000047,0.2796613000000008,0.15922789999999987,0.2614689999999982,0.24706000000000472,0.8549760000000006,0.6133700000000033,0.29363999999999635,0.45414500000000046,0.47072100000000106,1.0280867999999996,0.5978049999999939,0.690645,0.1618570000000048,0.2699089999999984
802,0.11584400000000272,0.28478400000000015,0.3108417999999995,0.15822499999999984,0.3168633000000014,0.17929910000000016,0.28866199999999864,0.3424669999999992,1.1155310000000007,0.7508699999999919,0.28696000000000765,0.48009599999999963,0.48006499999999974,1.0961720000000001,0.5261969999999963,0.7661610000000003,0.1751250000000013,0.38045499999999777
803,0.09687300000000221,0.22327800000000053,0.2624316999999996,0.13340900000000033,0.26856730000000084,0.1569010999999998,0.2457419999999999,0.27327100000000115,0.9243020000000008,0.6192999999999813,0.2638199999999955,0.419905,0.3963619999999999,1.0023681,0.4855579999999975,0.6497360000000008,0.1600170000000034,0.31356299999999493
804,0.09130100000000141,0.2251100000000008,0.25729299999999977,0.12941299999999956,0.26052929999999996,0.15206300000000006,0.23604800000000026,0.25586799999999954,0.8738749999999982,0.5883199999999817,0.24805999999999528,0.425692999999999,0.3289540000000031,0.9382716999999996,0.4954129999999992,0.6347370000000012,0.15458699999999936,0.29849300000000056
805,0.09130100000000141,0.2251100000000008,0.25729299999999977,0.12941299999999956,0.26052929999999996,0.15206300000000006,0.23604800000000026,0.25586799999999954,0.8738749999999982,0.5883199999999817,0.24805999999999528,0.425692999999999,0.3289540000000031,0.9382716999999996,0.4954129999999992,0.6347370000000012,0.15458699999999936,0.29849300000000056
806,0.05565600000000259,0.13313400000000009,0.17179029999999962,0.0853799999999989,0.16794730000000158,0.10731789999999997,0.1565650000000005,0.17757900000000149,0.6337440000000001,0.4437099999999816,0.17037999999999442,0.2952539999999999,0.2177950000000024,0.6031225999999998,0.3440700000000021,0.43123899999999793,0.10524600000000106,0.23565699999999623
807,0.126417,0.3090700000000002,0.3317616999999995,0.1674030000000002,0.3349063000000001,0.19053569999999986,0.3064870000000006,0.3701560000000015,1.1804689999999987,0.7881299999999953,0.3344600000000071,0.5484429999999989,0.648302000000001,1.296341,0.6036900000000003,0.8020609999999984,0.18848900000000413,0.38388499999999937
808,0.0946390000000008,0.23823800000000084,0.26538979999999945,0.13319300000000034,0.26904130000000137,0.15539190000000014,0.24530799999999786,0.2517270000000025,0.8591549999999977,0.5843600000000038,0.2668600000000083,0.43578099999999864,0.3815889999999982,0.9731082999999998,0.5511829999999946,0.6621630000000032,0.15993100000000027,0.28900999999999755
809,0.08131700000000208,0.2047850000000011,0.2331404999999993,0.11674799999999941,0.2363943000000006,0.13983329999999983,0.21785999999999817,0.2289220000000043,0.7941040000000008,0.5336999999999819,0.2335599999999971,0.39772999999999925,0.2922089999999997,0.8537189999999999,0.4456739999999968,0.5739419999999988,0.1466750000000019,0.27439599999999587
810,0.12833100000000286,0.31901700000000055,0.3385796000000001,0.1734720000000003,0.34991830000000057,0.1948856000000001,0.32377699999999976,0.3535400000000024,1.1181069999999984,0.7813799999999844,0.3626600000000053,0.5678359999999998,0.6326079999999976,1.3032393000000004,0.736266999999998,0.8329729999999991,0.20196200000000175,0.34558399999999523
811,0.12217800000000167,0.2811420000000009,0.3132533999999998,0.1562039999999989,0.3189793000000005,0.17716259999999995,0.2951139999999981,0.30046099999999853,1.0171019999999977,0.6796699999999873,0.30053999999999803,0.47382100000000094,0.4054569999999984,1.0891058999999998,0.631056000000001,0.7320340000000023,0.179195,0.3368989999999954
812,0.132950000000001,0.33476199999999956,0.36321650000000005,0.18181699999999879,0.3685943000000016,0.1996487,0.3296500000000009,0.34142200000000145,1.1445679999999996,0.7498099999999965,0.29979000000000156,0.5291119999999978,0.4553779999999996,1.1667117000000005,0.6956969999999956,0.8423680000000004,0.17964900000000483,0.3762089999999958
813,0.0763990000000021,0.18143900000000102,0.22113859999999974,0.11129799999999967,0.2212733,0.13482169999999982,0.1995699999999978,0.23225599999999957,0.7711590000000008,0.5219899999999882,0.21729000000000553,0.36142500000000055,0.3031579999999998,0.8416018000000003,0.42157500000000425,0.5513849999999998,0.13516200000000111,0.2652000000000001
814,0.07632600000000167,0.17019300000000115,0.2525870000000001,0.10985400000000034,0.2090513000000005,0.13291770000000014,0.18280499999999833,0.23917399999999844,0.7445059999999977,0.5127299999999764,0.23350000000000648,0.4234739999999988,0.42438100000000034,0.9663918999999996,0.432690000000008,0.577655,0.13154099999999858,0.24380800000000136
815,0.11947300000000283,0.2743789999999997,0.3086563999999994,0.15866399999999992,0.315748300000001,0.1796717000000001,0.28245899999999935,0.3086279999999988,1.0229280000000003,0.7019799999999918,0.31731999999999516,0.5299279999999982,0.5301909999999985,1.1983141000000002,0.6483319999999964,0.7915670000000006,0.1797070000000005,0.3222589999999954
816,0.0768700000000031,0.1744400000000006,0.22334560000000003,0.1084429999999994,0.21191730000000142,0.13209530000000003,0.1871559999999981,0.22445400000000149,0.7726149999999983,0.5272699999999872,0.19539000000000328,0.3451309999999985,0.31035099999999716,0.7972554000000001,0.4198599999999999,0.5540149999999997,0.13203599999999938,0.26818600000000004
817,0.08002899999999968,0.1797070000000005,0.24295609999999979,0.1154099999999989,0.2255123000000001,0.13956979999999986,0.20050999999999775,0.24690199999999862,0.8131459999999997,0.5505599999999902,0.22717000000000098,0.394798999999999,0.39111799999999874,0.9028377000000001,0.42613500000000215,0.5847629999999988,0.14232799999999912,0.2750160000000008
818,0.05408000000000257,0.13327899999999993,0.17961159999999943,0.08497200000000049,0.16846430000000012,0.10691560000000022,0.1586660000000002,0.17124700000000104,0.6235229999999987,0.429789999999997,0.1672099999999972,0.30463299999999904,0.21048099999999792,0.6062666999999999,0.33485999999999194,0.4244559999999993,0.10587300000000255,0.22992999999999597
819,0.13198500000000024,0.34462300000000035,0.3723358999999995,0.18418699999999966,0.37968130000000144,0.20261590000000007,0.36733999999999867,0.3534130000000033,1.167190999999999,0.767329999999987,0.3305699999999945,0.5225359999999988,0.4551770000000026,1.1886457000000004,0.7538520000000091,0.8190960000000018,0.18286300000000466,0.3806079999999952
820,0.09467700000000079,0.2084539999999997,0.26996589999999987,0.13269599999999926,0.26255330000000043,0.15566980000000008,0.24952299999999994,0.3020360000000011,0.9857689999999977,0.6838699999999847,0.2668199999999956,0.47631900000000016,0.47010600000000125,0.9297854999999995,0.4258779999999973,0.6618999999999993,0.16003200000000106,0.3438109999999952
821,0.12512700000000265,0.30164599999999986,0.32847889999999946,0.16695799999999927,0.3371973000000015,0.1883496,0.3083659999999995,0.3427590000000009,1.113752999999999,0.7465100000000007,0.318799999999996,0.5003080000000004,0.4613960000000006,1.2058204999999997,0.6478290000000015,0.8016700000000014,0.18731100000000112,0.3669669999999954
822,-9.9999e+98,0.10271000000000008,0.13649179999999994,0.06397299999999895,0.1197493000000005,0.08263979999999993,0.11622500000000002,0.11312399999999911,0.4965130000000002,0.3663999999999987,0.14884999999999593,0.2561669999999978,0.20215900000000175,0.5066656999999992,0.25540400000001284,0.2882409999999993,0.051360000000002515,0.19178999999999746
823,0.11873600000000195,0.2557539999999996,0.3125954999999996,0.1493190000000002,0.2963323000000013,0.17359800000000014,0.268654999999999,0.31740299999999877,1.039237,0.7054399999999816,0.3181900000000013,0.5403090000000006,0.6311140000000002,1.2434995000000004,0.6070070000000101,0.7286989999999989,0.165848000000004,0.3382129999999961
824,0.14351800000000026,0.3799520000000012,0.3986027999999999,0.19577699999999965,0.4059603000000003,0.21188580000000012,0.41194600000000037,0.3547280000000015,1.1744589999999988,0.7730399999999804,0.34447000000000116,0.5488929999999996,0.4989850000000011,1.1715560000000007,0.8486089999999962,0.8476640000000017,0.1977150000000023,0.3765339999999995
825,0.02122400000000013,0.12701900000000066,0.17147549999999967,0.08353499999999947,0.1646163000000005,0.10514650000000003,0.1559229999999978,0.1736930000000001,0.615870000000001,0.42408000000000357,0.1674600000000055,0.3126369999999987,0.2353240000000021,0.6034480000000002,0.31739999999999213,0.41000899999999874,0.10437600000000202,0.22549499999999512
826,0.06239800000000173,0.14314400000000127,0.18428239999999985,0.09206499999999984,0.1807053000000014,0.11469949999999995,0.17096300000000042,0.19909000000000532,0.7005949999999999,0.4991899999999987,0.19579000000000235,0.32745599999999797,0.2587969999999977,0.6609271000000003,0.3525099999999952,0.4673439999999971,0.11721000000000004,0.26160600000000045
827,0.06960300000000075,0.18055299999999974,0.2148892999999994,0.10594999999999999,0.21528729999999996,0.12848460000000017,0.19896599999999864,0.21485500000000002,0.7244099999999989,0.4858600000000024,0.2053200000000004,0.35028099999999895,0.25901700000000005,0.7643630000000003,0.3916670000000124,0.5075670000000017,0.13112900000000138,0.2522260000000003
828,0.12539300000000253,0.30513100000000115,0.32573209999999975,0.16694599999999937,0.33516430000000064,0.18980750000000013,0.30754699999999957,0.3711490000000026,1.1710269999999987,0.7811199999999872,0.33087000000000444,0.5436920000000001,0.6237840000000006,1.2781291000000001,0.6013639999999896,0.7985900000000008,0.18441299999999927,0.38506299999999527
829,0.08671999999999969,0.22553800000000024,0.2502031999999996,0.12701399999999907,0.25305029999999995,0.15048780000000006,0.23050500000000085,0.26304800000000483,0.9033920000000002,0.6120599999999854,0.23982999999999777,0.4021639999999991,0.36578299999999686,0.9155743000000003,0.44813700000000267,0.6270229999999977,0.15038700000000205,0.31477199999999783
830,0.11279700000000048,0.2666430000000002,0.30335679999999954,0.15357599999999927,0.30947430000000153,0.17501539999999993,0.2815960000000004,0.31435600000000363,1.0455129999999997,0.7002399999999795,0.28806000000000154,0.45823700000000045,0.3902290000000015,1.1073350999999994,0.5561110000000014,0.7430500000000002,0.17654300000000234,0.3559759999999983
831,0.12331000000000003,0.29572100000000034,0.3298591000000002,0.16601700000000008,0.3347902999999999,0.18541110000000005,0.2957889999999992,0.31630100000000283,1.0614629999999998,0.6979099999999789,0.2822699999999969,0.501964000000001,0.41863599999999934,1.1058860999999993,0.6293709999999919,0.787239999999997,0.18377500000000424,0.3466370000000012
832,0.0781930000000024,0.16883499999999962,0.2261027999999996,0.10849499999999956,0.2141883,0.13235580000000002,0.20146399999999787,0.2335029999999989,0.8067019999999978,0.5526099999999872,0.21264999999999645,0.372522,0.34779999999999944,0.7971439999999994,0.3676360000000045,0.5438079999999985,0.13420500000000146,0.2827309999999983
833,0.12267300000000247,0.2954939999999997,0.32234289999999977,0.16380599999999923,0.3285233000000005,0.1844218999999998,0.2944500000000012,0.32187700000000063,1.0763229999999986,0.7232799999999884,0.3003400000000056,0.489768999999999,0.4590679999999985,1.1604174,0.6216849999999994,0.7892709999999994,0.1816260000000014,0.34812300000000107
834,0.10405700000000095,0.22726000000000113,0.2885751000000001,0.14168499999999895,0.2832233000000013,0.16538280000000016,0.2589870000000012,0.3003970000000038,0.9986469999999983,0.6691500000000019,0.2879300000000029,0.4723739999999985,0.5331839999999985,1.0986080000000005,0.5072010000000091,0.6946000000000012,0.1599509999999995,0.3341969999999961
835,-9.9999e+98,0.09807200000000016,0.16141829999999935,0.07051199999999902,0.13347130000000007,0.08993440000000019,0.1285279999999993,0.13599200000000167,0.5527510000000007,0.40552999999999884,0.16294999999999504,0.2836049999999979,0.23775999999999797,0.5808144999999998,0.23851699999998743,0.32347700000000046,0.05322699999999969,0.20903500000000008
836,0.09405900000000145,0.22887599999999964,0.25658219999999954,0.12898500000000013,0.25955930000000116,0.15133280000000005,0.2375709999999991,0.2473320000000001,0.8287990000000001,0.5745000000000005,0.26015999999999906,0.40794899999999856,0.4010639999999981,0.9659256000000003,0.5323499999999939,0.6440180000000026,0.15163900000000297,0.2679240000000007
837,0.08278400000000019,0.22521599999999964,0.23929869999999998,0.11804599999999965,0.23535730000000044,0.1378184,0.2033750000000012,0.1999759999999995,0.714535999999999,0.47906000000000404,0.20197000000000287,0.38284399999999863,0.33867700000000056,0.7792965000000001,0.47973399999999344,0.5985410000000009,0.13596499999999878,0.23987899999999485
838,0.08419800000000066,0.22949200000000047,0.26818160000000013,0.12325399999999931,0.2382983000000003,0.1473255,0.20796800000000104,0.2622989999999987,0.8705609999999986,0.5840199999999811,0.22963000000000022,0.4249009999999984,0.46463600000000227,0.9625947000000004,0.4398789999999906,0.6268640000000012,0.1505160000000032,0.2885599999999968
839,0.07679200000000108,0.17177299999999995,0.23701159999999977,0.11094899999999974,0.21585630000000045,0.1349345999999998,0.19190299999999993,0.23745100000000008,0.7767309999999981,0.5269899999999836,0.22274000000000171,0.3859250000000003,0.3674350000000004,0.8902533999999998,0.42006000000000654,0.5646979999999999,0.13961600000000374,0.2666059999999959
840,0.08880800000000022,0.21991700000000058,0.2504415999999994,0.12769800000000053,0.25305330000000126,0.15044829999999987,0.22154600000000002,0.25307700000000466,0.8551499999999983,0.5706699999999785,0.22870000000000346,0.4077699999999993,0.34418600000000055,0.9455764999999996,0.4804199999999952,0.6377389999999998,0.15383800000000036,0.28452399999999756
841,0.06566700000000125,0.15504100000000065,0.18614219999999992,0.09257399999999905,0.18492029999999993,0.11472209999999983,0.16784999999999783,0.1871500000000026,0.6353059999999999,0.43170999999998116,0.17973999999999535,0.32367599999999896,0.23812099999999958,0.6809453000000003,0.3755260000000078,0.4645949999999992,0.11419000000000068,0.22979399999999828
842,-9.9999e+98,0.09441699999999997,0.19210619999999956,0.07791800000000038,0.13845730000000067,0.09719290000000003,0.12923299999999927,0.17853900000000067,0.610199999999999,0.4380899999999883,0.17332000000000392,0.3113589999999995,0.35136899999999827,0.6942469999999998,0.25631500000000074,0.36868000000000123,0.05857500000000471,0.21804399999999902
843,0.09160500000000127,0.21637899999999988,0.2529490000000001,0.127205,0.2567473000000007,0.15033280000000016,0.23847599999999858,0.259644999999999,0.8887919999999987,0.5954199999999901,0.24602000000000146,0.3980320000000006,0.3368329999999986,0.9255018000000002,0.4574750000000023,0.6133719999999983,0.15193599999999918,0.30564199999999886
844,0.10618300000000147,0.2603220000000004,0.29001430000000017,0.145446999999999,0.2939183000000014,0.16638909999999996,0.26609399999999894,0.27841400000000505,0.9454139999999995,0.6366399999999999,0.2771800000000013,0.46099599999999796,0.3818930000000016,1.0233897999999995,0.5768690000000021,0.7100730000000013,0.1740830000000031,0.3149310000000014
845,0.10618300000000147,0.2603220000000004,0.29001430000000017,0.145446999999999,0.2939183000000014,0.16638909999999996,0.26609399999999894,0.27841400000000505,0.9454139999999995,0.6366399999999999,0.2771800000000013,0.46099599999999796,0.3818930000000016,1.0233897999999995,0.5768690000000021,0.7100730000000013,0.1740830000000031,0.3149310000000014
846,0.09425600000000145,0.2322620000000004,0.26408839999999945,0.13262199999999957,0.26649230000000124,0.1551733999999998,0.240672,0.26184200000000146,0.8816209999999991,0.5954099999999869,0.25191999999999837,0.4021119999999989,0.3512129999999978,0.9682196999999997,0.5007279999999952,0.6463790000000031,0.15751300000000157,0.293883000000001
847,0.10284300000000002,0.25582300000000124,0.2854364999999994,0.14399099999999976,0.2884463000000004,0.1647748,0.2531679999999987,0.2758010000000013,0.9342299999999994,0.6191399999999874,0.25090000000000146,0.4370370000000001,0.38781200000000027,1.0142172,0.5365350000000007,0.7049430000000001,0.17391299999999887,0.31274700000000166
848,0.07377400000000023,0.17263100000000087,0.20505389999999935,0.1029599999999995,0.20519130000000096,0.12612580000000007,0.1852809999999998,0.21062100000000328,0.7170929999999984,0.48676000000000386,0.19997000000000753,0.3511880000000005,0.2639710000000015,0.7596034999999999,0.4015410000000088,0.5159839999999996,0.1278819999999996,0.2544019999999989
849,0.12193200000000104,0.29188300000000034,0.3234243000000001,0.16653699999999994,0.3310023000000015,0.18494359999999999,0.3084360000000004,0.2945320000000038,1.0340570000000007,0.7233599999999853,0.35137000000000285,0.6156609999999993,0.6583100000000002,1.2466023000000002,0.7250410000000045,0.8483870000000024,0.17134700000000436,0.2989689999999996
850,0.12596900000000133,0.2920210000000001,0.31916799999999945,0.16185299999999891,0.32751330000000145,0.18378799999999984,0.30087699999999984,0.32899100000000203,1.0836240000000004,0.7284399999999778,0.3125100000000032,0.507559999999998,0.5408640000000027,1.1822456000000008,0.6251239999999996,0.7646770000000025,0.18078299999999814,0.34922699999999907
851,0.12555500000000208,0.29079800000000056,0.32774899999999985,0.1639879999999998,0.33547730000000087,0.18515959999999998,0.31693599999999833,0.3175280000000029,1.0634750000000004,0.7100799999999765,0.3153700000000015,0.49616400000000027,0.4527220000000014,1.1469876,0.6668359999999893,0.7651220000000016,0.18451800000000418,0.34910599999999903
852,0.0767280000000028,0.17916100000000057,0.22476629999999975,0.11349799999999988,0.2261103000000002,0.13676779999999988,0.21459600000000023,0.2439950000000053,0.839931,0.5861400000000003,0.2213299999999947,0.39085700000000045,0.283103999999998,0.7752702000000005,0.40595000000000425,0.566865,0.13839899999999972,0.3053150000000002
853,0.047724999999999795,0.1247600000000002,0.17985879999999987,0.08545900000000017,0.16275930000000116,0.10752020000000018,0.1488979999999991,0.18090099999999865,0.6420870000000001,0.45045999999999253,0.1765100000000075,0.2938529999999986,0.2677979999999991,0.6655256999999999,0.3424519999999944,0.43654499999999885,0.10691599999999823,0.23474900000000076
854,0.12722400000000178,0.3075039999999998,0.3333281000000001,0.16941899999999954,0.34425730000000065,0.19111389999999995,0.32320299999999946,0.33137299999999925,1.0898849999999989,0.7483499999999879,0.3422999999999945,0.5439349999999976,0.5391359999999992,1.239229,0.7184040000000067,0.8008529999999965,0.19468700000000183,0.3472289999999987
855,0.09134500000000045,0.2416110000000007,0.2641112999999997,0.13123299999999993,0.2651223000000016,0.1510695000000002,0.2456479999999992,0.22612500000000324,0.7848639999999989,0.5577299999999923,0.26578000000000657,0.4257649999999984,0.4335790000000017,0.9304339000000006,0.5742060000000038,0.6694040000000001,0.1522810000000021,0.24580900000000128
856,0.10675900000000027,0.22023100000000007,0.2828936999999998,0.14104000000000028,0.28432430000000153,0.16354200000000008,0.2685910000000007,0.2947500000000005,1.0043049999999987,0.6682699999999784,0.27795000000000414,0.46211100000000016,0.5114610000000006,1.0326654,0.45949999999999136,0.680610999999999,0.15983400000000358,0.33453199999999583
857,0.1481570000000012,0.36029200000000117,0.3810531999999993,0.19656699999999994,0.3975023000000011,0.21700540000000013,0.37012599999999907,0.422975000000001,1.3011379999999981,0.8812399999999911,0.38701000000000363,0.6488359999999993,0.6967029999999994,1.4313367000000001,0.8243969999999905,0.9326500000000024,0.19833200000000062,0.40287999999999613
858,0.1481570000000012,0.36029200000000117,0.3810531999999993,0.19656699999999994,0.3975023000000011,0.21700540000000013,0.37012599999999907,0.422975000000001,1.3011379999999981,0.8812399999999911,0.38701000000000363,0.6488359999999993,0.6967029999999994,1.4313367000000001,0.8243969999999905,0.9326500000000024,0.19833200000000062,0.40287999999999613
859,0.0784930000000017,0.18200900000000075,0.2265625,0.11239799999999889,0.22303730000000144,0.1359572,0.200568999999998,0.23044700000000518,0.774286,0.5251499999999965,0.22106000000000847,0.36574999999999847,0.33699100000000115,0.8690745,0.4213330000000042,0.5588079999999991,0.1376120000000043,0.2624969999999962
860,0.07927500000000265,0.1860660000000003,0.22741070000000008,0.11617000000000033,0.2305533000000004,0.1399064000000001,0.2069100000000006,0.23792200000000463,0.7950339999999976,0.5385399999999834,0.23270000000000834,0.38435499999999934,0.34302100000000024,0.9043952000000006,0.44339399999999785,0.5830750000000009,0.14505700000000132,0.27152799999999644
861,0.07298700000000125,0.16061700000000023,0.24044419999999977,0.10420599999999958,0.1968753000000003,0.12810699999999997,0.18195099999999798,0.23865599999999887,0.8034870000000005,0.5644800000000032,0.21958999999999662,0.3839959999999998,0.42474599999999896,0.8425070000000003,0.36680599999999686,0.5383409999999991,0.12711000000000183,0.28034499999999696
862,0.10568500000000114,0.2628130000000013,0.2998664,0.1431319999999996,0.2822973000000015,0.16700090000000012,0.25305600000000084,0.2967800000000054,0.9875809999999987,0.6701599999999814,0.2903400000000005,0.5025860000000009,0.5661190000000005,1.1699570999999995,0.5541560000000061,0.7144200000000005,0.16763999999999868,0.3232439999999954
863,0.12604800000000083,0.2976580000000002,0.33528499999999983,0.16927599999999998,0.34432630000000053,0.1906409,0.3184110000000011,0.3441520000000011,1.121728000000001,0.7490299999999763,0.32386999999999944,0.5244940000000007,0.5093740000000011,1.2083827999999999,0.6649109999999894,0.7931080000000001,0.19111300000000142,0.3660330000000016
864,0.10482100000000116,0.28859300000000054,0.3013016999999998,0.14879400000000054,0.3040533000000014,0.16366080000000016,0.30534399999999806,0.22016299999999944,0.8605629999999991,0.6133999999999844,0.29980000000000473,0.4702169999999981,0.5028490000000012,0.9472571000000007,0.7175029999999936,0.7227150000000009,0.15489500000000334,0.22583999999999804
865,0.08767100000000028,0.21757000000000026,0.2446288000000001,0.12287399999999948,0.2473193000000009,0.14565599999999979,0.22505899999999812,0.23558500000000038,0.8028739999999992,0.547380000000004,0.2438900000000075,0.3874549999999992,0.35668799999999834,0.9233525,0.4996360000000095,0.6209229999999977,0.15268600000000276,0.2676620000000014
866,0.08767100000000028,0.21757000000000026,0.2446288000000001,0.12287399999999948,0.2473193000000009,0.14565599999999979,0.22505899999999812,0.23558500000000038,0.8028739999999992,0.547380000000004,0.2438900000000075,0.3874549999999992,0.35668799999999834,0.9233525,0.4996360000000095,0.6209229999999977,0.15268600000000276,0.2676620000000014
867,0.09297100000000214,0.23426100000000005,0.26206890000000005,0.13091799999999942,0.2633323000000001,0.15274080000000012,0.23538800000000037,0.2481210000000047,0.854886999999998,0.574799999999982,0.2406299999999959,0.4179819999999985,0.33666099999999943,0.9280095999999993,0.5022979999999961,0.6421020000000013,0.1538280000000043,0.2897439999999989
868,0.1017159999999997,0.2715540000000001,0.2847837999999996,0.14629099999999973,0.28424030000000045,0.1650830000000001,0.23968699999999998,0.22578299999999984,0.8528139999999986,0.5274399999999844,0.2356100000000083,0.4803280000000001,0.5141479999999987,0.9295399,0.5619560000000092,0.7235510000000005,0.17147299999999888,0.23412400000000133
869,0.06950400000000201,0.155837,0.19051189999999973,0.09627000000000052,0.1899703000000006,0.11926989999999993,0.17584700000000097,0.20827500000000043,0.7133040000000008,0.4994299999999896,0.19359000000000037,0.32142999999999944,0.2553270000000012,0.6791609999999997,0.375362999999993,0.4845889999999997,0.12061899999999781,0.2614669999999961
870,0.12197400000000158,0.30740000000000123,0.3357918,0.16707300000000025,0.3391473000000005,0.1857981999999998,0.3098579999999984,0.30438000000000187,1.034682,0.6982099999999889,0.30272999999999683,0.49494499999999775,0.45037400000000005,1.1055899,0.6871419999999944,0.7877569999999992,0.18804899999999947,0.3370269999999991
871,0.10993900000000068,0.25417100000000126,0.2877573999999994,0.148358,0.29090230000000084,0.16946260000000013,0.2434340000000006,0.2861960000000039,0.9469569999999976,0.6261399999999924,0.26836000000000126,0.4944369999999978,0.46806899999999985,1.1158828000000005,0.5709399999999931,0.7503360000000008,0.172032999999999,0.29747700000000066
872,0.12220000000000297,0.2916810000000005,0.32022119999999976,0.1615000000000002,0.3273583000000002,0.18122909999999992,0.30793299999999846,0.2934979999999996,0.9945459999999997,0.7141900000000021,0.3435400000000044,0.5217460000000003,0.5743280000000013,1.1631289999999996,0.7146440000000069,0.7814590000000017,0.1784409999999994,0.30218599999999896
873,0.08264000000000138,0.2060139999999997,0.25584439999999997,0.11805799999999955,0.2302413000000012,0.14268180000000008,0.21158499999999947,0.26415500000000236,0.8658870000000007,0.5844500000000039,0.24168000000000234,0.4188079999999985,0.4724579999999996,0.9323806999999995,0.3973140000000086,0.5848850000000034,0.14205100000000215,0.29611500000000035
874,-9.9999e+98,0.09822100000000056,0.1411699999999998,0.0657350000000001,0.12632830000000084,0.08410969999999995,0.12372299999999825,0.11667400000000328,0.5012889999999999,0.36517999999998096,0.14633999999999503,0.24852399999999975,0.18296199999999985,0.47017560000000014,0.26487799999999595,0.2897779999999983,0.05114499999999822,0.1940570000000008
875,0.08817800000000275,0.23766600000000082,0.2544512000000001,0.13069099999999878,0.2539383000000015,0.1485405000000002,0.24975399999999937,0.22262600000000532,0.8269939999999991,0.5455699999999979,0.25253000000000725,0.4974279999999993,0.49888199999999827,0.9221339000000004,0.618426999999997,0.7312010000000022,0.1544540000000012,0.20978399999999908
876,0.07074599999999975,0.17817300000000103,0.22293249999999976,0.11000299999999896,0.21996130000000136,0.13342169999999998,0.20733099999999993,0.22748700000000355,0.7970480000000002,0.5390299999999968,0.21415000000000362,0.36684100000000086,0.3230979999999981,0.8098545000000001,0.378066000000004,0.5407459999999986,0.13750500000000443,0.280114999999995
877,0.07342700000000235,0.16524099999999997,0.21455190000000002,0.10515000000000008,0.20754630000000063,0.12869280000000005,0.19498700000000113,0.2262100000000018,0.7841079999999998,0.5509299999999939,0.211190000000002,0.3685760000000009,0.28885899999999864,0.7438057999999996,0.4031630000000064,0.5366339999999994,0.13232500000000158,0.29053499999999843
878,0.11927900000000236,0.2923430000000007,0.3196323999999997,0.1597729999999995,0.32266230000000107,0.17864449999999987,0.2901920000000011,0.27945100000000167,0.9732500000000002,0.6558899999999994,0.2922900000000084,0.5078390000000006,0.4654759999999989,1.0798774,0.6660499999999985,0.7776330000000016,0.1769740000000013,0.3135040000000018
879,0.09481300000000203,0.23173599999999972,0.26251990000000003,0.13073099999999904,0.2663443000000001,0.15307579999999987,0.24551800000000057,0.2546820000000025,0.8729899999999979,0.5848699999999951,0.2566900000000061,0.4233799999999981,0.33045800000000014,0.9277477999999997,0.5070130000000006,0.6282560000000004,0.15508799999999923,0.3002040000000008
880,0.08572400000000258,0.2151050000000012,0.24146219999999996,0.12113300000000038,0.2431743000000015,0.14367300000000016,0.21807000000000087,0.2382470000000012,0.8000849999999993,0.5404999999999802,0.22942000000000462,0.4056609999999985,0.32834800000000186,0.8825237000000001,0.4769139999999936,0.605868000000001,0.1472309999999979,0.27367399999999975
881,0.08572400000000258,0.2151050000000012,0.24146219999999996,0.12113300000000038,0.2431743000000015,0.14367300000000016,0.21807000000000087,0.2382470000000012,0.8000849999999993,0.5404999999999802,0.22942000000000462,0.4056609999999985,0.32834800000000186,0.8825237000000001,0.4769139999999936,0.605868000000001,0.1472309999999979,0.27367399999999975
882,0.06864700000000212,0.16105300000000078,0.19746059999999943,0.09830900000000042,0.19872530000000133,0.12098539999999991,0.1832570000000011,0.19976300000000435,0.6783459999999977,0.45691999999999666,0.19419000000000608,0.3428629999999977,0.2569700000000026,0.7201957000000005,0.3760809999999992,0.48049999999999926,0.12221999999999866,0.2442179999999965
883,0.11037200000000169,0.25195200000000106,0.2949301999999996,0.15107300000000023,0.3042063000000006,0.17390980000000011,0.2781649999999978,0.3156980000000047,1.0405149999999992,0.69695999999999,0.30078000000000316,0.4854339999999979,0.5271589999999975,1.1436835999999992,0.5684480000000036,0.7245159999999977,0.1652210000000025,0.3427959999999999
884,0.09591100000000097,0.22730400000000017,0.2635860000000001,0.1343329999999998,0.2692173000000011,0.15759429999999996,0.24477299999999858,0.27564900000000137,0.9268010000000011,0.6247599999999807,0.2666499999999985,0.4473880000000001,0.3543650000000014,1.0053220999999999,0.4989229999999907,0.6702329999999996,0.1631050000000016,0.32207299999999606
885,0.12249100000000013,0.30206599999999995,0.3202441999999994,0.16517799999999916,0.3279153000000008,0.18622760000000005,0.285857,0.342646000000002,1.1220700000000008,0.7359899999999868,0.28367000000000075,0.5081120000000006,0.5465650000000011,1.1699756,0.5604529999999954,0.7879620000000003,0.1820859999999982,0.3626700000000014
886,0.09573400000000021,0.2365440000000003,0.26677529999999994,0.13610800000000012,0.2703313000000005,0.1583462,0.23527699999999996,0.2654010000000042,0.9077619999999982,0.5993599999999901,0.2324700000000064,0.4261039999999987,0.365592000000003,0.9900221999999994,0.5018069999999994,0.6796520000000008,0.15930900000000037,0.2999730000000014
887,0.08934200000000203,0.2338509999999996,0.25752989999999976,0.12703999999999915,0.25790230000000136,0.1479841999999998,0.23808199999999857,0.2267790000000005,0.7824559999999998,0.5456800000000044,0.2528999999999968,0.3834769999999992,0.3947880000000019,0.9031494000000002,0.5307560000000109,0.6144180000000006,0.14817800000000148,0.2563159999999982
888,0.07300299999999993,0.16467200000000126,0.22945689999999974,0.10855100000000029,0.21445930000000146,0.1320402999999999,0.20279099999999772,0.23537699999999973,0.8053430000000006,0.5574799999999982,0.21882999999999697,0.3982460000000003,0.3360459999999996,0.7856936999999995,0.37097999999998876,0.5507719999999985,0.1358630000000005,0.28773100000000085
889,0.11321000000000225,0.28100400000000114,0.3041343999999997,0.15316200000000002,0.3054863000000001,0.1709830000000001,0.2716159999999981,0.2517220000000009,0.9055859999999996,0.6092199999999934,0.2783100000000047,0.49537499999999923,0.49018099999999976,1.0200787,0.6467220000000111,0.7653369999999988,0.18041500000000354,0.2749859999999984
890,0.0744889999999998,0.1672419999999999,0.22089249999999971,0.10609700000000011,0.20828830000000131,0.12999159999999987,0.19455400000000012,0.23353500000000338,0.8120179999999984,0.5791699999999764,0.233460000000008,0.3632989999999978,0.3003469999999986,0.7424112000000003,0.393652000000003,0.5437320000000021,0.13172600000000045,0.2932079999999999
891,0.09310800000000086,0.22335800000000106,0.2572555999999997,0.1315849999999994,0.26067830000000036,0.1547168000000001,0.23018599999999978,0.2625980000000041,0.8934539999999984,0.5993599999999901,0.24375999999999465,0.42088700000000046,0.3840210000000006,0.9925333000000007,0.48408399999999574,0.6530399999999972,0.15450500000000034,0.2974969999999999
892,0.1237470000000016,0.3149499999999996,0.3377360999999999,0.1694230000000001,0.3394193000000012,0.1854026000000002,0.31645599999999874,0.2745840000000044,0.997322999999998,0.6802600000000041,0.3128200000000021,0.5368010000000005,0.5348079999999982,1.0716114,0.7084689999999938,0.8318350000000017,0.1786870000000036,0.27696900000000113
893,0.13385600000000153,0.33433400000000013,0.36903879999999933,0.18473599999999912,0.37773630000000047,0.20396370000000008,0.3542400000000008,0.38031200000000354,1.1805640000000004,0.7879299999999887,0.34238999999999464,0.5409799999999976,0.5011189999999992,1.2426925999999998,0.7504599999999897,0.8473310000000005,0.18071400000000182,0.38205399999999656
894,0.1483319999999999,0.4075110000000013,0.41369079999999947,0.20365400000000022,0.4211683000000015,0.2169219,0.4093039999999988,0.3267200000000017,1.1416599999999981,0.7874199999999973,0.37538000000000693,0.5477959999999982,0.580254,1.1657739999999999,0.9469220000000007,0.8468510000000009,0.18316099999999835,0.33191699999999713
895,0.12370300000000256,0.28692799999999963,0.3201349999999996,0.15944999999999965,0.3260953000000004,0.1803406999999999,0.3056069999999984,0.3001070000000041,1.0225009999999983,0.6853999999999871,0.3039799999999957,0.47077600000000075,0.44119500000000045,1.1081360999999994,0.6562469999999934,0.742560000000001,0.1753789999999995,0.33602099999999524
896,0.1239270000000019,0.30762400000000056,0.3217150999999996,0.16597499999999954,0.3304893,0.18766380000000016,0.29652499999999904,0.3679079999999999,1.1449789999999993,0.7685299999999984,0.31121000000000265,0.5156530000000004,0.5627209999999998,1.2139924999999998,0.5828149999999965,0.7929899999999996,0.18341000000000207,0.3786849999999973
897,0.08897400000000033,0.21245000000000047,0.2530776999999995,0.12460399999999971,0.2543973000000008,0.14632809999999985,0.24376900000000035,0.24365999999999843,0.8641439999999996,0.5802699999999845,0.23910000000000764,0.4135799999999996,0.2859800000000021,0.8484440000000006,0.42540800000000445,0.6016580000000005,0.14596800000000343,0.30004900000000134
898,0.07876100000000008,0.18601400000000012,0.22557660000000013,0.11449299999999951,0.22695030000000038,0.13823089999999993,0.20939599999999814,0.23781200000000524,0.8308689999999999,0.570619999999991,0.21654999999999802,0.38938899999999776,0.30866100000000074,0.8045863999999998,0.42555199999999616,0.5706020000000009,0.1416320000000013,0.2935499999999962
899,0.10843000000000202,0.2594089999999998,0.2936557999999998,0.1503370000000004,0.29934730000000087,0.17154749999999996,0.2636189999999985,0.2870180000000033,0.9855029999999978,0.6583699999999908,0.27510999999999797,0.47604499999999916,0.4324380000000012,1.1063988,0.569911999999988,0.7428729999999995,0.17634500000000486,0.3181809999999956
900,0.0846630000000026,0.2188150000000011,0.2371648999999998,0.12102400000000024,0.23771330000000113,0.14341269999999984,0.2021720000000009,0.24060700000000423,0.7998519999999978,0.5318499999999915,0.2014599999999973,0.3792679999999997,0.34187299999999965,0.8731577999999995,0.4786200000000065,0.6243520000000018,0.1424430000000001,0.26901699999999806
901,0.09690200000000004,0.23475000000000001,0.2663517999999998,0.1366379999999996,0.27029130000000023,0.15904739999999995,0.23670800000000014,0.2694189999999992,0.8929639999999992,0.602800000000002,0.25826000000000704,0.4488529999999997,0.4078720000000011,1.0432106,0.5280519999999882,0.6880160000000011,0.16102400000000472,0.2896080000000012
902,0.06334900000000232,0.14055100000000031,0.1909421,0.09285199999999882,0.1816513000000004,0.11558029999999997,0.171049,0.2009390000000053,0.6927570000000003,0.4828899999999976,0.18654000000000792,0.3439659999999982,0.27448300000000003,0.6788419000000001,0.3537499999999909,0.4711849999999984,0.11777200000000221,0.2562110000000004
903,0.06334900000000232,0.14055100000000031,0.1909421,0.09285199999999882,0.1816513000000004,0.11558029999999997,0.171049,0.2009390000000053,0.6927570000000003,0.4828899999999976,0.18654000000000792,0.3439659999999982,0.27448300000000003,0.6788419000000001,0.3537499999999909,0.4711849999999984,0.11777200000000221,0.2562110000000004
904,0.12109700000000245,0.28545900000000124,0.3124003000000002,0.15687299999999915,0.3151623000000008,0.17563169999999984,0.28404899999999955,0.2779160000000047,0.9549689999999984,0.6637499999999932,0.3069799999999958,0.48312899999999814,0.4891549999999967,1.0774195999999998,0.6632709999999946,0.767008999999998,0.17598300000000222,0.2971459999999979
905,0.11808399999999963,0.2711439999999996,0.3071022999999995,0.15714900000000043,0.31214530000000096,0.17748339999999985,0.2713250000000009,0.2923110000000051,1.0020220000000002,0.6761599999999817,0.2941600000000051,0.5014730000000007,0.47543699999999944,1.1432735000000003,0.6257550000000123,0.7761439999999986,0.18118600000000384,0.3128109999999964
906,0.11808399999999963,0.2711439999999996,0.3071022999999995,0.15714900000000043,0.31214530000000096,0.17748339999999985,0.2713250000000009,0.2923110000000051,1.0020220000000002,0.6761599999999817,0.2941600000000051,0.5014730000000007,0.47543699999999944,1.1432735000000003,0.6257550000000123,0.7761439999999986,0.18118600000000384,0.3128109999999964
907,0.11808399999999963,0.2711439999999996,0.3071022999999995,0.15714900000000043,0.31214530000000096,0.17748339999999985,0.2713250000000009,0.2923110000000051,1.0020220000000002,0.6761599999999817,0.2941600000000051,0.5014730000000007,0.47543699999999944,1.1432735000000003,0.6257550000000123,0.7761439999999986,0.18118600000000384,0.3128109999999964
908,0.09068100000000001,0.19188199999999966,0.2544456999999998,0.12627799999999922,0.25081430000000005,0.15047819999999978,0.23138199999999998,0.2702340000000021,0.9085380000000001,0.6102999999999952,0.25195999999999685,0.41843700000000084,0.45081400000000116,0.9641675000000003,0.42509300000000394,0.6184499999999993,0.1508090000000024,0.30778399999999806
909,0.11996000000000251,0.2915290000000006,0.32584500000000016,0.16380099999999942,0.3309323000000006,0.18391009999999985,0.2998100000000008,0.31941900000000345,1.060461,0.7115699999999947,0.2977199999999982,0.47100400000000064,0.43503899999999973,1.1170327000000002,0.6369639999999919,0.7818039999999975,0.18119899999999944,0.3462549999999993
910,0.0884410000000031,0.2236760000000011,0.2512957999999994,0.12748500000000007,0.25251230000000113,0.14924189999999982,0.2176349999999978,0.2401710000000037,0.8122520000000009,0.5469099999999969,0.2350799999999964,0.4085630000000009,0.37517799999999824,0.9427268999999994,0.497760999999997,0.6551629999999982,0.147551,0.2687960000000018
911,0.0925760000000011,0.22203000000000017,0.25841080000000005,0.13095299999999988,0.26373330000000017,0.1541443,0.24096600000000024,0.2663220000000024,0.8988769999999988,0.6050400000000025,0.2665099999999967,0.4349099999999986,0.3447570000000013,0.9761895000000003,0.4871260000000035,0.6430970000000009,0.15858800000000173,0.3095029999999994
912,0.0771329999999999,0.2033630000000013,0.23580569999999934,0.11709699999999934,0.23770430000000076,0.13970450000000012,0.22563599999999795,0.23743500000000495,0.8207729999999991,0.5500099999999861,0.22834000000000287,0.39691999999999794,0.30091299999999777,0.8364912999999996,0.40824600000000544,0.5602889999999974,0.14161299999999954,0.28647699999999787
913,0.0771329999999999,0.2033630000000013,0.23580569999999934,0.11709699999999934,0.23770430000000076,0.13970450000000012,0.22563599999999795,0.23743500000000495,0.8207729999999991,0.5500099999999861,0.22834000000000287,0.39691999999999794,0.30091299999999777,0.8364912999999996,0.40824600000000544,0.5602889999999974,0.14161299999999954,0.28647699999999787
914,0.12011400000000094,0.28628699999999974,0.3140166999999998,0.1585049999999999,0.32027930000000104,0.17673059999999996,0.30747500000000016,0.26339300000000065,0.9629580000000004,0.6905399999999986,0.3347399999999965,0.5523999999999987,0.6078169999999972,1.1314946,0.7286749999999955,0.7881490000000007,0.1728740000000002,0.27334099999999495
915,0.06879800000000103,0.14959900000000026,0.20657989999999948,0.09759000000000029,0.19191430000000054,0.12074270000000009,0.1799420000000005,0.2154080000000036,0.7166040000000002,0.4904499999999814,0.19413000000000125,0.34271099999999777,0.285499999999999,0.7278506999999994,0.3546540000000107,0.48683600000000027,0.12306800000000351,0.26085199999999986
916,0.1241020000000006,0.2894400000000008,0.32208799999999993,0.16518299999999897,0.32745030000000064,0.18411270000000002,0.29032899999999984,0.3011669999999995,1.0205829999999985,0.6989299999999901,0.31963000000000363,0.5635680000000001,0.5752039999999994,1.2052457999999993,0.6931689999999975,0.8282759999999989,0.18009500000000145,0.30863899999999944
917,0.09125500000000031,0.23392000000000124,0.2668410999999997,0.1292150000000003,0.2544953000000003,0.15361329999999995,0.23158600000000007,0.2798530000000028,0.9329459999999976,0.6292699999999911,0.25786999999999694,0.4347589999999997,0.47011199999999675,0.9962153000000002,0.4478079999999949,0.6466069999999995,0.1566450000000046,0.31873600000000124
918,0.07225600000000298,0.15145500000000034,0.23103970000000018,0.1015429999999995,0.19195330000000155,0.12512610000000013,0.1791419999999988,0.23288700000000517,0.7931139999999992,0.56604999999999,0.22481000000000506,0.37742700000000085,0.3826029999999996,0.8201228,0.3495850000000047,0.5244749999999989,0.12399800000000027,0.28043699999999916
919,0.11594300000000146,0.2607309999999998,0.30232369999999964,0.15268000000000015,0.3103133000000007,0.17481400000000002,0.2886430000000004,0.3008209999999991,1.0003519999999995,0.6751500000000021,0.30308000000000845,0.48076700000000017,0.45163399999999854,1.1258552999999996,0.6286479999999983,0.7272190000000016,0.16810600000000164,0.32435199999999753
920,0.12940800000000152,0.3432940000000002,0.3604465999999995,0.1784669999999995,0.36569230000000097,0.19494580000000017,0.35179899999999975,0.29461200000000076,1.0348520000000008,0.7349099999999851,0.34635000000000105,0.4893849999999986,0.5554020000000008,1.1128568000000003,0.7963340000000017,0.7977740000000004,0.18947000000000003,0.3017290000000017
921,-9.9999e+98,0.11017900000000047,0.1626246999999994,0.07780599999999893,0.15104430000000058,0.09793340000000006,0.14649100000000104,0.15180600000000055,0.5910229999999999,0.4204499999999882,0.16362999999999772,0.30729399999999885,0.2617459999999987,0.5987761000000003,0.2566969999999884,0.3633659999999992,0.09276200000000046,0.21720499999999987
922,0.10262800000000283,0.2318200000000008,0.27473539999999996,0.13721099999999886,0.27903330000000004,0.15904050000000014,0.26473800000000125,0.27918900000000235,0.9579529999999998,0.6388900000000035,0.2621000000000038,0.44654099999999985,0.3504979999999982,0.9677137,0.4729939999999999,0.6615330000000021,0.16283299999999912,0.33423799999999915
923,0.06059400000000181,0.14442800000000133,0.17935560000000006,0.08977099999999893,0.1749873000000015,0.1118450000000002,0.15643899999999888,0.1824319999999986,0.6197789999999976,0.42277999999998883,0.17332000000000392,0.30565400000000054,0.2532589999999999,0.6937018000000004,0.37686300000000017,0.4732209999999988,0.11262800000000084,0.22020599999999746
924,0.10757800000000017,0.24839599999999962,0.28443799999999975,0.1456900000000001,0.2894583000000015,0.1674342000000002,0.2542389999999983,0.2853710000000049,0.9763780000000004,0.6508599999999944,0.2630100000000084,0.45837399999999917,0.42753800000000197,1.0855142999999998,0.5233959999999911,0.7154419999999995,0.16631000000000284,0.316556999999996
925,0.10483699999999985,0.24145799999999973,0.2828048000000001,0.1453129999999998,0.29099430000000126,0.1682275999999998,0.26718899999999834,0.30494099999999946,1.0236400000000003,0.6861399999999946,0.2854499999999973,0.46026099999999914,0.4660900000000012,1.1090586,0.5109489999999965,0.7066879999999998,0.1638590000000022,0.34795799999999844
926,0.13096900000000034,0.3467450000000003,0.36593629999999955,0.1826629999999998,0.3702783000000007,0.1994372000000002,0.31925099999999773,0.31510000000000105,1.093357000000001,0.694909999999993,0.26918000000000575,0.5067629999999994,0.5009699999999988,1.1149638999999993,0.7263730000000095,0.8253589999999988,0.17696200000000317,0.3520559999999975
927,0.07586300000000179,0.17522600000000033,0.22951470000000018,0.1130110000000002,0.22288430000000048,0.13698759999999988,0.20632399999999862,0.23870000000000147,0.825177,0.5631899999999916,0.21953999999999496,0.3794709999999988,0.3367110000000011,0.8311099999999998,0.40949799999999925,0.5668340000000001,0.14080700000000235,0.2908529999999985
928,0.1041450000000026,0.25624,0.2837416999999993,0.14523499999999956,0.2860453000000014,0.1655549999999999,0.24104699999999823,0.2615000000000052,0.8937220000000003,0.5919700000000034,0.26314000000000703,0.47925400000000096,0.46749800000000263,1.0403849999999997,0.576186000000007,0.7402429999999995,0.16923200000000094,0.28195699999999846
929,0.09593399999999974,0.21420499999999976,0.2636490999999994,0.1341979999999996,0.2679252999999999,0.15670969999999995,0.25473500000000016,0.28846700000000425,0.9769129999999997,0.6680700000000002,0.26386999999999716,0.45302500000000023,0.4357260000000025,0.9445239000000001,0.43210999999999444,0.6722740000000016,0.16276500000000027,0.3425420000000017
930,0.05693300000000079,0.12839800000000068,0.19021069999999973,0.08745500000000028,0.16635730000000137,0.10951140000000015,0.15013000000000076,0.1907940000000039,0.6400289999999984,0.44181999999997856,0.16756999999999778,0.3042049999999996,0.2824339999999985,0.6861555999999993,0.35245099999998786,0.44151399999999796,0.10831999999999908,0.22792599999999652
931,0.07842899999999986,0.21488200000000113,0.23662389999999967,0.11663300000000021,0.23669130000000038,0.13841409999999987,0.2161760000000008,0.2149610000000024,0.7502530000000007,0.5087399999999889,0.2226399999999984,0.3781749999999988,0.3150340000000007,0.8355397,0.4701120000000003,0.5653679999999994,0.14352300000000184,0.2591150000000013
932,0.0795090000000016,0.21388100000000065,0.2368055,0.1227400000000003,0.23601130000000126,0.14075479999999985,0.23540200000000056,0.20669600000000088,0.7805859999999996,0.5032199999999989,0.23645000000000493,0.4763889999999975,0.4971609999999984,0.8672585000000002,0.5945790000000102,0.6940010000000001,0.14411400000000185,0.19786299999999812
933,0.12304400000000015,0.2757670000000001,0.31013749999999973,0.15942100000000003,0.31890330000000056,0.18094989999999989,0.29013300000000086,0.3114960000000053,1.0324360000000006,0.7170299999999941,0.32761000000000706,0.5340050000000005,0.5525990000000007,1.2326361000000006,0.6732310000000012,0.7885600000000004,0.18992899999999935,0.3257459999999952
934,0.12051800000000057,0.29729400000000084,0.3275882000000001,0.16312699999999936,0.33101629999999993,0.1819660999999999,0.29558099999999854,0.3019689999999997,1.0370919999999977,0.6783800000000042,0.2669599999999974,0.4790479999999988,0.403772,1.0465628999999996,0.6136079999999993,0.7621779999999987,0.17907300000000248,0.34686299999999903
935,0.11297400000000124,0.27470399999999984,0.3121824999999996,0.15528999999999904,0.3144323,0.1748826000000001,0.29140299999999897,0.31512599999999935,1.0811449999999994,0.7313299999999856,0.2668199999999956,0.4373509999999996,0.35981800000000064,0.9958893,0.5136429999999876,0.7307600000000001,0.17516700000000185,0.37765600000000177
936,0.06706300000000098,0.1575040000000012,0.1896464,0.09434499999999879,0.1882583000000011,0.11680160000000006,0.17292499999999933,0.19547400000000437,0.6665109999999999,0.456089999999989,0.17867999999999995,0.3197240000000008,0.23056700000000063,0.6658774000000003,0.38338999999999146,0.4733470000000004,0.11631299999999811,0.24399100000000118
937,0.10390900000000158,0.267398,0.2932163999999995,0.14525199999999927,0.2927363000000014,0.16463859999999997,0.2542039999999979,0.26454600000000283,0.9487290000000002,0.6218299999999886,0.22086000000000183,0.4006620000000005,0.3625019999999992,0.9196615000000001,0.5313330000000036,0.683993000000001,0.17118200000000172,0.3248129999999989
938,0.13045300000000282,0.32480499999999957,0.34288019999999975,0.1773220000000002,0.35682530000000057,0.1997122,0.32732700000000037,0.3873829999999998,1.2028560000000006,0.809110000000004,0.3528299999999973,0.5785850000000003,0.6360279999999996,1.3571251000000002,0.7026259999999951,0.8517199999999967,0.20589600000000274,0.3859470000000016
939,0.07334300000000127,0.18210100000000118,0.21938630000000003,0.11074999999999946,0.22283330000000134,0.13435400000000008,0.20427899999999966,0.22916500000000184,0.7654829999999997,0.5140499999999975,0.2251100000000008,0.3607839999999989,0.33944999999999936,0.8448855999999996,0.4054349999999971,0.5385360000000006,0.14092500000000285,0.25994999999999635
940,0.08794400000000024,0.21302600000000105,0.24765769999999954,0.1261840000000003,0.2513823000000013,0.14966599999999985,0.2262430000000002,0.2527960000000036,0.8500319999999988,0.5765299999999911,0.2523400000000038,0.41054499999999905,0.35968200000000294,0.9749351000000006,0.48480299999999943,0.6354520000000008,0.15452100000000257,0.284836999999996
941,0.07866100000000031,0.181832,0.22677429999999976,0.11239899999999992,0.22299130000000034,0.13593199999999994,0.20029200000000102,0.23214700000000477,0.7610390000000002,0.5190899999999772,0.22672000000000025,0.3740729999999992,0.33320499999999953,0.8897845000000002,0.4368339999999904,0.5656280000000002,0.13794099999999787,0.25470599999999877
942,0.133343,0.3280820000000002,0.3522178,0.18091100000000004,0.3613203000000009,0.20083420000000007,0.3239459999999994,0.36167199999999866,1.1731529999999992,0.7961599999999862,0.3449800000000067,0.5677120000000002,0.60304,1.3192357000000001,0.7286459999999977,0.8761849999999995,0.18526100000000412,0.3642849999999953
943,0.06997500000000301,0.15460100000000132,0.23326889999999967,0.10031999999999996,0.18875330000000012,0.12376100000000001,0.1759990000000009,0.22862599999999844,0.7874659999999984,0.5627700000000004,0.2251100000000008,0.3753080000000004,0.3928970000000014,0.8144954000000002,0.3396280000000047,0.5124250000000004,0.12232699999999852,0.2777230000000017
944,0.08339800000000253,0.21674900000000008,0.25777059999999974,0.12144900000000014,0.23646230000000124,0.14611680000000016,0.2212089999999982,0.26986800000000244,0.9383589999999984,0.6679099999999778,0.2691300000000041,0.42130699999999877,0.39831000000000216,0.8689678999999999,0.42543000000000575,0.6238490000000034,0.14373199999999997,0.3353259999999949
945,0.08424400000000176,0.20733000000000068,0.2403366,0.1217889999999997,0.24274330000000077,0.1450727999999999,0.21895500000000112,0.24798700000000196,0.8468169999999979,0.5715199999999925,0.22929999999999495,0.38764799999999866,0.3179160000000003,0.8868796000000003,0.4521520000000123,0.6041190000000007,0.14636099999999885,0.2886430000000004
946,0.08628000000000213,0.2317890000000009,0.25514559999999964,0.12726999999999933,0.24876330000000024,0.15028890000000006,0.21181699999999992,0.25758400000000137,0.8554749999999984,0.5659299999999803,0.2204100000000011,0.4146889999999992,0.36226100000000017,0.9594553000000001,0.4841219999999993,0.6576510000000013,0.15279100000000057,0.2820079999999976
947,0.1141190000000023,0.2782499999999999,0.3094700999999995,0.15690200000000054,0.3138253000000013,0.17668110000000015,0.27052600000000027,0.2867880000000014,0.9829019999999993,0.649819999999977,0.272120000000001,0.47559400000000096,0.4561729999999997,1.0885181999999993,0.6177940000000035,0.773766000000002,0.1712230000000048,0.31955899999999815
948,0.10299400000000247,0.24200100000000013,0.2810290999999996,0.1391770000000001,0.2859233000000003,0.16040199999999993,0.26904400000000095,0.26805000000000234,0.9208379999999998,0.6122299999999825,0.26839999999999975,0.4429949999999998,0.34711099999999817,0.9523514000000004,0.5439750000000032,0.646961000000001,0.1640689999999978,0.31201599999999985
949,0.11985800000000069,0.2883110000000002,0.32288300000000003,0.16361399999999904,0.32914829999999995,0.18399559999999981,0.2946419999999996,0.3330130000000011,1.1016200000000005,0.7271599999999978,0.2823800000000034,0.4850059999999985,0.4361229999999985,1.1448662999999994,0.5678730000000058,0.7850210000000004,0.17994900000000058,0.3685389999999984
950,0.08759900000000087,0.21464300000000058,0.2532160000000001,0.12068599999999918,0.23542730000000134,0.14521940000000022,0.21671900000000122,0.2624400000000051,0.8921539999999979,0.607939999999985,0.24137000000000342,0.42262799999999956,0.44213299999999833,0.9061272000000002,0.41140800000000866,0.611978999999998,0.14657300000000362,0.30962799999999646
951,0.11030000000000229,0.2678969999999996,0.2968951999999998,0.15097899999999953,0.3006323000000002,0.16978340000000003,0.27877499999999955,0.26677099999999854,0.9344569999999983,0.6559599999999932,0.30876999999999555,0.536994,0.5556770000000029,1.1178616000000003,0.6611410000000006,0.7767029999999977,0.17668300000000414,0.27908800000000156
952,0.11886200000000002,0.26693000000000033,0.30256229999999995,0.1526689999999995,0.31086729999999996,0.1746344999999998,0.2876529999999988,0.29965400000000386,1.0142169999999986,0.6795299999999997,0.3082200000000057,0.4891369999999995,0.41351900000000086,1.1118302,0.6132429999999971,0.7325209999999984,0.16810500000000417,0.34128700000000123
953,-9.9999e+98,0.10327299999999973,0.14146789999999942,0.06579400000000035,0.12247030000000159,0.08438409999999985,0.11911200000000122,0.12171100000000479,0.5126159999999977,0.37130999999999403,0.14977000000000373,0.2544019999999989,0.20029899999999756,0.5372086999999999,0.24981499999999812,0.29212200000000266,0.05041800000000052,0.195411
954,0.11002000000000223,0.2613210000000006,0.2915472999999995,0.146215999999999,0.2951733000000001,0.16642050000000008,0.2691619999999979,0.26366000000000156,0.9078610000000005,0.62469999999999,0.28731000000000506,0.4523629999999983,0.4536820000000006,1.0402329999999997,0.6178570000000008,0.7249829999999982,0.16095400000000382,0.29581299999999544
955,0.0698090000000029,0.15739000000000125,0.22055889999999945,0.1026290000000003,0.2027183000000008,0.12578570000000022,0.1924299999999981,0.226657000000003,0.7705289999999998,0.5346299999999928,0.20358000000000231,0.36141699999999943,0.3394680000000001,0.7517057999999999,0.3285020000000003,0.5149080000000019,0.12463699999999989,0.27363400000000127
956,0.08909000000000233,0.21576899999999988,0.2608163999999995,0.1239170000000005,0.24498330000000124,0.1480958000000001,0.22906599999999955,0.26662200000000524,0.9111229999999999,0.6138699999999915,0.24580000000000268,0.41961900000000085,0.46351100000000045,0.9330596,0.39470499999998765,0.60473,0.14687400000000395,0.3094120000000018
957,0.09111800000000159,0.229750000000001,0.25988909999999965,0.1282399999999999,0.2627493000000012,0.1503795000000001,0.24349799999999888,0.2443269999999984,0.8476819999999989,0.565119999999979,0.24600999999999829,0.40478099999999984,0.315726999999999,0.8893151000000001,0.5016030000000029,0.5964619999999989,0.14988000000000312,0.2877340000000004
958,0.09324900000000014,0.22030999999999956,0.27378259999999965,0.1306719999999988,0.25735430000000115,0.1548389000000001,0.23103199999999902,0.2662290000000027,0.8844969999999996,0.6082199999999887,0.2730499999999978,0.468474999999998,0.4853839999999998,1.0816641999999996,0.5268060000000077,0.6606829999999988,0.15792700000000082,0.2864189999999951
959,0.12479300000000038,0.3053270000000001,0.3370799,0.1714159999999989,0.34318630000000105,0.1904303999999999,0.293765999999998,0.31341700000000117,1.061595999999998,0.6939699999999789,0.28889999999999816,0.5101960000000005,0.5039079999999991,1.1740047000000002,0.6765850000000029,0.8302109999999985,0.19544300000000447,0.33688800000000185
960,0.07649200000000178,0.17929700000000004,0.21899719999999956,0.10885999999999996,0.2160693000000009,0.13220300000000007,0.19408699999999968,0.22712900000000502,0.7518670000000007,0.5092599999999834,0.21099999999999852,0.35452899999999943,0.2963109999999993,0.8216786000000003,0.4173820000000035,0.5486539999999991,0.13255500000000353,0.26227699999999743
961,0.1069659999999999,0.2681520000000006,0.28970709999999933,0.14771499999999982,0.2930793000000005,0.16630089999999997,0.2724039999999981,0.2514019999999988,0.9033890000000007,0.6244299999999896,0.30052999999999486,0.5391359999999992,0.5366689999999998,1.0892551,0.6372849999999914,0.7791979999999974,0.17688400000000115,0.26336699999999524
962,0.1419390000000007,0.37408100000000033,0.40037069999999986,0.1978439999999999,0.4051223000000004,0.21205970000000018,0.36756600000000006,0.35707299999999975,1.2114820000000002,0.7767499999999927,0.2917099999999948,0.5060399999999987,0.4765580000000007,1.1487635000000003,0.7520230000000083,0.8751679999999986,0.17981999999999942,0.40631400000000184
963,-9.9999e+98,0.091565000000001,0.1464352,0.06296799999999969,0.10805630000000122,0.07998569999999994,0.10339300000000051,0.1244790000000009,0.4969619999999999,0.3654599999999846,0.1529600000000073,0.24924099999999783,0.2510450000000013,0.5217958999999999,0.22545800000000327,0.2714790000000029,0.0026190000000028135,0.1818400000000011
964,0.08129600000000181,0.19653899999999958,0.2505518999999996,0.11966299999999919,0.23385230000000057,0.14322180000000007,0.20366599999999835,0.2501010000000008,0.8180019999999999,0.5481699999999989,0.220240000000004,0.3991240000000005,0.369961,0.9292404000000003,0.45220400000000893,0.6109589999999976,0.14684700000000106,0.27179399999999987
965,0.069191,0.16953900000000033,0.1989926999999998,0.09822699999999962,0.19876930000000037,0.12020710000000001,0.18152299999999855,0.18426600000000093,0.6432009999999977,0.4385599999999954,0.1974699999999956,0.34032200000000046,0.2785150000000023,0.7363593000000002,0.40337399999999946,0.48869200000000035,0.12137900000000457,0.2317600000000013
966,0.08022200000000268,0.21358600000000116,0.2474955999999997,0.1210609999999992,0.24835330000000155,0.1428288000000002,0.23803200000000047,0.23845700000000392,0.8329079999999998,0.5530799999999942,0.22825000000000273,0.3881949999999996,0.3019420000000004,0.8221908000000004,0.4202290000000062,0.5687730000000002,0.1419390000000007,0.2860370000000003
967,0.08826900000000037,0.23044900000000013,0.2574198000000001,0.1279009999999996,0.2588753000000015,0.14993290000000004,0.23553799999999825,0.24509199999999964,0.8615840000000006,0.5793199999999956,0.23575999999999908,0.40461600000000075,0.3128200000000021,0.8801753999999997,0.48994399999999416,0.6110980000000019,0.14914300000000225,0.2988810000000015
968,0.0728970000000011,0.16328400000000087,0.2367353999999997,0.1050349999999991,0.20017930000000028,0.12887510000000013,0.18682599999999994,0.23491500000000087,0.8227790000000006,0.591559999999987,0.23946999999999719,0.3851949999999995,0.3772349999999989,0.8221889000000004,0.3677629999999965,0.5450909999999993,0.12947900000000345,0.2923189999999991
969,0.12201800000000063,0.303566,0.3207430999999996,0.16109999999999935,0.32214030000000093,0.18441039999999997,0.2943220000000011,0.3342450000000028,1.0854669999999977,0.745350000000002,0.33966999999999814,0.5579119999999982,0.6115829999999995,1.297605,0.6810449999999975,0.7920589999999983,0.18677399999999977,0.3470529999999954
970,0.09501300000000157,0.22702400000000011,0.2596457000000001,0.12978500000000004,0.2637603000000013,0.1525325999999998,0.24258899999999883,0.25830400000000253,0.875159,0.5859099999999842,0.25602999999999554,0.42491399999999757,0.3230579999999996,0.9439726000000004,0.5010389999999916,0.6226489999999991,0.1548879999999997,0.29878800000000183
971,0.07885600000000181,0.17792299999999983,0.23583260000000017,0.11190799999999967,0.21803930000000094,0.1357974999999998,0.19226000000000099,0.2387250000000023,0.7886009999999999,0.534339999999986,0.20798999999999523,0.37206600000000023,0.34650299999999845,0.8586513,0.4263550000000009,0.5744909999999983,0.13950499999999977,0.26988899999999916
972,0.11371100000000212,0.27344800000000014,0.3067734,0.15178099999999972,0.31085730000000034,0.17202070000000003,0.28990699999999947,0.27600800000000447,0.9484119999999976,0.6415499999999952,0.28897000000000617,0.46936900000000037,0.42639600000000044,1.0499738,0.6547320000000099,0.707174000000002,0.17830800000000124,0.3107079999999982
973,0.10985700000000165,0.2584300000000006,0.3053032999999994,0.14519799999999883,0.28690930000000137,0.16756349999999998,0.26201899999999867,0.2758710000000022,0.9442139999999988,0.6802600000000041,0.33191999999999666,0.5827899999999993,0.621570000000002,1.2346724,0.6431150000000088,0.7667789999999997,0.16630599999999873,0.28670100000000076
974,0.11377700000000246,0.2671650000000003,0.2956833999999997,0.1492199999999997,0.30036430000000003,0.16970779999999985,0.27443099999999987,0.2706659999999985,0.9317039999999999,0.6503799999999842,0.3032400000000024,0.47166799999999753,0.4821080000000002,1.0916575999999996,0.6381210000000124,0.7415620000000018,0.17321400000000153,0.2950000000000017
975,0.11099300000000056,0.25214400000000126,0.2977219,0.1514319999999998,0.3017213000000005,0.17441560000000011,0.2728509999999993,0.3176640000000006,1.0392519999999976,0.7012699999999938,0.3049699999999973,0.49731900000000095,0.4990749999999977,1.1798663999999999,0.5777999999999963,0.7469079999999977,0.1753010000000046,0.34613099999999974
976,0.08667499999999961,0.2127940000000006,0.24309769999999986,0.12226800000000004,0.24410929999999986,0.14509859999999986,0.21996400000000094,0.2485330000000019,0.854496000000001,0.5790899999999795,0.2204100000000011,0.3988209999999981,0.29314500000000265,0.8607067000000006,0.4539829999999938,0.6039499999999975,0.14356800000000192,0.30088999999999544
977,0.09580700000000064,0.24766200000000005,0.27654339999999955,0.13755199999999945,0.27810230000000047,0.1588197,0.2535269999999983,0.27283299999999855,0.9372109999999978,0.6302299999999832,0.2431100000000015,0.42110100000000017,0.30838500000000124,0.9164583999999998,0.5027199999999965,0.663727999999999,0.15798399999999901,0.32958500000000157
978,0.1239200000000018,0.2774630000000009,0.31513040000000014,0.16198799999999913,0.3259623000000005,0.18368960000000012,0.30513799999999947,0.3081940000000003,1.0406469999999999,0.755849999999981,0.3669399999999996,0.5727270000000004,0.6734589999999976,1.2655447999999998,0.7238080000000053,0.7888040000000025,0.18733999999999895,0.3092189999999988
979,0.08981800000000106,0.2199030000000004,0.25119709999999973,0.12535399999999974,0.2520243000000004,0.14796239999999994,0.23454900000000123,0.25685,0.8915930000000003,0.6084899999999891,0.22795999999999594,0.3945779999999992,0.28415000000000035,0.8397066999999998,0.45079599999999687,0.6016800000000018,0.1452379999999991,0.3187689999999961
980,0.09649600000000191,0.22274600000000078,0.2672989000000001,0.1361119999999989,0.2707513000000006,0.15958050000000013,0.25352200000000025,0.2860370000000003,0.9923690000000001,0.6717599999999777,0.26104999999999734,0.4405019999999986,0.4208539999999985,0.9776892999999998,0.4566520000000054,0.6739050000000013,0.15975300000000203,0.34539499999999634
981,0.10677000000000092,0.25119000000000113,0.28293940000000006,0.14179999999999993,0.2864313000000003,0.16258669999999986,0.26334699999999955,0.2562649999999991,0.8836089999999999,0.6180999999999983,0.28940000000000055,0.444310999999999,0.4562980000000003,1.0349597,0.6029010000000028,0.6947699999999983,0.16422500000000184,0.2845049999999958
982,0.08485200000000148,0.19808599999999998,0.23541589999999957,0.1198099999999993,0.23762030000000145,0.14261239999999997,0.2114939999999983,0.23869100000000287,0.7899609999999981,0.5392699999999877,0.23315999999999804,0.3927109999999985,0.3480799999999995,0.9276347999999999,0.4684050000000042,0.6121979999999994,0.14844200000000285,0.2614729999999952
983,0.12000500000000258,0.2828730000000004,0.31773459999999965,0.16191399999999945,0.32242430000000155,0.18176209999999982,0.2804770000000012,0.3021670000000043,1.0242649999999998,0.6890300000000025,0.2972199999999958,0.5014749999999992,0.4805659999999996,1.1488962999999996,0.6381849999999929,0.7960589999999996,0.18045000000000044,0.3201699999999974
984,0.09973600000000005,0.22043999999999997,0.26656630000000003,0.13574599999999926,0.27328630000000054,0.15925449999999985,0.25382399999999805,0.28483599999999853,0.953562999999999,0.6353799999999978,0.2679300000000069,0.43240499999999926,0.45559100000000186,1.0213148999999992,0.4742339999999956,0.660107,0.16000499999999818,0.3212970000000013
985,0.1058400000000006,0.2463930000000012,0.2938421999999994,0.1475080000000002,0.2888963000000011,0.1695544,0.24247099999999833,0.29008699999999976,0.982721999999999,0.6405699999999968,0.2533200000000022,0.48162400000000005,0.4711369999999988,1.1400999,0.526607999999996,0.7340119999999999,0.1669160000000005,0.30798599999999965
986,0.07372700000000165,0.18565000000000076,0.22136029999999973,0.11040599999999934,0.2223423000000011,0.1333647,0.20891400000000004,0.22542400000000384,0.785184000000001,0.5308899999999994,0.21026000000000522,0.3721180000000004,0.260783,0.7899744000000002,0.4123390000000029,0.5368569999999977,0.13920300000000196,0.2808129999999949
987,0.09039000000000286,0.2161350000000013,0.24545439999999985,0.12401099999999943,0.24925430000000048,0.1469977,0.22590100000000035,0.24416400000000493,0.8215629999999976,0.5578899999999862,0.25142999999999915,0.42848499999999845,0.34180200000000127,0.9287836,0.4934920000000034,0.6202509999999997,0.15194199999999825,0.28190399999999727
988,0.12068900000000227,0.28019200000000133,0.30937849999999933,0.1571049999999996,0.3182173000000006,0.1768588000000002,0.30464800000000025,0.27742800000000045,0.9740479999999998,0.7168599999999969,0.3546400000000034,0.5632139999999985,0.6606020000000008,1.1872935,0.7292730000000063,0.7801469999999995,0.17553500000000355,0.2871759999999952
989,0.0716220000000014,0.17321800000000032,0.21151989999999987,0.10371600000000036,0.20969130000000114,0.1255864,0.2010860000000001,0.20389700000000488,0.756183,0.5354399999999941,0.20690000000000452,0.33794400000000024,0.22783000000000087,0.66533,0.38342999999998995,0.510664000000002,0.1302519999999987,0.2784380000000013
990,0.07327200000000289,0.17871599999999965,0.22113970000000016,0.11052600000000012,0.22204330000000105,0.1339735000000002,0.2049519999999987,0.23156600000000083,0.7769580000000005,0.5223000000000013,0.2210800000000006,0.36403499999999767,0.3461500000000015,0.8359569999999996,0.3858370000000093,0.5383139999999997,0.1373400000000018,0.2674170000000018
991,0.09413600000000244,0.23826999999999998,0.28248919999999966,0.13209400000000038,0.25962130000000094,0.1568445999999999,0.23306499999999986,0.28055100000000266,0.9345269999999992,0.6313399999999945,0.26854000000000156,0.4627669999999995,0.5213059999999992,1.0783158999999998,0.47698299999998994,0.6517680000000006,0.15903899999999993,0.3090429999999955
992,0.08304299999999998,0.21664200000000022,0.24504560000000009,0.1221899999999998,0.24531729999999996,0.14447169999999998,0.22407300000000063,0.24100100000000424,0.8465109999999996,0.572669999999988,0.21434000000000708,0.38632300000000086,0.28640800000000155,0.8271141999999996,0.46254600000000323,0.5949939999999998,0.14387599999999878,0.2968569999999957
993,0.08939200000000014,0.2159190000000013,0.25174079999999943,0.1267750000000003,0.2566013000000016,0.15017989999999992,0.23597099999999926,0.25383599999999973,0.8711459999999995,0.5824800000000039,0.24945999999999913,0.3941789999999976,0.3844980000000007,0.9347547999999994,0.4637989999999945,0.6103860000000019,0.15030000000000143,0.2888200000000012
994,0.10444800000000143,0.23287800000000125,0.2804984999999993,0.14037100000000002,0.28486930000000044,0.1617320000000002,0.2718430000000005,0.2904060000000044,0.9945850000000007,0.6678699999999935,0.26335000000000264,0.43675099999999745,0.3840420000000009,0.9763624000000002,0.4571240000000074,0.6818109999999997,0.16123300000000285,0.3446700000000007
995,0.09995699999999985,0.2605219999999999,0.28816039999999976,0.14226099999999953,0.2898563000000003,0.16234629999999983,0.2673500000000004,0.27034600000000353,0.954267999999999,0.6397399999999891,0.2551700000000068,0.4193339999999992,0.3287469999999999,0.9242546999999997,0.5308740000000114,0.6700990000000004,0.16606000000000165,0.339934999999997
996,0.10506100000000274,0.25460300000000124,0.2871606999999994,0.14577199999999912,0.2909523000000007,0.16676910000000023,0.2541650000000004,0.27958800000000394,0.9514569999999978,0.6299399999999764,0.2540300000000002,0.4469719999999988,0.39298900000000003,1.0495504000000002,0.5396830000000108,0.7175420000000017,0.16947700000000054,0.31243599999999816
997,0.09283200000000136,0.22390099999999968,0.2695651999999997,0.1330259999999992,0.2615823000000006,0.15594580000000002,0.23047099999999787,0.263926000000005,0.8767420000000001,0.5976399999999842,0.2615700000000061,0.45795299999999983,0.43900199999999856,1.0584958999999996,0.5172619999999881,0.6787980000000005,0.1528380000000027,0.27992400000000117
998,0.10338400000000192,0.24623000000000062,0.2758585999999994,0.14102699999999935,0.27566430000000075,0.16212949999999982,0.23592800000000125,0.26264799999999866,0.8839889999999997,0.5957599999999843,0.2669700000000006,0.49602099999999893,0.4731330000000007,1.0687644,0.5670130000000029,0.7288969999999999,0.16566900000000118,0.27149199999999496
999,0.0971580000000003,0.24019600000000096,0.2808213999999998,0.13656999999999897,0.2706793000000012,0.16116859999999988,0.24506299999999825,0.2886349999999993,0.9590199999999989,0.6470300000000009,0.2838299999999947,0.4729069999999993,0.5251829999999984,1.1043805000000004,0.5081540000000047,0.6778729999999982,0.15861300000000256,0.3161799999999957
1000,0.0889950000000006,0.22732799999999997,0.25932569999999977,0.1281219999999994,0.2590633000000011,0.15002819999999994,0.24385999999999797,0.26168900000000406,0.9199649999999977,0.6406199999999842,0.24528999999999712,0.3920999999999992,0.25193399999999855,0.8163577000000002,0.46161099999999067,0.6109630000000017,0.14985200000000276,0.3365299999999962
1001,0.07153000000000276,0.1727280000000011,0.21129949999999997,0.10541100000000014,0.2133433,0.12824649999999993,0.20090700000000083,0.21998700000000326,0.7381379999999993,0.494969999999995,0.21035999999999433,0.3696149999999996,0.27492499999999964,0.7650417000000003,0.381015000000005,0.5125999999999991,0.13537800000000288,0.25711700000000093
1002,0.07457800000000248,0.2079500000000003,0.2334505,0.11558899999999994,0.23565530000000123,0.13830469999999995,0.21844799999999864,0.22612900000000025,0.7794179999999997,0.5203799999999887,0.22643000000000768,0.38084699999999927,0.2794409999999985,0.8310003000000004,0.4363439999999912,0.5464939999999991,0.1444100000000006,0.2692779999999999
1003,0.12314900000000151,0.2955400000000008,0.32552309999999984,0.16382499999999922,0.33284030000000087,0.1842918,0.30899499999999946,0.3026869999999988,1.0221139999999984,0.707429999999988,0.329189999999997,0.4941679999999984,0.5299329999999998,1.1737279000000003,0.6990940000000023,0.7811860000000017,0.1884769999999989,0.32349800000000073
1004,0.12625200000000092,0.32940600000000053,0.3543041999999996,0.1768629999999991,0.36003330000000133,0.19453789999999982,0.34045599999999965,0.30786400000000214,1.0541820000000008,0.7449299999999823,0.3489500000000021,0.5114060000000009,0.5675080000000001,1.1590632000000003,0.7741180000000014,0.8238149999999997,0.16867200000000082,0.3208500000000001
1005,0.11514900000000239,0.2757310000000004,0.3134857999999996,0.15693100000000015,0.3199633000000013,0.1778255999999998,0.30043699999999873,0.31684299999999865,1.07667,0.7156099999999981,0.2934400000000039,0.4850980000000007,0.38171099999999925,1.0828757000000007,0.5653180000000049,0.7455390000000008,0.17248100000000477,0.36778299999999575
1006,0.09135100000000307,0.22888600000000103,0.25221990000000005,0.12723800000000018,0.2519822999999999,0.14844670000000004,0.21749600000000058,0.23706700000000325,0.7979769999999995,0.5395599999999945,0.2342000000000013,0.40468999999999866,0.3809369999999994,0.9173853000000003,0.4978890000000007,0.6518519999999981,0.14818400000000054,0.26197399999999504
1007,0.12167800000000284,0.2853019999999997,0.3162554999999996,0.16089999999999982,0.32552930000000124,0.18291840000000015,0.29873500000000064,0.32735999999999876,1.0794119999999978,0.7231999999999914,0.3148000000000053,0.49554099999999934,0.4602579999999996,1.1823576999999998,0.6296719999999993,0.7733480000000021,0.18055999999999983,0.35736299999999943
1008,0.12167800000000284,0.2853019999999997,0.3162554999999996,0.16089999999999982,0.32552930000000124,0.18291840000000015,0.29873500000000064,0.32735999999999876,1.0794119999999978,0.7231999999999914,0.3148000000000053,0.49554099999999934,0.4602579999999996,1.1823576999999998,0.6296719999999993,0.7733480000000021,0.18055999999999983,0.35736299999999943
1009,0.10211400000000026,0.24491300000000038,0.2795810999999997,0.13800999999999952,0.28353129999999993,0.15915079999999993,0.2642640000000007,0.26054100000000346,0.909520999999998,0.6038899999999785,0.2627700000000033,0.42872299999999797,0.34150299999999945,0.9394308000000002,0.5413420000000002,0.6337820000000001,0.15983899999999807,0.30882599999999627
1010,0.10074000000000183,0.24928900000000098,0.27537339999999944,0.1409299999999991,0.2788183000000011,0.1617660999999999,0.2490009999999998,0.2568480000000051,0.8808799999999977,0.6127599999999802,0.284790000000001,0.5022190000000002,0.4975039999999993,1.0767305,0.594151999999994,0.7325400000000002,0.1657210000000049,0.27334899999999607
1011,0.0973070000000007,0.24112200000000072,0.2671828999999999,0.13524299999999911,0.26807030000000154,0.15629170000000014,0.232289999999999,0.2552570000000003,0.8458749999999995,0.5747099999999818,0.2531500000000051,0.4311909999999983,0.4155850000000001,0.9753299999999996,0.536098999999993,0.6878780000000013,0.15427600000000297,0.2724180000000018
1012,0.08792500000000203,0.19353100000000012,0.2635917000000001,0.12331999999999965,0.24191129999999994,0.14781149999999998,0.21730699999999814,0.2555730000000054,0.8424289999999992,0.5808999999999855,0.2597200000000015,0.4517339999999983,0.47455499999999873,1.0492859,0.5019669999999934,0.6281379999999999,0.14688699999999955,0.2765969999999953
1013,0.14205300000000065,0.3575790000000012,0.37762609999999963,0.19148199999999882,0.38196330000000067,0.2078017000000001,0.3282360000000004,0.3424940000000021,1.1579680000000003,0.7598299999999938,0.3191500000000076,0.5467340000000007,0.5741580000000006,1.2221085999999994,0.7508260000000035,0.8944200000000002,0.1772190000000009,0.3489239999999967
1014,0.07731100000000168,0.18312400000000117,0.2212019999999999,0.11086699999999894,0.21751930000000108,0.1338452000000001,0.1890350000000005,0.22589299999999923,0.7507699999999993,0.5020799999999781,0.19338000000000477,0.35847300000000004,0.31098400000000126,0.8198531999999998,0.44640699999999356,0.5681710000000031,0.13665000000000305,0.25766300000000086
1015,0.09091200000000299,0.21365899999999982,0.24601380000000006,0.12418399999999963,0.24927230000000122,0.14749599999999985,0.22689399999999793,0.249960999999999,0.860123999999999,0.5804899999999975,0.24071999999999605,0.4178619999999995,0.3168779999999991,0.9113879000000003,0.46760400000000857,0.613547999999998,0.14922100000000427,0.2955119999999951
1016,0.11751900000000148,0.28397200000000034,0.3195641999999994,0.16109299999999926,0.3252593000000008,0.1817088,0.2952069999999978,0.3165440000000004,1.0630880000000005,0.7119699999999796,0.29650999999999783,0.4718890000000009,0.41611199999999826,1.1211409999999997,0.608626000000001,0.7690049999999999,0.17712800000000328,0.35350700000000046
1017,0.09602300000000241,0.22609600000000007,0.2606912999999995,0.1309699999999996,0.26458130000000146,0.1540039000000002,0.2416029999999978,0.2613860000000017,0.8861169999999987,0.594949999999983,0.25475000000000136,0.39708599999999805,0.3661559999999966,0.9658151999999998,0.49281899999999723,0.6339790000000001,0.15423600000000448,0.29536099999999976
1018,-9.9999e+98,0.1110230000000012,0.1911258999999994,0.08403700000000036,0.15361030000000042,0.10466620000000004,0.14006799999999942,0.18812900000000354,0.6383749999999999,0.44638999999997964,0.17045000000000243,0.30545399999999745,0.3336989999999993,0.7079265000000001,0.31262900000000116,0.41416300000000206,0.10238300000000322,0.22484199999999532
1019,0.10782000000000025,0.2666750000000011,0.2990616999999993,0.14751899999999907,0.29197430000000146,0.1702648,0.26976399999999856,0.3361450000000019,1.088208999999999,0.7416699999999992,0.27907000000000437,0.4738909999999983,0.5379300000000029,1.0327416000000005,0.47012199999998927,0.7305600000000005,0.1737809999999982,0.3693719999999985
1020,0.12183000000000277,0.2855699999999999,0.30902479999999954,0.15826599999999935,0.31624430000000103,0.17949700000000002,0.284517000000001,0.31306299999999965,1.0393450000000009,0.707570000000004,0.3051800000000071,0.501538,0.49674500000000066,1.1758492,0.6291879999999992,0.7795319999999997,0.18078200000000066,0.3293329999999983
1021,0.08766300000000271,0.21240900000000096,0.24236229999999992,0.12139599999999895,0.24467930000000138,0.14431919999999998,0.22362400000000093,0.24340500000000276,0.8343099999999986,0.5630999999999915,0.23520000000000607,0.4037930000000003,0.30038899999999913,0.8771357000000002,0.46593099999999765,0.5961089999999984,0.14960299999999904,0.28955699999999496
1022,0.11897000000000091,0.2557140000000011,0.29994289999999957,0.15269599999999883,0.30940730000000016,0.17510039999999982,0.2857920000000007,0.3117500000000035,1.0465419999999988,0.6976200000000006,0.3030600000000021,0.4963349999999984,0.5007359999999998,1.1306156000000005,0.5699110000000047,0.7324920000000006,0.17543900000000434,0.3476390000000009
1023,0.09883000000000308,0.24388700000000085,0.27207749999999997,0.1361239999999988,0.2749272999999999,0.1579508999999999,0.24988499999999902,0.2617910000000023,0.8821379999999976,0.5968499999999892,0.26017000000000223,0.4107449999999986,0.37872299999999726,0.9738418000000006,0.5417790000000053,0.6652629999999995,0.1614930000000001,0.2936720000000008
1024,0.09227900000000133,0.2314190000000007,0.2594278999999995,0.13103599999999993,0.2614483000000014,0.15220559999999983,0.238154999999999,0.24327800000000366,0.821472,0.5788699999999949,0.26971000000000345,0.4404439999999994,0.4358189999999986,0.9802723999999996,0.5480349999999987,0.6740460000000006,0.15607700000000335,0.2608379999999997
1025,0.11422699999999963,0.2762430000000009,0.29709499999999966,0.1532619999999998,0.3057433000000014,0.17572559999999982,0.2756879999999988,0.3153429999999986,1.0549089999999985,0.709559999999982,0.29730999999999597,0.48940199999999834,0.4943679999999979,1.1635855,0.5600689999999986,0.7448930000000011,0.17105800000000215,0.35174200000000155
1026,0.09996399999999994,0.2378600000000013,0.2766900999999997,0.1409780000000005,0.2822193000000013,0.16355049999999993,0.26232399999999956,0.29274200000000405,1.0089229999999993,0.6811199999999928,0.26631000000000427,0.4429169999999978,0.38028500000000065,0.9983093000000007,0.4925050000000084,0.692733999999998,0.16643299999999783,0.3564539999999994
1027,0.13930600000000126,0.3385560000000005,0.3736910999999994,0.190156,0.38755830000000024,0.21044000000000018,0.3667820000000006,0.3811760000000035,1.2402650000000008,0.8309399999999982,0.36854999999999905,0.6013029999999979,0.5677560000000028,1.3422784000000005,0.7814630000000022,0.8927340000000008,0.19256100000000487,0.39604099999999676
1028,0.09785300000000063,0.22167699999999968,0.2634052999999996,0.1335379999999997,0.2696253000000013,0.1567419000000001,0.2513930000000002,0.27268800000000226,0.9334589999999992,0.6227399999999932,0.26296000000000674,0.4219799999999978,0.3999169999999985,0.9862083000000004,0.47082900000000905,0.6513019999999976,0.15704600000000113,0.3160169999999951
1029,0.10522300000000229,0.2695950000000007,0.29612259999999946,0.14538800000000052,0.29569130000000143,0.1638035000000002,0.2717400000000012,0.24526699999999835,0.8709999999999987,0.5946299999999951,0.2679200000000037,0.44556599999999946,0.4077009999999994,0.9480009000000003,0.612048999999999,0.6863729999999997,0.16800800000000038,0.2861520000000013
1030,0.12454300000000273,0.30111500000000113,0.32279370000000007,0.16514399999999974,0.3305083,0.18642100000000017,0.3047070000000005,0.3605190000000036,1.1727539999999976,0.7871399999999937,0.3031299999999959,0.5006869999999992,0.5148440000000001,1.1491188,0.5471089999999919,0.7938330000000029,0.17938200000000393,0.3979500000000016
1031,0.09145499999999984,0.2164780000000004,0.27647459999999935,0.1328579999999988,0.25052130000000083,0.1540613999999998,0.20703599999999867,0.2520140000000026,0.8352690000000003,0.5334199999999782,0.22200999999999738,0.49814899999999795,0.43256900000000087,1.0286584000000003,0.4876420000000081,0.6947700000000019,0.15356799999999993,0.2387340000000009
1032,0.1297370000000022,0.31417500000000054,0.3417193999999997,0.17488799999999927,0.3549503000000005,0.19708570000000014,0.3324879999999979,0.37336799999999926,1.1831069999999997,0.7884200000000021,0.3454399999999964,0.5821259999999988,0.6074330000000003,1.2827571999999998,0.6772689999999955,0.8316759999999981,0.19814999999999827,0.3799769999999967
1033,0.09271900000000244,0.21717700000000129,0.25796939999999946,0.13148999999999944,0.2608353000000001,0.15523920000000002,0.23422700000000063,0.26836899999999986,0.9133119999999977,0.6163099999999986,0.25509999999999877,0.426323,0.410346999999998,1.0077191,0.4810370000000006,0.6580769999999987,0.15780699999999825,0.3106069999999974
1034,0.1349770000000028,0.3202829999999999,0.3660014999999994,0.1839379999999995,0.37728129999999993,0.2038631999999998,0.36238699999999824,0.37665900000000363,1.2096109999999989,0.7977199999999982,0.347139999999996,0.5762949999999982,0.5271049999999988,1.2371375999999996,0.7124929999999949,0.8551149999999978,0.19569700000000267,0.3961479999999966
1035,0.1349770000000028,0.3202829999999999,0.3660014999999994,0.1839379999999995,0.37728129999999993,0.2038631999999998,0.36238699999999824,0.37665900000000363,1.2096109999999989,0.7977199999999982,0.347139999999996,0.5762949999999982,0.5271049999999988,1.2371375999999996,0.7124929999999949,0.8551149999999978,0.19569700000000267,0.3961479999999966
1036,0.15276900000000282,0.38755500000000076,0.40837460000000014,0.2057739999999999,0.4193813000000013,0.22039100000000023,0.4073689999999992,0.3711660000000023,1.2341160000000002,0.8949899999999786,0.4245700000000028,0.5949019999999976,0.7556670000000025,1.3099245000000002,0.9234879999999919,0.9204270000000001,0.1909029999999987,0.3462069999999997
1037,0.013238000000001193,0.12142300000000006,0.15918869999999963,0.08021399999999979,0.15581330000000015,0.10140079999999996,0.14374099999999856,0.15339300000000122,0.5836699999999979,0.4052700000000016,0.1577999999999946,0.294118000000001,0.2316629999999975,0.5955221000000002,0.34201699999999846,0.39882100000000165,0.10123300000000057,0.21976799999999486
1038,0.06879300000000299,0.15393700000000088,0.20894299999999966,0.09879800000000039,0.19447030000000076,0.12200200000000017,0.17919200000000046,0.214414000000005,0.707964999999998,0.4806899999999814,0.20047999999999888,0.34433500000000095,0.3009820000000012,0.7632506000000001,0.36477899999999863,0.49855499999999964,0.12367799999999818,0.25637599999999594
1039,-9.9999e+98,0.0945929999999997,0.18036029999999936,0.07534399999999941,0.13334329999999994,0.09434889999999996,0.1252759999999995,0.16544600000000287,0.5956930000000007,0.43440999999998553,0.1766499999999951,0.30568999999999846,0.32516700000000043,0.6783266000000001,0.2526359999999954,0.357841999999998,0.05141400000000118,0.21688999999999936
1040,0.11664500000000189,0.24331700000000112,0.29778459999999995,0.1486900000000002,0.30360730000000125,0.1696597999999998,0.2898999999999994,0.30318000000000467,1.0244019999999985,0.6773199999999804,0.28544000000000835,0.47081799999999774,0.4561029999999988,1.0204630000000003,0.514009999999999,0.7045910000000006,0.15834600000000165,0.3450249999999997
1041,0.10101099999999974,0.24691200000000002,0.2782554999999993,0.1403269999999992,0.28079730000000147,0.1604690999999998,0.25558699999999845,0.24799700000000513,0.8597619999999999,0.6049699999999802,0.2818199999999962,0.4750829999999979,0.4866450000000029,1.0262652,0.6050039999999939,0.7184269999999984,0.16168799999999806,0.2654969999999963
1042,0.11092000000000013,0.260586,0.29897759999999973,0.14850999999999992,0.30380630000000153,0.1693106000000002,0.2872029999999981,0.2914290000000008,1.0165690000000005,0.6734099999999899,0.27528999999999826,0.4555349999999976,0.3803619999999981,1.0005859,0.5258610000000061,0.6989219999999996,0.1705299999999994,0.3485079999999954
1043,0.07685800000000143,0.20045100000000105,0.2231734999999997,0.11590400000000045,0.22073030000000138,0.1367590999999999,0.17380700000000004,0.21320599999999956,0.7198029999999989,0.4576699999999789,0.16924000000000206,0.3703409999999998,0.3340510000000023,0.7925690000000003,0.4448100000000039,0.6165079999999996,0.13848399999999828,0.2344799999999978
1044,0.08321400000000168,0.20580700000000007,0.24151469999999975,0.11938699999999969,0.2425903000000016,0.14172489999999982,0.2314070000000008,0.23586800000000352,0.8438939999999988,0.5679899999999805,0.22280000000000655,0.38846200000000053,0.26445400000000063,0.8190977999999998,0.4203870000000052,0.5720449999999992,0.14174100000000323,0.2974570000000014
1045,0.0744080000000018,0.17145400000000066,0.2053085999999995,0.10226199999999963,0.20523630000000104,0.12502030000000008,0.1870030000000007,0.21212400000000287,0.7047609999999978,0.47791999999998325,0.1967999999999961,0.3490979999999979,0.2502600000000008,0.7345169,0.4052110000000084,0.5005819999999979,0.1276060000000001,0.25387500000000074
1046,0.09943700000000177,0.23311300000000124,0.2772214000000002,0.1404519999999998,0.2791573000000014,0.16310080000000005,0.251335000000001,0.2948689999999985,0.9837659999999993,0.6612299999999891,0.2623300000000057,0.45433900000000094,0.4105130000000017,1.0261776999999999,0.4956289999999939,0.7002079999999999,0.1651510000000016,0.33803899999999487
1047,0.10869700000000293,0.24850200000000022,0.28385709999999964,0.14475999999999978,0.28838130000000106,0.1660984000000001,0.25925499999999957,0.2774730000000005,0.9370869999999982,0.6452799999999854,0.287549999999996,0.4719529999999992,0.44782200000000216,1.0810215999999997,0.5811499999999938,0.7234410000000011,0.1670650000000009,0.2956310000000002
1048,0.11580400000000068,0.2691150000000011,0.30108669999999993,0.15118399999999887,0.30514730000000156,0.17190899999999987,0.27745399999999876,0.29151200000000443,0.9862789999999997,0.6657399999999996,0.2817100000000039,0.4442529999999998,0.4058850000000014,1.0608572,0.5881430000000023,0.7250869999999985,0.1731630000000024,0.3254869999999954
1049,0.08394600000000096,0.21689700000000123,0.24967439999999996,0.12450299999999892,0.2534213000000012,0.14756439999999982,0.2342189999999995,0.24584099999999864,0.8411849999999994,0.561790000000002,0.2444500000000005,0.39325900000000047,0.3924190000000003,0.8950009000000003,0.45649099999999976,0.578240000000001,0.15027200000000107,0.27273199999999775
1050,0.08394600000000096,0.21689700000000123,0.24967439999999996,0.12450299999999892,0.2534213000000012,0.14756439999999982,0.2342189999999995,0.24584099999999864,0.8411849999999994,0.561790000000002,0.2444500000000005,0.39325900000000047,0.3924190000000003,0.8950009000000003,0.45649099999999976,0.578240000000001,0.15027200000000107,0.27273199999999775
1051,0.08605200000000224,0.20543900000000015,0.25550609999999985,0.1242649999999994,0.24394130000000125,0.14810880000000015,0.21651999999999916,0.25688900000000103,0.8697529999999993,0.5850799999999765,0.23534999999999684,0.41381299999999754,0.40776699999999977,0.9479286,0.4516079999999931,0.6257309999999983,0.14997500000000485,0.2905230000000003
1052,0.12406000000000006,0.30326300000000117,0.32749389999999945,0.16822799999999916,0.3342893,0.1885425999999999,0.29744499999999974,0.3247050000000016,1.0798689999999986,0.7386899999999912,0.32828000000000657,0.5508029999999984,0.5733800000000002,1.2413462000000006,0.6798920000000095,0.8218880000000013,0.19143499999999847,0.3302240000000012
1053,0.08930300000000102,0.22064400000000006,0.2519127999999995,0.12734099999999948,0.2567243000000001,0.15077190000000007,0.23869099999999932,0.2595099999999988,0.8935849999999981,0.5954699999999775,0.25057999999999936,0.4051329999999993,0.42680599999999913,0.9427336000000004,0.4417630000000088,0.6119039999999991,0.14997999999999934,0.29915099999999484
1054,0.10962100000000063,0.2683410000000013,0.2991225000000002,0.15274999999999928,0.30402030000000124,0.17307929999999994,0.2543450000000007,0.2827780000000004,0.9761740000000003,0.6234299999999848,0.23775000000000546,0.47201499999999896,0.43348100000000045,1.0891594999999992,0.5703319999999934,0.7463470000000001,0.179746999999999,0.3152940000000015
1055,0.07728800000000291,0.1985360000000007,0.22650399999999937,0.11424099999999981,0.2259473000000014,0.13497920000000008,0.20230899999999963,0.21301900000000273,0.710678999999999,0.49460999999999444,0.22194000000000358,0.39488000000000056,0.38374199999999803,0.8713556999999996,0.4666180000000111,0.6050250000000013,0.13443399999999883,0.2296830000000014
1056,0.0898210000000006,0.21263400000000132,0.24889820000000018,0.1252639999999996,0.2530233000000006,0.14830129999999997,0.23593999999999937,0.2523830000000018,0.8715069999999976,0.5851299999999924,0.24633000000000038,0.4223819999999989,0.3117389999999993,0.9113465999999999,0.4639060000000086,0.619806999999998,0.15288199999999819,0.3011769999999956
1057,0.12706200000000223,0.3083159999999996,0.34247729999999965,0.17621399999999987,0.3511652999999999,0.19619259999999983,0.29982299999999995,0.37642999999999915,1.141957999999999,0.7409099999999853,0.2955000000000041,0.5328379999999981,0.5161300000000004,1.2628303999999995,0.6546430000000072,0.8461600000000011,0.1817750000000018,0.3594760000000008
1058,0.07535600000000287,0.16742200000000018,0.21024680000000018,0.10488699999999973,0.2102213000000006,0.12756360000000022,0.20062799999999825,0.21659800000000473,0.7627629999999996,0.5256299999999783,0.20547999999999433,0.3707320000000003,0.27558099999999897,0.7362621000000003,0.3661340000000024,0.5228479999999998,0.13258799999999837,0.27839999999999776
1059,0.07127100000000297,0.16385000000000005,0.2131172999999995,0.10238299999999967,0.2028003000000016,0.12598019999999988,0.18267200000000017,0.21426699999999954,0.705130999999998,0.4799799999999834,0.20992999999999995,0.346425,0.3128050000000009,0.8194369000000004,0.39481099999999003,0.5141610000000014,0.12987799999999794,0.24172799999999484
1060,0.1129230000000021,0.2974420000000002,0.31957769999999996,0.16124699999999947,0.32732630000000107,0.17486390000000007,0.3553399999999982,0.2820900000000037,1.0433909999999997,0.7470699999999795,0.36735000000000184,0.6306030000000007,0.6731200000000008,1.2468759,0.9487220000000036,0.8433139999999995,0.141725000000001,0.2760689999999997
1061,0.09696700000000291,0.22078600000000037,0.26794079999999987,0.13613299999999917,0.2710583,0.1600665000000001,0.24614199999999897,0.2847630000000052,0.9605569999999979,0.646410000000003,0.2709600000000023,0.4428529999999995,0.46118600000000143,1.0499979000000002,0.4768139999999903,0.6689250000000015,0.16325100000000248,0.3262730000000005
1062,0.10510600000000281,0.24096899999999977,0.2827105999999997,0.1436799999999998,0.2869553000000007,0.16708979999999984,0.26102500000000006,0.2930430000000044,0.9721529999999987,0.6634200000000021,0.29703999999999553,0.48759199999999936,0.5061889999999991,1.1399309000000004,0.581033000000005,0.703085999999999,0.16670799999999986,0.3149480000000011
1063,0.088121000000001,0.1981370000000009,0.25446719999999967,0.12297599999999953,0.242071300000001,0.1471304,0.21667799999999815,0.2542320000000018,0.8506079999999976,0.5768099999999947,0.24945999999999913,0.4176579999999994,0.40259299999999953,0.9860792000000007,0.46370999999999185,0.6294380000000004,0.15222200000000186,0.28955699999999496
1064,0.07996200000000186,0.18597600000000014,0.23116219999999998,0.11707599999999907,0.23323530000000048,0.1408258,0.2192520000000009,0.24510400000000487,0.8553089999999983,0.5827999999999918,0.22335999999999956,0.3827239999999996,0.32882999999999996,0.8440703000000003,0.410782999999995,0.5771039999999985,0.1429910000000021,0.29986799999999647
1065,0.08647500000000008,0.2200059999999997,0.24773479999999992,0.12153099999999917,0.24650830000000035,0.1432367000000001,0.23315900000000056,0.24134099999999847,0.8658089999999987,0.6053599999999904,0.23418999999999812,0.3693880000000007,0.2423979999999979,0.7630680000000005,0.45487099999999714,0.5792230000000025,0.14150300000000016,0.3230739999999983
1066,0.0895840000000021,0.2236140000000013,0.25278439999999947,0.12768099999999905,0.25586030000000015,0.1502794999999999,0.2310939999999988,0.24868500000000182,0.8327729999999995,0.5685100000000034,0.2492600000000067,0.4036439999999999,0.37407400000000024,0.9587047000000002,0.5136990000000026,0.6474590000000013,0.15187500000000398,0.2744730000000004
1067,0.09084300000000312,0.23749600000000015,0.26759919999999937,0.13218700000000005,0.26747030000000116,0.15394430000000003,0.25484300000000104,0.26978900000000294,0.9671239999999983,0.6829899999999895,0.2719500000000039,0.39721899999999977,0.251415999999999,0.8147081000000003,0.4782119999999992,0.6230459999999987,0.15398700000000076,0.3525160000000014
1068,0.12471900000000247,0.2927540000000004,0.3250875999999998,0.1630439999999993,0.33288830000000047,0.18391920000000006,0.31045699999999954,0.3084830000000025,1.0379879999999986,0.7025199999999927,0.3216199999999958,0.5116440000000004,0.4666669999999975,1.1580534,0.6979630000000014,0.7744060000000026,0.1840389999999985,0.3422479999999979
1069,0.07515900000000286,0.17835499999999982,0.21779959999999932,0.10958800000000046,0.217315300000001,0.13330840000000022,0.20054199999999867,0.23066200000000237,0.7909170000000003,0.5386900000000026,0.2123200000000054,0.3601460000000003,0.3035299999999985,0.7986054999999999,0.4040059999999954,0.5399239999999992,0.13722800000000035,0.28027099999999905
1070,0.09847400000000306,0.23553300000000021,0.26705939999999995,0.13594799999999907,0.2698153000000012,0.15720299999999998,0.24212299999999942,0.2543110000000013,0.8595089999999992,0.6055299999999875,0.2784300000000002,0.46810100000000077,0.4686419999999991,1.0314734999999997,0.5713109999999944,0.7000760000000028,0.15686900000000037,0.2690899999999985
1071,0.07742300000000313,0.1867750000000008,0.2450517999999997,0.10885999999999996,0.21090930000000085,0.13283060000000013,0.19802699999999973,0.24290900000000448,0.8273469999999996,0.5719299999999805,0.22163000000000466,0.39610899999999916,0.41056500000000185,0.8506400999999997,0.3450719999999876,0.5503140000000002,0.1326570000000018,0.28562000000000154
1072,0.0891680000000008,0.2149289999999997,0.2706194000000002,0.13079100000000032,0.2516393000000008,0.15243830000000003,0.21267699999999934,0.2503850000000014,0.8337800000000009,0.5566800000000001,0.24675999999999476,0.475680999999998,0.4399450000000016,1.0295015999999997,0.5013409999999965,0.6862820000000021,0.15085499999999996,0.2552129999999977
1073,0.09458599999999961,0.21672900000000084,0.2568804999999994,0.1317869999999992,0.2636783000000005,0.15588809999999986,0.23957499999999854,0.27359900000000437,0.9155259999999998,0.6156299999999817,0.2647800000000018,0.42775499999999766,0.4316160000000018,1.0198152999999994,0.4845150000000018,0.645861,0.15763700000000114,0.30605399999999605
1074,0.10050100000000128,0.25375800000000126,0.29070199999999957,0.14110900000000015,0.27873130000000046,0.16454140000000006,0.25355599999999967,0.30834500000000276,1.0198280000000004,0.6896399999999971,0.2730099999999993,0.4621539999999982,0.49752699999999805,1.0377933000000006,0.47736799999999846,0.7024380000000008,0.15985700000000236,0.3467890000000011
1075,0.09512400000000198,0.23150200000000076,0.2614713999999996,0.13097699999999968,0.26429030000000076,0.15350170000000007,0.24002899999999983,0.26009000000000526,0.8639879999999991,0.5830399999999827,0.2528999999999968,0.3993259999999985,0.3506009999999975,0.9547618,0.5095900000000029,0.6340090000000025,0.15482399999999785,0.28879599999999783
1076,0.08835800000000305,0.21691400000000094,0.2502399999999998,0.1244019999999999,0.2522853000000005,0.1469672000000002,0.2368799999999993,0.24911800000000284,0.8750700000000009,0.5886099999999885,0.23111000000000104,0.39447900000000047,0.2848019999999991,0.8539241999999998,0.44098900000000185,0.5945509999999992,0.1448870000000042,0.3071249999999992
1077,0.0785630000000026,0.20982599999999962,0.2311103999999995,0.1155229999999996,0.2315933000000001,0.1375122000000002,0.20900999999999925,0.21991600000000489,0.7388559999999984,0.5079800000000034,0.2253199999999964,0.36600199999999816,0.3450160000000011,0.8698785999999998,0.4704890000000006,0.585364000000002,0.14152500000000146,0.24611999999999767
1078,0.015404000000000195,0.1119640000000004,0.16829029999999978,0.07973499999999945,0.15160630000000097,0.10039420000000021,0.14366400000000112,0.16726900000000455,0.6165689999999984,0.4414999999999907,0.17503999999999564,0.3031039999999976,0.2609740000000009,0.6393924000000002,0.2911810000000088,0.37855100000000164,0.09712600000000293,0.2282159999999962
1079,0.08067100000000238,0.1897479999999998,0.23235589999999995,0.11623999999999945,0.22949030000000015,0.13938169999999994,0.2035809999999998,0.23816300000000012,0.7875510000000006,0.5333200000000033,0.22081000000000017,0.37678999999999974,0.335052000000001,0.8859485000000005,0.44447999999999865,0.5832610000000003,0.14330300000000307,0.26438299999999515
1080,0.12836200000000275,0.32651700000000083,0.3509378999999999,0.17564099999999883,0.35547730000000044,0.1932320999999999,0.328637999999998,0.301478000000003,1.048328999999999,0.7260399999999834,0.33577999999999975,0.5115549999999978,0.5464750000000009,1.1498,0.7513369999999924,0.8318949999999994,0.1770259999999979,0.32297599999999704
1081,0.09940900000000141,0.23103400000000107,0.2706080000000002,0.13866299999999931,0.27586330000000103,0.16165679999999982,0.24950799999999873,0.2928679999999986,0.9770709999999987,0.6585499999999911,0.2608600000000081,0.44454899999999853,0.4131940000000007,1.0068175999999998,0.4834030000000098,0.6900340000000007,0.16363700000000136,0.33557899999999563
1082,0.12457000000000207,0.3196089999999998,0.34642839999999975,0.1710029999999989,0.3498063000000009,0.18947389999999986,0.32308399999999793,0.312654000000002,1.0747569999999982,0.7147399999999777,0.29940000000000566,0.48943900000000085,0.42313000000000045,1.0911255000000004,0.6903250000000014,0.776962000000001,0.17291200000000373,0.35706799999999816
1083,0.11306500000000241,0.2820350000000005,0.31467519999999993,0.15534399999999948,0.31702730000000123,0.17465220000000015,0.29726499999999945,0.30177900000000335,1.056670999999998,0.7114100000000008,0.2729499999999945,0.44280299999999784,0.32836599999999905,0.9724078,0.5601269999999943,0.7262090000000008,0.1710950000000011,0.37443799999999783
1084,0.08903000000000105,0.239217,0.26119290000000017,0.13069299999999906,0.2615943000000005,0.15202250000000017,0.22667399999999915,0.24166999999999916,0.8536959999999993,0.5654999999999859,0.21108999999999867,0.39987999999999957,0.3373010000000001,0.8771769000000003,0.49554700000000196,0.640588000000001,0.1523170000000036,0.29226399999999586
1085,0.13395300000000177,0.31998500000000085,0.36383279999999996,0.18333200000000005,0.3749943000000009,0.20351790000000003,0.35511100000000084,0.38329800000000347,1.210318000000001,0.8007499999999936,0.346509999999995,0.5717369999999988,0.5392659999999978,1.2513103,0.7118870000000044,0.8465950000000007,0.18954800000000205,0.39427599999999785
1086,0.0933489999999999,0.2253690000000006,0.2609729999999999,0.12912199999999885,0.2643003000000004,0.15116739999999984,0.2491829999999986,0.25001600000000224,0.8741689999999984,0.581169999999986,0.24800000000000466,0.41743299999999905,0.30199,0.8946978000000003,0.4815019999999919,0.6144789999999993,0.15237499999999926,0.29927800000000104
1087,0.10092500000000015,0.2451939999999997,0.2741409999999993,0.13663899999999884,0.2772743000000002,0.15838980000000014,0.25478299999999976,0.25656400000000446,0.8699759999999976,0.5930999999999926,0.26702000000000226,0.43424500000000066,0.3916770000000014,0.9799130000000007,0.5752769999999998,0.6730030000000014,0.16057200000000194,0.29085899999999754
1088,0.1242049999999999,0.3009839999999997,0.33249709999999943,0.16937300000000022,0.33912030000000115,0.1893864999999999,0.30388400000000004,0.32669100000000384,1.0833689999999976,0.7348199999999849,0.31927000000000305,0.5206489999999988,0.503429999999998,1.2126792000000002,0.6751480000000072,0.8224389999999993,0.19382200000000438,0.34187199999999507
1089,0.07289300000000054,0.15338600000000113,0.19522999999999957,0.09739899999999935,0.19268330000000056,0.12020989999999987,0.182106000000001,0.20800600000000458,0.721785999999998,0.5056299999999965,0.1912499999999966,0.34388999999999825,0.25816199999999867,0.6889497000000002,0.3762300000000067,0.4938330000000022,0.12043100000000351,0.2672239999999988
1090,0.04174900000000292,0.13008600000000037,0.17388400000000015,0.08441399999999888,0.1665093000000013,0.10641960000000017,0.1560789999999983,0.1773590000000027,0.6135260000000002,0.41761999999999944,0.16940999999999917,0.2962959999999981,0.24924299999999988,0.6345920999999999,0.31643200000000604,0.40831400000000073,0.10520400000000052,0.2220480000000009
1091,0.11159300000000272,0.28386900000000104,0.3111828000000001,0.15317999999999898,0.31468130000000016,0.1732347999999999,0.29239000000000104,0.28219899999999853,0.985949999999999,0.6539599999999837,0.2783600000000064,0.45192600000000027,0.38309500000000085,1.011202,0.616304999999997,0.6901060000000001,0.17125500000000216,0.33295799999999787
1092,0.12149199999999993,0.2924540000000011,0.31869579999999953,0.16201799999999977,0.3268703000000013,0.18378400000000017,0.29876799999999903,0.32446900000000056,1.093831999999999,0.7329000000000008,0.3098499999999973,0.49455199999999877,0.4925539999999984,1.1761780000000002,0.6144670000000048,0.7754349999999981,0.18016899999999936,0.36163700000000176
1093,0.11451100000000025,0.2739370000000001,0.30147699999999933,0.15141399999999905,0.3039543000000009,0.17032360000000013,0.274404999999998,0.2603739999999988,0.925342999999998,0.6452899999999886,0.29663999999999646,0.4704109999999986,0.4745199999999983,1.0535372999999995,0.6404530000000079,0.7508670000000031,0.17399400000000043,0.28975899999999655
1094,0.09752000000000294,0.24817800000000112,0.2775229999999995,0.1370799999999992,0.27955930000000073,0.1579383000000001,0.25682199999999966,0.2632420000000053,0.9098249999999979,0.6085799999999892,0.2533999999999992,0.4155529999999992,0.3349049999999991,0.9180934000000001,0.5247959999999949,0.6444349999999979,0.15954200000000185,0.31544499999999687
1095,0.1012320000000031,0.24820000000000064,0.27718240000000005,0.13721899999999998,0.27950430000000104,0.1585209999999999,0.25853000000000037,0.24743600000000043,0.8596959999999996,0.5878899999999874,0.26698000000000377,0.426793,0.3970600000000033,0.9701940000000002,0.5845060000000046,0.6562239999999981,0.15854200000000418,0.2831469999999996
1096,0.1047360000000026,0.23733200000000032,0.2776154000000002,0.1429759999999991,0.2837923,0.16582670000000022,0.2531819999999989,0.2973610000000022,0.9713010000000004,0.6568099999999788,0.2768700000000024,0.4653339999999986,0.4603609999999989,1.1027278999999997,0.5332439999999963,0.7019979999999997,0.16315000000000168,0.31774899999999917
1097,0.14418300000000173,0.3680830000000004,0.3981228999999997,0.19720000000000049,0.40855830000000104,0.21411749999999996,0.4123090000000005,0.359923000000002,1.228473000000001,0.805909999999983,0.3578899999999976,0.5802049999999994,0.5099420000000023,1.2200995,0.8220059999999876,0.8797500000000014,0.1896029999999982,0.396608999999998
1098,0.10517800000000221,0.252320000000001,0.28424099999999974,0.14626799999999918,0.2816143000000011,0.16689180000000015,0.23592999999999975,0.2635089999999991,0.9051969999999976,0.5852599999999768,0.2520600000000002,0.5233559999999997,0.48758399999999824,1.0878021999999996,0.5694390000000027,0.750115000000001,0.1720070000000007,0.2585380000000015
1099,0.10517800000000221,0.252320000000001,0.28424099999999974,0.14626799999999918,0.2816143000000011,0.16689180000000015,0.23592999999999975,0.2635089999999991,0.9051969999999976,0.5852599999999768,0.2520600000000002,0.5233559999999997,0.48758399999999824,1.0878021999999996,0.5694390000000027,0.750115000000001,0.1720070000000007,0.2585380000000015
1100,0.12966100000000225,0.31450200000000095,0.34811820000000004,0.17612399999999973,0.35923130000000114,0.1967797,0.3389249999999997,0.3631069999999994,1.2014999999999993,0.7947399999999902,0.3393599999999992,0.56297,0.5230650000000026,1.2349061,0.6454129999999907,0.8438559999999988,0.20101199999999864,0.39839699999999567
1101,0.08914900000000259,0.23468800000000023,0.25776349999999937,0.12833399999999884,0.25819530000000057,0.14947620000000006,0.22905899999999946,0.23662500000000364,0.8124409999999997,0.544809999999984,0.22898999999999603,0.4161210000000004,0.3537089999999985,0.8935317000000005,0.5042550000000006,0.6360919999999979,0.14825799999999845,0.2752890000000008
1102,0.07865300000000275,0.1749470000000013,0.25900889999999954,0.11586799999999897,0.22473330000000047,0.13989969999999996,0.21149300000000082,0.2630060000000043,0.879404000000001,0.6076799999999878,0.2404200000000003,0.43451499999999754,0.47595799999999855,0.8960879999999998,0.35989899999999864,0.5850439999999999,0.13887799999999828,0.30176099999999906
1103,0.10369000000000028,0.23672000000000004,0.2754228999999997,0.1420269999999988,0.2819742999999999,0.1649181999999998,0.25154099999999957,0.29653199999999913,0.9747909999999997,0.6562099999999873,0.2724199999999968,0.4597079999999991,0.46073900000000023,1.0852000000000004,0.5113070000000022,0.7018340000000016,0.1674640000000025,0.32856999999999914
1104,0.09149600000000291,0.22604800000000047,0.25989929999999983,0.12992700000000035,0.2610523000000011,0.15217029999999987,0.24079400000000106,0.2677400000000034,0.9142139999999976,0.620129999999989,0.23412000000000432,0.4120139999999992,0.28662399999999977,0.8810535000000002,0.46357100000000173,0.627876999999998,0.15259600000000262,0.32423299999999955
1105,0.10334200000000138,0.2559750000000012,0.2860750999999997,0.14461299999999966,0.28952130000000054,0.16553720000000016,0.25778199999999885,0.27904000000000195,0.9365519999999989,0.629809999999992,0.26436999999999955,0.4428459999999994,0.3968580000000017,1.0342089000000003,0.5593989999999991,0.7172090000000004,0.17481099999999827,0.3056699999999992
1106,0.09967500000000129,0.2537110000000009,0.28024259999999934,0.14114000000000004,0.2831543000000014,0.1619872,0.2496609999999997,0.2754690000000011,0.9316919999999982,0.6156399999999849,0.23623999999999512,0.4425360000000005,0.3585090000000015,0.9777988999999998,0.5208279999999945,0.6875189999999982,0.1674470000000028,0.3126669999999976
1107,0.060296000000001015,0.13826400000000127,0.20248799999999978,0.0934999999999988,0.17988430000000122,0.11650699999999992,0.166681999999998,0.20755900000000338,0.7031519999999993,0.4894999999999925,0.18461999999999534,0.3331699999999991,0.3062400000000025,0.7285424000000003,0.35881299999999783,0.48236100000000093,0.11848100000000272,0.2560000000000002
1108,0.06883100000000297,0.1611140000000013,0.19922910000000016,0.09895999999999994,0.19870829999999984,0.12186949999999985,0.1819980000000001,0.20070199999999971,0.686281000000001,0.46253999999998996,0.19597000000000264,0.3213249999999981,0.28516099999999867,0.7354877999999996,0.3691339999999883,0.48307800000000256,0.12315200000000459,0.2414319999999961
1109,0.13402200000000164,0.35447700000000104,0.3716235999999995,0.1842100000000002,0.37697230000000026,0.2008744,0.3574920000000006,0.3187649999999991,1.0835149999999985,0.7531799999999862,0.34762000000000626,0.4986309999999996,0.5544520000000013,1.1541841000000002,0.7988110000000006,0.8154219999999981,0.18062400000000167,0.3319919999999996
1110,0.0929530000000014,0.2382609999999996,0.2819813999999994,0.1306359999999991,0.25510829999999984,0.15497810000000012,0.22632300000000072,0.27736200000000366,0.905742,0.6155200000000036,0.2652800000000042,0.46883399999999753,0.5173750000000013,1.0884758000000003,0.4902150000000063,0.6592939999999992,0.15609599999999801,0.29665399999999664
1111,0.10138800000000003,0.24109400000000036,0.27588739999999934,0.14010899999999893,0.2807013000000005,0.16233500000000012,0.25237900000000124,0.2754680000000036,0.930178999999999,0.6285799999999995,0.26896999999999593,0.4365330000000007,0.38684399999999997,1.0386262999999998,0.5390939999999915,0.6922999999999995,0.16770400000000052,0.305183999999997
1112,0.10930500000000265,0.24649100000000068,0.2875185999999994,0.14781099999999903,0.2948803000000009,0.17097240000000014,0.26693500000000014,0.308838999999999,1.018215999999999,0.6870799999999804,0.29578999999999667,0.48438299999999757,0.5100709999999999,1.1564768,0.5569380000000024,0.7214109999999998,0.16867599999999783,0.33578899999999834
1113,0.09064900000000264,0.2197950000000013,0.24797210000000014,0.12424999999999997,0.2503453000000011,0.14696249999999988,0.2271599999999978,0.23963400000000235,0.8207799999999992,0.5549299999999846,0.24183000000000732,0.38440399999999997,0.334931000000001,0.9148063999999998,0.48297900000000027,0.6131999999999991,0.14643000000000228,0.27854599999999863
1114,0.11756300000000053,0.26653400000000005,0.3031581000000001,0.15329000000000015,0.3112313000000011,0.17460010000000015,0.28806900000000013,0.2928890000000024,0.9723690000000005,0.6685399999999788,0.31749999999999545,0.5139819999999986,0.4846049999999984,1.1430060000000006,0.6702140000000014,0.7575590000000005,0.17398899999999884,0.3173049999999975
1115,0.1232520000000008,0.32282299999999964,0.3505535999999996,0.17237599999999986,0.35494629999999994,0.1910997000000001,0.33656799999999976,0.31600300000000203,1.0848069999999979,0.7154500000000041,0.304150000000007,0.48183999999999827,0.42152799999999857,1.1012557999999997,0.7088990000000024,0.7652150000000013,0.17921100000000223,0.3600939999999966
1116,0.1007370000000023,0.2306840000000001,0.27278359999999946,0.13953599999999966,0.2780813000000002,0.16241819999999985,0.25712199999999896,0.2959420000000037,1.0082909999999998,0.6832499999999868,0.2638199999999955,0.4423499999999976,0.4261569999999999,0.9865848000000002,0.4704499999999996,0.691116000000001,0.16794699999999807,0.3479689999999991
1117,0.1007370000000023,0.2306840000000001,0.27278359999999946,0.13953599999999966,0.2780813000000002,0.16241819999999985,0.25712199999999896,0.2959420000000037,1.0082909999999998,0.6832499999999868,0.2638199999999955,0.4423499999999976,0.4261569999999999,0.9865848000000002,0.4704499999999996,0.691116000000001,0.16794699999999807,0.3479689999999991
1118,0.12507400000000146,0.30984500000000104,0.34028219999999987,0.16859599999999908,0.3470922999999999,0.18862669999999992,0.33536199999999994,0.31257700000000455,1.0594459999999977,0.7058099999999854,0.31864000000000203,0.506024,0.4563839999999999,1.1341403999999997,0.720790000000008,0.7726959999999998,0.19128599999999807,0.3485200000000006
1119,0.10471700000000084,0.2709260000000011,0.29557080000000013,0.1464970000000001,0.29684130000000053,0.1659902999999998,0.26542500000000047,0.26556200000000274,0.9231270000000009,0.6137999999999977,0.25409000000000503,0.4494000000000007,0.3872070000000001,0.9720719000000004,0.5756650000000008,0.698440999999999,0.17002000000000095,0.3089219999999955
1120,0.1257690000000018,0.3042309999999997,0.3246183,0.16640100000000047,0.33629029999999993,0.18910589999999994,0.309743000000001,0.3642189999999985,1.1128539999999987,0.7520399999999938,0.3335399999999993,0.5396609999999988,0.5829379999999986,1.2593914000000002,0.6748580000000004,0.7969220000000021,0.19075099999999878,0.3547009999999986
1121,0.10395100000000213,0.24789499999999975,0.2896578999999999,0.14183099999999982,0.2801423000000014,0.1610170000000002,0.27530199999999994,0.25263100000000094,0.9319489999999995,0.6645099999999786,0.32213000000000136,0.5984859999999976,0.6399880000000024,1.1689485,0.674588,0.7865050000000018,0.16960000000000264,0.25752399999999653
1122,0.12521600000000177,0.3145610000000012,0.3449903000000001,0.17197499999999977,0.3501203000000004,0.1908525000000001,0.3264679999999984,0.3071570000000037,1.054624999999998,0.725689999999986,0.32765000000000555,0.4831709999999987,0.5162970000000016,1.1538391999999993,0.7248210000000057,0.805847,0.16506499999999846,0.33590699999999885
1123,0.08060800000000157,0.2013960000000008,0.23300819999999955,0.11728199999999944,0.23401730000000143,0.14055110000000015,0.21613499999999775,0.240942000000004,0.8382959999999997,0.5722999999999843,0.21914999999999907,0.3925339999999977,0.2997230000000002,0.8244663000000001,0.43672200000000316,0.5791770000000014,0.1408830000000023,0.2950519999999983
1124,0.08558000000000021,0.20005399999999973,0.24149580000000004,0.12336499999999972,0.24478730000000049,0.14717499999999983,0.22322099999999878,0.25389200000000045,0.879366000000001,0.5952299999999866,0.2395400000000052,0.402076000000001,0.35925299999999893,0.9205725999999999,0.44615400000000704,0.6178259999999973,0.1475110000000015,0.30486700000000155
1125,0.10647499999999965,0.253108000000001,0.2853887999999998,0.1473399999999998,0.28104330000000033,0.1681783000000001,0.2276929999999986,0.25941100000000006,0.9102569999999979,0.5679299999999898,0.237560000000002,0.5289919999999988,0.49215699999999885,1.0883840999999999,0.5342919999999935,0.7439970000000002,0.17240400000000022,0.25103099999999756
1126,0.10733700000000113,0.2531010000000009,0.2896903000000002,0.14650799999999897,0.28755929999999985,0.1672517,0.2553209999999986,0.2672640000000044,0.9160029999999999,0.629809999999992,0.2999900000000082,0.5514359999999989,0.5500540000000029,1.1494274999999998,0.6239530000000002,0.7722830000000016,0.17450099999999935,0.2783200000000008
1127,0.09281600000000267,0.23323300000000025,0.2619145999999999,0.1325599999999998,0.2635163000000009,0.1528252000000001,0.2429409999999983,0.23351500000000414,0.8185789999999997,0.5751699999999857,0.27020000000000266,0.4746929999999985,0.47636300000000276,1.0011821999999997,0.5714630000000085,0.6973230000000008,0.15429999999999922,0.2513889999999961
1128,0.12685400000000158,0.3272150000000007,0.3551415999999996,0.17558200000000035,0.35804730000000085,0.19277509999999998,0.32350100000000026,0.32745200000000096,1.111270000000001,0.7242099999999994,0.2735500000000002,0.47587000000000046,0.4079510000000006,1.0612133999999998,0.6455629999999957,0.7941549999999999,0.17590799999999973,0.37639899999999926
1129,0.10092600000000118,0.23486100000000043,0.28058039999999984,0.1383390000000002,0.2746732999999999,0.16082300000000016,0.2512539999999994,0.26497799999999927,0.8972799999999985,0.6402399999999773,0.30080999999999847,0.5000509999999991,0.5257660000000008,1.1218053999999995,0.5848320000000058,0.7090289999999975,0.16031600000000168,0.28276799999999724
1130,0.08590000000000231,0.22132900000000078,0.25427719999999976,0.12416599999999889,0.24505130000000008,0.14819199999999988,0.22961899999999957,0.2660680000000042,0.9203620000000008,0.6285399999999868,0.2416199999999975,0.4180729999999997,0.40511199999999903,0.8978885000000005,0.41640499999999747,0.6216000000000008,0.1467710000000011,0.32083399999999784
1131,0.06517700000000204,0.14850100000000133,0.192488,0.09521799999999914,0.18760430000000028,0.11827100000000002,0.1739229999999985,0.2066160000000039,0.6914319999999989,0.4707599999999843,0.18537000000000603,0.32462699999999955,0.2719309999999986,0.7072797999999993,0.35845400000000893,0.47933499999999896,0.11986100000000022,0.24931499999999573
1132,0.106541,0.25444900000000104,0.28570789999999935,0.14308100000000046,0.2890763000000014,0.1632235999999998,0.2681830000000005,0.2582090000000008,0.8809690000000003,0.6230999999999938,0.2956400000000059,0.4516779999999976,0.46257400000000004,1.0378319999999999,0.6053539999999913,0.7085940000000015,0.1655149999999992,0.27858799999999917
1133,0.07334200000000024,0.16066300000000133,0.20975650000000012,0.10233700000000034,0.20187430000000006,0.12588279999999985,0.18956700000000026,0.22175299999999964,0.7662689999999976,0.5368899999999996,0.20561000000000718,0.35405099999999834,0.29029600000000144,0.7252375999999998,0.3866349999999983,0.5166749999999993,0.12646099999999905,0.2796200000000013
1134,0.08860500000000116,0.2096890000000009,0.2505183999999998,0.12556599999999918,0.25017829999999996,0.14935199999999993,0.22569199999999867,0.2538669999999996,0.8604129999999977,0.582129999999978,0.24884000000000128,0.40512000000000015,0.3772990000000007,0.9792874999999999,0.4662920000000099,0.6163179999999997,0.15136900000000253,0.2867869999999968
1135,0.07259100000000274,0.18344800000000028,0.20990539999999935,0.10473299999999952,0.20727130000000038,0.1260211,0.17885400000000118,0.1942500000000038,0.6701799999999984,0.4510399999999777,0.18050999999999817,0.34170899999999804,0.2978790000000018,0.7276801000000006,0.43799199999999416,0.538646,0.12776300000000163,0.22996599999999745
1136,0.07222400000000206,0.16545200000000015,0.22667269999999995,0.10797200000000018,0.215072300000001,0.13070439999999994,0.20494099999999804,0.23379900000000475,0.7973669999999977,0.5493099999999913,0.2151099999999957,0.3784010000000002,0.36704699999999946,0.7649561,0.3408799999999985,0.5303189999999987,0.13399000000000427,0.27906999999999726
1137,0.07807800000000142,0.21030499999999996,0.22575009999999995,0.11406000000000027,0.22427730000000068,0.13536949999999992,0.18843999999999994,0.2072730000000007,0.7188659999999985,0.47512999999997874,0.19125999999999976,0.3835559999999987,0.34372499999999917,0.8070465999999996,0.47046000000000276,0.5985820000000004,0.14083399999999813,0.2467229999999958
1138,0.12717200000000162,0.31161700000000003,0.33341960000000004,0.1712959999999999,0.34432229999999997,0.1930238000000002,0.31481899999999996,0.3530410000000046,1.1382319999999986,0.7718600000000038,0.3356799999999964,0.5387959999999978,0.5597100000000026,1.2887142000000003,0.6907229999999913,0.8263260000000017,0.19636700000000218,0.36440100000000086
1139,0.0701570000000018,0.15893400000000035,0.2076481000000001,0.10113299999999903,0.20147630000000127,0.12403319999999995,0.19063699999999884,0.21698800000000062,0.7334129999999988,0.5009999999999764,0.20317000000000007,0.3701900000000009,0.28118599999999816,0.7459221999999999,0.35951299999999264,0.5022109999999991,0.12556000000000012,0.26881099999999947
1140,0.08632100000000165,0.2060069999999996,0.23650859999999962,0.12038699999999913,0.23837730000000157,0.1437746999999998,0.21382099999999937,0.24314800000000503,0.8525419999999997,0.5778499999999838,0.21947000000000116,0.38397299999999746,0.32959599999999867,0.8629397000000001,0.44099400000000344,0.6034009999999981,0.14239599999999797,0.2924110000000013
1141,0.10393000000000185,0.2625650000000004,0.2892362999999998,0.14355999999999902,0.2924383000000006,0.1641720000000002,0.26776800000000023,0.2687610000000049,0.9397570000000002,0.6282999999999959,0.2655199999999951,0.44292000000000087,0.3571339999999985,0.9779691000000001,0.5583519999999993,0.6747210000000017,0.1704730000000012,0.3208589999999987
1142,0.11932000000000187,0.259545000000001,0.30238679999999984,0.1527239999999992,0.3104863000000009,0.17450490000000007,0.29034400000000105,0.31453499999999934,1.0522269999999985,0.6982399999999984,0.2956099999999964,0.48629999999999995,0.465365000000002,1.0875588,0.5519740000000013,0.7266750000000002,0.17525100000000293,0.3510649999999984
1143,-9.9999e+98,0.10471300000000028,0.1378826000000002,0.06519499999999923,0.12305630000000001,0.08385199999999982,0.11872499999999775,0.11829600000000084,0.49493400000000065,0.3522299999999916,0.13588000000000022,0.24826499999999996,0.19229600000000246,0.4967303999999997,0.2593569999999943,0.2845960000000005,0.05023700000000275,0.1871319999999983
1144,0.1064360000000022,0.2585519999999999,0.2889666999999996,0.14474899999999913,0.29417630000000017,0.16631229999999997,0.27012200000000064,0.28620200000000295,0.9644159999999999,0.64579999999998,0.28091999999999473,0.4631879999999988,0.36827300000000207,1.0312869999999998,0.5661029999999982,0.6915019999999998,0.17013899999999893,0.3301919999999967
1145,0.07910900000000254,0.17729000000000106,0.2350348999999996,0.11462399999999917,0.22525730000000088,0.13886110000000018,0.209302000000001,0.2494879999999995,0.8447080000000007,0.5772299999999859,0.22445000000000448,0.3903350000000003,0.3718369999999993,0.8466665999999998,0.40910000000000935,0.5788089999999997,0.14268200000000064,0.2946179999999998
1146,0.08266400000000118,0.18885400000000097,0.2485040999999999,0.11938600000000044,0.23705029999999994,0.14350679999999993,0.2138959999999983,0.24699400000000082,0.8208939999999991,0.5575299999999856,0.2416900000000055,0.39816499999999877,0.3891460000000002,0.9537747000000003,0.4471929999999986,0.5880119999999991,0.14872700000000094,0.27169399999999655
1147,0.08497900000000058,0.20997999999999983,0.24227169999999987,0.12138399999999905,0.24495930000000143,0.14459739999999988,0.2242910000000009,0.23920499999999834,0.8385759999999998,0.5635299999999859,0.23560000000000514,0.3759859999999975,0.32156699999999816,0.8873092000000007,0.4348459999999932,0.5827109999999998,0.14736100000000363,0.28694600000000037
1148,0.09350900000000095,0.2104600000000012,0.26765349999999977,0.13232799999999934,0.2614353000000005,0.1563612000000001,0.24418800000000118,0.2775670000000048,0.9698950000000011,0.6564699999999846,0.2590600000000052,0.4435329999999986,0.4468420000000002,0.9716301000000005,0.445920000000001,0.6585830000000001,0.15901300000000163,0.336279999999995
1149,0.07959800000000072,0.18170100000000033,0.2333544999999999,0.11333899999999986,0.22214130000000054,0.1376341000000001,0.20816699999999955,0.25122500000000514,0.8644359999999978,0.6139699999999948,0.2448399999999964,0.39127399999999923,0.3250479999999989,0.7957414999999997,0.41957800000000134,0.5787700000000022,0.13885400000000203,0.31627900000000153
1150,0.09302900000000136,0.20719300000000018,0.2658263999999999,0.1303769999999993,0.2597213000000007,0.1547681999999999,0.23539399999999944,0.2653590000000037,0.8962789999999998,0.6075400000000002,0.26829000000000747,0.4406019999999984,0.45956800000000086,1.0349557000000003,0.5003910000000076,0.6409149999999997,0.15803600000000273,0.29552400000000034
1151,0.09302900000000136,0.20719300000000018,0.2658263999999999,0.1303769999999993,0.2597213000000007,0.1547681999999999,0.23539399999999944,0.2653590000000037,0.8962789999999998,0.6075400000000002,0.26829000000000747,0.4406019999999984,0.45956800000000086,1.0349557000000003,0.5003910000000076,0.6409149999999997,0.15803600000000273,0.29552400000000034
1152,0.11094200000000143,0.2856140000000007,0.31538739999999965,0.15356099999999984,0.3149613000000002,0.17149970000000003,0.3040950000000002,0.28972900000000124,1.0645999999999987,0.7395799999999895,0.2771900000000045,0.4179290000000009,0.2968660000000014,0.8745513999999996,0.5292840000000041,0.6947659999999978,0.15411900000000145,0.3927970000000016
1153,0.11008600000000257,0.2565660000000012,0.30030489999999954,0.14977399999999896,0.29391230000000057,0.17033910000000008,0.26054500000000047,0.2786529999999985,0.9487929999999984,0.6551399999999887,0.3079100000000068,0.5618739999999995,0.5563870000000009,1.1834432999999995,0.630441999999988,0.782465000000002,0.17737400000000036,0.2873659999999987
1154,0.10764400000000052,0.24136000000000024,0.2789918999999994,0.14181699999999964,0.285839300000001,0.16440080000000012,0.2627990000000011,0.2758710000000022,0.9331069999999997,0.6409999999999911,0.2871899999999954,0.4575889999999987,0.45548399999999845,1.0839514000000001,0.5915940000000006,0.6982420000000005,0.1620240000000024,0.301801999999995
1155,0.07745300000000199,0.20198599999999978,0.2346843999999999,0.11516600000000032,0.23511230000000083,0.13703110000000018,0.2249289999999995,0.22424000000000177,0.7953599999999987,0.5350599999999872,0.21851999999999805,0.3769089999999977,0.2665240000000004,0.7789844000000006,0.4233700000000056,0.5599090000000011,0.14082900000000365,0.2807910000000007
1156,0.1270389999999999,0.31980500000000056,0.3531475999999998,0.17565100000000022,0.35735630000000107,0.19393269999999996,0.3254899999999985,0.3423890000000043,1.1325389999999977,0.7510499999999922,0.2993199999999945,0.5003489999999999,0.4043840000000003,1.1082402,0.6591090000000008,0.8064670000000014,0.18068999999999846,0.37852399999999875
1157,0.1142479999999999,0.25598399999999977,0.2965673999999998,0.15130899999999947,0.30433030000000016,0.17352800000000013,0.2782279999999986,0.301084000000003,1.0091639999999984,0.685639999999978,0.2991099999999989,0.47847799999999907,0.48422300000000007,1.1397157,0.6079640000000097,0.733818000000003,0.17461000000000126,0.328716
1158,0.11910600000000215,0.26911800000000063,0.30639409999999945,0.1529519999999991,0.3132583000000011,0.17432859999999994,0.2990950000000012,0.28844000000000136,0.9794869999999989,0.6596199999999897,0.3046800000000047,0.4895220000000009,0.4384939999999986,1.0927122000000002,0.6502890000000008,0.723706,0.16853100000000154,0.3235069999999993
1159,0.08792800000000156,0.2215670000000003,0.2694786999999996,0.13080099999999995,0.25024530000000134,0.15284239999999993,0.20335000000000036,0.2527170000000041,0.842179999999999,0.542919999999981,0.22115999999999758,0.44707599999999914,0.40829300000000046,0.9973381000000003,0.4920979999999986,0.683017999999997,0.14949299999999965,0.2580899999999957
1160,0.12423100000000176,0.298076,0.31805590000000006,0.16155599999999914,0.3257903000000013,0.1824561,0.30065099999999845,0.3080330000000018,1.0233579999999982,0.7135999999999854,0.33217000000000496,0.5144260000000003,0.5305730000000004,1.1957591999999995,0.6855079999999987,0.7926120000000019,0.18551200000000279,0.32554199999999867
1161,0.08699000000000012,0.23197900000000082,0.255147,0.1288140000000002,0.25616830000000057,0.15073680000000023,0.21948499999999882,0.24456299999999942,0.849378999999999,0.5595399999999984,0.20082000000000733,0.40341699999999747,0.3518259999999991,0.8916262000000001,0.49747500000000855,0.6416520000000006,0.1542439999999985,0.29066100000000006
1162,0.07651900000000111,0.1747569999999996,0.2308760999999997,0.11219200000000029,0.22297030000000007,0.13557059999999987,0.21198799999999807,0.24097799999999836,0.8381049999999988,0.5822199999999782,0.2158200000000079,0.37214299999999767,0.3268729999999991,0.7720799999999999,0.37032800000000066,0.5552330000000012,0.13802000000000447,0.2972919999999988
1163,0.11906500000000264,0.28453200000000045,0.3132671,0.15597700000000003,0.3185393000000012,0.17651269999999997,0.2962939999999996,0.28537000000000035,0.9861389999999979,0.6676899999999932,0.3004800000000074,0.47527399999999886,0.4356519999999975,1.0887231999999996,0.6637410000000017,0.730440999999999,0.1712180000000032,0.3232439999999954
1164,0.1246299999999998,0.26612100000000005,0.30642259999999943,0.15542699999999954,0.31453030000000126,0.1770640000000001,0.2916850000000011,0.2887710000000041,0.9859860000000005,0.7001300000000015,0.3332100000000082,0.5141880000000008,0.5820799999999977,1.1794896000000001,0.6703169999999972,0.752517000000001,0.17647800000000302,0.3046849999999992
1165,0.1246299999999998,0.26612100000000005,0.30642259999999943,0.15542699999999954,0.31453030000000126,0.1770640000000001,0.2916850000000011,0.2887710000000041,0.9859860000000005,0.7001300000000015,0.3332100000000082,0.5141880000000008,0.5820799999999977,1.1794896000000001,0.6703169999999972,0.752517000000001,0.17647800000000302,0.3046849999999992
1166,0.062435000000000684,0.14799800000000118,0.1883070999999994,0.09292600000000029,0.18728930000000155,0.11508170000000018,0.17813999999999908,0.19780599999999993,0.6644629999999978,0.44814999999999827,0.18402000000000385,0.3313260000000007,0.2666000000000004,0.6686256000000004,0.32845600000000275,0.45224099999999723,0.11519700000000199,0.23858099999999638
1167,0.027953000000000117,0.11923600000000079,0.18842209999999948,0.08575399999999966,0.15956730000000086,0.10742640000000003,0.1433250000000008,0.18760600000000238,0.6328429999999976,0.43612999999999147,0.1680199999999985,0.3097609999999982,0.32603699999999947,0.6953162000000006,0.3351859999999931,0.4316379999999995,0.10473700000000008,0.22262099999999663
1168,0.09101200000000276,0.219024000000001,0.25152989999999953,0.12630000000000052,0.2541393000000003,0.14923319999999984,0.2403739999999992,0.26046300000000144,0.9086359999999978,0.6162599999999827,0.23949000000000353,0.41928899999999913,0.29881599999999864,0.8899629999999998,0.44611399999999435,0.6169939999999983,0.14936200000000355,0.3218430000000012
1169,0.09631700000000265,0.22481300000000104,0.2633171999999995,0.13387799999999928,0.268873300000001,0.15721849999999993,0.24558000000000035,0.2723230000000001,0.9313399999999987,0.6256099999999947,0.2614899999999949,0.4197659999999992,0.3770099999999985,1.0022899999999995,0.4771910000000048,0.6498400000000011,0.15957300000000174,0.31774899999999917
1170,0.07768100000000189,0.17593800000000037,0.24027259999999995,0.10908699999999882,0.21051730000000113,0.1335270999999998,0.19670599999999894,0.2456990000000019,0.857171000000001,0.6154300000000035,0.25105000000000643,0.3866030000000009,0.4137570000000004,0.8120944000000003,0.3654719999999969,0.5619599999999991,0.13119100000000117,0.3028639999999996
1171,0.09275200000000083,0.20511199999999974,0.25913079999999944,0.12580799999999925,0.24911130000000092,0.14901469999999994,0.22539099999999834,0.2456370000000021,0.8219369999999984,0.5811599999999828,0.2718799999999959,0.453993999999998,0.45128799999999814,1.0266520000000003,0.5212779999999952,0.6486790000000013,0.14890100000000217,0.2641479999999987
1172,0.09965700000000055,0.24133899999999997,0.27507199999999976,0.13700500000000027,0.2778623000000007,0.15856009999999987,0.25384599999999935,0.2695670000000021,0.9213909999999998,0.6179599999999823,0.2537499999999966,0.4309259999999995,0.3378110000000021,0.9463735999999994,0.5225580000000036,0.659395,0.1622510000000048,0.32377799999999723
1173,0.11873600000000195,0.2877340000000004,0.3280250999999996,0.16297600000000045,0.33445630000000115,0.18321830000000006,0.31579400000000035,0.32467600000000374,1.0955340000000007,0.7229799999999784,0.30033000000000243,0.4903289999999991,0.37749399999999866,1.0827925,0.6132340000000056,0.7593700000000005,0.18038100000000412,0.371811000000001
1174,0.12442900000000279,0.2971040000000009,0.33389569999999935,0.16636899999999955,0.3415503000000015,0.1868265,0.32105100000000064,0.32214000000000453,1.094256999999999,0.7233899999999949,0.31163999999999703,0.5008869999999987,0.4081489999999981,1.1245414,0.6524280000000005,0.7707170000000012,0.18484000000000123,0.36715300000000184
1175,0.12546000000000035,0.28308400000000056,0.32005699999999937,0.16583600000000054,0.32823130000000056,0.18665049999999983,0.28671500000000094,0.32038200000000217,1.061437999999999,0.7299399999999991,0.3324700000000007,0.5719449999999995,0.6064010000000017,1.2661769999999999,0.691874999999996,0.8247329999999984,0.1896680000000046,0.32389500000000027
1176,0.08899900000000116,0.20774399999999993,0.2572700000000001,0.1273749999999989,0.25121630000000117,0.1503760999999999,0.22389599999999987,0.25462399999999974,0.8382749999999994,0.5780399999999872,0.25965999999999667,0.44264499999999884,0.41970699999999894,1.0179763,0.5082280000000026,0.6542530000000006,0.1501260000000002,0.27285899999999685
1177,0.08899900000000116,0.20774399999999993,0.2572700000000001,0.1273749999999989,0.25121630000000117,0.1503760999999999,0.22389599999999987,0.25462399999999974,0.8382749999999994,0.5780399999999872,0.25965999999999667,0.44264499999999884,0.41970699999999894,1.0179763,0.5082280000000026,0.6542530000000006,0.1501260000000002,0.27285899999999685
1178,0.0692610000000009,0.17630700000000132,0.20779019999999981,0.10318700000000014,0.2078723,0.12582009999999988,0.18897099999999867,0.20759100000000075,0.6886720000000004,0.46745999999998844,0.20185999999999638,0.3245100000000001,0.28020400000000123,0.7674405999999996,0.40132400000000246,0.5080559999999998,0.12779400000000152,0.23772799999999705
1179,0.07989200000000096,0.1826699999999999,0.2539625999999995,0.11588300000000018,0.22665930000000145,0.1404491000000001,0.20256099999999932,0.2450189999999992,0.8162400000000005,0.554239999999993,0.2364600000000081,0.40996900000000025,0.4386680000000034,0.9580934000000001,0.42680000000000007,0.576862000000002,0.1411160000000038,0.2691939999999988
1180,0.07989200000000096,0.1826699999999999,0.2539625999999995,0.11588300000000018,0.22665930000000145,0.1404491000000001,0.20256099999999932,0.2450189999999992,0.8162400000000005,0.554239999999993,0.2364600000000081,0.40996900000000025,0.4386680000000034,0.9580934000000001,0.42680000000000007,0.576862000000002,0.1411160000000038,0.2691939999999988
1181,0.13877000000000095,0.32921200000000006,0.3706826999999997,0.18718400000000024,0.3826333000000002,0.20730199999999988,0.3664309999999986,0.3753250000000037,1.2134630000000008,0.8108900000000006,0.3570799999999963,0.5884560000000008,0.5609740000000016,1.2822579000000003,0.7527259999999956,0.8675079999999973,0.18829900000000066,0.38533999999999935
1182,0.13701000000000008,0.3321810000000003,0.3697330000000001,0.18967699999999965,0.37982730000000053,0.20851869999999995,0.332808,0.40900700000000256,1.255082999999999,0.8147999999999911,0.31508999999999787,0.5540109999999991,0.5741660000000017,1.3337138,0.6691939999999903,0.8893689999999985,0.1866190000000003,0.39892799999999795
1183,0.11318600000000245,0.27324199999999976,0.3110368000000001,0.15176699999999954,0.3029213000000013,0.1743383999999999,0.2820210000000003,0.3323560000000043,1.0941089999999996,0.7326400000000035,0.3010900000000021,0.49850199999999845,0.5646270000000015,1.1348960999999997,0.49193800000000465,0.7406790000000001,0.17321300000000406,0.3617879999999971
1184,0.10998200000000224,0.2642400000000009,0.29469049999999974,0.15032099999999993,0.299043300000001,0.17062650000000001,0.26625100000000046,0.286165000000004,0.946947999999999,0.6605600000000038,0.3055300000000045,0.5080829999999992,0.507012999999997,1.1242424,0.6301320000000032,0.7584370000000007,0.17085200000000356,0.295657999999996
1185,0.058593000000001894,0.1288840000000011,0.19176189999999949,0.08876300000000015,0.17189429999999994,0.11095869999999985,0.1621859999999984,0.19926300000000197,0.6731179999999988,0.47240999999999644,0.18039000000000271,0.3341549999999991,0.276803000000001,0.6812202000000003,0.33337000000000216,0.44800499999999843,0.1106060000000042,0.2498250000000013
1186,0.12329599999999985,0.3041260000000001,0.33745139999999996,0.16779299999999964,0.34398830000000125,0.1879995000000001,0.32155600000000106,0.3178920000000005,1.0820380000000007,0.7186499999999967,0.3138100000000037,0.5027860000000004,0.4320970000000024,1.1379574999999997,0.6836629999999957,0.7730299999999986,0.18672200000000316,0.35716099999999784
1187,0.06164200000000264,0.14049400000000034,0.18484929999999977,0.08971599999999924,0.1741173000000007,0.11220659999999993,0.15825900000000104,0.19045100000000303,0.6578230000000005,0.45847999999998024,0.17730000000000246,0.3129889999999982,0.25998300000000185,0.6660699000000001,0.3729820000000075,0.46425299999999936,0.11325700000000438,0.24292399999999503
1188,0.1038950000000014,0.26427900000000015,0.28614409999999957,0.14493000000000045,0.2869963000000002,0.16426300000000005,0.2402319999999989,0.24387800000000226,0.8707849999999979,0.5682999999999936,0.24537999999999727,0.4832479999999997,0.4480550000000001,0.9806016,0.5756000000000085,0.7264809999999997,0.16750700000000052,0.2757179999999977
1189,0.13537400000000233,0.33299000000000056,0.36416890000000013,0.1847770000000004,0.36979630000000085,0.20256380000000007,0.3244809999999987,0.33627500000000055,1.1362710000000007,0.7609799999999893,0.33065000000000566,0.543177,0.5565379999999998,1.2362687,0.7400300000000044,0.876450000000002,0.17673800000000028,0.34843899999999906
1190,0.10428800000000038,0.25354600000000005,0.28645609999999966,0.14494700000000016,0.29129430000000056,0.1666379,0.2635310000000004,0.29177800000000076,0.9813769999999984,0.6587499999999977,0.2719600000000071,0.4406429999999979,0.3702489999999976,1.051926,0.5281920000000042,0.6997090000000021,0.17286200000000207,0.3337620000000001
1191,0.08068500000000256,0.17462200000000117,0.24667429999999957,0.1135799999999989,0.22220930000000116,0.1377440000000001,0.20810399999999873,0.25107100000000315,0.8448419999999999,0.5752699999999891,0.22892000000000223,0.4033599999999993,0.4285199999999989,0.8591375000000001,0.37033700000000636,0.5691109999999995,0.1402220000000014,0.29054699999999656
1192,0.09866000000000241,0.24131200000000064,0.27582289999999965,0.13966699999999932,0.28077930000000073,0.16209369999999979,0.25867799999999974,0.28840900000000147,0.9846059999999994,0.6626100000000008,0.2633200000000073,0.42980700000000027,0.37035000000000196,1.0083497000000001,0.497288999999995,0.6841350000000013,0.16599000000000075,0.3396589999999975
1193,0.08901100000000284,0.22629700000000064,0.2548161999999996,0.12885799999999925,0.2575883000000001,0.15091169999999998,0.2279669999999996,0.24864500000000334,0.8529829999999983,0.5663999999999874,0.2259600000000006,0.4288179999999997,0.3544879999999999,0.9210716000000003,0.4957330000000013,0.6482719999999986,0.15274900000000002,0.2916150000000002
1194,0.07010500000000164,0.16083099999999995,0.20117609999999964,0.10124099999999991,0.20020530000000036,0.12453460000000005,0.18842499999999873,0.21537800000000118,0.7606099999999998,0.5384899999999959,0.21125000000000682,0.3509309999999992,0.26794100000000043,0.7028904000000002,0.3941700000000026,0.5146809999999995,0.12606699999999904,0.28039299999999656
1195,0.14028900000000277,0.33743000000000123,0.3740825999999995,0.18867499999999993,0.38571130000000053,0.20847749999999987,0.369567,0.38513000000000375,1.217178999999998,0.8145299999999907,0.3582099999999997,0.5896760000000008,0.5612549999999992,1.2841131,0.7615229999999968,0.8678949999999972,0.18761100000000397,0.3857849999999985
1196,0.0895910000000022,0.23103300000000004,0.25725700000000007,0.13205199999999984,0.25183330000000126,0.15256729999999985,0.2138069999999992,0.23836700000000377,0.8131260000000005,0.5227099999999893,0.224410000000006,0.474657999999998,0.4294229999999999,0.9696379999999998,0.5066269999999946,0.6980590000000007,0.15558800000000161,0.2340109999999953
1197,0.08108700000000013,0.19699500000000114,0.23421950000000002,0.11794800000000016,0.236581300000001,0.14113350000000002,0.2143189999999997,0.24245100000000264,0.8060919999999996,0.5439499999999953,0.23050000000000637,0.39060599999999823,0.29721800000000087,0.8686941999999993,0.4522710000000103,0.5808420000000005,0.14546800000000104,0.2768919999999966
1198,0.08658500000000302,0.2215530000000001,0.2630301999999993,0.12261799999999923,0.2361443000000012,0.14553420000000017,0.20035799999999782,0.25184600000000046,0.8154399999999988,0.5519899999999893,0.23660999999999888,0.44110900000000086,0.43519099999999966,0.9978655999999999,0.4668609999999944,0.6384930000000004,0.14272100000000165,0.25510500000000036
1199,0.06503900000000229,0.14076500000000003,0.19694279999999953,0.0936799999999991,0.18161830000000023,0.11677869999999979,0.1680810000000008,0.206743000000003,0.6950280000000006,0.48000999999999294,0.18368999999999858,0.3287899999999979,0.293412,0.7088938999999996,0.36282000000001347,0.4775910000000003,0.11844299999999919,0.25293800000000033
1200,0.07163600000000159,0.16013200000000083,0.2319015999999996,0.10629600000000039,0.2085083000000001,0.13049709999999992,0.18921199999999772,0.23085999999999984,0.7617790000000007,0.51497999999998,0.22375999999999863,0.37629499999999894,0.3910260000000001,0.8639465,0.3779300000000063,0.5262649999999987,0.13116000000000128,0.26333100000000087
1201,0.06576100000000196,0.15029299999999957,0.18482980000000016,0.09307199999999938,0.18404430000000005,0.11581900000000012,0.170300000000001,0.19915900000000164,0.6776349999999987,0.46756999999999493,0.1778500000000065,0.3233099999999993,0.2325530000000029,0.6592113,0.37161700000000053,0.47082099999999727,0.11574999999999847,0.24792099999999806
1202,0.09003500000000031,0.22980800000000023,0.2551021999999996,0.12998599999999882,0.2561133000000009,0.15206860000000022,0.213162999999998,0.2508760000000052,0.8576209999999982,0.559110000000004,0.1994499999999988,0.4025439999999989,0.3621060000000007,0.9055947,0.5026309999999938,0.6465690000000031,0.1519790000000043,0.28565899999999544
1203,0.12768400000000213,0.30246300000000126,0.3509804999999995,0.17512599999999878,0.3588913000000016,0.19475350000000002,0.3411760000000008,0.3607370000000003,1.1882319999999993,0.7835199999999816,0.3264000000000067,0.5297659999999986,0.46771400000000085,1.1654577000000002,0.6323349999999976,0.8224000000000018,0.18681000000000125,0.40010699999999844
1204,0.09960400000000291,0.2434630000000002,0.27342520000000015,0.136336,0.27587330000000065,0.15804660000000004,0.24994799999999984,0.2626339999999985,0.896138999999998,0.6018799999999942,0.25488,0.4358639999999987,0.3476670000000013,0.9572343000000005,0.5232000000000028,0.6587010000000006,0.16041700000000247,0.3053820000000016
1205,-9.9999e+98,0.10672300000000057,0.14001989999999953,0.06602400000000053,0.12210630000000045,0.08511300000000022,0.11844800000000077,0.1290869999999984,0.5254179999999984,0.3892099999999914,0.16306000000000154,0.2528109999999977,0.20122500000000088,0.5231149000000004,0.26459699999999486,0.3007189999999973,0.05094799999999822,0.20353599999999972
1206,0.10851800000000011,0.24725899999999967,0.28692779999999996,0.14581899999999948,0.2937493,0.16814509999999983,0.26773199999999875,0.29324600000000345,0.983274999999999,0.6613199999999892,0.28494999999999493,0.44928299999999766,0.4166509999999981,1.0809044000000005,0.5588649999999973,0.703600999999999,0.16642399999999924,0.33021300000000053
1207,0.0858300000000014,0.22459600000000002,0.2525271,0.12454199999999993,0.24422730000000037,0.1475171999999998,0.21223600000000076,0.24709299999999956,0.8264600000000009,0.5556699999999921,0.23346999999999696,0.4176569999999984,0.38019299999999845,0.9722629999999999,0.4776690000000059,0.6444310000000009,0.1518739999999994,0.27205800000000124
1208,0.1163310000000024,0.27746400000000015,0.30586229999999937,0.15604300000000038,0.3120283000000015,0.17717550000000015,0.2790770000000009,0.3166530000000023,1.0711189999999995,0.7138699999999858,0.2795100000000019,0.47605700000000084,0.46768199999999993,1.1228243999999998,0.5301589999999976,0.7471070000000033,0.1785470000000018,0.3566019999999952
1209,0.07926000000000144,0.19400700000000093,0.2264349999999995,0.11340799999999973,0.2288433000000012,0.1365457000000001,0.20875299999999797,0.22726000000000113,0.7670189999999977,0.5184299999999951,0.23225999999999658,0.38303499999999957,0.2935930000000013,0.8530196000000005,0.43807599999999525,0.5541680000000007,0.14185300000000467,0.264012000000001
1210,0.11711900000000242,0.2847690000000007,0.31223519999999994,0.16056899999999885,0.3159933000000006,0.1780377999999998,0.2881910000000012,0.26507600000000053,0.9785719999999998,0.6556099999999958,0.3008700000000033,0.5707880000000003,0.5527109999999986,1.1243363999999998,0.6661339999999996,0.8160910000000001,0.17628100000000302,0.2681490000000011
1211,0.10367500000000263,0.24881500000000045,0.2843992000000002,0.14019799999999982,0.28751130000000025,0.16126249999999986,0.27077699999999894,0.2655500000000046,0.9007329999999989,0.6027100000000019,0.2703900000000061,0.4206499999999984,0.3678309999999989,0.9668688999999997,0.5728599999999915,0.6398830000000011,0.16178800000000138,0.2998539999999963
1212,0.10825200000000024,0.2582900000000006,0.29079129999999953,0.1462450000000004,0.29646930000000005,0.1679906,0.2718899999999991,0.29053499999999843,0.9798009999999984,0.6558899999999994,0.2829899999999981,0.43689900000000037,0.3799009999999967,1.0440044999999998,0.5614900000000063,0.6998580000000025,0.17406000000000432,0.33506599999999764
1213,0.06489400000000245,0.1426860000000012,0.19519079999999978,0.09411799999999992,0.18101930000000088,0.11727489999999996,0.16699600000000103,0.20849900000000332,0.7187139999999985,0.5079899999999782,0.2005100000000084,0.3303009999999986,0.2987399999999987,0.7109534000000002,0.35703900000000033,0.4849420000000002,0.11720100000000144,0.2579409999999953
1214,0.10152500000000231,0.24554100000000112,0.2761705000000001,0.13991899999999902,0.280349300000001,0.1608605999999999,0.25567900000000066,0.2488129999999984,0.866810000000001,0.6182699999999954,0.2983600000000024,0.4847129999999993,0.4930439999999976,1.0655986999999998,0.6132900000000063,0.7223150000000018,0.16298100000000204,0.2718139999999991
1215,0.06908699999999968,0.1631809999999998,0.19994219999999974,0.09912499999999902,0.20020730000000064,0.12175760000000002,0.18700199999999967,0.2018899999999988,0.6975099999999976,0.47048999999998387,0.19495000000000573,0.34535100000000085,0.2453349999999972,0.7059438,0.3745009999999951,0.4892360000000018,0.12398600000000215,0.25090900000000005
1216,0.07174000000000191,0.16119600000000034,0.2182202999999996,0.10383799999999965,0.20609330000000092,0.12722219999999984,0.19482999999999961,0.22957699999999903,0.7656789999999987,0.5213399999999808,0.2061300000000017,0.3611019999999989,0.3523530000000008,0.7805206,0.33636699999999564,0.5063670000000009,0.12616400000000283,0.2719939999999994
1217,0.1259490000000021,0.2982200000000006,0.3282688,0.16633199999999881,0.33482630000000135,0.18676879999999985,0.30472699999999975,0.34428199999999975,1.1399979999999985,0.7617199999999968,0.2984000000000009,0.4851390000000002,0.45460100000000025,1.1556068000000002,0.5698730000000012,0.7931659999999994,0.1836320000000029,0.3832930000000019
1218,0.07522000000000162,0.1656639999999996,0.21215889999999948,0.10339399999999976,0.20532830000000146,0.12681720000000007,0.1920199999999994,0.2236389999999986,0.7569619999999979,0.5184399999999982,0.2019200000000012,0.3646189999999976,0.2869230000000016,0.755433,0.3817710000000005,0.5164790000000004,0.1273650000000046,0.2727599999999981
1219,0.08068700000000106,0.2202920000000006,0.23493429999999993,0.12347100000000033,0.23380530000000022,0.1439632999999998,0.18753999999999849,0.21620000000000061,0.7507689999999982,0.4655599999999822,0.1894500000000079,0.40772799999999876,0.384917999999999,0.8646517999999999,0.45374499999999784,0.6589820000000017,0.14459099999999836,0.22458199999999806
1220,0.09405800000000042,0.22913100000000064,0.25681399999999943,0.12916599999999967,0.25971330000000137,0.1514818,0.2346509999999995,0.24351000000000056,0.8355549999999994,0.5682499999999777,0.25106999999999857,0.40745099999999823,0.3759799999999984,0.9529961,0.5193399999999997,0.6508420000000008,0.1527680000000018,0.2815249999999949
1221,0.07505400000000151,0.18188400000000016,0.22124260000000007,0.11132199999999948,0.22098230000000108,0.13481120000000013,0.20373400000000075,0.23557000000000272,0.8088239999999978,0.5566399999999874,0.20821000000000822,0.37309199999999976,0.28565299999999993,0.7771911000000005,0.4173229999999961,0.5520579999999988,0.13979900000000356,0.2898530000000008
1222,0.10193200000000147,0.2703199999999999,0.2860901999999994,0.14512999999999998,0.2849233000000009,0.16344160000000008,0.25166799999999867,0.2333539999999985,0.8578009999999985,0.5594799999999793,0.2504200000000054,0.48604299999999867,0.46093799999999874,0.9309494999999997,0.583950999999999,0.7394890000000025,0.17214100000000343,0.2403890000000004
1223,0.09926200000000307,0.2609570000000012,0.28732630000000015,0.1419169999999994,0.288336300000001,0.16169009999999995,0.26081299999999885,0.2657859999999985,0.9265109999999979,0.615949999999998,0.24438999999999567,0.41993799999999837,0.34660900000000083,0.9255621999999999,0.5256689999999935,0.6698880000000003,0.1635959999999983,0.3231040000000007
1224,0.10530300000000281,0.2397550000000006,0.2802207999999995,0.14274699999999996,0.28780730000000077,0.1655546000000001,0.263145999999999,0.2846019999999996,0.9723809999999986,0.6530199999999979,0.28632000000000346,0.4450909999999979,0.4211849999999977,1.0701080000000003,0.5404699999999991,0.6974529999999994,0.17015700000000322,0.32902099999999734
1225,0.1260600000000025,0.29960200000000015,0.3380079999999994,0.17118699999999976,0.34906530000000124,0.19237130000000002,0.3277940000000008,0.3615270000000024,1.1613799999999976,0.7694799999999873,0.3326799999999963,0.5424310000000006,0.49074500000000043,1.2133411999999995,0.6428010000000057,0.8218579999999989,0.19486500000000007,0.3870199999999997
1226,0.12337400000000187,0.2902129999999996,0.3100923999999994,0.15866800000000048,0.3199393000000015,0.1813619000000002,0.29321799999999953,0.3226100000000045,1.0724389999999993,0.72269,0.31414999999999793,0.5076499999999982,0.5647950000000002,1.2005282,0.6221149999999938,0.7575900000000004,0.17875000000000085,0.3448190000000011
1227,0.09105900000000133,0.2527050000000006,0.2732663999999998,0.1332229999999992,0.2709243000000008,0.1531693999999999,0.24429599999999851,0.2399249999999995,0.8874119999999976,0.5984399999999823,0.22159000000000617,0.3565070000000006,0.29889100000000113,0.8068960000000001,0.49144699999999375,0.6108699999999985,0.15230199999999883,0.3110679999999988
1228,0.09769800000000117,0.23963100000000104,0.2686738000000002,0.13476,0.27257130000000096,0.15710140000000017,0.25024600000000063,0.2587600000000023,0.869415,0.5953499999999963,0.2665800000000047,0.414635999999998,0.4004089999999998,0.9930905999999995,0.5618730000000056,0.6587919999999983,0.16320000000000334,0.28713099999999514
1229,0.1188040000000008,0.2700849999999999,0.3056706999999994,0.1558969999999995,0.3115073000000006,0.17676110000000023,0.2741119999999988,0.30716600000000227,1.0221969999999985,0.67743999999999,0.27710000000000434,0.4805880000000009,0.42280600000000135,1.1222589000000003,0.5800849999999969,0.757988000000001,0.1789710000000042,0.33054899999999776
1230,0.1184490000000018,0.2805049999999998,0.3068988999999993,0.1568000000000005,0.3149953000000014,0.17877490000000007,0.28648899999999955,0.3220719999999986,1.0724060000000009,0.7187799999999811,0.29944000000000415,0.47920299999999827,0.4538000000000011,1.1544818000000001,0.5752700000000033,0.7583739999999999,0.18040200000000084,0.36015199999999936
1231,0.10598200000000091,0.26656499999999994,0.29091250000000013,0.14488500000000037,0.2872083000000014,0.16732270000000016,0.2584459999999993,0.2857540000000043,0.9546120000000009,0.6607899999999916,0.2982200000000006,0.5048709999999978,0.5287879999999987,1.1578133999999993,0.6006210000000038,0.7333630000000007,0.1621200000000016,0.3011070000000018
1232,-9.9999e+98,0.10850800000000049,0.1598695999999995,0.0750869999999999,0.14351730000000096,0.09544340000000018,0.1375239999999991,0.14758900000000352,0.5851119999999987,0.4262899999999945,0.17461000000000126,0.2837609999999984,0.236460000000001,0.5881119999999997,0.2924650000000071,0.3664810000000003,0.05102899999999977,0.22227099999999922
1233,0.12504100000000307,0.3083650000000002,0.32545039999999936,0.1678569999999997,0.3374043000000011,0.1904499999999998,0.308720000000001,0.35830800000000096,1.1553249999999977,0.7733299999999872,0.33079999999999643,0.534402,0.583162999999999,1.2763998999999995,0.6326040000000006,0.8052309999999991,0.18900899999999865,0.3800159999999977
1234,0.06948300000000174,0.16127700000000011,0.21670959999999972,0.10126599999999897,0.19890330000000134,0.12493059999999989,0.18388299999999802,0.22282500000000027,0.739649,0.5032099999999957,0.2014599999999973,0.34720199999999934,0.32364800000000216,0.7771650999999995,0.37018000000000484,0.5076479999999997,0.12469399999999808,0.2646119999999996
1235,0.10784100000000052,0.2512460000000001,0.28429029999999944,0.14374399999999987,0.2882573000000015,0.1648328000000001,0.2596229999999977,0.2738700000000023,0.9200169999999979,0.628879999999981,0.2769399999999962,0.4465319999999977,0.4282350000000008,1.0442216999999996,0.581245999999993,0.7161919999999995,0.17364700000000255,0.30008799999999525
1236,0.13368800000000292,0.3297749999999997,0.3558028999999996,0.18471800000000016,0.36608529999999995,0.20404020000000012,0.3089359999999992,0.35257500000000164,1.1646649999999994,0.7558099999999968,0.3209099999999978,0.5809829999999998,0.5951169999999983,1.3309645000000003,0.720759000000001,0.8853380000000008,0.18694500000000147,0.3524969999999996
1237,0.12313600000000235,0.295655,0.3193487999999993,0.16253700000000038,0.3294373000000004,0.1848535,0.30354799999999926,0.32674300000000045,1.081070999999998,0.727249999999998,0.3215200000000067,0.5180879999999988,0.5116070000000015,1.2085605,0.6553900000000112,0.7807659999999998,0.1832679999999982,0.35185599999999795
1238,0.08065300000000164,0.18462000000000067,0.24621669999999973,0.11676100000000034,0.2292973000000007,0.1404683000000002,0.20343499999999892,0.24059000000000452,0.8013699999999986,0.5427499999999839,0.22718000000000416,0.39100699999999833,0.3729830000000014,0.9221079999999997,0.44242600000001175,0.5948279999999997,0.13954600000000283,0.26922799999999825
1239,0.11336000000000013,0.2674330000000005,0.30102229999999963,0.1494149999999994,0.30589630000000056,0.17031170000000007,0.28437800000000024,0.2891300000000001,0.9982819999999997,0.6619799999999998,0.27890000000000725,0.45432599999999823,0.35029699999999764,1.0161995,0.5654439999999994,0.6917340000000003,0.16718500000000347,0.3360709999999969
1240,0.08284599999999998,0.19758799999999965,0.24366019999999988,0.12005499999999891,0.24014230000000047,0.14383480000000004,0.21898999999999802,0.24146100000000104,0.805962000000001,0.5522399999999834,0.24642000000000053,0.40009999999999835,0.4010050000000014,0.9527092000000001,0.4778689999999983,0.5953330000000001,0.148887000000002,0.2638869999999969
1241,0.07806300000000022,0.19544800000000073,0.22552599999999945,0.11309600000000053,0.22565330000000117,0.13596319999999995,0.20349299999999815,0.23320400000000063,0.791091999999999,0.5382099999999923,0.20471000000000572,0.3687919999999991,0.26299900000000065,0.7986711,0.4367819999999938,0.5620090000000033,0.140428,0.2775970000000001
1242,0.05884100000000103,0.12322699999999998,0.2160232999999998,0.09024199999999993,0.1677603000000012,0.11215449999999993,0.15852899999999792,0.2078729999999993,0.7138719999999985,0.5215399999999875,0.21318000000000836,0.352017,0.35500100000000145,0.755458,0.2965339999999941,0.465208999999998,0.11102100000000092,0.2566440000000014
1243,0.11894900000000064,0.28249100000000027,0.3187413999999995,0.15904899999999955,0.3210393000000007,0.17824099999999987,0.28697400000000073,0.31094699999999875,1.0684129999999996,0.7080499999999859,0.25132999999999583,0.4328879999999984,0.36519799999999947,1.0369361000000001,0.5315120000000064,0.7407789999999999,0.1723830000000035,0.3655350000000013
1244,0.09667300000000267,0.24368700000000132,0.27323070000000005,0.1389130000000005,0.2763323,0.16060629999999998,0.2380059999999986,0.26701600000000525,0.9189869999999978,0.604299999999995,0.2293200000000013,0.4249939999999981,0.3723610000000015,0.9867645000000005,0.5114099999999979,0.6879299999999979,0.1638590000000022,0.3056479999999979
1245,0.09843600000000308,0.2508390000000009,0.27413560000000015,0.13835599999999992,0.2738263000000014,0.16198239999999986,0.2450550000000007,0.2844570000000033,0.9573700000000009,0.6459600000000023,0.27058999999999855,0.4550529999999995,0.4672879999999999,1.0786474000000004,0.49900399999999934,0.6866500000000002,0.16252599999999973,0.32237599999999844
1246,0.09843600000000308,0.2508390000000009,0.27413560000000015,0.13835599999999992,0.2738263000000014,0.16198239999999986,0.2450550000000007,0.2844570000000033,0.9573700000000009,0.6459600000000023,0.27058999999999855,0.4550529999999995,0.4672879999999999,1.0786474000000004,0.49900399999999934,0.6866500000000002,0.16252599999999973,0.32237599999999844
1247,0.10510800000000131,0.24936700000000123,0.28091629999999945,0.13949399999999912,0.2845703000000004,0.16062490000000018,0.26398499999999814,0.2581210000000027,0.8769509999999983,0.6012099999999805,0.2758800000000008,0.42056699999999836,0.42089,1.0030872999999998,0.5917709999999943,0.6646600000000014,0.15919999999999845,0.2885750000000016
1248,0.09884600000000177,0.2612640000000006,0.28109189999999984,0.13977399999999918,0.27930030000000095,0.15908480000000003,0.23695499999999825,0.23996800000000462,0.8402519999999996,0.5502999999999929,0.22823999999999955,0.4360369999999989,0.40584300000000084,0.9009667000000006,0.5524840000000069,0.6858210000000007,0.1619010000000003,0.2742939999999976
1249,0.13510300000000086,0.3389559999999996,0.36997639999999965,0.18547599999999953,0.37896530000000084,0.20410620000000002,0.3577389999999987,0.3373589999999993,1.1305999999999976,0.7886499999999899,0.36654000000000053,0.5477969999999992,0.6268410000000024,1.2390040999999998,0.7964209999999952,0.8487569999999991,0.17584700000000453,0.3459349999999972
1250,0.117363000000001,0.27622700000000044,0.3091900000000001,0.15572899999999912,0.3135653000000005,0.17575010000000013,0.27614499999999964,0.29566799999999915,1.0020670000000003,0.6593000000000018,0.2660099999999943,0.4919489999999982,0.40415199999999984,1.0657907000000009,0.5870209999999929,0.7523359999999997,0.17742600000000408,0.33339699999999794
1251,0.06929700000000238,0.14684399999999975,0.22906179999999932,0.09971599999999903,0.18624730000000156,0.12274679999999982,0.17359099999999827,0.22888800000000487,0.7854689999999991,0.5679899999999805,0.23328999999999667,0.3745459999999987,0.3736430000000013,0.8117756000000003,0.34394100000000094,0.5214300000000023,0.12257500000000476,0.2801849999999959
1252,0.06284800000000246,0.1298010000000005,0.1989668,0.09080599999999883,0.17511230000000033,0.11350440000000006,0.1633029999999991,0.20278000000000418,0.6782269999999997,0.4661699999999769,0.18323999999999785,0.3307779999999987,0.32034399999999863,0.7212167999999997,0.3288649999999933,0.449580000000001,0.11461900000000469,0.24416899999999941
1253,0.0433380000000021,0.1366890000000005,0.17078019999999938,0.08456499999999956,0.1693213,0.10624520000000004,0.158376999999998,0.16694000000000386,0.6018609999999995,0.4107300000000009,0.1680199999999985,0.30295899999999776,0.20778100000000066,0.6035425000000005,0.32966900000000976,0.40721900000000133,0.10476799999999997,0.22343099999999794
1254,0.10271600000000092,0.2396520000000013,0.2869798000000001,0.1420110000000001,0.28155530000000084,0.16295819999999983,0.26333999999999946,0.26518099999999833,0.909434000000001,0.6534399999999891,0.31167000000000655,0.5416399999999975,0.5708270000000013,1.1347794000000002,0.6216750000000104,0.7476090000000006,0.16417700000000224,0.2710379999999972
1255,0.08822800000000086,0.21143100000000103,0.24500469999999996,0.1239429999999988,0.2475833000000005,0.14625850000000007,0.2250249999999987,0.2354790000000051,0.7904979999999995,0.5555899999999951,0.25825000000000387,0.41470899999999844,0.4048269999999974,0.9577393000000001,0.518416000000002,0.6377120000000005,0.15073000000000292,0.2563689999999994
1256,0.07046900000000278,0.14862300000000062,0.23229349999999993,0.100992999999999,0.1876533000000009,0.12343860000000006,0.16141999999999967,0.22141500000000036,0.7197789999999991,0.4880100000000027,0.18108999999999753,0.3546079999999989,0.3523619999999994,0.7597870999999996,0.39231399999999894,0.5330189999999995,0.12060600000000221,0.241143000000001
1257,0.12215100000000234,0.30960800000000077,0.3365467999999998,0.16788200000000053,0.3390633000000012,0.18509770000000003,0.31125899999999973,0.28575500000000176,0.9976899999999986,0.697669999999988,0.3189700000000073,0.49355500000000063,0.5218159999999976,1.0861082,0.7144070000000085,0.7946519999999992,0.17115600000000342,0.30093799999999504
1258,0.11146300000000053,0.2879860000000001,0.30358149999999995,0.15353700000000003,0.30230630000000147,0.1708191000000001,0.2586750000000002,0.23629999999999995,0.8894880000000001,0.5688399999999945,0.24711999999999534,0.4984509999999993,0.47752399999999895,0.9487168000000006,0.6204539999999952,0.7509720000000009,0.18108900000000006,0.25747099999999534
1259,0.09516900000000206,0.23377300000000112,0.2900361,0.13504000000000005,0.2633423000000015,0.15799800000000008,0.23133599999999888,0.2692210000000017,0.8847379999999987,0.6210499999999968,0.288880000000006,0.5178009999999986,0.5379240000000003,1.1177460999999997,0.5578179999999975,0.7053249999999984,0.1558509999999984,0.27174699999999774
1260,0.12996800000000164,0.32268400000000064,0.34558989999999934,0.17700899999999997,0.35614729999999994,0.19826569999999988,0.3256049999999995,0.3900130000000033,1.2037790000000008,0.8056199999999762,0.3363899999999944,0.5456970000000005,0.5751159999999977,1.2946206,0.6610070000000121,0.8443630000000013,0.20310400000000328,0.39236700000000013
1261,0.12053200000000075,0.3104230000000001,0.33377949999999945,0.16660699999999906,0.33664930000000126,0.18466519999999997,0.28796600000000083,0.2843390000000028,1.0090889999999995,0.6459199999999896,0.2495100000000008,0.4769709999999989,0.4641100000000016,1.0393454000000002,0.6585570000000018,0.7713579999999993,0.1747969999999981,0.3310369999999949
1262,0.12007400000000246,0.3055140000000005,0.3286825999999996,0.16348699999999994,0.3308593000000002,0.18054009999999998,0.305651000000001,0.26652899999999846,0.9538440000000001,0.661389999999983,0.3059200000000004,0.48931400000000025,0.5085380000000015,1.0440163,0.7133060000000029,0.7803539999999991,0.17859800000000092,0.2828749999999971
1263,0.1209699999999998,0.29797600000000024,0.32718880000000006,0.16300599999999932,0.33098530000000004,0.18219960000000013,0.2985459999999982,0.3029289999999989,1.0325810000000004,0.6857699999999909,0.28520000000000323,0.49209699999999756,0.4171800000000019,1.0670551000000001,0.6417400000000129,0.7617809999999992,0.17929300000000126,0.3456520000000012
1264,0.10005100000000056,0.22856400000000043,0.26785869999999967,0.13570099999999918,0.27349530000000044,0.15862890000000007,0.2528480000000002,0.2779689999999988,0.9457069999999987,0.6350199999999973,0.2679600000000022,0.44743199999999916,0.34747799999999884,1.0040284000000002,0.4905990000000031,0.6683470000000007,0.1657200000000003,0.3337879999999984
1265,0.09619700000000009,0.21981000000000073,0.27125049999999984,0.13549599999999984,0.2693203000000004,0.15933069999999994,0.2479300000000002,0.2887759999999986,0.9688659999999985,0.6516599999999926,0.2669700000000006,0.4415009999999988,0.43809699999999907,1.0151215000000002,0.4763599999999997,0.6716230000000003,0.16250800000000254,0.33462699999999757
1266,0.05917000000000172,0.12256900000000037,0.21516380000000002,0.09189299999999889,0.17069530000000022,0.11444140000000003,0.1572579999999988,0.2093940000000032,0.7025039999999976,0.48905999999999494,0.18562000000000012,0.34295399999999887,0.39374099999999856,0.7823504999999997,0.3230040000000116,0.4534330000000004,0.11174600000000368,0.2497329999999991
1267,0.12178600000000017,0.2756260000000008,0.3151577999999997,0.1541959999999989,0.309769300000001,0.17737930000000013,0.2869589999999995,0.33253900000000414,1.0847969999999982,0.7232499999999789,0.31436000000000774,0.5308250000000001,0.6183790000000009,1.1937531000000003,0.553442000000004,0.7401340000000012,0.1691059999999993,0.3551390000000012
1268,0.07744100000000032,0.18082000000000065,0.23906889999999947,0.11322099999999935,0.2208583000000015,0.13761579999999984,0.20558099999999868,0.24388199999999927,0.8578499999999991,0.5952299999999866,0.22162000000000148,0.3972599999999993,0.3827360000000013,0.8357099999999997,0.39050899999999444,0.5735759999999992,0.13620399999999933,0.29900999999999556
1269,0.11431800000000081,0.2679690000000008,0.30579469999999986,0.15308999999999884,0.3125783000000002,0.1741592999999999,0.2935610000000004,0.3005070000000032,1.0395889999999994,0.6912199999999871,0.29343000000000075,0.4859240000000007,0.36158400000000057,1.0551538999999996,0.5753440000000012,0.7318500000000014,0.16726799999999997,0.3563079999999985
1270,0.10114100000000192,0.24864200000000025,0.2817924999999999,0.14237900000000003,0.28639030000000076,0.1641938999999999,0.2608700000000006,0.28450700000000495,0.9734869999999987,0.6535999999999831,0.270300000000006,0.4592150000000004,0.34595700000000207,1.0287442000000002,0.5251420000000024,0.7015309999999992,0.17001100000000235,0.33581499999999664
1271,0.08876000000000062,0.21905399999999986,0.2483619999999993,0.12411200000000022,0.25082430000000144,0.1468351000000001,0.22908699999999982,0.2467800000000011,0.8445129999999992,0.5684799999999939,0.23686000000000718,0.4051860000000005,0.30823400000000234,0.8865032999999993,0.473433,0.6011890000000015,0.14887500000000387,0.292349999999999
1272,0.11578700000000097,0.2706110000000006,0.29692909999999983,0.1517319999999991,0.3062333000000006,0.1745407000000001,0.28078800000000115,0.3133770000000027,1.0420569999999998,0.6971599999999967,0.3015800000000013,0.4883659999999992,0.5328099999999978,1.1430493000000004,0.5726760000000013,0.7219690000000014,0.17360599999999948,0.3440079999999952
1273,0.10049500000000222,0.24114500000000127,0.2769465999999996,0.13961699999999944,0.2803503000000003,0.16142060000000003,0.253385999999999,0.271999000000001,0.9520859999999978,0.6384400000000028,0.2545999999999964,0.4251219999999982,0.34023600000000087,0.9919511999999999,0.505361999999991,0.6786449999999995,0.16656700000000058,0.32748799999999534
1274,0.07680700000000229,0.1708790000000011,0.22789289999999962,0.1080849999999991,0.21231329999999993,0.1321032999999998,0.19255099999999814,0.23671600000000126,0.7751850000000005,0.5266299999999831,0.2123899999999992,0.3634479999999982,0.3434299999999979,0.8299471,0.40135099999999113,0.5454390000000018,0.1324380000000005,0.26911799999999886
1275,0.1119550000000018,0.26489600000000024,0.3027894999999994,0.15288900000000005,0.3102543000000004,0.174728,0.28620799999999846,0.30463900000000166,1.040382000000001,0.6946299999999894,0.2993600000000072,0.48404899999999884,0.40069799999999844,1.0934386000000007,0.5735310000000027,0.7332500000000017,0.17442700000000144,0.3522029999999958
1276,0.08515799999999984,0.21931299999999965,0.2487459999999997,0.12423199999999923,0.2502683000000001,0.14671069999999986,0.22812700000000063,0.24500700000000109,0.8533970000000011,0.5754599999999925,0.23041000000000622,0.4005100000000006,0.291364999999999,0.8679446999999998,0.47416699999999423,0.6020140000000005,0.14732200000000262,0.29503299999999655
1277,0.11903900000000078,0.29018300000000075,0.3257026999999999,0.15956199999999932,0.3264653000000006,0.17762920000000015,0.309587999999998,0.3076640000000026,1.0937370000000008,0.7433599999999956,0.2659400000000005,0.4405619999999999,0.3178289999999997,0.9497049000000004,0.5353360000000009,0.7263789999999979,0.1610560000000021,0.3921670000000006
1278,0.10430900000000065,0.24233599999999988,0.2797362999999997,0.13823599999999914,0.28279730000000036,0.1589375999999998,0.27110899999999916,0.27062600000000003,0.9505479999999977,0.6357299999999952,0.2592599999999976,0.44225099999999884,0.3038339999999984,0.9271007999999998,0.4825840000000028,0.6553189999999987,0.1618180000000038,0.3338770000000011
1279,0.10434600000000316,0.23923000000000094,0.28052419999999945,0.13824400000000026,0.2842203000000012,0.15911620000000015,0.2717080000000003,0.26435599999999937,0.9317059999999984,0.6157199999999818,0.2621900000000039,0.4368409999999976,0.3156940000000006,0.9233488999999997,0.5143920000000008,0.6489790000000006,0.16367400000000032,0.317028999999998
1280,0.11682599999999965,0.265822,0.3086845999999994,0.15138999999999925,0.2995853000000004,0.17292269999999998,0.26861900000000105,0.2893720000000002,0.982175999999999,0.6991099999999904,0.32998000000000616,0.5670599999999979,0.6111529999999981,1.2335708000000007,0.6515449999999987,0.7787310000000005,0.1714550000000017,0.2973360000000014
1281,0.0777770000000011,0.18161000000000094,0.21444439999999965,0.10925100000000043,0.21127830000000003,0.13100159999999983,0.1787089999999978,0.21645800000000293,0.7001880000000007,0.4675100000000043,0.1955899999999957,0.37114599999999953,0.3380490000000016,0.8193115999999998,0.44873800000000585,0.584028,0.13467400000000396,0.23289299999999713
1282,0.10285900000000225,0.24898600000000037,0.2784246999999995,0.13980699999999935,0.2822723000000007,0.16131280000000014,0.25629999999999953,0.266922000000001,0.9021329999999992,0.6114699999999971,0.2715199999999953,0.4518129999999978,0.39166299999999765,1.0068880999999994,0.5696279999999945,0.6930329999999998,0.1662370000000024,0.2986369999999994
1283,0.1096950000000021,0.2619720000000001,0.29232679999999966,0.1449719999999992,0.29547530000000144,0.1648985999999999,0.2743390000000012,0.2569920000000039,0.8827119999999979,0.6118699999999819,0.2928200000000061,0.4639020000000009,0.4488810000000001,1.0272626999999996,0.632308000000009,0.7047649999999983,0.16668299999999903,0.28616199999999736
1284,0.09373300000000029,0.22000200000000092,0.2788214999999994,0.13345699999999994,0.26208530000000074,0.15740160000000003,0.232803999999998,0.2757870000000011,0.9206099999999999,0.6239399999999762,0.26242000000000587,0.45856900000000067,0.49564200000000014,1.0835713999999994,0.49346300000000554,0.6630329999999987,0.1581200000000038,0.3002029999999962
1285,0.12480800000000158,0.30474599999999974,0.33429229999999954,0.16687399999999997,0.33934630000000077,0.18630410000000008,0.3124070000000003,0.3076630000000051,1.0391429999999993,0.7047299999999836,0.3135300000000001,0.5057580000000002,0.4709829999999968,1.139227,0.7042370000000062,0.7926980000000015,0.18825700000000012,0.33982199999999807
1286,0.12398200000000159,0.3136240000000008,0.3375225999999998,0.16930599999999885,0.3452553000000016,0.18640610000000013,0.3386849999999981,0.27410700000000077,1.008416999999998,0.7385199999999941,0.3595499999999987,0.555136000000001,0.6492259999999987,1.1366814000000005,0.8100760000000093,0.7939860000000003,0.1787920000000014,0.2825989999999976
1287,0.10564400000000163,0.2608150000000009,0.2902282999999999,0.14487800000000028,0.2946293000000004,0.1657411999999998,0.26975399999999894,0.27361799999999903,0.9321079999999995,0.6279600000000016,0.27925000000000466,0.46732199999999935,0.403493000000001,1.0144336000000003,0.5913299999999992,0.6989410000000014,0.16497700000000037,0.3167350000000013
1288,0.09875800000000012,0.24768800000000013,0.2745356999999995,0.13591899999999946,0.2754943000000001,0.1567753999999999,0.24827499999999958,0.24982400000000382,0.8655830000000009,0.5816999999999837,0.2467500000000058,0.4273780000000009,0.36125900000000044,0.9299051,0.5317090000000064,0.6527259999999977,0.16039200000000164,0.2924769999999981
1289,0.0852150000000016,0.19592700000000107,0.2387825999999995,0.12103199999999958,0.24190630000000013,0.14466050000000008,0.2192380000000007,0.24598100000000045,0.818446999999999,0.5557000000000016,0.24375000000000568,0.3928079999999987,0.35446500000000114,0.9433812999999995,0.4684299999999979,0.5982130000000012,0.15191599999999994,0.27254299999999887
1290,0.10861099999999979,0.2695299999999996,0.2920404999999997,0.14939999999999998,0.29722130000000035,0.17117799999999983,0.26537700000000086,0.31277800000000155,1.0505530000000007,0.7014999999999816,0.2667900000000003,0.4698910000000005,0.4851949999999974,1.0737819000000002,0.49018999999999835,0.7228329999999978,0.17005499999999785,0.35264000000000095
1291,0.10500800000000154,0.24616400000000027,0.2878886999999999,0.14386399999999888,0.2872323000000012,0.16448829999999992,0.2764540000000011,0.2569990000000004,0.9286259999999977,0.6770399999999768,0.3418800000000033,0.5942009999999982,0.662116000000001,1.2068687000000002,0.6236530000000045,0.7740950000000026,0.1682040000000029,0.2688789999999983
1292,0.10583300000000051,0.26021099999999997,0.29263389999999934,0.1465329999999998,0.2924243000000004,0.16937060000000015,0.2688309999999987,0.3168980000000019,1.0503189999999982,0.7058199999999886,0.2841800000000063,0.4672920000000005,0.48600899999999925,1.0898554999999996,0.49462400000000173,0.7148610000000026,0.16888399999999848,0.3556919999999977
1293,0.08850800000000092,0.20894700000000022,0.24709229999999938,0.1255639999999989,0.25182130000000136,0.1491872999999999,0.23309599999999975,0.25480300000000256,0.884758999999999,0.5934399999999869,0.246610000000004,0.403967999999999,0.3570670000000007,0.9373011,0.4482990000000058,0.6204299999999989,0.14902500000000174,0.3052020000000013
1294,0.09269300000000058,0.2188560000000006,0.2658144999999994,0.13356600000000007,0.26456630000000025,0.1572258999999998,0.24355100000000007,0.28229100000000074,0.9721849999999996,0.6603099999999813,0.2543500000000023,0.4317139999999995,0.4400809999999993,0.9535826000000007,0.44713000000000136,0.6586269999999992,0.16011199999999803,0.3333239999999975
1295,0.12272800000000217,0.29833,0.3256983999999994,0.16229099999999974,0.3314913000000015,0.1822143999999999,0.3092359999999985,0.2871769999999998,0.9900069999999985,0.6841199999999787,0.3270700000000062,0.5066229999999976,0.5045540000000024,1.1355931999999997,0.7106759999999923,0.7648570000000028,0.18407200000000046,0.3150399999999962
1296,0.08435200000000265,0.19945099999999982,0.23635759999999983,0.12022799999999911,0.2392353000000007,0.1432443000000001,0.2152239999999992,0.2395479999999992,0.7981599999999993,0.5452300000000037,0.23765000000000214,0.3921549999999989,0.34740400000000093,0.9311363000000004,0.4703829999999982,0.6108100000000007,0.14812100000000328,0.26621399999999795
1297,0.09141600000000238,0.2196309999999997,0.25114829999999966,0.1265129999999992,0.25367430000000013,0.14934070000000021,0.23115400000000008,0.25259600000000404,0.8764660000000006,0.5925000000000011,0.23842000000000496,0.42180199999999957,0.301597000000001,0.9018022000000006,0.47846699999999487,0.6313919999999982,0.1489869999999982,0.30753099999999733
1298,0.08691800000000072,0.2192880000000006,0.24736569999999958,0.12707400000000035,0.24564830000000093,0.14971120000000004,0.19936299999999818,0.2523830000000018,0.8487529999999985,0.551809999999989,0.20682000000000755,0.37885599999999897,0.36818799999999996,0.9113277000000002,0.48021500000000117,0.6526990000000019,0.14583000000000368,0.2776589999999999
1299,0.11864100000000022,0.27291300000000085,0.3067240999999994,0.1561749999999993,0.31431330000000024,0.1776070999999999,0.2870989999999978,0.30630000000000024,1.0189219999999999,0.696029999999979,0.3067300000000017,0.48845599999999934,0.4674820000000004,1.1635464999999998,0.6417689999999965,0.7608019999999982,0.1756290000000007,0.3279659999999964
1300,0.09464499999999987,0.22854300000000016,0.26260890000000003,0.1319119999999998,0.26596730000000157,0.15458589999999983,0.24214100000000016,0.26170600000000377,0.8967479999999988,0.6026200000000017,0.25290999999999997,0.42115599999999986,0.32222499999999954,0.9522455999999995,0.49168800000001056,0.6389250000000004,0.15398700000000076,0.30618099999999515
1301,0.10754400000000075,0.25847700000000096,0.2915184000000002,0.14598900000000015,0.29562430000000006,0.16692600000000013,0.26983399999999946,0.27758500000000197,0.9429139999999983,0.6370299999999816,0.2819300000000027,0.4596659999999986,0.39473800000000026,1.0319979000000004,0.5820300000000032,0.7090829999999997,0.17466000000000292,0.31104299999999796
1302,0.10602000000000089,0.26010000000000133,0.29208259999999964,0.1473009999999988,0.29624130000000015,0.16828889999999985,0.2660839999999993,0.2866040000000041,0.9633250000000011,0.6477999999999895,0.27327999999999975,0.4444789999999976,0.39091399999999865,1.0431175000000001,0.5661099999999948,0.7176310000000008,0.17233600000000138,0.31911600000000107
1303,0.09350300000000189,0.24163200000000096,0.2659943,0.13214900000000007,0.25904530000000037,0.1556546000000001,0.22730100000000064,0.27281899999999837,0.9150469999999977,0.6111999999999966,0.2450900000000047,0.4392639999999979,0.44618199999999675,1.0140989999999999,0.46862999999999033,0.668839000000002,0.1546549999999982,0.30511200000000116
1304,0.094063000000002,0.23273600000000094,0.2657495999999995,0.13234499999999905,0.2677133000000005,0.15442270000000002,0.2494960000000006,0.2595150000000004,0.9245809999999999,0.6245999999999867,0.24312000000000467,0.4142539999999997,0.2835239999999999,0.9000483999999993,0.47878399999999033,0.6382259999999995,0.1534030000000044,0.3308189999999982
1305,0.09698200000000057,0.23958000000000013,0.27156939999999974,0.1385469999999991,0.2744263,0.1606911000000002,0.2387270000000008,0.27451900000000506,0.9451059999999991,0.6254699999999787,0.2311600000000027,0.4253719999999994,0.38957399999999964,0.9917588000000004,0.48610800000000154,0.6847470000000015,0.1644110000000012,0.31937599999999833
1306,0.08404400000000223,0.18761500000000098,0.23116670000000017,0.11700399999999966,0.23381529999999984,0.14042969999999988,0.21856100000000112,0.23852700000000482,0.831828999999999,0.5635199999999827,0.22993999999999915,0.40996900000000025,0.30933700000000286,0.8623742000000005,0.43964400000000126,0.5870229999999985,0.14678500000000128,0.29426300000000083
1307,0.11055500000000151,0.24711700000000114,0.29184699999999975,0.14795999999999943,0.2996943000000005,0.17055189999999998,0.27535299999999907,0.29464700000000477,0.9924210000000002,0.6674399999999991,0.29215999999999553,0.4713250000000002,0.49427999999999983,1.1061036,0.5846090000000004,0.7036060000000006,0.1629440000000031,0.3234870000000001
1308,0.07988500000000087,0.18735900000000072,0.23408309999999943,0.11661099999999891,0.23002330000000093,0.1403080000000001,0.2068399999999997,0.24322200000000294,0.8327659999999995,0.5668499999999881,0.2149299999999954,0.3763380000000005,0.3293510000000026,0.8458088000000004,0.4274059999999906,0.5842309999999991,0.14182600000000178,0.2872860000000017
1309,0.11635000000000062,0.2737809999999996,0.3099945000000002,0.1569029999999998,0.31809830000000083,0.17843710000000002,0.30205099999999874,0.3280320000000003,1.1023320000000005,0.7307899999999847,0.3029300000000035,0.5011639999999993,0.5220939999999992,1.1182971999999998,0.5297149999999959,0.7508319999999991,0.17276999999999987,0.36593399999999576
1310,0.12174500000000066,0.28955900000000057,0.31933209999999956,0.16207999999999956,0.3261593000000005,0.18288729999999997,0.2944040000000001,0.3146109999999993,1.0524629999999995,0.7087899999999934,0.30367999999999995,0.4895320000000005,0.4564610000000009,1.1623701999999998,0.642870000000002,0.7902510000000014,0.18340800000000002,0.3417209999999997
1311,0.09694200000000208,0.24930900000000022,0.2778041,0.13896199999999936,0.2800993000000016,0.16024020000000005,0.24960499999999897,0.26465400000000017,0.8953759999999988,0.5984200000000044,0.2516899999999964,0.44712200000000024,0.36564000000000263,0.9654404000000003,0.5309570000000008,0.6805090000000007,0.16302300000000258,0.3037179999999964
1312,0.11450600000000222,0.2788029999999999,0.3030526,0.15542899999999982,0.305162300000001,0.1735633000000001,0.26521100000000075,0.25773300000000177,0.9307300000000005,0.6119099999999946,0.27599999999999625,0.5245479999999993,0.5041860000000007,1.0685666000000005,0.6303680000000043,0.7866360000000014,0.18322299999999814,0.2679849999999959
1313,0.08852500000000063,0.20716400000000057,0.23950149999999937,0.12189500000000031,0.24345130000000026,0.14541100000000018,0.22005599999999959,0.24563900000000416,0.8318930000000009,0.5622400000000027,0.24680000000000746,0.41432999999999964,0.334379000000002,0.9253136999999994,0.4710060000000027,0.6118889999999979,0.1517470000000003,0.2872819999999976
1314,0.08852500000000063,0.20716400000000057,0.23950149999999937,0.12189500000000031,0.24345130000000026,0.14541100000000018,0.22005599999999959,0.24563900000000416,0.8318930000000009,0.5622400000000027,0.24680000000000746,0.41432999999999964,0.334379000000002,0.9253136999999994,0.4710060000000027,0.6118889999999979,0.1517470000000003,0.2872819999999976
1315,0.09553900000000226,0.24018799999999985,0.26523699999999995,0.13155099999999997,0.26739030000000064,0.1531140999999998,0.24459999999999837,0.24214100000000371,0.8360939999999992,0.5667599999999879,0.2523599999999959,0.42801899999999904,0.37479199999999935,0.9294840000000004,0.53879400000001,0.6376729999999995,0.1568979999999982,0.2837639999999979
1316,0.0780920000000016,0.18656900000000043,0.2414676,0.119451999999999,0.23913130000000038,0.1434631999999998,0.22184099999999773,0.2514070000000004,0.8497179999999993,0.5682199999999966,0.24248000000000047,0.3994889999999991,0.4337789999999977,0.9204239999999997,0.4063940000000059,0.5800870000000025,0.14714899999999886,0.28576899999999483
1317,0.111734000000002,0.2717159999999996,0.3077540000000001,0.1545930000000002,0.3101023000000005,0.17439209999999994,0.269953000000001,0.30110900000000385,1.0290689999999998,0.6713299999999833,0.2342299999999966,0.4281100000000002,0.39029800000000137,1.0398262000000003,0.5354480000000024,0.7263239999999982,0.17710600000000198,0.34351999999999805
1318,-9.9999e+98,0.10986300000000071,0.15404030000000013,0.07478099999999976,0.1430883000000005,0.09518819999999995,0.13562999999999903,0.14855100000000476,0.5799179999999993,0.4210199999999986,0.17051000000000727,0.2735449999999986,0.21731000000000122,0.5682094000000006,0.30512500000000387,0.3669159999999998,0.05252200000000329,0.21952399999999983
1319,-9.9999e+98,0.10986300000000071,0.15404030000000013,0.07478099999999976,0.1430883000000005,0.09518819999999995,0.13562999999999903,0.14855100000000476,0.5799179999999993,0.4210199999999986,0.17051000000000727,0.2735449999999986,0.21731000000000122,0.5682094000000006,0.30512500000000387,0.3669159999999998,0.05252200000000329,0.21952399999999983
1320,0.10130300000000148,0.2645180000000007,0.29172249999999966,0.14411499999999933,0.29266530000000124,0.16359510000000022,0.26349599999999995,0.2702629999999999,0.9419749999999993,0.6240599999999858,0.23716000000000292,0.4206140000000005,0.3495820000000016,0.9345523,0.5252169999999978,0.6754940000000005,0.16574100000000414,0.32767599999999675
1321,0.08874600000000044,0.21985200000000127,0.2483027,0.12655799999999928,0.2516663000000001,0.1493595000000001,0.22499999999999787,0.24407899999999927,0.8266179999999999,0.5658699999999897,0.24857000000000085,0.41463999999999857,0.3799720000000022,0.9707903999999994,0.507238000000001,0.6466409999999989,0.147783000000004,0.2710469999999958
1322,0.04247800000000268,0.13111800000000073,0.17636889999999994,0.08440599999999954,0.1634833000000011,0.10625550000000006,0.15164899999999903,0.18199900000000468,0.649722999999998,0.47060999999999353,0.19589000000000567,0.2868469999999981,0.20745700000000156,0.5785200999999995,0.34407600000000116,0.42851699999999937,0.10432800000000242,0.24311499999999597
1323,0.09726500000000016,0.24024900000000038,0.27011059999999976,0.13696200000000047,0.2734342999999999,0.1589383999999998,0.24463799999999836,0.2647260000000031,0.880668,0.6020699999999977,0.2664400000000029,0.43665799999999777,0.4131879999999981,1.0191271999999998,0.5525370000000009,0.6898839999999993,0.1614709999999988,0.2876890000000003
1324,0.09594200000000086,0.21379699999999957,0.2559274999999994,0.13013999999999903,0.26124230000000104,0.15419420000000006,0.23904899999999785,0.2716920000000016,0.912865,0.6110899999999901,0.260540000000006,0.4244889999999977,0.4738839999999982,0.9937953000000004,0.4598620000000011,0.6293090000000028,0.15468299999999857,0.30210699999999946
1325,0.08120400000000316,0.18507100000000065,0.2543822999999996,0.11769699999999972,0.23146930000000054,0.14174489999999995,0.21777799999999914,0.2534509999999983,0.8777889999999999,0.6002799999999979,0.2335599999999971,0.4097989999999996,0.4194020000000016,0.8663590000000001,0.37872899999999277,0.5846929999999979,0.14322500000000105,0.3026839999999993
1326,-9.9999e+98,0.12656500000000115,0.16370819999999942,0.07941899999999968,0.15902930000000026,0.1001508000000002,0.15228600000000014,0.14158100000000218,0.575564,0.39759999999998286,0.15515999999999508,0.2800869999999982,0.19506800000000268,0.5568171000000008,0.31151200000000756,0.38042000000000087,0.09618300000000346,0.21689399999999637
1327,0.13742600000000138,0.3332480000000011,0.3811649999999993,0.1898800000000005,0.38571230000000156,0.20645839999999982,0.36376200000000125,0.41723900000000214,1.3272069999999978,0.898239999999987,0.31951999999999714,0.5355469999999976,0.5070100000000011,1.1434040000000003,0.6088619999999878,0.8751269999999991,0.18125700000000222,0.45412100000000066
1328,0.13742600000000138,0.3332480000000011,0.3811649999999993,0.1898800000000005,0.38571230000000156,0.20645839999999982,0.36376200000000125,0.41723900000000214,1.3272069999999978,0.898239999999987,0.31951999999999714,0.5355469999999976,0.5070100000000011,1.1434040000000003,0.6088619999999878,0.8751269999999991,0.18125700000000222,0.45412100000000066
1329,0.11495100000000136,0.27176000000000045,0.3089276999999999,0.155994999999999,0.3128682999999999,0.17600440000000006,0.274324,0.30235700000000065,1.0358470000000004,0.6774999999999807,0.2515199999999993,0.4531179999999999,0.39840500000000034,1.0822270999999999,0.5380699999999905,0.7460750000000012,0.18032800000000293,0.3428439999999995
1330,0.09499800000000036,0.22708800000000018,0.26337730000000015,0.1346550000000004,0.26838230000000074,0.1579963000000002,0.24152499999999932,0.2746180000000038,0.9265869999999978,0.6240799999999922,0.2576800000000077,0.42781499999999895,0.38951399999999836,1.0129053,0.49160899999999685,0.6624979999999994,0.15982100000000088,0.31855999999999796
1331,0.1253460000000004,0.29420999999999964,0.3299569,0.16663899999999998,0.3393303000000003,0.18781589999999992,0.3188069999999996,0.3487930000000006,1.145029000000001,0.7570199999999829,0.3183599999999984,0.5354759999999992,0.5457199999999993,1.1758333000000007,0.5968140000000091,0.7902629999999995,0.18705400000000338,0.3686930000000004
1332,0.0894440000000003,0.22780000000000022,0.25963899999999995,0.12912399999999913,0.26238030000000023,0.1513532999999998,0.24519799999999847,0.2549720000000022,0.8859980000000007,0.5946799999999826,0.24148999999999887,0.41209599999999824,0.3129189999999973,0.8964654000000003,0.4933369999999968,0.6276429999999991,0.15325100000000447,0.31341400000000164
1333,0.0739350000000023,0.15956900000000118,0.22936399999999946,0.10514699999999877,0.20240230000000103,0.1291131000000001,0.1894430000000007,0.23482900000000484,0.8215669999999982,0.5935999999999808,0.24418000000000006,0.37744,0.3226060000000004,0.7879584000000004,0.3904419999999931,0.5527990000000003,0.13019299999999845,0.2980149999999995
1334,0.11878600000000006,0.28363900000000086,0.31627409999999934,0.15870099999999887,0.3210133000000006,0.17898460000000016,0.2905370000000005,0.30414800000000497,1.0200919999999982,0.6849199999999769,0.2948300000000046,0.49266700000000085,0.42095700000000136,1.0894450999999998,0.6341619999999892,0.763503,0.17394999999999783,0.33756599999999537
1335,0.11878600000000006,0.28363900000000086,0.31627409999999934,0.15870099999999887,0.3210133000000006,0.17898460000000016,0.2905370000000005,0.30414800000000497,1.0200919999999982,0.6849199999999769,0.2948300000000046,0.49266700000000085,0.42095700000000136,1.0894450999999998,0.6341619999999892,0.763503,0.17394999999999783,0.33756599999999537
1336,0.10856200000000271,0.26844800000000113,0.29730539999999994,0.1501380000000001,0.29997830000000114,0.16992569999999985,0.2673369999999977,0.27870700000000426,0.9465859999999999,0.6433799999999792,0.27988999999999464,0.4617769999999979,0.4397660000000023,1.0563174999999996,0.5919389999999964,0.7425710000000016,0.1772589999999994,0.3017910000000015
1337,0.07507500000000178,0.21281600000000012,0.22794209999999993,0.11395100000000014,0.22664030000000146,0.1353879,0.19274099999999805,0.20892200000000116,0.7392429999999983,0.4920799999999872,0.17567999999999984,0.3471209999999978,0.3121799999999979,0.7690502000000006,0.4684689999999989,0.5655619999999999,0.1412290000000027,0.2607619999999997
1338,0.10331600000000307,0.24660599999999988,0.28218869999999985,0.14174099999999967,0.28429030000000033,0.16356530000000014,0.2702539999999978,0.3038230000000013,1.0618850000000002,0.7552299999999832,0.30333000000000254,0.4334959999999981,0.3345059999999975,0.8792836999999998,0.4915139999999951,0.676791999999999,0.16922600000000187,0.38484100000000154
1339,0.12438400000000271,0.34510299999999994,0.3572645999999997,0.1758469999999992,0.35948330000000084,0.1914707,0.3417369999999984,0.28036800000000284,1.0039879999999997,0.700569999999999,0.32214000000000453,0.5094399999999979,0.5008949999999999,1.0612055000000007,0.7797350000000023,0.7827260000000003,0.18593299999999857,0.30160899999999913
1340,0.1088450000000023,0.25702800000000003,0.29001119999999947,0.1509489999999989,0.29582330000000034,0.17209999999999992,0.23916600000000088,0.2818230000000028,0.9689130000000006,0.6127899999999897,0.23807999999999652,0.47295599999999993,0.4646739999999987,1.130115,0.555876000000012,0.7470539999999986,0.17310100000000261,0.29990799999999496
1341,0.10545899999999975,0.2410690000000013,0.2793795000000001,0.14129099999999895,0.28460830000000037,0.16336439999999985,0.2622599999999977,0.2687530000000038,0.9042980000000007,0.6421899999999994,0.30052999999999486,0.4682320000000004,0.5210059999999999,1.0827108,0.5847890000000007,0.6837830000000018,0.16409300000000115,0.2811749999999975
1342,0.013851999999999975,0.10144600000000104,0.18739099999999986,0.08140500000000017,0.1445553000000004,0.1013440000000001,0.13614300000000057,0.18386300000000233,0.6507079999999981,0.4802099999999996,0.20387999999999806,0.3223090000000006,0.319898000000002,0.6976726000000002,0.28219299999999237,0.411365,0.09755300000000489,0.2367840000000001
1343,0.12401700000000204,0.296323000000001,0.31915229999999983,0.16606499999999969,0.3250673000000006,0.18670600000000004,0.2676060000000007,0.31902900000000045,1.059749,0.6841399999999851,0.28296000000000276,0.5547760000000004,0.5510809999999999,1.2550726,0.6373269999999991,0.8100529999999999,0.18953499999999934,0.3149319999999989
1344,0.11171099999999967,0.25569100000000056,0.2979655999999995,0.14634399999999914,0.3018723000000012,0.1665116000000002,0.2896169999999998,0.2755330000000029,0.9763649999999977,0.6396999999999764,0.26716000000000406,0.4411360000000002,0.34161299999999883,0.9559743000000003,0.5412419999999969,0.6727270000000019,0.16803600000000074,0.3291499999999985
1345,0.016035999999999717,0.11002200000000073,0.1929609999999995,0.08291900000000041,0.15617230000000148,0.10409420000000003,0.14635099999999923,0.18394899999999836,0.6316689999999987,0.43814999999997895,0.1723700000000008,0.3218840000000007,0.35453099999999793,0.7137273999999998,0.26981600000000583,0.3883739999999989,0.10032600000000258,0.2229549999999989
1346,0.07342200000000076,0.17717000000000027,0.2363995000000001,0.11190999999999995,0.22180330000000126,0.13610699999999998,0.2001249999999999,0.23701900000000364,0.7791829999999997,0.5286999999999864,0.2295000000000016,0.3793419999999976,0.3950790000000026,0.8988490000000002,0.41033500000000345,0.5518949999999982,0.1356439999999992,0.26274099999999834
1347,0.10190000000000055,0.24530799999999964,0.2780659999999999,0.140822,0.28245330000000024,0.1627417000000002,0.25589000000000084,0.2861990000000034,0.9648380000000003,0.6477799999999831,0.26246000000000436,0.4648129999999995,0.34894299999999845,1.0154198999999995,0.5186869999999999,0.6981959999999994,0.1700620000000015,0.33728200000000186
1348,0.07176300000000069,0.1597010000000001,0.22070770000000017,0.1016729999999999,0.19626630000000134,0.12518200000000013,0.17509099999999833,0.22117800000000187,0.7411059999999985,0.5108400000000017,0.19490000000000407,0.33416899999999927,0.3111619999999995,0.7499398999999993,0.397389000000004,0.5231950000000012,0.12447399999999931,0.26179499999999933
1349,0.11239800000000244,0.3042499999999997,0.32216929999999966,0.1608149999999995,0.32733330000000116,0.17617910000000014,0.32894999999999897,0.24527900000000358,0.9562600000000003,0.6859800000000007,0.33630999999999744,0.5388799999999989,0.5861349999999987,1.0689392,0.7391640000000024,0.781013999999999,0.16443000000000296,0.253110999999997
1350,0.008176000000002404,0.10656600000000083,0.17128409999999938,0.07710799999999907,0.1472023,0.09710509999999983,0.14151700000000034,0.15481700000000131,0.5914739999999981,0.42375999999998726,0.16304999999999836,0.3091469999999994,0.2549389999999967,0.6215786999999997,0.2664000000000044,0.3631469999999979,0.09284000000000248,0.21739900000000034
1351,0.06288400000000038,0.1437450000000009,0.18704169999999998,0.09382499999999894,0.18595430000000057,0.11633190000000004,0.17684799999999967,0.20576000000000505,0.6919989999999991,0.47736000000000445,0.18862000000000023,0.34663799999999867,0.27277099999999876,0.6849518000000003,0.33305599999999913,0.4686140000000023,0.11891599999999869,0.2557609999999997
1352,0.09503600000000034,0.23655199999999965,0.25958209999999937,0.13004499999999908,0.25971330000000137,0.15108040000000011,0.23218100000000064,0.24197699999999855,0.8114929999999987,0.5562799999999868,0.24814999999999543,0.40747799999999756,0.3919809999999977,0.9319537999999996,0.5272519999999901,0.6552790000000002,0.1534030000000044,0.26515899999999704
1353,0.08526800000000279,0.21783000000000108,0.24198629999999977,0.11984999999999957,0.24308930000000117,0.14196609999999987,0.22133600000000087,0.2261310000000023,0.7827249999999992,0.5282499999999857,0.23019000000000744,0.3928119999999993,0.3199299999999994,0.8601700000000001,0.47446799999998746,0.5856759999999994,0.14882800000000174,0.2734570000000005
1354,0.1266600000000011,0.3098559999999999,0.33515659999999947,0.1703159999999997,0.3436383000000003,0.19104680000000007,0.31551199999999824,0.34205599999999947,1.105281999999999,0.7538499999999999,0.32771999999999935,0.5139420000000001,0.504017000000001,1.2339241999999997,0.6972459999999927,0.8219409999999989,0.1960240000000013,0.3514429999999962
1355,0.08264000000000138,0.20998100000000086,0.2378827999999995,0.11830099999999888,0.23832830000000094,0.1408374000000001,0.21761000000000053,0.23226900000000228,0.8153369999999995,0.5512699999999882,0.21806999999999732,0.38072599999999923,0.2744339999999994,0.8184339999999999,0.45393699999999626,0.5760499999999986,0.1409179999999992,0.2844569999999962
1356,0.06434300000000093,0.13648599999999966,0.20346330000000012,0.09370799999999946,0.17982630000000022,0.1164130000000001,0.1688459999999985,0.2122799999999998,0.7195019999999985,0.5105899999999792,0.19948999999999728,0.34717299999999796,0.31025200000000197,0.7335690999999995,0.34459800000000484,0.483900000000002,0.11777899999999875,0.2649460000000019
1357,0.09095700000000306,0.23733999999999966,0.26155059999999963,0.13196100000000044,0.2633163000000014,0.1535755000000001,0.22675999999999874,0.25297300000000433,0.8639769999999984,0.5693299999999795,0.21208000000000027,0.4148469999999982,0.3518379999999972,0.9091905999999996,0.5040229999999895,0.6548879999999997,0.15409600000000268,0.2950049999999962
1358,0.09137899999999988,0.2206279999999996,0.2545069,0.128031,0.25806830000000147,0.1511423999999999,0.23510599999999826,0.2544409999999999,0.8654069999999976,0.5820599999999843,0.24960000000000093,0.39273999999999987,0.3407759999999982,0.9489158,0.482096999999996,0.6263140000000007,0.15257199999999926,0.28867299999999574
1359,0.09137899999999988,0.2206279999999996,0.2545069,0.128031,0.25806830000000147,0.1511423999999999,0.23510599999999826,0.2544409999999999,0.8654069999999976,0.5820599999999843,0.24960000000000093,0.39273999999999987,0.3407759999999982,0.9489158,0.482096999999996,0.6263140000000007,0.15257199999999926,0.28867299999999574
1360,0.10123800000000216,0.250649000000001,0.28026030000000013,0.14165099999999953,0.28427930000000146,0.16333650000000022,0.2552400000000006,0.2737410000000011,0.9464219999999983,0.6358199999999954,0.2629799999999989,0.4295790000000004,0.36532000000000053,1.0258022999999996,0.5210409999999968,0.6864969999999992,0.16975599999999957,0.3177829999999986
1361,0.0985950000000031,0.24059899999999956,0.2700870999999996,0.13671399999999956,0.2750583000000013,0.1591638999999998,0.250474999999998,0.2607590000000002,0.8856420000000007,0.6064199999999857,0.27324000000000126,0.4345089999999985,0.4168110000000027,1.0229599,0.5666069999999905,0.6866280000000025,0.16669600000000173,0.29481899999999683
1362,0.10113800000000239,0.2391470000000009,0.2719800000000001,0.1386029999999998,0.27602629999999984,0.16066409999999998,0.2474969999999992,0.267236000000004,0.8960159999999995,0.6157699999999977,0.2741800000000012,0.45283099999999976,0.4249969999999976,1.0447449000000004,0.5581990000000019,0.7028149999999975,0.16110499999999917,0.28969699999999676
1363,0.11561600000000283,0.2653930000000013,0.3073290999999996,0.15502899999999897,0.3050763000000014,0.17533749999999992,0.2687999999999988,0.29352200000000295,0.9870909999999995,0.6821099999999944,0.31414999999999793,0.5633890000000008,0.5688260000000014,1.2060097,0.640948999999992,0.7903349999999989,0.17636399999999952,0.295893999999997
1364,0.11049400000000276,0.2754340000000006,0.30816469999999985,0.1531489999999991,0.3127393000000005,0.1735487,0.2921130000000005,0.291006000000003,1.0403160000000007,0.6939600000000041,0.2797000000000054,0.45601299999999867,0.354928000000001,1.0338246,0.5641309999999891,0.7237729999999978,0.17830299999999966,0.36091899999999555
1365,0.12039600000000306,0.30230900000000105,0.32813869999999934,0.16265999999999892,0.3304943000000016,0.1812434999999999,0.2993249999999996,0.2929990000000018,1.0075690000000002,0.6716999999999871,0.2832300000000032,0.48514399999999824,0.42579100000000025,1.0540222000000004,0.6590649999999982,0.7582130000000014,0.1791820000000044,0.3342449999999957
1366,0.10457700000000258,0.2538650000000011,0.2874365999999995,0.1450490000000002,0.2930633,0.16688780000000003,0.2698129999999992,0.28827400000000125,0.998187999999999,0.6681499999999971,0.2759400000000056,0.437186999999998,0.3588300000000011,1.0513861000000002,0.5246640000000014,0.7015849999999979,0.17153700000000072,0.3437849999999969
1367,0.11120400000000075,0.2634679999999996,0.29722209999999993,0.15200199999999953,0.302938300000001,0.17286789999999996,0.2664650000000002,0.29202899999999943,0.9879129999999989,0.6598499999999774,0.2761600000000044,0.4781790000000008,0.43224599999999924,1.1092727,0.5819000000000045,0.7541989999999998,0.17820600000000297,0.3165520000000015
1368,0.11082100000000139,0.26631800000000005,0.2994702,0.14902599999999921,0.30175830000000126,0.16715919999999995,0.28467299999999796,0.25258200000000386,0.898028,0.6447699999999941,0.3013600000000025,0.4690039999999982,0.49904100000000184,1.0279932,0.6519469999999927,0.7278720000000014,0.17423699999999798,0.2740829999999974
1369,0.11294700000000191,0.2848760000000006,0.30854679999999934,0.1563049999999997,0.3118843000000009,0.1754030000000002,0.25669599999999804,0.2679150000000021,0.9521230000000003,0.6007299999999987,0.2335999999999956,0.4753799999999977,0.4608749999999979,1.0282198999999999,0.6159930000000031,0.7426500000000011,0.1799260000000018,0.3093280000000007
1370,0.0718960000000024,0.15624000000000038,0.2188694,0.10048299999999877,0.19440230000000014,0.1239564999999998,0.17362400000000022,0.2192720000000037,0.721467999999998,0.4938799999999901,0.18900000000000716,0.33987199999999973,0.3120170000000009,0.7738174000000004,0.3987339999999904,0.524049999999999,0.12501199999999812,0.2558840000000018
1371,0.11015800000000198,0.2772900000000007,0.30517089999999936,0.1514299999999995,0.3085263000000005,0.17159069999999987,0.2826360000000001,0.2827219999999997,0.9782979999999988,0.6538499999999772,0.2789099999999962,0.4621859999999991,0.38469900000000123,1.0231972999999996,0.5991829999999965,0.7039229999999996,0.17483000000000004,0.32906399999999536
1372,0.08136200000000215,0.1941070000000007,0.23404369999999997,0.11705899999999936,0.23580930000000144,0.14017750000000007,0.22018999999999878,0.23913100000000043,0.8303739999999991,0.5606599999999844,0.22433999999999799,0.39302100000000095,0.2823480000000025,0.8378010999999992,0.4252529999999979,0.5684160000000027,0.14356599999999986,0.2936520000000016
1373,0.07268400000000241,0.1723290000000013,0.21246279999999995,0.10516099999999895,0.20855330000000016,0.1287151999999998,0.19691100000000006,0.2245240000000024,0.8018499999999982,0.5752599999999859,0.2345499999999987,0.35399400000000014,0.25030100000000033,0.6967721999999998,0.4024789999999996,0.5241179999999979,0.13054300000000296,0.2968520000000012
1374,0.07683600000000013,0.1654239999999998,0.22966569999999997,0.10817199999999971,0.21291830000000012,0.13203280000000017,0.19816699999999798,0.23039200000000193,0.7893779999999992,0.5358499999999822,0.2173400000000072,0.37758699999999834,0.35035799999999995,0.8303955999999992,0.3782580000000024,0.5434760000000018,0.13516800000000018,0.277946
1375,0.06290399999999963,0.13433799999999962,0.20824249999999989,0.09432799999999908,0.17713730000000005,0.11690710000000015,0.1578949999999999,0.2075269999999989,0.6854809999999993,0.4693499999999915,0.18818000000000268,0.33917599999999837,0.3526290000000003,0.7495532000000003,0.3650050000000107,0.48723200000000233,0.11563600000000207,0.23886199999999747
1376,0.06290399999999963,0.13433799999999962,0.20824249999999989,0.09432799999999908,0.17713730000000005,0.11690710000000015,0.1578949999999999,0.2075269999999989,0.6854809999999993,0.4693499999999915,0.18818000000000268,0.33917599999999837,0.3526290000000003,0.7495532000000003,0.3650050000000107,0.48723200000000233,0.11563600000000207,0.23886199999999747
1377,0.0634900000000016,0.1381540000000001,0.20202359999999953,0.09318899999999886,0.17993330000000007,0.11617990000000011,0.16829500000000053,0.21203600000000478,0.7153419999999997,0.5036800000000028,0.19786999999999466,0.3314199999999978,0.3253420000000027,0.7168615000000003,0.3341959999999915,0.47300399999999954,0.11671700000000129,0.2594209999999961
1378,0.07623900000000106,0.16980200000000067,0.22264479999999942,0.10974899999999899,0.21673630000000088,0.13366610000000012,0.20266799999999918,0.2318470000000019,0.8057079999999992,0.5509399999999971,0.21511999999999887,0.3757160000000006,0.32528899999999794,0.8068106000000004,0.3933239999999927,0.5495589999999986,0.1376810000000006,0.28589900000000057
1379,0.07547100000000029,0.19141700000000128,0.22460479999999983,0.11293500000000023,0.2249313000000015,0.13546920000000018,0.19916299999999865,0.22767500000000496,0.7539020000000001,0.5079899999999782,0.206940000000003,0.3575879999999998,0.30681399999999925,0.8183078000000004,0.44312599999999236,0.5685880000000019,0.1399770000000018,0.2616429999999994
1380,0.09573500000000124,0.2951270000000008,0.2945196000000001,0.14832499999999982,0.30137430000000087,0.16192269999999986,0.3537239999999997,0.278369000000005,0.9692000000000007,0.640909999999991,0.3299300000000045,0.5511289999999995,0.6820570000000004,1.3028959000000002,0.9935010000000091,0.768416000000002,0.13798700000000252,0.2997170000000011
1381,0.10539500000000146,0.24166600000000038,0.2871594000000002,0.14595800000000025,0.29448630000000087,0.16810530000000012,0.2778950000000009,0.3082990000000052,1.034869999999998,0.6893000000000029,0.28388999999999953,0.4619359999999979,0.4710920000000023,1.0697261000000005,0.4851370000000088,0.7054040000000015,0.16868800000000306,0.34949100000000044
1382,0.09518399999999971,0.23890100000000025,0.2625234000000001,0.13475700000000046,0.26367030000000113,0.15565110000000004,0.22604199999999963,0.24992000000000303,0.8375059999999976,0.5634299999999826,0.25190000000000623,0.46105400000000074,0.43761300000000247,0.99918,0.5353269999999952,0.7010690000000004,0.15697600000000023,0.26472400000000107
1383,0.09539900000000046,0.23809199999999997,0.2686725000000001,0.13423699999999883,0.2701843000000004,0.1560343999999998,0.24272299999999802,0.2622910000000047,0.8808049999999987,0.5925599999999918,0.24672999999999945,0.40233399999999975,0.3482730000000025,0.9491458000000002,0.5062070000000034,0.6523910000000015,0.15666399999999925,0.29599699999999984
1384,0.08294700000000077,0.2086459999999999,0.23706210000000016,0.11907800000000002,0.23950929999999993,0.14219019999999993,0.21976399999999785,0.23900199999999927,0.8253880000000002,0.5570599999999786,0.23143000000000313,0.39953099999999964,0.29166199999999876,0.862082,0.456546000000003,0.5867539999999991,0.1476510000000033,0.2875919999999965
1385,0.13201700000000116,0.3212349999999997,0.35567230000000016,0.18127199999999988,0.3642063000000011,0.20087339999999987,0.32663499999999956,0.3740370000000013,1.2113720000000008,0.8010899999999879,0.3175099999999986,0.5280529999999999,0.5244910000000012,1.2591804,0.6490330000000029,0.857370999999997,0.18459299999999956,0.39333799999999997
1386,0.13201700000000116,0.3212349999999997,0.35567230000000016,0.18127199999999988,0.3642063000000011,0.20087339999999987,0.32663499999999956,0.3740370000000013,1.2113720000000008,0.8010899999999879,0.3175099999999986,0.5280529999999999,0.5244910000000012,1.2591804,0.6490330000000029,0.857370999999997,0.18459299999999956,0.39333799999999997
1387,-9.9999e+98,0.11258199999999974,0.15766100000000005,0.07532099999999886,0.1455673000000015,0.09589179999999997,0.13502799999999837,0.14956400000000514,0.558723999999998,0.3884299999999996,0.144369999999995,0.2628769999999996,0.22568399999999755,0.5622007,0.3028839999999917,0.34728799999999893,0.05714499999999845,0.2061039999999963
1388,0.07761500000000154,0.18194900000000125,0.22109489999999976,0.11153099999999938,0.22315530000000017,0.1349152,0.20937800000000095,0.23134600000000205,0.8034490000000005,0.5437799999999982,0.21765999999999508,0.38716600000000057,0.2937070000000013,0.8196430000000001,0.400377000000006,0.5522999999999989,0.1394680000000008,0.28218499999999835
1389,0.07099600000000095,0.1634720000000005,0.21481569999999994,0.10419599999999996,0.2076393000000003,0.12763219999999986,0.1947480000000006,0.22792600000000363,0.7571249999999985,0.5103699999999947,0.20644000000000062,0.35359300000000005,0.3474269999999997,0.7862612999999996,0.35088800000001186,0.5096339999999984,0.1277109999999979,0.26350300000000004
1390,0.12689800000000062,0.31524700000000117,0.3435638999999995,0.17349499999999907,0.34873830000000083,0.19054979999999988,0.3283859999999983,0.293922000000002,1.038342,0.72396999999998,0.3444900000000075,0.5720910000000003,0.6162770000000002,1.1620110000000006,0.776606000000001,0.8470620000000011,0.18785300000000404,0.2955749999999995
1391,0.1022570000000016,0.24414400000000036,0.27866199999999974,0.14034999999999975,0.28371030000000097,0.16218809999999984,0.26157699999999906,0.260304000000005,0.8852049999999991,0.6231699999999876,0.2969400000000064,0.45330599999999777,0.4684500000000007,1.0590377999999996,0.5940410000000043,0.691513999999998,0.1628650000000036,0.281963999999995
1392,0.0689680000000017,0.15734199999999987,0.19534779999999952,0.09634199999999993,0.1951413000000013,0.11834560000000005,0.18618700000000032,0.19754600000000266,0.6764229999999998,0.4568999999999903,0.19087000000000387,0.33895000000000053,0.2376080000000016,0.678922,0.3538209999999964,0.4659230000000001,0.12012500000000159,0.24767500000000098
1393,0.07514200000000315,0.1720750000000013,0.2129436,0.1068560000000005,0.21216730000000084,0.13031650000000017,0.19342100000000073,0.22651499999999913,0.753035999999998,0.5111399999999833,0.21174000000000603,0.37331000000000003,0.2910719999999998,0.7982985999999999,0.41123799999999733,0.5342489999999991,0.13086400000000253,0.2673509999999979
1394,0.07514200000000315,0.1720750000000013,0.2129436,0.1068560000000005,0.21216730000000084,0.13031650000000017,0.19342100000000073,0.22651499999999913,0.753035999999998,0.5111399999999833,0.21174000000000603,0.37331000000000003,0.2910719999999998,0.7982985999999999,0.41123799999999733,0.5342489999999991,0.13086400000000253,0.2673509999999979
1395,-9.9999e+98,0.09487500000000004,0.16191449999999996,0.071178999999999,0.13096130000000095,0.09063739999999987,0.12481299999999962,0.14975700000000103,0.558249,0.4022899999999936,0.15684000000000253,0.2865719999999996,0.3006060000000019,0.6200916999999997,0.23341200000000129,0.31378500000000287,0.05212600000000123,0.20444499999999977
1396,0.08997800000000211,0.22515000000000107,0.2566972999999999,0.1291910000000005,0.2601773000000005,0.15219709999999997,0.2365700000000004,0.2525890000000004,0.8667829999999981,0.5842499999999973,0.25157000000000096,0.397200999999999,0.3422959999999975,0.9570733999999996,0.49327800000000366,0.6315980000000003,0.1536310000000043,0.29015299999999655
1397,0.12267800000000051,0.2925160000000009,0.3286585999999998,0.16120100000000015,0.3328693000000005,0.18029299999999981,0.31732200000000077,0.30517300000000347,1.068090999999999,0.7017799999999852,0.28130000000000166,0.4524329999999992,0.34483700000000184,1.0075481000000002,0.5965180000000032,0.7235709999999997,0.17562099999999958,0.3665279999999953
1398,0.06076499999999996,0.13244399999999956,0.2060727,0.09272499999999972,0.17769630000000092,0.11500950000000021,0.16944499999999962,0.20541899999999913,0.7184649999999984,0.5208499999999958,0.2076899999999995,0.35986600000000024,0.3120529999999988,0.7326335000000004,0.30859999999999843,0.4800120000000021,0.11363000000000056,0.2645509999999973
1399,0.12105500000000191,0.3141360000000013,0.33315819999999974,0.1660339999999998,0.3333933000000009,0.18249650000000006,0.29645599999999916,0.26724000000000103,0.9593360000000004,0.6382199999999898,0.28288999999999476,0.5198520000000002,0.4881189999999975,1.0151172000000006,0.6972540000000009,0.7908360000000023,0.18044000000000437,0.28792699999999627
1400,0.0713860000000004,0.15747999999999962,0.2246958000000001,0.10303500000000021,0.20231129999999986,0.12699799999999994,0.18379299999999787,0.22789399999999915,0.7389830000000011,0.5000199999999779,0.21226000000000056,0.3611879999999985,0.3692320000000002,0.8245683999999995,0.36710499999999513,0.5103830000000009,0.12724500000000205,0.25701099999999855
1401,0.07571900000000298,0.1664790000000007,0.22459009999999946,0.10792499999999983,0.21270130000000087,0.13176340000000009,0.1952469999999984,0.2322380000000024,0.7752379999999981,0.5268099999999833,0.21620000000000061,0.370629000000001,0.3258529999999986,0.8275603,0.3991890000000069,0.5479020000000006,0.1362489999999994,0.2753930000000011
1402,0.06738300000000308,0.1449460000000009,0.21438569999999935,0.0983900000000002,0.19094230000000145,0.12104610000000005,0.18101199999999906,0.22086399999999884,0.7503670000000007,0.532039999999995,0.2019599999999997,0.37374699999999805,0.3362690000000015,0.758159,0.3223289999999963,0.5035239999999988,0.12027499999999947,0.2705449999999985
1403,0.12981399999999965,0.3230260000000005,0.3389376999999998,0.17510099999999973,0.3525393000000001,0.19769099999999984,0.3239750000000008,0.37467000000000183,1.1807119999999998,0.7987099999999998,0.3512800000000027,0.5795539999999981,0.6543139999999994,1.3363040999999996,0.7163199999999961,0.834655999999999,0.20490699999999862,0.37763899999999495
1404,0.016524000000000427,0.12034700000000065,0.15860770000000013,0.07822499999999977,0.15546830000000078,0.09902450000000007,0.14747600000000105,0.14090900000000062,0.5641669999999976,0.3865999999999872,0.1575200000000052,0.2907720000000005,0.21183399999999963,0.5691883000000004,0.30301900000000614,0.37073799999999935,0.09644800000000231,0.2128579999999971
1405,0.08412000000000219,0.24657700000000027,0.2582230999999995,0.13085899999999917,0.2581503000000005,0.14786620000000017,0.2724289999999989,0.2273090000000053,0.8332200000000007,0.5407399999999996,0.26921000000000106,0.4935709999999993,0.551241000000001,0.9386918,0.7335360000000009,0.7306660000000029,0.15004499999999865,0.2020389999999992
1406,0.10285999999999973,0.24340700000000126,0.2770418999999995,0.13699199999999934,0.28134430000000066,0.15852889999999986,0.2675339999999977,0.26044600000000173,0.8958759999999977,0.5960900000000038,0.2664299999999997,0.43184300000000064,0.35548,0.9572042000000005,0.5504880000000014,0.6354430000000022,0.1616900000000001,0.30322900000000175
1407,0.12349400000000088,0.2754840000000005,0.30667639999999974,0.15631400000000006,0.31699630000000134,0.1787835000000002,0.295497000000001,0.33921000000000134,1.0750360000000008,0.7141699999999958,0.3109699999999975,0.5242049999999985,0.5533040000000007,1.1564486999999994,0.5745110000000011,0.7456199999999988,0.17378599999999977,0.35137399999999985
1408,0.10118200000000144,0.2562010000000008,0.28236539999999977,0.14225199999999916,0.2847753000000015,0.1629839999999998,0.24922799999999867,0.26982000000000284,0.9155899999999981,0.6068699999999865,0.24524999999999864,0.43141299999999916,0.38974899999999835,1.0001374999999992,0.5349230000000063,0.7024600000000021,0.17096200000000294,0.30163799999999696
1409,0.09142900000000154,0.2309260000000002,0.25854909999999975,0.12723899999999944,0.25788330000000137,0.1486128,0.23845199999999878,0.24469300000000516,0.8785689999999988,0.5974199999999996,0.21965000000000146,0.37947499999999934,0.2673629999999996,0.8223997999999995,0.46563299999999685,0.604331000000002,0.14730200000000337,0.3119790000000009
1410,0.10051900000000202,0.24741999999999997,0.2671203999999996,0.14170200000000044,0.2703773000000016,0.1623344000000002,0.2255289999999981,0.23321200000000175,0.8600569999999976,0.5296199999999942,0.23181999999999903,0.5065029999999986,0.5431910000000002,1.0371107000000004,0.5142510000000016,0.7142710000000001,0.16770400000000052,0.22459200000000124
1411,-9.9999e+98,0.1013490000000008,0.14827309999999994,0.07086199999999998,0.1335753000000004,0.09062629999999983,0.1257470000000005,0.13685900000000117,0.5444519999999997,0.3885799999999904,0.15408000000000754,0.26060799999999773,0.2277319999999996,0.5593943999999995,0.28256599999998855,0.33444499999999877,0.05428500000000014,0.20219699999999818
1412,0.012487000000000137,0.11637300000000117,0.16139119999999973,0.07893999999999934,0.1518493000000003,0.10003340000000005,0.14162100000000066,0.16072400000000187,0.6042279999999991,0.429869999999994,0.17096999999999696,0.2856229999999975,0.2435590000000012,0.6103111999999999,0.3161440000000084,0.3892690000000023,0.09693099999999788,0.2232529999999997
1413,0.1211080000000031,0.3016570000000005,0.3199000999999999,0.1637789999999999,0.3277203000000011,0.1850947999999999,0.2961740000000006,0.3650090000000006,1.1368329999999993,0.7596599999999967,0.2989299999999986,0.5000739999999979,0.511258999999999,1.1682763999999999,0.5538820000000015,0.7857659999999989,0.18006900000000314,0.3838089999999994
1414,0.12354300000000151,0.27754499999999993,0.31107499999999977,0.15854000000000035,0.31898030000000155,0.17970119999999978,0.2933629999999994,0.30410100000000284,1.0100130000000007,0.7110500000000002,0.3316999999999979,0.5243070000000003,0.5574779999999997,1.2041678999999998,0.6770410000000027,0.7768609999999967,0.18164900000000017,0.3148839999999993
1415,0.11157400000000095,0.27174100000000045,0.3005740999999995,0.15238499999999888,0.3031063000000014,0.17182500000000012,0.2684899999999999,0.2720550000000017,0.9523690000000009,0.6581499999999778,0.297150000000002,0.49094499999999996,0.4877660000000006,1.0896948999999996,0.624330999999998,0.7580090000000013,0.16980200000000423,0.294632
1416,0.1094980000000021,0.26832600000000006,0.2883084,0.15015499999999982,0.2901012999999999,0.16989980000000005,0.23938099999999807,0.23997200000000163,0.8926869999999987,0.5501599999999769,0.23528000000000304,0.48963099999999926,0.5311369999999975,1.0229010999999995,0.5899639999999948,0.7346019999999989,0.17705600000000032,0.24035299999999893
1417,0.09902800000000056,0.25077399999999983,0.2765949999999995,0.13807699999999912,0.27883930000000134,0.15952369999999982,0.2521780000000007,0.2659110000000027,0.9249729999999978,0.6204899999999895,0.24953000000000713,0.43194099999999835,0.33417299999999983,0.9541760999999997,0.5162900000000121,0.6620209999999993,0.1619930000000025,0.3209850000000003
1418,0.0952680000000008,0.22619200000000106,0.2579538000000001,0.13208799999999954,0.2629823000000009,0.15514209999999995,0.23665799999999848,0.26195700000000244,0.8721719999999991,0.5976399999999842,0.2641700000000071,0.435178999999998,0.3992539999999991,1.0234664000000002,0.5351030000000065,0.6634799999999998,0.15326999999999913,0.2872909999999962
1419,0.10990900000000181,0.26328900000000033,0.29187039999999964,0.1457739999999994,0.2952223000000007,0.16643039999999987,0.26780899999999974,0.27468999999999966,0.940293999999998,0.632710000000003,0.272909999999996,0.46334699999999884,0.38882699999999915,1.0102302000000005,0.5733740000000012,0.702418999999999,0.17470200000000347,0.3149389999999954
1420,0.06529700000000105,0.1446380000000005,0.2033781999999995,0.09580899999999914,0.1866083000000014,0.11902839999999992,0.16912599999999856,0.20542100000000119,0.6876029999999993,0.46837999999999624,0.1952399999999983,0.3361069999999984,0.311083,0.7582680000000002,0.36304300000000467,0.4853480000000019,0.12153800000000103,0.24726899999999574
1421,0.07185300000000083,0.20774000000000115,0.23126550000000012,0.1111740000000001,0.2298473000000012,0.13197340000000013,0.22116199999999964,0.20370499999999936,0.7504969999999993,0.5010099999999795,0.1988500000000073,0.3300359999999998,0.23995399999999734,0.6978949999999999,0.4040679999999952,0.5099030000000013,0.13625199999999893,0.26866700000000066
1422,0.10626900000000106,0.25075100000000106,0.30361040000000017,0.1477719999999998,0.2859573000000015,0.16791180000000017,0.2598640000000003,0.26312599999999975,0.9424600000000005,0.6398700000000019,0.2925599999999946,0.5976399999999984,0.5944080000000014,1.1897762000000007,0.6126179999999977,0.7830860000000008,0.17737400000000036,0.26389199999999846
1423,0.12427000000000277,0.3071760000000001,0.33508089999999946,0.1699079999999995,0.34310630000000053,0.18907160000000012,0.32308300000000045,0.3075030000000041,1.043289999999999,0.7489799999999889,0.3621399999999966,0.5658949999999976,0.6351840000000024,1.2185028999999998,0.7579010000000039,0.8281700000000001,0.17354200000000475,0.3133799999999951
1424,0.08810100000000176,0.21412800000000054,0.2529760999999997,0.12422399999999989,0.2541063000000001,0.1460045000000001,0.24358600000000052,0.24331200000000308,0.862721999999998,0.5776599999999803,0.23427999999999827,0.4030619999999985,0.2802700000000016,0.8433231000000001,0.42168000000000916,0.5893160000000002,0.14574000000000353,0.3022769999999966
1425,0.1083829999999999,0.27068900000000085,0.2990246999999995,0.15039799999999914,0.3024003000000004,0.1704384000000001,0.2706899999999983,0.27775199999999955,0.9535829999999983,0.6439699999999959,0.27734999999999843,0.4520780000000002,0.42709999999999937,1.0522372999999998,0.5961739999999907,0.7418680000000002,0.17102900000000432,0.3107839999999982
1426,0.12507800000000202,0.3075530000000004,0.3272168999999998,0.16779799999999945,0.3369693000000016,0.1890543,0.30896200000000107,0.3256470000000036,1.0745599999999982,0.7519800000000032,0.3502200000000073,0.5574550000000009,0.5926560000000016,1.2737668000000006,0.7212090000000018,0.8237580000000015,0.1941059999999979,0.33454899999999554
1427,0.11642400000000208,0.26215299999999964,0.30031939999999935,0.1532309999999999,0.305772300000001,0.17300190000000004,0.27823700000000073,0.28248700000000326,0.9625549999999983,0.6826599999999985,0.31570000000000675,0.5289119999999983,0.5507099999999987,1.1561559,0.658725000000004,0.7719449999999988,0.17689200000000227,0.29344299999999635
1428,0.0812810000000006,0.18648300000000084,0.24124329999999983,0.11701500000000031,0.2290063,0.14040110000000006,0.20120899999999864,0.23939800000000133,0.795814,0.5376399999999819,0.22320000000000562,0.393222999999999,0.3652869999999986,0.9172086999999998,0.44757300000000555,0.6005569999999985,0.14540699999999873,0.2656390000000002
1429,0.08980700000000041,0.23315600000000103,0.2626545,0.13152000000000008,0.26422230000000013,0.15380020000000005,0.24286999999999992,0.26954400000000334,0.9221849999999989,0.6232399999999814,0.23377999999999588,0.3933579999999992,0.2964899999999986,0.8942909000000006,0.4673969999999912,0.6315199999999983,0.15398000000000422,0.32576099999999997
1430,0.0714780000000026,0.1576909999999998,0.2189565,0.10201700000000002,0.1991543,0.12559889999999996,0.1784940000000006,0.21743000000000023,0.7175440000000002,0.48816999999999666,0.20856000000000563,0.35653699999999944,0.3260170000000002,0.8269267000000005,0.38974699999999984,0.5194569999999992,0.12767999999999802,0.2518230000000017
1431,0.07300500000000198,0.18452900000000128,0.2237146999999995,0.11081099999999999,0.2247243000000001,0.13331649999999984,0.2139269999999982,0.22358900000000403,0.780695999999999,0.5258399999999881,0.21760000000000446,0.3842479999999995,0.2874450000000017,0.7845751999999999,0.38476199999999494,0.5345610000000001,0.1399639999999991,0.2739869999999982
1432,0.12356700000000131,0.29296400000000133,0.32188519999999965,0.1646459999999994,0.32710030000000145,0.18273129999999993,0.29849399999999804,0.2854600000000005,1.0029789999999998,0.6891299999999774,0.3290400000000062,0.5767249999999997,0.5949069999999992,1.183021,0.7069630000000018,0.8350229999999996,0.17459300000000155,0.2928439999999952
1433,0.06286100000000161,0.15101800000000054,0.18885159999999956,0.09518199999999943,0.18909529999999997,0.1180838999999998,0.17473599999999934,0.20460400000000334,0.6823739999999994,0.4622499999999832,0.18872000000000355,0.31971499999999864,0.27035300000000007,0.7129162000000004,0.3515260000000069,0.4714279999999995,0.11904400000000237,0.243350999999997
1434,0.06070500000000223,0.13961899999999972,0.17909919999999957,0.09044399999999975,0.17868130000000093,0.1128391999999998,0.16820699999999889,0.194426,0.6565009999999987,0.45080999999998994,0.1829100000000068,0.33452199999999976,0.24069100000000176,0.6546395999999994,0.34990200000000016,0.45757400000000104,0.11494100000000174,0.2430400000000006
1435,0.10721900000000062,0.2784600000000008,0.3019362000000001,0.14998699999999943,0.30144130000000047,0.16828660000000006,0.2650800000000011,0.25199500000000086,0.8966390000000004,0.6058999999999912,0.2706400000000002,0.4727959999999989,0.4411459999999998,0.9809798000000001,0.6220410000000101,0.7343259999999994,0.1733380000000011,0.28930299999999676
1436,0.09134000000000242,0.2309359999999998,0.2663693999999994,0.1301419999999993,0.25705430000000007,0.154096,0.2410010000000007,0.2832750000000033,0.9622600000000006,0.6545099999999877,0.2545300000000026,0.43974700000000055,0.4449860000000001,0.9464939000000001,0.4251220000000018,0.6487580000000008,0.15593600000000407,0.3340339999999955
1437,0.08048700000000153,0.19902200000000114,0.23289470000000012,0.11813399999999952,0.23365030000000075,0.1413498999999998,0.20749199999999846,0.24178900000000425,0.8209119999999999,0.5534700000000043,0.213940000000008,0.376262999999998,0.3181510000000003,0.8614310000000005,0.4448730000000012,0.5905449999999988,0.1464770000000044,0.28189100000000167
1438,0.08450700000000211,0.2256859999999996,0.26267899999999944,0.12422399999999989,0.2418603000000008,0.14848339999999993,0.22654700000000005,0.27457600000000326,0.9346129999999988,0.6453300000000013,0.2462900000000019,0.4330789999999993,0.4482820000000025,0.9178566999999997,0.41881899999999916,0.6345369999999981,0.1470550000000017,0.32769700000000057
1439,0.10286200000000179,0.25748000000000104,0.28274940000000015,0.14301500000000011,0.2838163000000016,0.16298879999999993,0.2490099999999984,0.25399300000000125,0.8805610000000001,0.6014499999999998,0.26896999999999593,0.4643209999999982,0.45089399999999813,1.0074870000000002,0.5816190000000034,0.7213579999999986,0.1655100000000047,0.27776499999999515
1440,0.08548800000000156,0.18770800000000065,0.24005339999999986,0.11936700000000044,0.23970730000000096,0.1411677,0.23064700000000116,0.2487649999999988,0.874962,0.6171799999999905,0.23787000000000091,0.4192070000000001,0.3291109999999975,0.7582858000000003,0.3965120000000013,0.5891400000000004,0.1387410000000031,0.3194999999999979
1441,0.06359199999999987,0.1425219999999996,0.19411579999999962,0.09465600000000052,0.18286230000000003,0.11783909999999986,0.16779100000000113,0.20922200000000402,0.6980609999999992,0.47908999999998514,0.186940000000007,0.33225200000000044,0.3102870000000024,0.7208746000000001,0.3625200000000035,0.48274900000000187,0.11885699999999844,0.25093499999999835
1442,0.05615600000000143,0.12913900000000034,0.1805494999999997,0.08680200000000049,0.1704623000000005,0.1091492999999999,0.16066000000000003,0.19113400000000524,0.6457359999999994,0.44319999999999027,0.1718400000000031,0.306913999999999,0.28192400000000006,0.6468564999999993,0.3116720000000015,0.4324239999999975,0.10726199999999864,0.23203199999999669
1443,0.080326000000003,0.20064600000000077,0.25082439999999995,0.1162749999999999,0.22753530000000133,0.1397976999999999,0.21563099999999835,0.2553389999999993,0.8762790000000003,0.6118299999999977,0.24069000000000074,0.4366749999999975,0.44219500000000167,0.8735047999999992,0.3718780000000095,0.5858450000000026,0.14074899999999957,0.30555499999999824
1444,0.08859600000000256,0.22512799999999977,0.2567496999999994,0.12771399999999922,0.2591933000000015,0.15004289999999987,0.242521,0.25037400000000076,0.8793809999999986,0.5916699999999935,0.23955000000000837,0.4098499999999987,0.30965499999999935,0.8870136999999998,0.4885179999999991,0.6234180000000009,0.15314099999999797,0.31089499999999504
1445,0.07640200000000164,0.17006500000000102,0.24202869999999965,0.11352499999999921,0.2239393000000014,0.13748290000000019,0.21020400000000095,0.24693500000000057,0.8350229999999996,0.5686900000000037,0.22558000000000789,0.39366000000000057,0.3630790000000026,0.8496136999999999,0.3875359999999972,0.5687020000000018,0.14009400000000483,0.29149799999999715
1446,0.07836100000000101,0.1759320000000013,0.23801899999999954,0.11153799999999947,0.21832230000000052,0.13590649999999993,0.1996079999999978,0.24227400000000188,0.8159530000000004,0.5533199999999852,0.22361999999999682,0.38637999999999906,0.40183199999999886,0.8607148000000002,0.38336799999999016,0.5534660000000002,0.13776599999999917,0.28177699999999817
1447,0.12142400000000109,0.2971710000000005,0.3250294999999994,0.16280800000000006,0.3285883000000016,0.1815494000000002,0.30197199999999924,0.28703900000000004,0.9931429999999999,0.688699999999983,0.31323000000000434,0.4832459999999976,0.498070000000002,1.1041393,0.6817829999999958,0.7846410000000006,0.1810480000000041,0.3142259999999979
1448,0.11428500000000241,0.28078000000000003,0.30480079999999976,0.15461799999999926,0.30506230000000123,0.17289969999999988,0.2507400000000004,0.2599270000000047,0.9189569999999989,0.5852899999999863,0.24344000000000676,0.49277700000000024,0.45814999999999984,1.0032611999999999,0.6083339999999993,0.7558529999999983,0.17854400000000226,0.2801469999999995
1449,0.07050399999999968,0.16634700000000002,0.2050263000000001,0.10180899999999937,0.2063113000000012,0.12453400000000014,0.19074499999999972,0.20901900000000495,0.7013609999999986,0.47183999999998605,0.20176000000000727,0.35148900000000083,0.2670519999999996,0.7441567999999998,0.380471,0.49459799999999987,0.1263840000000016,0.24615999999999616
1450,0.12873900000000305,0.3074250000000003,0.34628749999999986,0.1753429999999998,0.35739829999999984,0.19637210000000005,0.33256899999999945,0.3701989999999995,1.1815399999999983,0.7828099999999836,0.33585000000000775,0.547625,0.5085720000000009,1.2361401,0.6635659999999888,0.8305869999999977,0.19383600000000456,0.390983999999996
1451,0.0875230000000009,0.2381240000000009,0.2636181999999998,0.128838,0.26280630000000116,0.1500151999999999,0.25055400000000105,0.24767700000000303,0.9101159999999986,0.6322499999999991,0.2429000000000059,0.3803370000000008,0.25625699999999796,0.7981078999999998,0.47627799999999354,0.6026039999999995,0.14967200000000247,0.3347489999999951
1452,0.07190000000000296,0.1617949999999997,0.2330874999999999,0.10643600000000042,0.20960930000000033,0.13054070000000007,0.1953579999999988,0.23328200000000265,0.7762180000000001,0.5226199999999892,0.22070999999999685,0.38089700000000093,0.419747000000001,0.851045,0.3523449999999997,0.5232309999999991,0.12932599999999894,0.26614000000000004
1453,0.11320700000000272,0.2575730000000007,0.29634119999999964,0.14987299999999948,0.3003233000000005,0.17072840000000022,0.2695930000000004,0.30565,1.033491999999999,0.691299999999984,0.2628300000000081,0.44782999999999973,0.40956299999999857,1.0486547000000002,0.5039040000000057,0.7174099999999974,0.17529400000000095,0.35356000000000165
1454,0.0888460000000002,0.2176740000000006,0.24920709999999957,0.12641900000000028,0.25304030000000033,0.14963369999999987,0.22838799999999893,0.2507140000000021,0.8482529999999997,0.5745000000000005,0.24940999999999747,0.40102100000000007,0.34672899999999984,0.9571622,0.4832839999999976,0.6252909999999972,0.15145600000000314,0.285269999999997
1455,0.08117000000000019,0.20245000000000068,0.23481560000000012,0.11605799999999888,0.2359593000000011,0.13836039999999983,0.22528399999999849,0.2356760000000051,0.8161810000000003,0.5490599999999972,0.22145000000000437,0.38855999999999824,0.27165899999999965,0.8070396999999998,0.40794800000000464,0.5624360000000017,0.1418210000000002,0.28721900000000034
1456,0.07361900000000077,0.17227700000000112,0.2164779999999995,0.10673500000000047,0.2122263000000011,0.13036000000000003,0.1919499999999985,0.22571299999999894,0.7406639999999989,0.50197,0.21517000000000053,0.3557489999999994,0.3070580000000014,0.8279605000000005,0.4059159999999906,0.5378940000000014,0.1314660000000032,0.2584620000000015
1457,0.13730300000000284,0.3275199999999998,0.37291950000000007,0.1873459999999998,0.37963630000000137,0.20529129999999984,0.3469969999999982,0.40246400000000193,1.2670940000000002,0.83329999999998,0.3090700000000055,0.5390929999999976,0.4980480000000007,1.2379221999999999,0.6186869999999942,0.8749889999999994,0.18337700000000012,0.41652899999999704
1458,0.06939300000000159,0.17331700000000083,0.21005189999999985,0.10368899999999925,0.21084130000000023,0.12600180000000005,0.19791099999999773,0.2071860000000001,0.7165590000000002,0.48228000000000293,0.2001900000000063,0.3476329999999983,0.24790099999999882,0.7249992000000001,0.39930099999999413,0.4996709999999993,0.13036000000000314,0.25655599999999623
1459,0.08394400000000246,0.21987299999999976,0.24247409999999991,0.12117699999999942,0.24382930000000158,0.1432133000000002,0.22130100000000041,0.23017600000000016,0.7755170000000007,0.5319399999999916,0.23471999999999582,0.37707599999999886,0.3589580000000012,0.8976335000000004,0.4952210000000008,0.6103379999999987,0.14636899999999997,0.26139099999999615
1460,0.13360000000000127,0.32844400000000107,0.35667889999999947,0.18145299999999942,0.3691083000000006,0.20247400000000004,0.3443979999999982,0.39072300000000126,1.2309069999999984,0.8153700000000015,0.3479600000000005,0.589575,0.6199340000000007,1.2784578999999994,0.6711829999999992,0.8530999999999977,0.19909400000000232,0.39895800000000037
1461,0.12254700000000085,0.2954410000000003,0.32283879999999954,0.16299300000000017,0.3251993000000013,0.18127210000000016,0.2860170000000011,0.2822850000000017,0.9841130000000007,0.6659699999999873,0.29828000000000543,0.5057659999999977,0.5117949999999993,1.0987801,0.6702450000000084,0.7986010000000014,0.18278300000000058,0.3069009999999963
1462,0.12980700000000311,0.3338380000000001,0.3662163999999999,0.18121599999999916,0.36969730000000034,0.19838669999999992,0.34066999999999936,0.35379600000000266,1.186080999999998,0.7868799999999965,0.2978300000000047,0.48810800000000043,0.39043900000000065,1.1136279999999994,0.6480049999999977,0.8278779999999983,0.1752260000000021,0.40884599999999693
1463,0.07040800000000047,0.15883999999999965,0.2088253,0.10056999999999938,0.19513930000000101,0.12402680000000021,0.17496399999999923,0.21816400000000158,0.727446999999998,0.5008899999999983,0.1893400000000014,0.33387799999999856,0.2984759999999973,0.7442534000000007,0.4017119999999892,0.5218200000000017,0.12394700000000114,0.26136999999999944
1464,0.08093200000000067,0.1811600000000002,0.2485754999999994,0.11641700000000021,0.22841430000000074,0.1403793000000002,0.2038209999999978,0.24606299999999948,0.802979999999998,0.5464800000000025,0.23534999999999684,0.4004419999999982,0.39911599999999936,0.9427532000000003,0.437129000000013,0.5869870000000006,0.14093900000000303,0.2659400000000005
1465,0.12246700000000033,0.2929490000000001,0.3227845999999994,0.1608199999999993,0.3290363000000003,0.18119169999999984,0.31064500000000095,0.29225100000000026,0.9997620000000005,0.6829799999999864,0.31400000000000716,0.4732680000000009,0.4883759999999988,1.1257830999999996,0.6858250000000083,0.7550600000000003,0.17983300000000213,0.31852500000000106
1466,0.10943300000000278,0.2520129999999998,0.28959509999999966,0.1459469999999996,0.29638830000000027,0.16773989999999994,0.2764659999999992,0.29528700000000185,1.0056960000000004,0.6706899999999791,0.28565000000000396,0.4687589999999986,0.38446900000000284,1.0439610999999998,0.5336560000000077,0.7043140000000001,0.16553400000000096,0.3448589999999996
1467,0.1087490000000031,0.24636300000000055,0.2845461999999994,0.146215999999999,0.2907403000000013,0.16876360000000012,0.26011399999999796,0.2982200000000006,1.0028259999999989,0.674759999999992,0.28067000000000064,0.46979599999999877,0.46385700000000085,1.1128676000000004,0.5281580000000048,0.717447,0.16778300000000002,0.33504800000000046
1468,0.10258200000000173,0.24640800000000063,0.2811911,0.14128599999999913,0.284009300000001,0.1627586000000001,0.2614529999999995,0.28241400000000283,0.9946389999999994,0.6711299999999767,0.25150000000000716,0.4226080000000003,0.3461869999999969,0.9530792999999997,0.47969899999999654,0.6821799999999989,0.16928300000000007,0.34738000000000113
1469,0.14720500000000314,0.3588680000000011,0.39196350000000013,0.19671999999999912,0.40466830000000087,0.2150029,0.3949779999999983,0.3939860000000053,1.267243999999998,0.8376799999999776,0.3743999999999943,0.6066539999999989,0.5282699999999991,1.2995019,0.7957119999999946,0.9015740000000001,0.1975790000000046,0.4053339999999963
1470,0.10182700000000011,0.2417270000000009,0.27408019999999933,0.13770099999999985,0.278951300000001,0.1600975,0.2558720000000001,0.27176800000000156,0.9082799999999978,0.6127899999999897,0.27119000000000426,0.41539599999999766,0.3820559999999986,1.0049289000000003,0.5494730000000061,0.6651859999999985,0.1637190000000004,0.2996569999999963
1471,0.10635200000000111,0.2631610000000002,0.2907871999999996,0.14390000000000036,0.29460330000000035,0.16464610000000013,0.2721739999999997,0.270505,0.9397570000000002,0.626829999999984,0.27245999999999526,0.4455859999999987,0.3747860000000003,0.9806599999999994,0.5748590000000036,0.6694359999999975,0.1701180000000022,0.32195000000000107
1472,0.10099200000000152,0.3053050000000006,0.30736320000000017,0.153988,0.3109353000000006,0.1669170000000002,0.35165199999999786,0.2759590000000003,0.9821910000000003,0.6505399999999781,0.322330000000008,0.5461179999999999,0.638539999999999,1.1992308000000005,0.9621520000000032,0.8044170000000008,0.1343519999999998,0.2832909999999984
1473,0.12131899999999973,0.3017330000000005,0.3292858000000001,0.1640429999999995,0.3357883000000008,0.1829360000000002,0.3205279999999995,0.27597000000000094,0.9738439999999997,0.7006899999999803,0.3429399999999987,0.4917200000000008,0.559865000000002,1.1153627000000004,0.7443260000000009,0.7689020000000006,0.18127799999999894,0.29198900000000094
1474,0.12850300000000203,0.3127399999999998,0.33361159999999934,0.17172899999999913,0.34330630000000006,0.19191009999999986,0.31623799999999846,0.3287639999999996,1.0911219999999986,0.7759700000000009,0.3644699999999972,0.592140999999998,0.6523400000000024,1.2924978999999999,0.7461219999999997,0.8490579999999994,0.16750199999999893,0.3296109999999999
1475,0.11445500000000308,0.26664200000000093,0.30307139999999944,0.15441199999999888,0.3093653000000014,0.17561919999999986,0.27666599999999875,0.3098549999999989,1.0349569999999986,0.6920800000000042,0.2844000000000051,0.47180299999999775,0.4221730000000008,1.117108,0.5649290000000065,0.7534829999999992,0.17675700000000205,0.34514099999999814
1476,0.11957200000000157,0.28849000000000125,0.3229774000000001,0.1625829999999997,0.32855029999999985,0.18288539999999998,0.2972609999999989,0.3179100000000048,1.070685000000001,0.7149900000000002,0.29863000000000284,0.49948699999999846,0.40290600000000154,1.1197809999999997,0.614539999999991,0.7790649999999992,0.1780419999999978,0.3607359999999957
1477,0.12551100000000304,0.3011379999999999,0.3215501999999999,0.1639210000000002,0.33013130000000146,0.18511290000000002,0.30518,0.31582300000000174,1.050215999999999,0.7365899999999783,0.3407799999999952,0.5344639999999998,0.5805059999999997,1.2331299000000007,0.6871260000000063,0.7958590000000001,0.1883850000000038,0.3272929999999974
1478,0.0753040000000027,0.17829400000000106,0.22313799999999961,0.11113899999999965,0.22104130000000133,0.13485449999999988,0.20545999999999864,0.23535100000000142,0.8022770000000001,0.544889999999981,0.21612000000000364,0.3668769999999988,0.3091469999999994,0.8169284999999995,0.4052000000000078,0.5492319999999999,0.13921299999999803,0.28167200000000037
1479,0.11898600000000314,0.2778799999999997,0.3091748999999995,0.15659699999999965,0.3161093000000008,0.17729889999999981,0.29239399999999804,0.2881789999999995,0.9838239999999985,0.6958699999999851,0.3306100000000072,0.5099729999999987,0.5366359999999979,1.1640009000000004,0.6731639999999999,0.7627370000000013,0.1773110000000031,0.30224400000000173
1480,0.09852800000000173,0.22705100000000122,0.2834132999999994,0.13719099999999962,0.2715833000000014,0.1618590000000002,0.24558599999999942,0.289200000000001,0.9452689999999997,0.6456699999999955,0.2921000000000049,0.4911600000000007,0.5382619999999996,1.1328208000000002,0.5468499999999921,0.6797719999999998,0.16039299999999912,0.306241
1481,-1.4999999997655777e-05,0.10147300000000037,0.15480429999999945,0.07254299999999958,0.13787530000000103,0.09220769999999989,0.12932400000000044,0.13977600000000479,0.5333280000000009,0.36651999999998,0.14767000000000507,0.2724550000000008,0.26101300000000194,0.5685725999999995,0.269432000000009,0.3286850000000001,0.054718000000001155,0.19312299999999993
1482,0.10791400000000095,0.2814680000000003,0.2994034999999995,0.14812399999999926,0.30011529999999986,0.16491180000000005,0.28297099999999986,0.2304549999999992,0.8575960000000009,0.5960399999999879,0.27729999999999677,0.46145500000000084,0.4634229999999988,0.9536933999999997,0.6539829999999967,0.7262520000000023,0.173921,0.2508799999999951
1483,0.0979770000000002,0.2589370000000013,0.27497740000000004,0.14108799999999988,0.2762773000000003,0.1611880000000001,0.21191800000000072,0.23548900000000117,0.843242,0.5152099999999962,0.19871999999999446,0.4368169999999978,0.4195460000000004,0.9145266999999997,0.5286529999999914,0.686045,0.16295300000000168,0.2597779999999972
1484,0.12761500000000225,0.31207600000000113,0.33707249999999966,0.17185699999999926,0.3482263000000003,0.1938222999999999,0.32118999999999787,0.35820700000000016,1.1551209999999976,0.7724999999999795,0.33444000000000074,0.5500539999999994,0.5664420000000021,1.2636613999999993,0.6721009999999978,0.8170910000000013,0.19404700000000474,0.3730029999999971
1485,0.10881000000000185,0.2599210000000003,0.2936779999999999,0.14796699999999952,0.2991803000000015,0.16933279999999984,0.2750610000000009,0.2903909999999996,1.0087879999999991,0.6758299999999906,0.28363000000000227,0.4737589999999976,0.36242099999999766,1.0607176000000003,0.5515539999999959,0.724495000000001,0.17069400000000456,0.3504390000000015
1486,0.06278300000000314,0.1384679999999996,0.2230964999999996,0.09471899999999955,0.17775630000000042,0.11755069999999979,0.16473299999999824,0.21710500000000366,0.7222380000000008,0.5024399999999787,0.19236999999999682,0.3567520000000002,0.38150899999999766,0.8033679000000005,0.3357689999999991,0.4793599999999998,0.11697699999999855,0.2578969999999998
1487,-9.9999e+98,0.1061759999999996,0.15879580000000004,0.07320999999999955,0.1423603,0.09283470000000005,0.13888299999999987,0.13887900000000286,0.561833,0.40657999999999106,0.1570999999999998,0.2821840000000009,0.23503399999999885,0.5528721999999995,0.24774999999999636,0.3386110000000002,0.05313000000000301,0.21246500000000168
1488,0.12219100000000083,0.312754,0.33866769999999935,0.16813900000000004,0.34269830000000034,0.18696190000000001,0.31673100000000076,0.3019960000000026,1.035743,0.7015899999999817,0.30837999999999965,0.5034489999999998,0.4655290000000001,1.1222329000000002,0.7097740000000101,0.7792099999999991,0.19104200000000304,0.3372919999999979
1489,0.11495800000000145,0.28265900000000066,0.3086915000000001,0.16006999999999927,0.31672230000000035,0.1769421000000002,0.3223899999999986,0.2829460000000026,1.0476419999999997,0.7189999999999941,0.34363000000000454,0.653496999999998,0.7088419999999971,1.3353673000000006,0.8260510000000068,0.8503049999999988,0.15846400000000216,0.2725200000000001
1490,0.10868800000000078,0.25725900000000124,0.2914475999999997,0.1458510000000004,0.29672630000000133,0.16727550000000013,0.27330599999999805,0.28278900000000107,0.9490610000000004,0.6389599999999973,0.28925999999999874,0.45859399999999795,0.3959569999999992,1.0405420000000003,0.6002250000000089,0.6938120000000012,0.17333700000000363,0.3124639999999985
1491,0.10738900000000129,0.26331900000000097,0.2935555999999995,0.146706,0.2962213000000009,0.1652068,0.2764829999999989,0.24984900000000465,0.882241999999998,0.6263599999999769,0.29492000000000473,0.4736319999999985,0.49204699999999946,1.0271479000000001,0.6465560000000039,0.7289940000000001,0.16998399999999947,0.2690589999999986
1492,0.12312600000000273,0.2916509999999999,0.3137073999999993,0.16237600000000008,0.32151130000000094,0.18344119999999986,0.274716999999999,0.3274979999999985,1.076426999999999,0.7059699999999793,0.28229000000000326,0.5130139999999983,0.5080410000000022,1.2029129000000003,0.5871319999999969,0.7900339999999986,0.17757699999999943,0.3423389999999955
1493,0.10093300000000127,0.2518710000000013,0.2794704999999995,0.13848299999999902,0.2827533000000013,0.15954010000000007,0.2618539999999996,0.2548050000000046,0.8729459999999989,0.5930499999999768,0.2735100000000017,0.44807799999999887,0.39887400000000284,0.9778573999999995,0.5971949999999993,0.662042999999997,0.16513600000000395,0.2918109999999956
1494,0.11317000000000021,0.259563,0.29376710000000017,0.1489060000000002,0.29790330000000154,0.16936490000000015,0.28117400000000004,0.2685859999999991,0.9473669999999998,0.6876900000000035,0.3396199999999965,0.5678899999999985,0.6310459999999978,1.1937442000000003,0.6801789999999954,0.7700100000000027,0.17766000000000304,0.2826430000000002
1495,0.13020300000000162,0.3354160000000004,0.3626389999999997,0.1808160000000001,0.37081730000000057,0.1998069,0.35198799999999864,0.3283169999999984,1.1020709999999987,0.753469999999993,0.3490199999999959,0.5243749999999991,0.5598850000000013,1.2036404000000003,0.781037000000012,0.8224419999999988,0.1772020000000012,0.35099799999999703
1496,0.12278500000000037,0.3182670000000005,0.3431153999999994,0.17241199999999957,0.346782300000001,0.19020839999999994,0.2950009999999992,0.2921350000000018,1.0335280000000004,0.6643799999999942,0.27200999999999453,0.5193379999999976,0.49326199999999787,1.1010865999999995,0.6966430000000088,0.8074930000000009,0.17500600000000333,0.32850899999999683
1497,0.11990400000000179,0.28263000000000105,0.3152298,0.16033399999999887,0.3205493000000015,0.1804345999999999,0.27642399999999867,0.3199730000000045,1.0561499999999988,0.6856599999999844,0.2555799999999948,0.46668299999999974,0.41810600000000164,1.1216368,0.5619200000000006,0.7647259999999996,0.17593500000000262,0.34264900000000154
1498,0.105715,0.24964100000000045,0.28612649999999995,0.14514400000000016,0.291348300000001,0.16683059999999994,0.2630440000000007,0.285459000000003,0.9558900000000001,0.6468799999999817,0.27797999999999945,0.44826499999999925,0.40343899999999877,1.0623463000000006,0.5689720000000023,0.7173210000000019,0.16740899999999925,0.3173150000000007
1499,0.12299500000000307,0.2848889999999997,0.31711620000000007,0.15873200000000054,0.3218753000000003,0.1786648999999998,0.2997739999999993,0.28835800000000233,0.9867339999999984,0.6943399999999826,0.3203500000000048,0.4774320000000003,0.5154789999999991,1.1152791000000004,0.658450000000002,0.7466969999999975,0.17770000000000152,0.30631699999999995
1500,0.07523300000000077,0.17565399999999975,0.21504920000000016,0.10601699999999958,0.208362300000001,0.1291068000000002,0.18372799999999856,0.22023200000000287,0.7460710000000006,0.5094899999999996,0.1929099999999977,0.33220099999999775,0.28473499999999774,0.7652225000000001,0.42275000000000773,0.5378410000000002,0.12972400000000306,0.2630709999999965
1501,0.12050300000000291,0.26821499999999965,0.3042411999999999,0.15541699999999992,0.31253630000000143,0.17723580000000005,0.28649400000000114,0.30903200000000197,1.019445000000001,0.7036099999999976,0.3141200000000026,0.5011159999999997,0.5124329999999979,1.1822745000000001,0.6496150000000114,0.7511389999999984,0.17530299999999954,0.32330499999999773
1502,0.12364100000000278,0.3200479999999999,0.3452333999999997,0.17096899999999948,0.34911130000000057,0.1885037999999999,0.3298999999999985,0.2913899999999998,1.007013999999998,0.7046100000000024,0.3290800000000047,0.4838389999999997,0.5180000000000007,1.1027193999999998,0.7499580000000066,0.7788590000000006,0.18692099999999812,0.31294099999999503
1503,0.09788500000000155,0.21757700000000035,0.2789771999999999,0.137772,0.2754213000000014,0.1610391,0.2601009999999988,0.299512,0.9863140000000001,0.6593999999999767,0.27917999999999665,0.46065499999999915,0.495868999999999,1.0409764000000008,0.4554650000000038,0.6789470000000009,0.1595659999999981,0.3307969999999969
1504,0.10884400000000127,0.24745900000000098,0.2932233999999996,0.1461579999999998,0.29914530000000106,0.16748470000000015,0.2808239999999991,0.28899600000000447,0.9892350000000008,0.6549599999999884,0.2827699999999993,0.45489200000000096,0.41141700000000014,1.0129149000000002,0.5446699999999964,0.6896810000000002,0.1626019999999997,0.33331400000000144
1505,0.09425400000000295,0.23345500000000108,0.26308050000000005,0.13419700000000034,0.2669022999999999,0.15680309999999986,0.2389070000000011,0.26021800000000184,0.8780380000000001,0.6012800000000027,0.2636399999999952,0.4373049999999985,0.4045009999999998,1.0283235,0.5340340000000054,0.6769309999999997,0.15571200000000118,0.2841510000000014
1506,0.07555200000000184,0.17871200000000087,0.22533229999999982,0.10944100000000034,0.21566930000000006,0.13291090000000017,0.1910500000000006,0.22431399999999968,0.760701000000001,0.5155599999999936,0.20230000000000814,0.3548790000000004,0.2994489999999992,0.8144261000000004,0.4270360000000011,0.5490449999999996,0.13216900000000464,0.2641829999999956
1507,0.11122500000000102,0.2556560000000001,0.2925860999999994,0.14504999999999946,0.297391300000001,0.1662916000000001,0.2790399999999984,0.2717670000000041,0.9503570000000003,0.6323999999999899,0.279200000000003,0.45034499999999866,0.3720990000000022,1.0115480999999997,0.5822710000000058,0.679551,0.1702330000000032,0.31878400000000084
1508,0.046605000000003116,0.13868900000000117,0.17196989999999968,0.08596399999999882,0.1698063000000012,0.10785789999999995,0.1578489999999988,0.17224500000000376,0.635154,0.4477100000000007,0.17758000000000607,0.2900120000000008,0.21669699999999992,0.6032238000000003,0.35564999999999714,0.432739999999999,0.10569800000000384,0.2388429999999957
1509,0.11473700000000164,0.2610770000000002,0.2933816999999994,0.14777299999999904,0.2974173000000011,0.1682497999999999,0.2701059999999984,0.283056000000002,0.9403399999999991,0.6448199999999815,0.2835800000000006,0.45154600000000045,0.4408910000000006,1.0635394999999992,0.6033429999999953,0.7292019999999972,0.16727200000000408,0.303643000000001
1510,0.12525600000000026,0.3005209999999998,0.33272299999999966,0.16789799999999921,0.34181030000000057,0.1890204999999998,0.3183879999999988,0.3232670000000013,1.0760620000000003,0.7310599999999852,0.32756999999999437,0.5087249999999983,0.5030959999999993,1.2033768,0.7091360000000009,0.7919060000000009,0.19185800000000341,0.34716399999999936
1511,0.12525600000000026,0.3005209999999998,0.33272299999999966,0.16789799999999921,0.34181030000000057,0.1890204999999998,0.3183879999999988,0.3232670000000013,1.0760620000000003,0.7310599999999852,0.32756999999999437,0.5087249999999983,0.5030959999999993,1.2033768,0.7091360000000009,0.7919060000000009,0.19185800000000341,0.34716399999999936
1512,0.08088400000000107,0.19335799999999992,0.2472126999999995,0.11992599999999953,0.23591030000000046,0.14376569999999989,0.21085300000000018,0.24837399999999832,0.8423219999999993,0.5689099999999883,0.22955000000000325,0.39996599999999916,0.3616419999999998,0.9077712999999994,0.4438569999999942,0.6083290000000012,0.1475289999999987,0.28769199999999984
1513,0.10689100000000096,0.2646139999999999,0.2923409000000001,0.14617299999999922,0.29734630000000095,0.16728560000000003,0.27268399999999815,0.2865159999999989,0.9652519999999996,0.6460299999999961,0.27912000000000603,0.46327799999999897,0.3732330000000026,1.0179348,0.5735489999999999,0.6932970000000012,0.175615999999998,0.3297639999999973
1514,0.06775500000000179,0.16181900000000127,0.19450769999999995,0.0977099999999993,0.1947253,0.12013290000000021,0.1756399999999978,0.1941279999999992,0.6553499999999985,0.44606999999999175,0.19481000000000392,0.34772999999999854,0.27462500000000034,0.7393296999999999,0.4007119999999986,0.4960419999999992,0.12286300000000239,0.23225300000000004
1515,0.013948000000002736,0.1256250000000012,0.1613327,0.08107500000000023,0.1584323000000012,0.10233470000000011,0.14682399999999873,0.15344900000000194,0.5923809999999996,0.41021999999998116,0.16055000000000064,0.29432800000000015,0.22839400000000154,0.6017106999999999,0.34276599999999746,0.4088749999999983,0.10120700000000227,0.22120599999999513
1516,0.062344000000003064,0.14150500000000044,0.17800359999999937,0.09007899999999935,0.17635730000000116,0.11254000000000008,0.16230600000000095,0.19616299999999853,0.6606090000000009,0.4634099999999819,0.18198999999999899,0.3135159999999999,0.25355699999999715,0.6527491999999997,0.3765410000000031,0.4628579999999971,0.11365800000000092,0.2487519999999961
1517,0.11931099999999972,0.29263500000000064,0.3126280999999995,0.15808599999999906,0.3142453000000014,0.18039020000000017,0.282194999999998,0.32284800000000047,1.0504759999999997,0.7166699999999935,0.317300000000003,0.5399039999999999,0.5662440000000011,1.2514305000000006,0.6473099999999903,0.7809810000000006,0.18124600000000157,0.33559999999999945
1518,0.1104660000000024,0.27258400000000016,0.3016778999999996,0.15298100000000048,0.30420530000000134,0.17246709999999998,0.2613519999999987,0.270780000000002,0.9465029999999999,0.6329999999999814,0.27576000000000533,0.4770520000000005,0.4680579999999992,1.0688722999999998,0.607752000000005,0.7632949999999994,0.18074000000000012,0.3064109999999971
1519,0.08622400000000141,0.20866400000000063,0.24574099999999977,0.1216930000000005,0.24743730000000141,0.14390480000000005,0.23606200000000044,0.24190000000000111,0.8501589999999979,0.5716400000000021,0.23411000000000115,0.4072849999999981,0.2752100000000013,0.8464159999999996,0.43615700000000857,0.591621,0.14565699999999993,0.3014949999999956
1520,0.122282000000002,0.28888099999999994,0.3190847999999997,0.1621629999999996,0.3278243000000014,0.18403750000000008,0.3006139999999995,0.33500899999999945,1.089023000000001,0.7295599999999922,0.31315999999999633,0.49908399999999986,0.48732100000000145,1.1874979999999997,0.627120000000005,0.7786389999999983,0.1827260000000024,0.35904500000000183
1521,0.11635400000000118,0.28416900000000034,0.3154838999999994,0.1575419999999994,0.3182053000000007,0.1768502999999999,0.27816100000000077,0.29565500000000355,1.013860000000001,0.6562399999999968,0.24083000000000254,0.45708199999999977,0.4038850000000025,1.0419150999999998,0.5765009999999933,0.7384540000000008,0.16874400000000378,0.33598599999999834
1522,0.06492599999999982,0.15145500000000034,0.19493589999999994,0.0966149999999999,0.18961630000000085,0.11975969999999991,0.17144400000000104,0.20440100000000427,0.6849919999999976,0.465769999999992,0.1901200000000074,0.32616099999999904,0.2829200000000007,0.7373623,0.37566400000000044,0.4866380000000028,0.12040000000000362,0.24434399999999812
1523,0.0782740000000004,0.20070300000000074,0.2595795000000001,0.11431099999999894,0.22008630000000018,0.13880520000000018,0.20221599999999995,0.2518230000000017,0.8577879999999993,0.585739999999987,0.23090000000000543,0.409952999999998,0.47251500000000135,0.8891789000000001,0.3798389999999898,0.5808440000000026,0.13713700000000273,0.29068699999999836
1524,0.1312180000000005,0.32341900000000123,0.35861319999999974,0.18085999999999913,0.36832630000000144,0.20094659999999998,0.343945999999999,0.3496730000000028,1.154326000000001,0.7821099999999888,0.3445200000000028,0.5493439999999978,0.5274189999999983,1.2520901000000002,0.7544220000000053,0.8463439999999984,0.18607399999999785,0.3676269999999988
1525,0.06825900000000118,0.13797000000000104,0.2172609999999997,0.09743499999999905,0.18974030000000042,0.12072569999999994,0.1778109999999984,0.2224429999999984,0.7213199999999986,0.4889199999999789,0.20364000000000715,0.36129999999999995,0.3970489999999991,0.7850621000000002,0.3108079999999944,0.47242600000000223,0.1206810000000047,0.2519139999999993
1526,0.1236510000000024,0.2997189999999996,0.32621569999999966,0.16635899999999992,0.3352623000000001,0.18767289999999992,0.30718200000000095,0.33444300000000027,1.0859349999999992,0.7401099999999872,0.32383000000000095,0.5139870000000002,0.4938980000000015,1.2281842999999997,0.6834050000000076,0.8063579999999995,0.1894670000000005,0.3492509999999953
1527,0.10367899999999963,0.22437099999999965,0.2849522999999996,0.14090700000000034,0.28145929999999986,0.1642450000000002,0.2610689999999991,0.29910600000000187,1.009401999999998,0.6762499999999818,0.28059000000000367,0.4622250000000001,0.5053170000000016,1.0747499999999999,0.46751299999999674,0.6892589999999998,0.15790799999999905,0.33855299999999744
1528,0.014354000000000866,0.12213100000000132,0.1688326,0.08118999999999943,0.15715630000000047,0.1028131000000001,0.14687100000000086,0.16892400000000407,0.6148169999999986,0.4310299999999927,0.16451000000000704,0.28086099999999803,0.2545459999999977,0.6169215000000001,0.314785999999998,0.4046730000000025,0.10020300000000049,0.22471000000000174
1529,0.09347900000000209,0.2214140000000011,0.26251599999999975,0.1294519999999988,0.2570123000000013,0.15287210000000018,0.23194499999999962,0.2567110000000028,0.8522269999999992,0.5907199999999762,0.2718899999999991,0.45047500000000085,0.425098000000002,1.0347939000000004,0.5357700000000136,0.6623470000000005,0.15516200000000424,0.27973699999999724
1530,0.09151699999999963,0.22350899999999996,0.25899610000000006,0.13024099999999983,0.2615253000000006,0.1530927000000002,0.24529799999999824,0.26966200000000384,0.9371119999999991,0.6394799999999918,0.24233999999999867,0.4188760000000009,0.30629699999999715,0.8874522000000002,0.4632210000000043,0.6323309999999971,0.15313000000000443,0.3353210000000004
1531,0.13101699999999994,0.3188770000000005,0.3554712999999996,0.1791590000000003,0.36627529999999986,0.19985259999999982,0.34892699999999977,0.37312700000000376,1.173404999999999,0.7805299999999988,0.3412699999999944,0.5635979999999989,0.5355150000000002,1.2349919000000007,0.7079520000000059,0.8255009999999992,0.1869390000000024,0.38087999999999766
1532,0.0649530000000027,0.1427770000000006,0.20070819999999934,0.094695999999999,0.18603330000000007,0.11743460000000017,0.1762529999999991,0.21036000000000143,0.7098949999999995,0.4952999999999861,0.1921700000000044,0.35438100000000006,0.2882329999999982,0.6948078000000004,0.3342449999999957,0.47953500000000204,0.11865600000000143,0.2608579999999989
1533,0.09644400000000175,0.2280730000000002,0.2870298,0.13614899999999963,0.2660952999999999,0.15931760000000006,0.23408500000000032,0.27231700000000103,0.9054269999999995,0.6204400000000021,0.2750699999999995,0.48910000000000053,0.5109779999999979,1.1077737999999995,0.5345769999999987,0.6932330000000029,0.15668099999999896,0.28580699999999837
1534,0.12377700000000047,0.27435600000000093,0.3116444999999999,0.1578400000000002,0.319923300000001,0.1798255000000002,0.29541499999999843,0.3087009999999992,1.033891999999998,0.7026899999999898,0.31149000000000626,0.49696699999999794,0.4888849999999998,1.1694413,0.6501739999999927,0.7564080000000004,0.17918000000000234,0.33146999999999593
1535,0.10656100000000279,0.2621140000000004,0.2944937999999997,0.14859500000000025,0.2967403000000015,0.16871040000000015,0.2551719999999982,0.28434400000000437,0.9777629999999995,0.6398499999999956,0.23348000000000013,0.42718799999999746,0.38436300000000045,1.0176195999999997,0.5149779999999993,0.7168649999999985,0.17687200000000303,0.3208319999999958
1536,0.11014700000000133,0.25080800000000103,0.2942355000000001,0.14676399999999923,0.29009330000000055,0.1687612999999999,0.2591619999999999,0.2872330000000005,0.9542539999999988,0.663519999999977,0.3029900000000083,0.5160519999999984,0.5375610000000002,1.1575819000000003,0.6085749999999877,0.7342270000000006,0.16600400000000093,0.2956259999999986
1537,0.09987100000000027,0.23521500000000017,0.2721488000000001,0.13959999999999972,0.2785183,0.16268189999999993,0.2521969999999989,0.280619999999999,0.9316519999999997,0.6369899999999973,0.2788800000000009,0.45835899999999796,0.4418900000000008,1.0787806,0.5584259999999972,0.6910570000000007,0.16950599999999838,0.30212499999999665
1538,0.06985200000000091,0.15730100000000036,0.24084089999999936,0.10418199999999977,0.20024629999999988,0.12800579999999995,0.1782679999999992,0.2330790000000036,0.7414020000000008,0.5043699999999944,0.2194900000000075,0.3833260000000003,0.39556200000000175,0.8801427999999998,0.3839590000000044,0.5256849999999993,0.126103999999998,0.250394
1539,0.10127800000000065,0.24481600000000014,0.27301280000000006,0.13880999999999943,0.2762163000000015,0.1601558999999999,0.24749599999999816,0.26074700000000206,0.8718459999999979,0.6055899999999781,0.28042000000000655,0.4621519999999997,0.44834499999999977,1.0351176999999998,0.5715919999999954,0.7102660000000007,0.16152999999999906,0.2813239999999979
1540,0.07225600000000298,0.16407500000000041,0.22055179999999996,0.1045859999999994,0.20391130000000146,0.12827449999999985,0.1812560000000012,0.2189030000000045,0.7395399999999981,0.5034100000000024,0.2015700000000038,0.35511999999999944,0.32029199999999847,0.8161136999999998,0.40691900000000203,0.5346919999999997,0.1292490000000015,0.2578889999999987
1541,0.09331300000000198,0.2322810000000004,0.2615767,0.131613999999999,0.26478029999999997,0.154096,0.24155199999999866,0.2591460000000012,0.8625429999999987,0.5902099999999848,0.2557199999999966,0.40470200000000034,0.3791709999999995,0.9719594999999996,0.5291339999999991,0.6453309999999988,0.15165800000000473,0.2826079999999962
1542,0.09420100000000176,0.2149820000000009,0.2629003000000001,0.1328630000000004,0.264114300000001,0.15667430000000016,0.2419489999999982,0.27701700000000073,0.9528299999999987,0.6433299999999917,0.2580300000000051,0.4300940000000004,0.41547299999999865,0.9854384999999999,0.46551999999999794,0.6585460000000012,0.1594960000000043,0.3295570000000012
1543,0.054336000000002826,0.11888900000000113,0.20715590000000006,0.08694500000000005,0.1625993000000001,0.10877930000000013,0.1518100000000011,0.19633300000000276,0.6769439999999989,0.48342999999999847,0.19195000000000562,0.3329570000000004,0.3323140000000002,0.7307059000000002,0.3124340000000103,0.43724399999999974,0.10814200000000085,0.24885299999999688
1544,0.07734100000000055,0.1670170000000013,0.23830319999999983,0.10888300000000051,0.2123273000000001,0.13313430000000004,0.19665600000000083,0.24025300000000271,0.8073519999999981,0.5504599999999868,0.21710000000000207,0.3819359999999996,0.394721999999998,0.8274490999999999,0.3835540000000037,0.5467750000000002,0.13519500000000306,0.28220699999999965
1545,0.11034400000000133,0.2749769999999998,0.2983278999999994,0.15010000000000012,0.2980823000000008,0.17285260000000013,0.26788999999999774,0.3119230000000002,1.0414120000000011,0.7010099999999966,0.2930999999999955,0.4885729999999988,0.5152239999999999,1.1540764000000001,0.543652999999992,0.7319290000000009,0.17190000000000083,0.34721700000000055
1546,0.10811200000000198,0.2720280000000006,0.2956184999999998,0.14907700000000013,0.2981543000000002,0.16768690000000008,0.26783299999999954,0.25273100000000426,0.896249000000001,0.6174999999999784,0.2859100000000012,0.48810100000000034,0.4920410000000004,1.0389648000000005,0.6397919999999999,0.7518759999999993,0.17580800000000352,0.27710299999999677
1547,0.13484300000000005,0.34236300000000064,0.37014559999999985,0.18387300000000018,0.37899930000000026,0.20291080000000017,0.37211399999999983,0.3428210000000007,1.1494560000000007,0.7635199999999998,0.3447100000000063,0.5392669999999988,0.49865099999999885,1.2093311999999994,0.7860260000000068,0.832222999999999,0.17976200000000375,0.3730559999999983
1548,0.06817700000000215,0.14925799999999967,0.19715170000000004,0.09645100000000006,0.19266630000000085,0.11878089999999997,0.18373000000000062,0.20844900000000166,0.7042180000000009,0.48276999999998793,0.19329000000000462,0.3541559999999997,0.2793850000000013,0.6841704000000002,0.32581500000000574,0.47626400000000046,0.12215600000000393,0.25760299999999603
1549,0.11861100000000135,0.28578300000000034,0.30860109999999974,0.15693100000000015,0.3135913000000006,0.17778189999999983,0.2812190000000001,0.33663900000000524,1.1049310000000006,0.7363100000000031,0.27021000000000583,0.4758049999999976,0.49393699999999896,1.0970623000000002,0.4911649999999952,0.7473770000000002,0.17704700000000173,0.3706630000000004
1550,0.0782190000000007,0.1983340000000009,0.23143449999999977,0.11538200000000032,0.2330722999999999,0.1382528999999999,0.21629099999999823,0.23379800000000017,0.8053910000000002,0.5430299999999875,0.21926999999999452,0.380433,0.26580399999999926,0.8165616,0.44171199999999544,0.5594750000000026,0.14146000000000214,0.2846019999999996
1551,0.07331700000000296,0.14996600000000093,0.22001599999999932,0.10244299999999917,0.19744830000000135,0.1261663999999998,0.18518800000000013,0.22970400000000524,0.7969059999999999,0.5733199999999954,0.2335999999999956,0.36771699999999896,0.3117639999999966,0.7701604,0.38038899999999387,0.5359560000000023,0.1271029999999982,0.28969800000000134
1552,0.13009800000000027,0.318365,0.3457169999999996,0.17631399999999964,0.3549693000000005,0.1964819000000002,0.3274089999999994,0.3372880000000009,1.1209789999999984,0.7789300000000026,0.3566200000000066,0.553131999999998,0.5788629999999984,1.2757506999999997,0.7422109999999975,0.8570700000000002,0.17963800000000418,0.3527249999999995
1553,0.12302500000000194,0.2914110000000001,0.3263299000000002,0.16475699999999982,0.3316693000000015,0.18485210000000007,0.29613900000000015,0.32610300000000336,1.0863279999999982,0.7213399999999979,0.28772999999999627,0.47645299999999935,0.4087239999999994,1.1262073999999993,0.5965679999999907,0.7824489999999997,0.17942500000000194,0.362679
1554,0.06835799999999992,0.1621389999999998,0.19389219999999963,0.09650300000000023,0.19235230000000136,0.11876750000000014,0.17383399999999938,0.19420500000000374,0.6697439999999979,0.45850999999998976,0.1750200000000035,0.31805499999999753,0.24254099999999923,0.6734362000000003,0.4015240000000091,0.48753500000000116,0.11890999999999963,0.24263899999999694
1555,0.1175139999999999,0.27313400000000065,0.30980089999999993,0.15649400000000036,0.31684230000000113,0.17808290000000015,0.29026199999999847,0.309820000000002,1.0419839999999994,0.6983699999999828,0.30049999999999955,0.46428900000000084,0.4182450000000024,1.1199237999999996,0.6084630000000004,0.7549069999999993,0.17925800000000436,0.34784399999999494
1556,0.07238100000000003,0.16823199999999972,0.21114919999999948,0.10565399999999947,0.21209630000000068,0.12831819999999983,0.20154300000000092,0.21942299999999904,0.7568069999999985,0.5153099999999995,0.2115699999999947,0.38028500000000065,0.2886430000000004,0.7552750000000001,0.37385899999999594,0.5239820000000002,0.1342910000000046,0.2740739999999988
1557,0.0919080000000001,0.21990200000000115,0.2547096999999994,0.1298099999999991,0.2590133000000012,0.15304660000000014,0.23279899999999998,0.25487400000000093,0.8749789999999997,0.591639999999984,0.2537099999999981,0.41553799999999796,0.362328999999999,0.9921821999999993,0.4895839999999936,0.6445539999999994,0.1526490000000038,0.2912679999999952
1558,0.11298200000000236,0.255726000000001,0.2928299999999995,0.1492919999999991,0.2997463000000007,0.1698580999999999,0.28071100000000015,0.2763050000000007,0.9420809999999982,0.6807999999999765,0.3264000000000067,0.527075,0.5687379999999997,1.1609968999999998,0.6494570000000124,0.7505740000000003,0.17331500000000233,0.28673299999999813
1559,0.07847300000000246,0.18008700000000033,0.2515894999999997,0.11200099999999935,0.21437030000000057,0.13590789999999986,0.18836399999999998,0.2420230000000032,0.8005449999999996,0.5420199999999795,0.21596999999999866,0.39679599999999837,0.43568499999999943,0.8884430000000005,0.41861000000000104,0.5740529999999993,0.1358110000000039,0.2686829999999958
1560,0.07901700000000034,0.20720000000000027,0.23329179999999994,0.11590400000000045,0.23468830000000018,0.13849370000000016,0.21468399999999832,0.22246799999999922,0.7803629999999977,0.5262299999999982,0.22513999999999612,0.38273500000000027,0.2984960000000001,0.8324959000000005,0.4569350000000014,0.5597619999999992,0.14426800000000384,0.27211399999999486
1561,0.07901700000000034,0.20720000000000027,0.23329179999999994,0.11590400000000045,0.23468830000000018,0.13849370000000016,0.21468399999999832,0.22246799999999922,0.7803629999999977,0.5262299999999982,0.22513999999999612,0.38273500000000027,0.2984960000000001,0.8324959000000005,0.4569350000000014,0.5597619999999992,0.14426800000000384,0.27211399999999486
