,Balikpapan height,Bontang height,Tandjoengbatoe height,Tarakan height,Tawau height,Semporna height,Bongao Island height,Zamboanga height,Pagadian height,General Santos height,Tahuna height,Manado height,Boroko height,Genluma height,Boeol height,Tolotoli height,Palu height,Davao height
0,0.11313900000000032,0.30791400000000024,0.4313696,0.16536799999999907,0.29014830000000025,0.18481479999999983,0.19217300000000037,0.33359899999999953,1.0845079999999996,0.8445499999999981,0.30304999999999893,0.7395579999999988,0.9709719999999997,1.3573442,0.44428700000000276,0.6276860000000006,0.17072900000000146,0.26721799999999973
0,0.11313900000000032,0.30791400000000024,0.4313696,0.16536799999999907,0.29014830000000025,0.18481479999999983,0.19217300000000037,0.33359899999999953,1.0845079999999996,0.8445499999999981,0.30304999999999893,0.7395579999999988,0.9709719999999997,1.3573442,0.44428700000000276,0.6276860000000006,0.17072900000000146,0.26721799999999973
1,0.10758200000000073,0.2638770000000008,0.2976124999999996,0.14904100000000042,0.303078300000001,0.17016430000000016,0.28125400000000056,0.29407300000000447,1.0130939999999988,0.6763899999999978,0.28230000000000643,0.4684050000000006,0.3562109999999983,1.0501180999999997,0.5563810000000018,0.719342000000001,0.17474200000000195,0.3501580000000004
2,0.14295800000000014,0.34900900000000057,0.3819409999999994,0.19482999999999961,0.39692930000000004,0.2145906000000002,0.3732049999999987,0.42008200000000073,1.3172490000000003,0.870350000000002,0.37363999999999464,0.639875,0.6528269999999985,1.3628058999999997,0.7310230000000075,0.914085,0.2004750000000044,0.4212649999999982
3,0.14295800000000014,0.34900900000000057,0.3819409999999994,0.19482999999999961,0.39692930000000004,0.2145906000000002,0.3732049999999987,0.42008200000000073,1.3172490000000003,0.870350000000002,0.37363999999999464,0.639875,0.6528269999999985,1.3628058999999997,0.7310230000000075,0.914085,0.2004750000000044,0.4212649999999982
4,0.11632100000000278,0.2613140000000005,0.3002614999999995,0.15139899999999962,0.30793730000000075,0.17324420000000007,0.28713499999999925,0.29938299999999884,1.037274,0.6887199999999893,0.2924600000000055,0.47021099999999905,0.43737799999999893,1.0793646999999993,0.5576020000000028,0.7206490000000016,0.1740870000000001,0.34515400000000085
5,0.09457200000000299,0.2264790000000012,0.25898169999999965,0.13116199999999978,0.2635173000000002,0.1544089999999998,0.24013300000000015,0.2543320000000051,0.8731529999999985,0.5937199999999905,0.2602499999999992,0.415341999999999,0.38512599999999964,0.9899592000000004,0.5218799999999959,0.6450959999999988,0.15584199999999981,0.28647399999999834
6,0.10753599999999963,0.2593779999999999,0.2946213999999996,0.14852299999999907,0.2991173000000007,0.16961190000000004,0.27301999999999893,0.3023209999999992,1.0249099999999984,0.688919999999996,0.2731500000000011,0.4737329999999993,0.3491350000000004,1.0356179999999995,0.531447,0.7272670000000012,0.17559500000000128,0.3564530000000019
7,0.07633000000000223,0.16543500000000044,0.24079339999999938,0.10924200000000006,0.2100263000000009,0.13351049999999987,0.19247000000000014,0.24382700000000312,0.8150790000000008,0.5570999999999913,0.21869999999999834,0.3902929999999998,0.43114200000000125,0.8530685,0.38123199999999713,0.5605580000000003,0.13413500000000056,0.27881
8,0.09820000000000206,0.2513590000000008,0.2731992999999999,0.13776900000000047,0.27314030000000145,0.1570147999999998,0.24566000000000088,0.24495200000000494,0.8350030000000004,0.5696799999999769,0.2573100000000039,0.45792900000000003,0.4475629999999988,0.9611595999999993,0.5657819999999987,0.7149410000000032,0.16074199999999905,0.2569289999999995
9,0.1233770000000014,0.2914779999999997,0.3247606999999997,0.16584399999999988,0.3309243000000013,0.18562250000000002,0.2762229999999981,0.29841400000000107,1.0383959999999988,0.6590799999999888,0.2592900000000071,0.48450300000000013,0.49608399999999975,1.1534434000000005,0.6406149999999968,0.7976470000000013,0.19005700000000303,0.32591000000000037
10,0.0921250000000029,0.21953000000000067,0.25038990000000005,0.1256769999999996,0.2531093000000002,0.14850079999999988,0.2296839999999989,0.24575899999999962,0.8488879999999988,0.5719299999999805,0.24305999999999983,0.41469999999999985,0.3209729999999986,0.9196635999999998,0.4848790000000065,0.6179469999999974,0.1516459999999995,0.2890239999999977
11,0.0958090000000027,0.2257390000000008,0.2671808999999996,0.13278899999999894,0.2711453000000006,0.15495599999999987,0.25727799999999945,0.26534600000000097,0.911801999999998,0.6039899999999818,0.2571400000000068,0.4231909999999992,0.35349800000000187,0.9288873999999998,0.47675499999999715,0.6275109999999984,0.15686500000000336,0.3114050000000006
12,0.10900800000000288,0.25199000000000105,0.2866996999999998,0.14742000000000033,0.2927762999999999,0.16943140000000012,0.2587249999999983,0.30106500000000125,0.9860779999999991,0.6617399999999805,0.2764099999999985,0.47521599999999964,0.45337599999999867,1.1151008000000004,0.5507880000000114,0.7263240000000017,0.16979200000000105,0.31967300000000165
13,0.07522100000000265,0.17666200000000032,0.21203729999999954,0.10536199999999951,0.21228130000000078,0.1281439999999998,0.19432399999999816,0.20563599999999838,0.7262640000000005,0.49138999999999555,0.2027400000000057,0.3558109999999992,0.256416999999999,0.7537452999999994,0.4128279999999904,0.5108989999999984,0.13120200000000182,0.25759000000000043
14,0.07456499999999977,0.2140930000000001,0.2304580999999999,0.11363399999999935,0.2288413000000009,0.13434219999999986,0.2065969999999986,0.1975839999999991,0.6986209999999993,0.4823799999999778,0.21629000000000076,0.3809699999999978,0.3379399999999997,0.8114115000000002,0.47341300000000786,0.575451000000001,0.13406100000000265,0.23882400000000104
15,0.11453600000000108,0.2571790000000007,0.29815399999999936,0.1514849999999992,0.3046793000000001,0.1722307999999999,0.29366800000000026,0.27300800000000436,0.9766319999999986,0.7253000000000043,0.3629499999999979,0.6026469999999975,0.7149579999999993,1.2361239,0.7296690000000012,0.7764769999999999,0.17799300000000073,0.28467699999999496
16,0.11068200000000061,0.26088299999999975,0.2886987999999997,0.14856499999999961,0.2915333000000011,0.1685232000000001,0.24662899999999865,0.27282900000000154,0.9240309999999994,0.6125199999999893,0.26663000000000636,0.492404999999998,0.4765429999999995,1.0752907,0.5838529999999906,0.7566600000000001,0.17252600000000484,0.28375400000000184
17,0.08565400000000167,0.22302100000000102,0.26416349999999955,0.12458400000000047,0.2433153000000008,0.14875419999999995,0.21631800000000112,0.2591239999999999,0.8528969999999987,0.5842600000000004,0.2549800000000033,0.44827899999999943,0.4684410000000021,1.0446518000000005,0.4808890000000048,0.636809999999997,0.14934999999999832,0.2764060000000015
18,0.07181000000000282,0.15838199999999958,0.19527309999999964,0.09819699999999898,0.19409230000000122,0.1212534999999999,0.18293399999999949,0.2128670000000028,0.7438970000000005,0.531880000000001,0.21441000000000088,0.3347939999999987,0.23908099999999877,0.6618367000000003,0.38317099999999016,0.4936140000000009,0.12116900000000186,0.2771399999999957
19,0.0683000000000007,0.15480499999999964,0.2010518999999995,0.09875599999999984,0.19738129999999998,0.1216206999999998,0.187028999999999,0.2150710000000018,0.714696,0.4845200000000034,0.19514999999999816,0.3384420000000006,0.2918580000000013,0.7225257000000003,0.33860200000000873,0.48413400000000095,0.12479199999999935,0.25705399999999656
20,0.07718300000000156,0.1859080000000013,0.2254125999999994,0.1140509999999999,0.22661430000000138,0.13765420000000006,0.20907300000000006,0.23568099999999959,0.8253990000000009,0.5647599999999784,0.21247999999999934,0.36455099999999874,0.29925599999999974,0.8030542,0.41638799999999776,0.5649610000000003,0.1397970000000015,0.2895859999999999
21,0.08266700000000071,0.18431400000000053,0.23673620000000017,0.11796200000000034,0.2363483000000013,0.13993499999999992,0.22761900000000068,0.24607400000000013,0.8715319999999984,0.6170899999999904,0.2373800000000017,0.41711600000000004,0.32850099999999927,0.7600629999999997,0.3893580000000014,0.5816350000000021,0.1357759999999999,0.3164519999999982
22,0.09461900000000156,0.226642,0.26493639999999985,0.13401499999999977,0.27097430000000067,0.1569615999999998,0.251732999999998,0.2692049999999995,0.9225299999999983,0.6173900000000003,0.26724000000000103,0.45128099999999804,0.353981000000001,0.9876209999999999,0.504012000000003,0.6591559999999994,0.1650539999999978,0.31914299999999685
23,0.12580600000000075,0.3372460000000004,0.3624055999999998,0.1779679999999999,0.3645353,0.19441569999999997,0.329190999999998,0.3191850000000045,1.117985000000001,0.7227999999999781,0.2602799999999945,0.4468379999999996,0.4200579999999974,1.0416416000000002,0.6537399999999991,0.7872810000000001,0.17407299999999992,0.37737200000000115
24,0.09911000000000314,0.23814400000000013,0.28415239999999997,0.13801099999999877,0.2745393000000007,0.16180439999999985,0.25697100000000006,0.3032530000000051,0.9981989999999996,0.6688699999999983,0.2789199999999994,0.4669479999999986,0.515903999999999,1.0528351000000002,0.44720900000000086,0.6749030000000005,0.1634600000000006,0.3343459999999965
25,0.12115800000000121,0.29686200000000085,0.3244750999999999,0.16439499999999896,0.32751030000000014,0.1829105000000002,0.27737300000000076,0.282786999999999,0.9906779999999991,0.6462499999999807,0.2772199999999998,0.5200999999999993,0.4971579999999989,1.1023547000000002,0.6626430000000028,0.7963459999999998,0.1809520000000049,0.3114829999999955
26,0.06773400000000152,0.155501000000001,0.21027819999999942,0.0988150000000001,0.19384830000000086,0.12225209999999986,0.1774099999999983,0.21647899999999964,0.7137349999999998,0.48580999999998653,0.19647000000000503,0.3376820000000009,0.30979300000000265,0.7650804000000004,0.369450999999998,0.49616999999999933,0.12415500000000179,0.25383899999999926
27,0.07938100000000148,0.18073599999999956,0.22927569999999964,0.11325899999999933,0.22477429999999998,0.13711530000000005,0.20319999999999894,0.2367010000000036,0.791878999999998,0.5363299999999924,0.2245500000000078,0.3724880000000006,0.33248999999999995,0.8679578000000001,0.4209469999999982,0.5620220000000025,0.1411550000000048,0.2726210000000009
28,0.12369600000000247,0.3231390000000012,0.35052150000000015,0.1703790000000005,0.35046830000000107,0.18672509999999987,0.33276599999999945,0.31218600000000407,1.1232520000000008,0.7537599999999998,0.26872000000000185,0.4307230000000004,0.35258599999999873,0.9604897999999995,0.5870089999999948,0.7586869999999983,0.16364800000000201,0.40276499999999515
29,0.07891300000000001,0.17960900000000102,0.24579530000000016,0.11378099999999947,0.2207353000000012,0.13833640000000003,0.2023520000000012,0.24885100000000193,0.8455459999999988,0.5775199999999927,0.22769999999999868,0.4018139999999981,0.4357250000000015,0.8638938999999999,0.393258000000003,0.5771650000000008,0.13764100000000212,0.29043699999999717
30,0.08397599999999983,0.2053440000000002,0.2344286999999996,0.11946499999999993,0.2352723000000001,0.1429326999999998,0.20796100000000095,0.25255700000000303,0.8519219999999983,0.5807199999999852,0.21541999999999462,0.36991899999999944,0.32745999999999853,0.8497804999999996,0.4380270000000053,0.5946320000000007,0.14344700000000188,0.2906939999999949
31,0.12357500000000243,0.27465700000000126,0.3101552999999999,0.1588940000000001,0.31770030000000027,0.17982429999999994,0.2902249999999995,0.3013740000000027,1.0162179999999985,0.7153199999999913,0.33182000000000755,0.5370249999999999,0.5611650000000026,1.2162151000000003,0.6726079999999968,0.78904,0.1788840000000036,0.3181370000000001
32,-9.9999e+98,0.06582400000000099,0.12140419999999974,0.0660229999999995,0.10111630000000105,0.07204059999999979,0.10065699999999822,0.10032300000000305,0.4331639999999979,0.313699999999983,0.125070000000008,0.22309899999999772,0.19406699999999688,0.44614269999999934,0.20127999999999702,0.22833599999999876,0.0010370000000037294,0.16955000000000098
33,0.11609400000000036,0.2641749999999998,0.30558059999999987,0.1555749999999989,0.31455430000000106,0.17797349999999978,0.29012499999999974,0.3092639999999989,1.0259280000000004,0.7009199999999964,0.3115400000000079,0.4983140000000006,0.5176429999999996,1.1762956000000004,0.6416600000000017,0.7472699999999968,0.1756200000000021,0.3289839999999984
34,0.08648000000000167,0.20620000000000083,0.2387125000000001,0.1194639999999989,0.24046030000000052,0.14244959999999995,0.22524299999999897,0.24466699999999975,0.8454480000000011,0.5717499999999802,0.22708000000000084,0.39831399999999917,0.2872499999999967,0.851045,0.44362099999999316,0.5843769999999999,0.1445229999999995,0.30064399999999836
35,0.08844900000000067,0.21063999999999972,0.2420093999999997,0.12240599999999979,0.24569730000000156,0.1456539000000001,0.2225520000000003,0.2443930000000023,0.8230639999999987,0.5566299999999842,0.24575000000000102,0.39442499999999825,0.3349259999999994,0.926812,0.4711980000000011,0.6138830000000013,0.15176199999999795,0.2784729999999982
36,0.10761400000000165,0.2653350000000003,0.2945582,0.1492369999999994,0.2981683000000004,0.17178890000000013,0.27464399999999856,0.3184350000000009,1.0694529999999993,0.7185999999999808,0.2876399999999961,0.4716819999999977,0.48522000000000176,1.1003268999999998,0.5013389999999873,0.7266700000000021,0.1710989999999981,0.3600969999999961
37,0.09403000000000006,0.2193000000000005,0.2683043999999999,0.13255099999999942,0.26146830000000065,0.15641650000000018,0.2328019999999995,0.2733029999999985,0.906019999999998,0.6135500000000036,0.2629299999999972,0.44685699999999784,0.43632900000000063,1.0563402000000002,0.4939329999999984,0.6616339999999994,0.15877900000000267,0.30089399999999955
38,0.12416400000000039,0.2952950000000012,0.3255790999999997,0.16547499999999893,0.3324693000000014,0.18618330000000016,0.30123999999999995,0.3459849999999989,1.130358000000001,0.7540899999999908,0.29795000000000016,0.4889589999999977,0.4721459999999986,1.1621209000000006,0.5737879999999933,0.7953890000000001,0.18314699999999817,0.3804579999999973
39,0.12708399999999997,0.30353900000000067,0.34069400000000005,0.1717069999999996,0.34623830000000133,0.19114060000000022,0.31259999999999977,0.3454490000000021,1.1585259999999984,0.7684599999999762,0.2932300000000083,0.4894219999999976,0.4508599999999987,1.1619359999999999,0.5810120000000012,0.8091849999999994,0.17809400000000153,0.3864099999999979
40,0.04460000000000264,0.12464899999999979,0.1672659999999997,0.08270499999999892,0.15991130000000098,0.1042310999999998,0.14884599999999892,0.16961400000000282,0.6204619999999998,0.4405399999999986,0.17412000000000205,0.30133299999999963,0.2552899999999987,0.6168113000000002,0.34636199999999917,0.419001999999999,0.1043990000000008,0.2347649999999959
41,0.09160100000000071,0.23607200000000006,0.25937620000000017,0.13139499999999948,0.26037730000000003,0.15312480000000006,0.22013099999999852,0.249487000000002,0.8609609999999996,0.56574999999998,0.20453000000000543,0.4060889999999979,0.3537050000000015,0.9033153,0.5004040000000032,0.6548580000000008,0.15353199999999845,0.2893499999999989
42,0.1093270000000004,0.2673079999999999,0.2974446999999998,0.15175999999999945,0.30087630000000054,0.1717531000000001,0.251100000000001,0.2803380000000004,0.9712080000000007,0.6256599999999821,0.23686000000000718,0.44849499999999765,0.4270929999999993,1.0647095999999996,0.5534619999999961,0.7454590000000003,0.17975200000000058,0.3096439999999987
43,0.1193249999999999,0.2970870000000012,0.3196272999999996,0.15684599999999982,0.31036330000000056,0.1794175,0.2782209999999985,0.3245819999999995,1.0567409999999988,0.7243599999999901,0.3211299999999966,0.5516210000000008,0.6246229999999997,1.2705780000000004,0.6442669999999993,0.7730619999999995,0.18616500000000258,0.3320189999999954
44,0.14398800000000023,0.36503500000000066,0.38859520000000014,0.19488899999999987,0.39960929999999983,0.21281110000000014,0.3810859999999998,0.3706340000000026,1.1894019999999976,0.814959999999985,0.375780000000006,0.5793280000000003,0.6285220000000002,1.2871254999999993,0.847020999999998,0.8886370000000028,0.1887660000000011,0.3689290000000014
45,0.14398800000000023,0.36503500000000066,0.38859520000000014,0.19488899999999987,0.39960929999999983,0.21281110000000014,0.3810859999999998,0.3706340000000026,1.1894019999999976,0.814959999999985,0.375780000000006,0.5793280000000003,0.6285220000000002,1.2871254999999993,0.847020999999998,0.8886370000000028,0.1887660000000011,0.3689290000000014
46,0.11470800000000025,0.2829170000000012,0.3182944999999995,0.15867599999999982,0.3214023000000008,0.17815439999999994,0.2925699999999978,0.3094469999999987,1.062587999999998,0.7095899999999915,0.27239000000000146,0.4618249999999975,0.35310600000000036,1.0416231000000007,0.5531390000000016,0.7451019999999993,0.16913200000000472,0.36759399999999687
47,0.12534000000000134,0.30541400000000074,0.32882869999999986,0.16807099999999942,0.33971130000000116,0.19007869999999993,0.3131889999999977,0.3501639999999995,1.1589859999999987,0.7715800000000002,0.3248300000000057,0.5284849999999999,0.5459540000000018,1.2329571000000001,0.6146829999999994,0.8053140000000027,0.18723500000000115,0.3835720000000009
48,0.1275010000000023,0.31774599999999964,0.3310569000000001,0.17127599999999887,0.34323430000000066,0.19351839999999987,0.31312499999999943,0.36020500000000055,1.1497439999999983,0.7822999999999922,0.3430800000000005,0.5591860000000004,0.6076109999999986,1.3226176999999995,0.6938000000000102,0.8291739999999983,0.19659300000000002,0.36532199999999904
49,0.11646400000000057,0.2829150000000009,0.30659239999999954,0.15758199999999967,0.3158943000000001,0.1805751,0.28787300000000116,0.3340209999999999,1.088404999999998,0.7308299999999974,0.3132400000000075,0.508150999999998,0.5719689999999993,1.2174908000000002,0.5923639999999892,0.7590730000000008,0.17612700000000103,0.35754999999999626
50,0.05635700000000199,0.12364700000000006,0.19442480000000018,0.08879600000000032,0.16966130000000135,0.11110439999999988,0.1595089999999999,0.20460900000000493,0.687656999999998,0.48613000000000284,0.1876800000000003,0.3270230000000005,0.3343910000000001,0.7097755000000001,0.30823100000000636,0.4340849999999996,0.1099360000000047,0.24918900000000122
51,0.07189100000000082,0.15381100000000103,0.2016720999999997,0.09793599999999891,0.19156930000000116,0.1213394000000001,0.1772059999999982,0.21354800000000296,0.7214159999999978,0.49795999999997775,0.19245999999999697,0.3553910000000009,0.28445999999999927,0.7236934000000002,0.3843360000000047,0.5038710000000002,0.12282199999999932,0.26203499999999735
52,0.06194400000000044,0.13327199999999984,0.2178816999999995,0.09481800000000007,0.18213330000000028,0.11778749999999993,0.17130399999999923,0.21350000000000335,0.7243499999999976,0.504509999999982,0.1966600000000085,0.362838,0.37066799999999844,0.7679344000000006,0.3132350000000059,0.4740709999999986,0.11741700000000321,0.25688299999999487
53,0.10316800000000015,0.2450550000000007,0.28026149999999994,0.13949399999999912,0.2841723000000016,0.16078970000000004,0.261728999999999,0.26816399999999874,0.9307230000000004,0.6233399999999847,0.2658100000000019,0.44110999999999834,0.3510249999999999,0.9708584,0.5350099999999998,0.6608769999999993,0.16354199999999963,0.3240909999999957
54,0.08171300000000059,0.2224649999999997,0.24203269999999932,0.12402299999999933,0.2417573000000015,0.1451536,0.20204799999999778,0.2350800000000035,0.7686789999999988,0.5063799999999787,0.21983000000000175,0.41528399999999976,0.38961499999999916,0.9062305999999998,0.49092100000000016,0.654319000000001,0.14746399999999937,0.25005000000000166
55,0.08427700000000016,0.20961699999999972,0.24446679999999965,0.12305399999999977,0.24560830000000067,0.14639740000000012,0.23041200000000117,0.26073500000000394,0.9098310000000005,0.6363199999999836,0.24810999999999694,0.39473800000000026,0.30889900000000026,0.8196720000000006,0.44265800000000866,0.605680999999997,0.14379399999999976,0.33201700000000045
56,0.0721720000000019,0.16291800000000123,0.19800150000000016,0.09996100000000041,0.1989603000000013,0.12310420000000022,0.18112999999999957,0.20814299999999974,0.7036689999999979,0.47844999999998095,0.19790000000000418,0.35371100000000055,0.26274199999999936,0.7392212000000002,0.38839300000000776,0.4987570000000012,0.1255740000000003,0.25260000000000105
57,0.078044000000002,0.19070100000000068,0.22640189999999993,0.11414599999999986,0.2277463000000015,0.13706180000000012,0.20344300000000004,0.22915100000000166,0.7717010000000002,0.5214699999999937,0.21645999999999788,0.3826339999999995,0.29964800000000125,0.8384883999999992,0.443175999999994,0.5676680000000012,0.14096400000000386,0.26756299999999555
58,0.0811760000000028,0.20673600000000114,0.25781799999999944,0.11639199999999938,0.22280030000000117,0.14084720000000006,0.20842700000000036,0.26425700000000063,0.9036760000000008,0.6372499999999945,0.24419000000000324,0.4270080000000007,0.4624170000000021,0.9006752999999996,0.3764749999999992,0.6036539999999988,0.1385440000000031,0.31398300000000035
59,0.13489700000000227,0.3312299999999997,0.35091749999999955,0.1817259999999994,0.3665943000000009,0.20421310000000004,0.3406570000000002,0.3984750000000048,1.2315429999999985,0.8281800000000032,0.36396000000000583,0.6131189999999975,0.6926769999999998,1.3771417999999995,0.7381340000000023,0.8600279999999998,0.21262099999999862,0.3894249999999957
60,0.08219500000000224,0.19116200000000028,0.2326030999999995,0.11811599999999878,0.2362833000000002,0.14163799999999993,0.21484099999999984,0.24130699999999905,0.8180289999999992,0.5531399999999849,0.23802999999999486,0.4026220000000009,0.30939300000000003,0.891966,0.4477409999999935,0.5890130000000013,0.14623900000000134,0.28519899999999865
61,0.09913700000000247,0.247815000000001,0.28019969999999983,0.1385240000000003,0.28011230000000076,0.1592150000000001,0.2604439999999997,0.2828530000000029,0.9820619999999991,0.6738199999999779,0.2449799999999982,0.4089129999999983,0.3099550000000022,0.8739283999999996,0.4682980000000043,0.6495290000000011,0.1614760000000004,0.3492090000000019
62,0.1080020000000026,0.2574690000000004,0.29338579999999936,0.14862399999999987,0.29870030000000014,0.17034349999999998,0.2711839999999981,0.3023670000000038,1.0174999999999983,0.6830699999999865,0.2792299999999983,0.44494599999999807,0.42369899999999916,1.0823580000000002,0.5298410000000047,0.7119519999999966,0.1729219999999998,0.3400570000000016
63,0.10708500000000143,0.24959800000000065,0.2849497999999997,0.14399500000000032,0.2884403000000013,0.16508790000000007,0.2585979999999992,0.2735970000000023,0.9296189999999989,0.631699999999995,0.2712900000000076,0.44480899999999934,0.4149659999999997,1.0425214,0.5692880000000002,0.7172489999999989,0.16886900000000082,0.3028669999999991
64,0.09803400000000195,0.24420000000000108,0.2687508999999997,0.1333169999999999,0.26955230000000086,0.15432669999999993,0.24451299999999776,0.24107200000000262,0.8331189999999999,0.5681699999999807,0.2524400000000071,0.42766400000000004,0.37945200000000057,0.9366773999999998,0.5522550000000024,0.6555579999999992,0.15413500000000369,0.2802730000000011
65,0.051187000000002314,0.11521399999999993,0.20680979999999938,0.08710600000000035,0.1619123000000009,0.10825379999999996,0.15423900000000046,0.19482,0.6831309999999995,0.49870999999998844,0.2001199999999983,0.3556740000000005,0.3510530000000003,0.7434267999999999,0.27837399999999946,0.43312999999999846,0.10592600000000374,0.2485409999999959
66,0.11607400000000112,0.2941850000000006,0.3198371,0.15837900000000005,0.32230630000000104,0.1771303999999998,0.29841499999999854,0.2764270000000053,0.9560209999999998,0.6564300000000003,0.30343000000000586,0.48052099999999953,0.4604929999999996,1.0634214000000002,0.6794069999999977,0.7431409999999978,0.18795800000000185,0.3057489999999987
67,0.08571300000000193,0.2164520000000003,0.24451089999999986,0.1241399999999988,0.24669430000000148,0.14703,0.21821999999999875,0.24789400000000228,0.8441849999999995,0.5647699999999816,0.22351000000000454,0.4133899999999997,0.3180600000000027,0.9005403999999997,0.46816099999999494,0.6247509999999998,0.15085499999999996,0.2883119999999977
68,0.11269400000000118,0.2682890000000011,0.30174209999999935,0.1485479999999999,0.3064163000000004,0.16899920000000002,0.29278400000000104,0.2743900000000039,0.9670489999999994,0.639269999999982,0.2773700000000048,0.4519289999999998,0.37154299999999907,0.9881674,0.5915449999999964,0.6777459999999991,0.1663300000000021,0.32750000000000057
69,-9.9999e+98,0.10585100000000125,0.17861999999999956,0.08005599999999902,0.1426823000000006,0.10001550000000003,0.13091899999999868,0.177894000000002,0.6297010000000007,0.4623100000000022,0.19668000000000063,0.29404199999999747,0.2609320000000004,0.6328598999999997,0.3009480000000053,0.40806699999999907,0.09602000000000288,0.22922899999999657
70,0.11611300000000213,0.29212900000000097,0.31972559999999994,0.16192000000000029,0.32734730000000134,0.17914509999999995,0.32323200000000085,0.27584300000000184,1.0032700000000006,0.726789999999994,0.3609399999999994,0.5916369999999986,0.6735550000000003,1.1839722000000004,0.689661000000001,0.8255029999999977,0.17488200000000376,0.2752039999999951
71,0.10423800000000227,0.2379560000000005,0.2791478999999999,0.1387470000000004,0.2841673,0.16002420000000006,0.26996099999999856,0.27142700000000275,0.9365220000000001,0.6214799999999912,0.2702199999999948,0.4510419999999975,0.33079899999999895,0.9515900000000004,0.5217950000000116,0.6619239999999991,0.16002900000000153,0.3181999999999974
72,0.09010100000000065,0.22755800000000015,0.25857119999999956,0.12882699999999936,0.2615023000000001,0.15114410000000023,0.23998100000000022,0.25023900000000054,0.8688049999999983,0.5837199999999996,0.24683000000000277,0.41518199999999794,0.323519000000001,0.9091366000000001,0.493354999999994,0.6202380000000005,0.15426899999999932,0.30157700000000176
73,0.06338099999999969,0.14904700000000126,0.18898919999999997,0.09419800000000045,0.1880373000000013,0.1165286000000001,0.1794550000000008,0.20137499999999875,0.690531,0.47650999999999044,0.1863699999999966,0.3368709999999986,0.23774700000000237,0.6578607000000005,0.3410790000000077,0.4667059999999985,0.11814600000000297,0.25395400000000024
74,0.1218590000000006,0.2910170000000001,0.3271356000000001,0.16591899999999882,0.3324373000000005,0.1857810999999998,0.2951039999999985,0.3153550000000038,1.061202999999999,0.7105799999999931,0.2969200000000001,0.4970859999999995,0.4647520000000007,1.1650516,0.6434169999999995,0.8081600000000009,0.185808999999999,0.3376310000000018
75,0.11740300000000303,0.263636,0.29937859999999983,0.15027800000000013,0.3046383000000006,0.17036300000000004,0.2836049999999979,0.2620560000000012,0.9220189999999988,0.6546999999999912,0.31481000000000847,0.4756389999999975,0.4988929999999989,1.0979107,0.6550069999999977,0.7389709999999994,0.17535200000000373,0.2903570000000002
76,0.09147700000000114,0.23422300000000007,0.26430039999999977,0.13156999999999996,0.26604530000000004,0.1536073,0.24939200000000028,0.26191200000000237,0.9174469999999992,0.6216000000000008,0.24415000000000475,0.41415199999999786,0.29134600000000077,0.8847783000000007,0.48675199999999563,0.6422850000000011,0.15486700000000297,0.33122499999999633
77,0.08607600000000204,0.21312400000000054,0.23905459999999934,0.12012,0.2424192999999999,0.1434500999999999,0.2216959999999979,0.23777499999999918,0.7980160000000005,0.5412699999999973,0.24157999999999902,0.37786099999999934,0.3420740000000002,0.9111105999999998,0.48129699999999787,0.5856069999999995,0.15129699999999957,0.26589899999999744
78,0.09738800000000225,0.22471900000000034,0.2682643999999996,0.13426600000000022,0.26763530000000024,0.15824660000000002,0.24298599999999837,0.2702430000000007,0.902788000000001,0.6182999999999765,0.2782799999999952,0.45686800000000005,0.4550479999999979,1.0677172000000006,0.5427279999999968,0.6689320000000016,0.16363700000000136,0.29536099999999976
79,0.09222700000000117,0.2354200000000013,0.2594599999999998,0.13281600000000005,0.2598313000000001,0.15321430000000014,0.22760099999999994,0.24450399999999917,0.8218169999999994,0.555419999999998,0.255510000000001,0.46747299999999825,0.4432729999999978,0.9896474,0.5299010000000095,0.7004359999999998,0.15464099999999803,0.25455300000000136
80,0.08442600000000056,0.2219250000000006,0.2504705999999999,0.12447500000000034,0.2516663000000001,0.14676540000000005,0.2336500000000008,0.2474640000000008,0.8637200000000007,0.5833899999999801,0.23026000000000124,0.39585199999999787,0.27959200000000095,0.8489123999999997,0.46619799999999145,0.6015529999999991,0.14737000000000222,0.3036419999999964
81,0.10755100000000084,0.2683309999999999,0.29486230000000013,0.1462140000000005,0.29749729999999985,0.16439899999999996,0.2797300000000007,0.24231400000000036,0.8624699999999983,0.6157999999999788,0.29439000000000703,0.4536219999999993,0.4762399999999971,0.9986655999999998,0.6509099999999961,0.7152140000000031,0.17014199999999846,0.26394899999999666
82,0.08373600000000181,0.1870100000000008,0.26597509999999946,0.12137300000000018,0.23649130000000085,0.14532040000000013,0.22240199999999888,0.2661380000000051,0.9095039999999983,0.6232599999999877,0.24938000000000216,0.4419620000000002,0.510861000000002,0.9349371,0.38155500000000586,0.6061179999999986,0.14699999999999847,0.3101690000000019
83,0.0989280000000008,0.24337300000000006,0.27350739999999973,0.13795000000000002,0.27585130000000113,0.15925449999999985,0.24852899999999778,0.26042800000000454,0.8689490000000006,0.5979899999999816,0.2691700000000026,0.43578799999999873,0.4228109999999994,0.9987683,0.5608320000000049,0.6925840000000001,0.15955600000000203,0.28306500000000057
84,0.08900500000000022,0.2235560000000003,0.2554254999999994,0.12753399999999893,0.25691430000000004,0.15004740000000005,0.23763699999999943,0.25494000000000483,0.8916229999999992,0.6024199999999951,0.2359299999999962,0.40956199999999754,0.27943699999999794,0.8781758999999996,0.4672039999999953,0.617804999999997,0.1499900000000025,0.31419299999999595
85,0.06654400000000038,0.15539400000000114,0.20370370000000015,0.09672400000000003,0.1871843000000002,0.11970329999999985,0.17046600000000112,0.21156799999999976,0.7402329999999999,0.5328499999999963,0.2269200000000069,0.3165219999999991,0.23412199999999928,0.6536925,0.38184000000001106,0.4933039999999984,0.11789900000000131,0.27130499999999813
86,0.06251600000000224,0.15007400000000004,0.1891242000000002,0.09303699999999893,0.1874003000000002,0.11473699999999987,0.17982100000000045,0.19379299999999944,0.6700039999999987,0.46043000000000234,0.1809599999999989,0.32468899999999934,0.2223480000000002,0.6405655999999995,0.338515000000001,0.459185999999999,0.11554999999999893,0.247166
87,0.08852300000000213,0.2262360000000001,0.25348619999999933,0.12742399999999954,0.2553163000000005,0.14975240000000012,0.2283280000000012,0.2487160000000017,0.8365979999999986,0.5641599999999869,0.23920999999999992,0.395702,0.34614400000000245,0.9277230999999997,0.48842000000000496,0.6354450000000007,0.149481999999999,0.2815119999999993
88,0.1088780000000007,0.27523000000000053,0.30950469999999974,0.1484829999999988,0.29158229999999996,0.1720218,0.2654530000000008,0.33332200000000256,1.0846990000000005,0.7321000000000026,0.2915100000000024,0.49857000000000085,0.5813099999999984,1.1068637,0.49476700000001017,0.7422639999999987,0.17143599999999992,0.3617020000000011
89,0.039578000000002334,0.12594800000000106,0.1836821999999998,0.08618300000000012,0.16790030000000122,0.10805910000000019,0.1589039999999997,0.18673600000000334,0.6497810000000008,0.454119999999989,0.17529000000000394,0.3258100000000006,0.27595799999999926,0.6520653000000003,0.3135300000000001,0.4248320000000021,0.10791000000000395,0.23937600000000003
90,0.08935300000000268,0.2249320000000008,0.2543451999999995,0.1281029999999994,0.2566183000000013,0.15061400000000003,0.22992800000000102,0.24903100000000222,0.8437859999999979,0.5701599999999871,0.24367999999999768,0.3990209999999976,0.34986100000000064,0.9450297999999995,0.49231399999999326,0.6352170000000008,0.15282200000000046,0.28021400000000085
91,0.09372700000000123,0.21284400000000048,0.25279510000000016,0.12805,0.25756330000000105,0.15126509999999982,0.24041400000000124,0.2603429999999989,0.9055709999999983,0.6076799999999878,0.25124999999999886,0.4126879999999993,0.3640720000000002,0.9449231999999999,0.44553499999999246,0.6319400000000002,0.15132100000000293,0.31263699999999517
92,0.07244400000000084,0.17062699999999964,0.20907829999999983,0.1048720000000003,0.20936730000000026,0.12818720000000017,0.1967169999999996,0.2201870000000028,0.7721799999999988,0.5334199999999782,0.20028999999999542,0.35560999999999865,0.26740600000000114,0.7376915000000004,0.3840979999999945,0.5151020000000024,0.12980800000000414,0.28038899999999956
93,0.10498400000000174,0.2416689999999999,0.2768518999999996,0.14067099999999932,0.28437030000000085,0.1635791000000002,0.2605949999999986,0.27973700000000434,0.9382839999999995,0.6339799999999798,0.2846499999999992,0.4433310000000006,0.4230240000000016,1.0609896999999995,0.5708350000000024,0.6882400000000004,0.17062800000000067,0.30967599999999607
94,0.01854900000000015,0.117699,0.17333789999999993,0.08164900000000053,0.15374130000000008,0.10259730000000022,0.14060899999999776,0.17090200000000522,0.6118220000000001,0.43057999999999197,0.16917999999999722,0.2971769999999978,0.2558340000000001,0.6497295999999997,0.33762400000000525,0.4150349999999996,0.10196900000000397,0.2243309999999994
95,0.12227999999999994,0.2891440000000003,0.3134762999999996,0.15977200000000025,0.31956330000000044,0.18062410000000018,0.28484200000000115,0.3552000000000035,1.0910569999999993,0.7252399999999852,0.2816700000000054,0.4812499999999993,0.4860350000000011,1.1044547000000007,0.5399850000000015,0.7642009999999999,0.17708199999999863,0.3639450000000011
96,0.11253699999999967,0.2643820000000012,0.30644899999999975,0.14862800000000043,0.2971243000000001,0.17211679999999996,0.2740949999999991,0.312847000000005,1.0553139999999992,0.7047000000000025,0.3030600000000021,0.5049719999999986,0.6035800000000009,1.1609329000000006,0.5236340000000013,0.7150099999999995,0.16875300000000237,0.34676499999999777
97,0.11253699999999967,0.2643820000000012,0.30644899999999975,0.14862800000000043,0.2971243000000001,0.17211679999999996,0.2740949999999991,0.312847000000005,1.0553139999999992,0.7047000000000025,0.3030600000000021,0.5049719999999986,0.6035800000000009,1.1609329000000006,0.5236340000000013,0.7150099999999995,0.16875300000000237,0.34676499999999777
98,0.07674400000000148,0.18403600000000075,0.2185448000000001,0.10895700000000019,0.21946330000000103,0.13188760000000022,0.20414599999999794,0.22008800000000406,0.7683499999999981,0.5196599999999876,0.20794000000000779,0.3682949999999998,0.25930899999999824,0.7824311999999995,0.41584100000000035,0.5331170000000007,0.13534400000000346,0.2758359999999982
99,0.09268300000000096,0.22363700000000009,0.2560754999999997,0.12987799999999972,0.2609843000000005,0.15316699999999983,0.2376269999999998,0.2586340000000007,0.8590169999999979,0.5848799999999983,0.2619100000000003,0.4152439999999977,0.38071000000000055,0.9875293999999997,0.5263440000000088,0.6443949999999994,0.15674200000000127,0.28772199999999515
100,0.0864849999999997,0.2212770000000006,0.24862559999999956,0.12451499999999882,0.2507753000000008,0.14687470000000014,0.22650799999999904,0.24005999999999972,0.8294199999999989,0.5587400000000002,0.23403000000000418,0.4110689999999977,0.3293459999999975,0.8928383000000002,0.48738199999999665,0.6154980000000023,0.1513040000000032,0.2866239999999962
101,0.09803800000000251,0.2461770000000012,0.2783907000000001,0.135942,0.28064730000000004,0.1564101,0.2638280000000002,0.2519370000000052,0.8904059999999987,0.5883999999999787,0.24684000000000594,0.40220199999999906,0.32370899999999736,0.8858329999999999,0.5274760000000072,0.6116080000000004,0.1540900000000036,0.30391300000000143
102,0.10075300000000098,0.2315170000000002,0.27808160000000015,0.13721600000000045,0.2702623000000006,0.15995040000000005,0.23986799999999775,0.2755280000000013,0.899481999999999,0.6192099999999812,0.27564999999999884,0.47769500000000065,0.4829390000000018,1.0473188000000002,0.550697999999997,0.6981220000000015,0.1600000000000037,0.2852499999999978
103,0.10305100000000067,0.2624480000000009,0.28421770000000013,0.14186100000000046,0.2839273000000002,0.16127950000000002,0.2517069999999997,0.2455670000000012,0.8565690000000004,0.5869500000000016,0.26699000000000694,0.43695599999999857,0.43681700000000134,0.9521393999999992,0.5898540000000025,0.7023259999999993,0.16383499999999884,0.2710969999999975
104,0.10928000000000182,0.2547689999999996,0.2926390999999997,0.147532,0.29904630000000054,0.16939120000000019,0.274995999999998,0.2854650000000021,0.9696689999999997,0.6551199999999824,0.2888599999999997,0.4490780000000001,0.4215869999999988,1.0839084999999997,0.5988710000000026,0.7101969999999973,0.1671790000000044,0.31937500000000085
105,0.12121500000000296,0.2959189999999996,0.3193798000000001,0.16327300000000022,0.32742930000000037,0.18455330000000014,0.2966149999999992,0.3273709999999994,1.0742399999999996,0.7296399999999892,0.31336000000000297,0.507438999999998,0.5019990000000014,1.2110112000000006,0.6484260000000006,0.7946680000000015,0.1876660000000001,0.3435670000000002
106,0.1000910000000026,0.24980000000000047,0.27654140000000016,0.1386409999999998,0.27873330000000074,0.15845930000000008,0.25408099999999934,0.2412520000000029,0.8313369999999978,0.5835699999999804,0.27635999999999683,0.4565899999999985,0.46370199999999784,0.9833173000000004,0.6068420000000003,0.7109390000000033,0.1626589999999979,0.2600449999999981
107,0.09054100000000176,0.23702500000000093,0.26235549999999996,0.13203999999999994,0.26401330000000023,0.1536814999999998,0.23144200000000126,0.24892600000000442,0.8526209999999992,0.5678099999999802,0.23552000000000817,0.425380999999998,0.3508989999999983,0.9392100000000001,0.5029920000000061,0.6587160000000019,0.1525310000000033,0.2871889999999979
108,0.1219840000000012,0.2850370000000009,0.3185262999999994,0.15755799999999986,0.32430629999999994,0.17806880000000014,0.30839500000000086,0.30748700000000184,1.0299699999999987,0.6793600000000026,0.2922800000000052,0.4682700000000004,0.3814119999999974,1.0534052999999997,0.6188630000000046,0.7172079999999994,0.16982200000000347,0.34709900000000005
109,0.08821900000000227,0.23280600000000007,0.2525825999999993,0.12843099999999907,0.2528283000000009,0.1500857,0.2095729999999989,0.24407700000000432,0.8250419999999998,0.5375999999999976,0.19982000000000255,0.408021999999999,0.36734300000000175,0.8985599999999998,0.5054990000000004,0.6582639999999991,0.14887500000000387,0.277040999999997
110,0.12363100000000316,0.28894400000000076,0.32347959999999976,0.16520500000000027,0.32778730000000067,0.18451430000000002,0.27995400000000004,0.30752100000000127,1.0347679999999997,0.6867999999999768,0.2891699999999986,0.5074889999999996,0.4919709999999995,1.1480344000000002,0.6051639999999878,0.8109639999999985,0.18447400000000158,0.3219390000000004
111,0.12848100000000073,0.3099640000000008,0.3420006999999998,0.17637000000000036,0.3510813000000006,0.1964361000000001,0.30214600000000047,0.3710720000000052,1.1361729999999994,0.7462199999999939,0.3080900000000071,0.5476460000000003,0.5302749999999996,1.2769043,0.6774460000000033,0.856149000000002,0.18133100000000013,0.35704299999999733
112,-9.9999e+98,0.098414,0.17132969999999936,0.07521899999999881,0.1360393000000002,0.09459730000000022,0.12720900000000057,0.15766299999999944,0.5829759999999986,0.4163299999999879,0.16379000000000588,0.2950669999999995,0.3121919999999996,0.6626268,0.2713679999999954,0.357958,0.05215300000000411,0.21179300000000012
113,0.1220540000000021,0.2928449999999998,0.3164717999999995,0.16273999999999944,0.31897830000000127,0.18309340000000018,0.2710650000000001,0.31197300000000183,1.0409070000000007,0.6991399999999999,0.30760999999999683,0.5651519999999977,0.5710969999999982,1.2430458999999994,0.643390999999994,0.8166139999999977,0.18542599999999965,0.3130729999999957
114,0.11071500000000256,0.27210999999999963,0.2995137999999997,0.15067200000000014,0.298808300000001,0.17345180000000004,0.26747299999999896,0.316709000000003,1.0308199999999985,0.6962599999999952,0.29849000000000103,0.5012799999999977,0.5267400000000002,1.1765577,0.565581999999992,0.7360359999999986,0.17407500000000198,0.33868400000000065
115,0.07702400000000154,0.16851500000000108,0.24573219999999996,0.10985099999999903,0.21130830000000067,0.13429719999999978,0.1938980000000008,0.24908599999999836,0.8364489999999982,0.5831199999999797,0.2220700000000022,0.3875630000000001,0.431434000000003,0.8324106000000002,0.3796389999999974,0.5621009999999984,0.13328599999999824,0.2887190000000004
116,0.12874900000000267,0.3239049999999999,0.34445889999999935,0.17743100000000034,0.34818630000000006,0.1938816000000001,0.3130929999999985,0.288924999999999,1.0685749999999992,0.6964999999999861,0.30957999999999686,0.5917239999999993,0.6147190000000009,1.1753196,0.6631599999999906,0.8698709999999998,0.18083200000000232,0.28042800000000057
117,0.10124200000000272,0.23040600000000033,0.27071759999999934,0.13926999999999978,0.27669230000000056,0.16273079999999984,0.24839799999999812,0.2905280000000019,0.9617529999999981,0.648539999999997,0.27125999999999806,0.45051799999999886,0.44932500000000175,1.0794726,0.5026139999999941,0.6872280000000011,0.1671049999999994,0.3232050000000015
118,0.07241400000000198,0.16612000000000116,0.24248289999999972,0.10680900000000015,0.20229229999999987,0.12966960000000016,0.17466899999999796,0.22944000000000386,0.735157000000001,0.49690999999998553,0.20556000000000552,0.3896519999999981,0.39731899999999953,0.8814459999999995,0.4235179999999872,0.558686999999999,0.12876500000000135,0.24374799999999652
119,0.07048900000000202,0.17031500000000044,0.20213269999999994,0.10207299999999897,0.2032903000000008,0.12500260000000019,0.18373300000000015,0.21208400000000438,0.6857620000000004,0.4681399999999769,0.20547999999999433,0.3364319999999985,0.2901100000000021,0.7925331,0.4031659999999988,0.5130860000000013,0.12870900000000063,0.23413099999999787
120,0.11858800000000258,0.28521700000000116,0.31693689999999997,0.16113,0.32654730000000143,0.18302849999999982,0.3044240000000009,0.3337580000000031,1.1138829999999977,0.74024,0.31240999999999985,0.5040659999999981,0.4842949999999995,1.1728047000000004,0.5885010000000079,0.7732340000000022,0.17890400000000284,0.37386399999999753
121,0.07460000000000022,0.18057199999999973,0.21869329999999998,0.10960599999999943,0.21865130000000121,0.13279759999999996,0.20791799999999938,0.2392150000000015,0.8386959999999988,0.6070699999999931,0.25027000000000044,0.3591489999999986,0.24146799999999757,0.6853584000000001,0.4110289999999992,0.5377799999999979,0.13057799999999986,0.31400099999999753
122,0.06721900000000147,0.1463150000000013,0.18835740000000012,0.0936609999999991,0.18398430000000054,0.11647600000000002,0.17333400000000054,0.19779600000000386,0.7129809999999992,0.5115799999999808,0.20678999999999803,0.32972600000000085,0.245711,0.6565976999999998,0.3716930000000076,0.4723229999999994,0.11714900000000483,0.2663469999999961
123,0.0988710000000026,0.24997800000000048,0.27502020000000016,0.13606300000000005,0.27580130000000125,0.15660279999999993,0.2517700000000005,0.24325200000000535,0.8376429999999999,0.5734300000000019,0.26281000000000176,0.4361859999999993,0.39604300000000237,0.9382650000000003,0.5737550000000056,0.6672200000000004,0.1572670000000045,0.27956599999999554
124,0.08710000000000306,0.20113300000000045,0.24144599999999983,0.1227640000000001,0.24508430000000025,0.1460925999999998,0.22197699999999898,0.24692200000000497,0.8192090000000007,0.5588499999999783,0.2466799999999978,0.3987650000000009,0.3528580000000012,0.9473006000000002,0.4820880000000045,0.613548999999999,0.15313400000000144,0.2729409999999959
125,0.1263210000000008,0.3351040000000012,0.3539772000000001,0.1767070000000004,0.3569723000000007,0.1936703999999998,0.3090049999999991,0.30183999999999855,1.0460299999999982,0.6773499999999899,0.28270999999999447,0.5183180000000007,0.4991550000000018,1.0960203999999996,0.722808999999998,0.8105340000000005,0.189194999999998,0.3334130000000002
126,0.07177300000000031,0.16378700000000102,0.19995599999999936,0.10163200000000039,0.19916230000000112,0.12465510000000002,0.17603599999999986,0.20888300000000015,0.7013089999999984,0.4757799999999861,0.1905000000000001,0.3385940000000005,0.27813999999999695,0.7700334,0.4126109999999983,0.5247279999999996,0.12701600000000468,0.24858199999999897
127,0.09286400000000228,0.22354200000000013,0.254664,0.1271369999999994,0.25803830000000083,0.14971790000000018,0.23697899999999805,0.24791300000000405,0.860399000000001,0.5776499999999771,0.24729999999999563,0.4138230000000007,0.3124899999999968,0.9134842000000001,0.4783869999999979,0.6111710000000024,0.15196000000000254,0.29554999999999865
128,0.10020400000000151,0.22682800000000114,0.2680321000000001,0.1375340000000005,0.2739343000000005,0.16093540000000006,0.25022599999999784,0.29400900000000263,0.9787280000000003,0.6598899999999901,0.26539999999999964,0.4404989999999991,0.4265270000000001,1.0151024,0.48380699999999877,0.6794529999999988,0.16113299999999953,0.33613400000000127
129,0.10563300000000098,0.24882999999999988,0.2852271000000002,0.14309100000000008,0.2913583000000006,0.16478819999999983,0.27361399999999847,0.28146600000000177,0.9806069999999991,0.6518799999999771,0.28105000000000757,0.46083699999999794,0.3694469999999974,1.0089948999999994,0.5243869999999902,0.6869580000000006,0.16883800000000093,0.3337099999999964
130,0.06946399999999997,0.1661090000000005,0.20026659999999996,0.0997849999999989,0.1967262999999999,0.12217279999999997,0.1768339999999995,0.20380200000000315,0.6624039999999987,0.45738000000000056,0.201430000000002,0.33600099999999955,0.29659600000000097,0.7834960000000004,0.40234499999999684,0.515231,0.12391600000000125,0.22440699999999936
131,-9.9999e+98,0.0941080000000003,0.16535989999999945,0.07271599999999978,0.13381430000000094,0.09228300000000011,0.12776600000000116,0.15637600000000162,0.5709699999999991,0.41271000000000413,0.16079999999999472,0.2968429999999991,0.30021099999999734,0.6349994999999993,0.23852499999999566,0.32850799999999936,0.05098500000000428,0.204777
132,0.08878300000000294,0.21900300000000072,0.25238099999999974,0.12779600000000002,0.2585543000000001,0.15155360000000018,0.23870099999999894,0.2637539999999987,0.8667189999999998,0.5831900000000019,0.26203999999999894,0.41605200000000053,0.43209799999999987,0.9661809000000003,0.49336199999999053,0.6209389999999999,0.15574000000000154,0.28422299999999723
133,0.10752400000000151,0.24434100000000036,0.28041879999999964,0.14433499999999988,0.28662330000000047,0.1665804999999998,0.2523049999999998,0.2869659999999996,0.9769100000000002,0.651379999999989,0.26321000000000083,0.4622390000000003,0.4355430000000027,1.0842345,0.516286000000008,0.7085789999999967,0.1691770000000048,0.3207079999999962
134,0.10622500000000201,0.27183899999999994,0.30311850000000007,0.14925700000000042,0.3045113000000015,0.1685401999999998,0.28177300000000116,0.27957900000000535,1.0006029999999981,0.6724299999999914,0.25633999999999446,0.4272069999999992,0.3323450000000001,0.9427764999999999,0.5428699999999935,0.7029589999999999,0.16552099999999825,0.3539639999999977
135,0.09483300000000128,0.23061299999999996,0.2586139999999997,0.13000899999999938,0.26259230000000144,0.15244599999999986,0.24120599999999826,0.24189799999999906,0.8286580000000008,0.5747899999999788,0.2674300000000045,0.41636000000000095,0.42046299999999803,0.9841595999999999,0.5468529999999987,0.6498549999999987,0.15438699999999983,0.27331999999999823
136,0.07484700000000188,0.17329100000000075,0.21372400000000003,0.10640099999999997,0.20942930000000004,0.13003540000000013,0.19079100000000082,0.22556800000000266,0.7807929999999992,0.5432199999999909,0.21191000000000315,0.34014999999999773,0.28858900000000176,0.7442447999999997,0.40722100000000694,0.537941,0.1345670000000041,0.2815079999999952
137,0.08157300000000234,0.23641500000000093,0.24688489999999952,0.12115900000000046,0.24124429999999997,0.13886589999999988,0.22385699999999886,0.19638199999999983,0.7106139999999996,0.48314999999999486,0.20704000000000633,0.3755500000000005,0.3568239999999996,0.7569898000000004,0.49022000000000787,0.636884000000002,0.13446000000000424,0.21721999999999753
138,0.12454100000000068,0.2857850000000006,0.3214983,0.16160400000000053,0.3298943000000012,0.18292039999999998,0.3082630000000002,0.3124510000000029,1.0462309999999988,0.7032799999999781,0.3202700000000078,0.5195149999999984,0.4552270000000007,1.1550943,0.6773060000000015,0.7699560000000005,0.1820990000000009,0.3470760000000013
139,0.12424600000000297,0.3163999999999998,0.35000069999999983,0.1732320000000005,0.3574653000000012,0.19265830000000017,0.34521600000000063,0.3333909999999989,1.1180629999999994,0.7344200000000001,0.31587000000000387,0.503696999999999,0.4222290000000015,1.1311437,0.6935190000000091,0.7850859999999997,0.1984819999999985,0.3708609999999979
140,0.05494900000000058,0.13163899999999984,0.16982199999999992,0.08544799999999952,0.16571030000000064,0.1074221999999998,0.1557859999999991,0.18409499999999923,0.663608,0.4851500000000044,0.20356999999999914,0.2982459999999989,0.22115699999999805,0.5938676999999997,0.3500629999999916,0.43694799999999745,0.10718400000000372,0.25347199999999503
141,0.08642400000000094,0.21869099999999975,0.25110229999999945,0.12536899999999918,0.24970930000000102,0.14883749999999996,0.23610400000000098,0.2656820000000053,0.9191889999999994,0.6268399999999872,0.24474999999999625,0.41371799999999936,0.3698629999999987,0.8956425999999995,0.41732499999999106,0.6215669999999989,0.14871399999999824,0.32749700000000104
142,0.0775490000000012,0.18713200000000008,0.21746739999999942,0.10960000000000036,0.21957330000000042,0.13270530000000003,0.19983200000000068,0.22534800000000388,0.7266580000000005,0.49828999999999724,0.22119999999999607,0.3553949999999979,0.32549900000000065,0.8619614999999996,0.4398520000000019,0.5441030000000033,0.13826099999999997,0.2439239999999998
143,0.08987300000000076,0.2128490000000003,0.2558235999999994,0.12965400000000038,0.25801030000000047,0.15340560000000014,0.24075500000000005,0.27519399999999905,0.9391730000000003,0.6345199999999807,0.2504200000000054,0.4228039999999993,0.3817559999999993,0.9427816,0.4469570000000118,0.6393950000000004,0.15428100000000455,0.3307299999999955
144,0.09896600000000078,0.23960199999999965,0.27353380000000005,0.13916599999999946,0.2779563000000014,0.16175419999999985,0.248386,0.27940800000000365,0.9401499999999992,0.6314099999999883,0.2607900000000001,0.4340030000000006,0.38670399999999816,1.0312411999999993,0.5083279999999917,0.6822969999999984,0.1653349999999989,0.31732999999999834
145,0.0933729999999997,0.2372980000000009,0.26102120000000006,0.13039500000000004,0.2610413000000005,0.15007990000000015,0.23528500000000108,0.22289299999999912,0.7756909999999984,0.5366499999999803,0.25006000000000483,0.4328569999999985,0.4272929999999988,0.9043367,0.5577090000000027,0.6737660000000005,0.15035199999999804,0.2459349999999958
146,0.10623000000000005,0.247579,0.2871889999999997,0.14700000000000024,0.29529929999999993,0.1698556,0.26938200000000023,0.30201100000000025,1.0184479999999994,0.6826899999999796,0.2898500000000013,0.4637360000000008,0.5018029999999989,1.1129163999999996,0.534829000000002,0.7035400000000003,0.1677350000000004,0.33782499999999516
147,0.10382099999999994,0.2328840000000003,0.2787236999999996,0.14167600000000036,0.28608030000000007,0.16443830000000004,0.26321199999999934,0.29249599999999987,0.984096000000001,0.6569299999999885,0.2781800000000061,0.4469569999999976,0.46467699999999823,1.0487304999999996,0.5066759999999988,0.6852289999999996,0.16062699999999808,0.3301000000000016
148,0.095283000000002,0.22547600000000045,0.25561219999999985,0.12974700000000006,0.26087230000000083,0.1530737000000002,0.23866800000000055,0.25578900000000004,0.8540089999999978,0.5860500000000002,0.26314000000000703,0.41960599999999815,0.39214899999999986,0.9961305999999999,0.5343000000000018,0.6463039999999971,0.152670999999998,0.28113400000000155
149,0.08895100000000156,0.21126199999999962,0.2446874000000001,0.12339899999999915,0.2474943000000014,0.14665499999999998,0.2306430000000006,0.25061600000000084,0.8775049999999993,0.5941799999999944,0.2345499999999987,0.4119199999999985,0.2921950000000031,0.8809977,0.45126999999999384,0.6075520000000019,0.14739000000000146,0.30902899999999534
150,0.12462400000000073,0.30879999999999974,0.33981320000000004,0.17078300000000013,0.3477212999999999,0.19075379999999997,0.32508999999999943,0.3141900000000035,1.0526839999999993,0.7346100000000035,0.34579000000000804,0.5115300000000005,0.5675929999999987,1.1972926999999993,0.7361329999999953,0.7984969999999976,0.18561100000000152,0.3287699999999987
151,0.058080000000000354,0.13421100000000052,0.1817025000000001,0.0870949999999997,0.17169930000000022,0.10924619999999985,0.161995000000001,0.18937199999999876,0.6501230000000007,0.4530599999999936,0.17171000000000447,0.31234199999999746,0.22845000000000226,0.6229474000000002,0.338468000000006,0.4377420000000001,0.10798400000000186,0.24036499999999705
152,-9.9999e+98,0.10618700000000025,0.14100549999999945,0.06633699999999898,0.1212333000000001,0.08524850000000006,0.11527599999999794,0.12287299999999846,0.5262080000000005,0.3934199999999919,0.16940999999999917,0.24298599999999837,0.20017800000000108,0.5027435000000002,0.2761739999999975,0.3159309999999991,0.051222000000002765,0.20176599999999922
153,0.11716900000000052,0.2979630000000011,0.3246234000000001,0.16277799999999942,0.32979030000000087,0.1784363,0.33113799999999927,0.26440099999999944,0.9923369999999991,0.7184599999999932,0.3496200000000016,0.559625999999998,0.632638,1.1182616999999997,0.7217449999999985,0.8159080000000003,0.16140899999999903,0.26575400000000116
154,0.127633000000003,0.31704000000000043,0.34613270000000007,0.1730780000000003,0.3522483000000012,0.19190180000000012,0.32959400000000016,0.31342700000000434,1.0535099999999993,0.7353399999999795,0.34100999999999715,0.500038,0.5499569999999991,1.1683592000000003,0.7416089999999969,0.7997339999999973,0.1617650000000026,0.32842000000000127
155,0.11391000000000062,0.28012800000000126,0.3126397000000001,0.15278499999999973,0.30209930000000007,0.1758039,0.27082400000000106,0.3246639999999985,1.051437,0.7118899999999826,0.3046099999999967,0.5269130000000004,0.6007829999999998,1.2265831,0.583200000000005,0.7459950000000006,0.16537300000000243,0.33849099999999765
156,0.05849300000000213,0.11869500000000066,0.19178050000000013,0.08563299999999963,0.16334729999999986,0.10745689999999986,0.15379599999999982,0.1931110000000018,0.6553699999999978,0.4589199999999778,0.17714999999999748,0.33210599999999957,0.33221599999999896,0.7055230999999997,0.2954119999999989,0.42068699999999737,0.10644299999999873,0.23566900000000146
157,0.12198100000000167,0.3154040000000009,0.3416685999999993,0.1693839999999991,0.34638330000000117,0.18753699999999984,0.3265180000000001,0.29162900000000036,1.0012830000000008,0.7007199999999898,0.3327900000000028,0.48579999999999757,0.5259360000000015,1.1131959,0.7435619999999972,0.7730710000000016,0.17567100000000124,0.30646999999999736
158,0.01623000000000019,0.1200840000000003,0.1810008999999999,0.08291200000000032,0.15529530000000058,0.10418240000000001,0.14119099999999918,0.17805500000000052,0.6327420000000004,0.4529799999999966,0.18707000000000562,0.2988029999999995,0.2528630000000014,0.6386601999999995,0.3397910000000053,0.43410499999999885,0.1032820000000001,0.23257999999999868
159,0.10927799999999976,0.27715400000000123,0.29895599999999956,0.15047000000000033,0.2984203000000001,0.16789349999999992,0.26603199999999916,0.24885100000000193,0.892945000000001,0.5981400000000008,0.267470000000003,0.48416699999999935,0.46645699999999835,0.9788643000000006,0.6121850000000109,0.7564540000000015,0.17829799999999807,0.26411199999999724
160,0.12411400000000228,0.31037400000000126,0.34103700000000003,0.17015799999999892,0.3464973000000011,0.18858590000000008,0.3282640000000008,0.29807800000000384,1.0261499999999977,0.7283599999999808,0.3426599999999951,0.4974919999999976,0.5551209999999998,1.1377549,0.7342749999999967,0.7892499999999991,0.17345900000000114,0.3131360000000001
161,0.0948190000000011,0.2172900000000002,0.2567072999999995,0.12956799999999902,0.26135529999999996,0.15273350000000008,0.24347900000000067,0.2685239999999993,0.9077330000000003,0.6086599999999862,0.2566800000000029,0.43302699999999916,0.3555550000000025,0.952191,0.45858900000000347,0.6386320000000012,0.15424699999999802,0.31243599999999816
162,0.10280500000000004,0.24659600000000026,0.2757860999999995,0.13769999999999882,0.2802263000000007,0.1594148999999998,0.25917300000000054,0.25426800000000327,0.8774139999999981,0.59926999999999,0.2779699999999963,0.4460029999999975,0.40436499999999853,1.0054018000000005,0.5942809999999952,0.6692789999999995,0.1659350000000046,0.2926730000000006
163,0.12714800000000182,0.3205000000000009,0.34785749999999993,0.17399599999999893,0.353003300000001,0.19204860000000012,0.3307549999999999,0.3076500000000024,1.0496160000000003,0.7365099999999813,0.3418099999999953,0.508347999999998,0.5486189999999986,1.1542176,0.7470890000000026,0.8184109999999976,0.16550900000000013,0.3245639999999952
164,0.06925200000000231,0.15655100000000033,0.20388239999999946,0.100382999999999,0.19897330000000046,0.12396019999999996,0.18121599999999916,0.21835800000000205,0.7109439999999978,0.48067999999997824,0.2051400000000001,0.34001599999999854,0.3311530000000005,0.7814318,0.3648500000000041,0.49675900000000084,0.12568500000000427,0.24744899999999603
165,0.12183100000000024,0.3191810000000004,0.3360889999999994,0.1665479999999988,0.33718930000000036,0.1824214999999998,0.31706199999999995,0.2679949999999991,0.9643340000000009,0.6682600000000036,0.3004800000000074,0.48542600000000036,0.4972279999999998,1.0180854999999998,0.7182120000000083,0.7822989999999983,0.1763340000000042,0.2783109999999951
166,0.10065700000000177,0.2347999999999999,0.2721138999999999,0.1383669999999988,0.2786483000000004,0.16127059999999993,0.25409600000000054,0.27633300000000105,0.9406239999999997,0.6323999999999899,0.2775800000000004,0.4321579999999976,0.372128,1.0312117,0.5283110000000022,0.6800449999999998,0.16662200000000382,0.3181889999999967
167,0.047581000000000984,0.12520800000000065,0.19322069999999947,0.08835700000000024,0.16816430000000082,0.1107914000000001,0.15780999999999779,0.19871200000000044,0.6889779999999988,0.49559999999999604,0.20117000000000473,0.3273849999999996,0.28632400000000047,0.7045062,0.3335390000000018,0.4502279999999992,0.11011599999999788,0.258344000000001
168,0.13541700000000034,0.35062700000000113,0.3791007999999998,0.18879800000000024,0.384863300000001,0.2051449999999999,0.34393599999999935,0.34090000000000487,1.1696489999999997,0.7494999999999834,0.2851700000000079,0.5188710000000007,0.47884400000000227,1.1689093000000002,0.7194140000000004,0.8568200000000026,0.1798130000000029,0.3844309999999993
169,0.10241600000000162,0.23247100000000032,0.28019820000000006,0.14283499999999982,0.2848652999999999,0.16593649999999993,0.2581230000000012,0.2962929999999986,0.994885,0.6697999999999809,0.2812899999999985,0.45713599999999843,0.4510760000000005,1.0889760000000006,0.514023999999992,0.7007300000000001,0.16416699999999906,0.3390989999999974
170,0.10584300000000013,0.2382660000000012,0.2793352999999996,0.14339299999999966,0.28782830000000104,0.16665600000000014,0.2624940000000002,0.2935149999999993,0.9781340000000007,0.6596899999999835,0.28816000000000486,0.464420999999998,0.49209199999999953,1.1042589000000005,0.559439999999995,0.6952359999999977,0.16263800000000117,0.32051399999999575
171,0.09429500000000246,0.23653600000000097,0.2675761999999997,0.13160300000000014,0.26997730000000075,0.1534574000000002,0.2503530000000005,0.25005099999999914,0.8662430000000008,0.5762399999999843,0.2470700000000079,0.4041669999999975,0.3187889999999989,0.8982670000000006,0.5140209999999996,0.5999799999999986,0.15241100000000074,0.29220699999999766
172,0.07285500000000056,0.14905200000000107,0.21709610000000001,0.09857000000000049,0.19066630000000018,0.12204570000000015,0.17820400000000092,0.2206070000000011,0.7465019999999996,0.5211400000000026,0.1952399999999983,0.36380399999999824,0.3293220000000012,0.7587259,0.36701599999999246,0.5083379999999984,0.12070899999999796,0.2694839999999985
173,0.07999799999999979,0.20428599999999975,0.23202560000000005,0.11566399999999888,0.23188430000000082,0.13848169999999982,0.21451099999999812,0.23442400000000418,0.8199149999999982,0.5597199999999987,0.2114700000000056,0.3726780000000005,0.25241499999999917,0.7919177,0.43470700000000306,0.5617280000000022,0.14392600000000044,0.2899409999999989
174,0.09308900000000264,0.22166400000000053,0.25945519999999966,0.13003699999999974,0.2629773000000011,0.15268309999999996,0.24955699999999936,0.26417299999999955,0.9224099999999993,0.6204199999999958,0.24855999999999767,0.4326769999999982,0.3142780000000016,0.9151473999999995,0.4536540000000002,0.6409020000000005,0.15301200000000392,0.3258549999999971
175,0.0788940000000018,0.1719950000000008,0.23984000000000005,0.11064000000000007,0.21599130000000066,0.13499039999999995,0.1936789999999995,0.23722000000000065,0.7875209999999981,0.5339999999999918,0.2254999999999967,0.38660099999999886,0.4087949999999978,0.9029737000000004,0.401834000000008,0.5516269999999999,0.13389899999999955,0.2668989999999951
176,0.07950100000000049,0.18264300000000055,0.23754449999999938,0.11554800000000043,0.22998530000000095,0.1397425000000001,0.20826299999999875,0.2431620000000052,0.8049339999999994,0.5438199999999824,0.2353300000000047,0.3843229999999984,0.3911149999999992,0.9195744000000001,0.4226370000000088,0.5685100000000034,0.14260200000000367,0.26901399999999853
177,0.1008659999999999,0.25464299999999973,0.2780496000000001,0.1397169999999992,0.2783313000000014,0.15922619999999998,0.2489139999999992,0.25060200000000066,0.8489699999999978,0.58329999999998,0.26084000000000174,0.4505429999999997,0.4394020000000012,0.9638463000000002,0.5734779999999944,0.7077920000000013,0.1634290000000007,0.2664359999999988
178,0.07942200000000099,0.18807600000000058,0.24753069999999955,0.1201049999999988,0.23929630000000124,0.14433810000000014,0.21975699999999776,0.2546600000000012,0.855003,0.57353999999998,0.24584000000000117,0.40793700000000044,0.4481099999999998,0.9407699999999997,0.40965099999999666,0.5824079999999974,0.14517800000000136,0.2879220000000018
179,0.10597100000000026,0.25395400000000024,0.2864854999999995,0.14592399999999905,0.2882613000000003,0.16695450000000012,0.2555179999999986,0.27116000000000184,0.9183470000000007,0.638089999999977,0.2984399999999994,0.5292589999999997,0.5260549999999995,1.1396584,0.6180570000000074,0.7510169999999974,0.17365099999999956,0.2842780000000005
180,0.11973200000000261,0.28374400000000044,0.3107275999999999,0.16152499999999925,0.31543330000000047,0.1809075,0.2553270000000012,0.2731940000000037,0.9666530000000009,0.6074999999999875,0.25495999999999697,0.5240550000000006,0.5263390000000001,1.1253843999999997,0.6446719999999999,0.7857319999999994,0.19190799999999797,0.2766639999999967
181,0.08942700000000059,0.2277389999999997,0.25667099999999987,0.12696500000000022,0.258090300000001,0.14900920000000006,0.23907099999999915,0.2412440000000018,0.8677360000000007,0.583910000000003,0.23529999999999518,0.3939780000000006,0.29839099999999874,0.8679263000000006,0.4837579999999946,0.6070260000000012,0.15102100000000007,0.30510299999999546
182,0.06954600000000255,0.16019800000000117,0.2010223,0.09954899999999967,0.20171730000000032,0.12166180000000004,0.19186799999999948,0.20236900000000446,0.6998889999999989,0.47285999999999717,0.19952999999999577,0.3575279999999985,0.2708079999999988,0.7109154000000002,0.3463040000000035,0.4794729999999987,0.12697299999999956,0.24944299999999942
183,0.11125900000000044,0.25043600000000055,0.28754599999999986,0.1468759999999989,0.292568300000001,0.16834550000000004,0.26043400000000005,0.289121999999999,0.9636749999999985,0.6534899999999766,0.2787299999999959,0.4690270000000005,0.4337850000000003,1.0954893000000006,0.5702620000000138,0.7317080000000011,0.17221800000000087,0.311596999999999
184,0.09483100000000277,0.22982100000000116,0.2667969000000001,0.13382200000000033,0.2716232999999999,0.1563555000000001,0.2529730000000008,0.26301300000000083,0.916440999999999,0.6133099999999843,0.26018999999999437,0.4396039999999992,0.323205999999999,0.9611973999999996,0.4982129999999927,0.6468539999999976,0.16068899999999786,0.3182769999999948
185,0.10379800000000117,0.26614800000000116,0.2926386999999995,0.14590800000000037,0.2942613000000005,0.1658678,0.2619959999999999,0.2714770000000044,0.9283879999999982,0.6195400000000006,0.25847000000000264,0.4543350000000004,0.3751960000000025,0.9902443999999999,0.5613000000000028,0.709029000000001,0.1708849999999984,0.3099899999999991
186,0.11523700000000048,0.2826890000000013,0.3129760999999993,0.16093899999999906,0.32307030000000125,0.17820400000000003,0.3258349999999979,0.276327000000002,1.0453499999999991,0.7575999999999965,0.3817200000000014,0.655148999999998,0.7424359999999979,1.2654457,0.7936200000000042,0.8462059999999987,0.1651510000000016,0.2834009999999978
187,0.13607500000000172,0.333495000000001,0.3639783999999997,0.18463299999999983,0.3751073000000016,0.20486629999999995,0.34878499999999946,0.3876249999999999,1.1965779999999988,0.8091000000000008,0.3522999999999996,0.5687320000000007,0.5412290000000013,1.2963785000000003,0.7584150000000136,0.8726079999999996,0.1870970000000014,0.3793879999999987
188,0.12174500000000066,0.29668900000000065,0.32355100000000014,0.1611779999999996,0.3270293000000013,0.17989539999999993,0.30211200000000105,0.2774819999999991,0.9678959999999996,0.6708399999999983,0.3140199999999993,0.4780479999999976,0.49424899999999994,1.0869039999999996,0.6947609999999997,0.7713360000000016,0.17903400000000147,0.3047389999999979
189,0.09441500000000147,0.2111560000000008,0.2505606999999994,0.1276799999999998,0.25594730000000077,0.15135150000000008,0.23474200000000067,0.2662109999999984,0.8922089999999976,0.5988299999999924,0.2529700000000048,0.40927199999999786,0.37418199999999757,0.9669499999999998,0.45005700000000104,0.632482999999997,0.15055900000000122,0.30785099999999943
190,0.0809790000000028,0.2071120000000004,0.26019089999999956,0.11694499999999941,0.22466730000000013,0.14175259999999978,0.20225399999999993,0.25810200000000094,0.8559449999999984,0.5790599999999984,0.24080000000000723,0.42979000000000056,0.5023470000000003,0.9484539999999999,0.40425399999999456,0.5861420000000024,0.13933500000000265,0.2893100000000004
191,0.10236100000000192,0.2744370000000007,0.30031419999999986,0.14649499999999982,0.2994993000000008,0.16473780000000016,0.2740310000000008,0.2650770000000051,0.9592089999999978,0.6403299999999774,0.23166000000000508,0.393421,0.3271329999999999,0.8767651000000001,0.5253470000000107,0.671641000000001,0.15405700000000166,0.3358440000000016
192,0.04275300000000115,0.13579600000000092,0.17532889999999934,0.08450399999999902,0.1701573000000014,0.10537289999999988,0.16358199999999812,0.1599910000000051,0.6130239999999993,0.42718999999999596,0.16206999999999994,0.28645999999999816,0.20105399999999918,0.5645264000000001,0.3211109999999877,0.4087619999999994,0.10330300000000392,0.2325049999999962
193,0.12133400000000094,0.2897809999999996,0.31916350000000016,0.16375399999999907,0.32647030000000044,0.18425380000000002,0.2826759999999986,0.31206000000000245,1.052824000000001,0.6955999999999847,0.2894900000000007,0.5081619999999987,0.4707819999999998,1.1819566999999997,0.6354670000000056,0.8007349999999995,0.18206899999999848,0.3344949999999969
194,0.11424000000000234,0.31326300000000096,0.3246615999999998,0.16422299999999979,0.33079830000000143,0.17873340000000004,0.347214000000001,0.2803170000000037,1.0300979999999988,0.7085799999999836,0.3525599999999969,0.6165169999999982,0.6371329999999986,1.2559698,0.9080000000000013,0.8300049999999999,0.16062500000000313,0.2650250000000014
195,0.09483000000000175,0.22736700000000098,0.25600809999999985,0.12954000000000043,0.258700300000001,0.15190349999999997,0.23087400000000002,0.2511950000000027,0.8459189999999985,0.5732199999999921,0.24517000000000166,0.4084620000000001,0.3608829999999976,0.9607386,0.505352000000002,0.6528849999999977,0.1508049999999983,0.2819299999999956
196,0.08521999999999963,0.19989100000000093,0.25875679999999956,0.12128699999999881,0.2364253000000005,0.14550419999999997,0.20930900000000108,0.25578800000000257,0.846226999999999,0.572339999999997,0.2406000000000006,0.41938400000000087,0.4256680000000017,0.9647895999999996,0.45069599999999355,0.619924000000001,0.15295000000000414,0.2841409999999982
197,0.08640199999999965,0.21615500000000054,0.25010639999999995,0.12536199999999909,0.2510603000000007,0.14838109999999993,0.2357849999999999,0.2627459999999999,0.9206229999999991,0.6425699999999779,0.24712999999999852,0.39844099999999827,0.30206400000000144,0.8299786999999998,0.45576900000000364,0.6093909999999987,0.1474230000000034,0.3321559999999977
198,0.10319199999999995,0.24730600000000003,0.2801526999999995,0.14344900000000038,0.2850723000000013,0.1652689999999999,0.25276500000000013,0.28051700000000324,0.9422339999999991,0.6377099999999984,0.27261000000000024,0.4638449999999992,0.4303239999999988,1.078258,0.5553610000000049,0.7167449999999995,0.1644369999999995,0.30384999999999707
199,0.09984900000000252,0.24518100000000054,0.27307849999999956,0.1373899999999999,0.2760093000000001,0.15906870000000017,0.248031000000001,0.2650030000000001,0.8807319999999983,0.5971600000000024,0.2609999999999957,0.42525799999999947,0.3967020000000012,0.9933081000000001,0.5492490000000032,0.6862700000000004,0.1642920000000032,0.2921869999999984
200,0.12152900000000244,0.28575400000000073,0.32250520000000016,0.16281799999999969,0.32982830000000085,0.18328999999999995,0.3161500000000004,0.3415330000000054,1.1562349999999988,0.7756499999999846,0.30809999999999604,0.5100359999999995,0.5120809999999985,1.1163577,0.5318659999999937,0.7838890000000021,0.17889399999999966,0.38870000000000005
201,0.13997100000000273,0.3512700000000013,0.3728169000000001,0.191732,0.38838030000000145,0.21273279999999994,0.3624939999999981,0.4123039999999989,1.2839759999999991,0.8613599999999906,0.3769500000000079,0.6348400000000005,0.6860239999999997,1.3934687000000006,0.7635300000000029,0.9020400000000031,0.19718800000000414,0.4024879999999982
202,0.0920240000000021,0.22842100000000087,0.25052189999999985,0.12870599999999932,0.25075730000000007,0.14921510000000016,0.21871200000000002,0.2369640000000004,0.7920659999999984,0.5333699999999908,0.24419000000000324,0.46108899999999764,0.426562999999998,0.9648250999999997,0.5138340000000028,0.6874040000000008,0.15175800000000095,0.2442050000000009
203,0.12054400000000243,0.3274740000000005,0.3361516,0.16886699999999877,0.3372413000000005,0.1841495000000002,0.3171229999999987,0.25588100000000225,0.9875930000000004,0.6552499999999952,0.30028000000000077,0.543330000000001,0.5337919999999983,1.0152532,0.69839300000001,0.8246679999999991,0.17175999999999902,0.2555070000000015
204,0.08315100000000086,0.24198300000000117,0.2500102999999996,0.12717199999999984,0.2453423000000008,0.14540750000000013,0.21816300000000055,0.195056000000001,0.7524189999999997,0.47049999999998704,0.20671000000000106,0.42060999999999993,0.43042099999999905,0.7775014000000002,0.4872790000000009,0.6683420000000027,0.14256400000000014,0.20749099999999743
205,0.09614300000000142,0.21346500000000113,0.2687938999999995,0.1342529999999993,0.2671233000000015,0.15835769999999982,0.24642899999999912,0.29111300000000284,0.957851999999999,0.6424399999999935,0.270859999999999,0.44546399999999764,0.48168599999999984,1.0385314,0.4576270000000022,0.6608310000000017,0.15961800000000181,0.32364700000000113
206,0.07808700000000002,0.2120430000000013,0.23724739999999933,0.11754700000000007,0.23950430000000011,0.1402903000000002,0.2206879999999991,0.23261700000000474,0.7908739999999987,0.5297099999999944,0.2309099999999944,0.3841189999999983,0.2896269999999994,0.8525058000000003,0.44517199999999946,0.561914999999999,0.14630900000000224,0.27014799999999894
207,0.11952300000000093,0.2778810000000007,0.31071060000000017,0.15857399999999977,0.3179033000000011,0.17955370000000004,0.288965000000001,0.3030790000000039,1.0212499999999984,0.7041299999999922,0.3161400000000043,0.5065260000000009,0.4949830000000013,1.1793139000000004,0.6574130000000054,0.7841070000000023,0.17957400000000234,0.3244139999999973
208,0.13622600000000062,0.3225270000000009,0.36855939999999965,0.18590799999999952,0.38034430000000086,0.20570729999999982,0.3620699999999992,0.3905420000000035,1.2465119999999992,0.8200099999999964,0.350040000000007,0.5985759999999978,0.583635000000001,1.2518202,0.6932419999999979,0.8744310000000013,0.19741100000000245,0.40470499999999987
209,0.0708800000000025,0.151860000000001,0.23302089999999964,0.10281299999999938,0.1994012999999999,0.12669949999999996,0.1786299999999983,0.23055400000000503,0.7345079999999982,0.49920000000000186,0.2100900000000081,0.36847900000000067,0.39796600000000026,0.8521909000000001,0.37611799999999107,0.5087769999999985,0.12725400000000064,0.24920799999999588
210,0.07629100000000122,0.19643300000000075,0.2313054000000001,0.11593699999999885,0.23392429999999997,0.1392395999999998,0.2175930000000008,0.23820700000000272,0.8145279999999993,0.545410000000004,0.22668000000000177,0.3686329999999991,0.33952599999999933,0.8536561999999996,0.40200699999999756,0.5557039999999986,0.14218100000000078,0.2787140000000008
211,0.09306400000000181,0.22580699999999965,0.2623601999999998,0.13155599999999978,0.26485730000000096,0.15420079999999992,0.2478030000000011,0.2658320000000032,0.9348290000000006,0.6329800000000034,0.2439499999999981,0.41947899999999905,0.3148939999999989,0.9103553000000009,0.4641069999999985,0.637792000000001,0.15410599999999874,0.3306350000000009
212,0.11503800000000197,0.2558730000000011,0.29406419999999933,0.14939700000000045,0.3001982999999999,0.1702157999999998,0.2783680000000004,0.28200600000000264,0.9463930000000005,0.6761099999999942,0.31942000000000803,0.5084459999999993,0.5431170000000023,1.1504715,0.639378999999991,0.7417559999999987,0.17140100000000302,0.2936589999999981
213,0.11752600000000157,0.27321500000000043,0.3076438999999995,0.15560299999999927,0.31228130000000043,0.17626760000000008,0.2792989999999982,0.30213799999999935,1.0185199999999988,0.6831399999999803,0.2827599999999961,0.46367899999999906,0.41447199999999995,1.0978643999999997,0.5886359999999939,0.7526299999999999,0.1720979999999983,0.33348900000000015
214,0.06946700000000305,0.14968000000000004,0.19861869999999993,0.09621299999999877,0.18527130000000014,0.1191456999999998,0.16452699999999965,0.20802900000000335,0.7045349999999999,0.4894400000000019,0.18769000000000347,0.3122550000000004,0.2841540000000009,0.7092527000000004,0.37584800000000484,0.4965909999999987,0.11848400000000225,0.2502449999999996
215,0.13208200000000048,0.3196469999999998,0.35102809999999973,0.1816449999999996,0.3603493000000011,0.20128790000000008,0.3069749999999978,0.3871690000000001,1.1799210000000002,0.7701399999999978,0.31028999999999485,0.5583770000000001,0.5679370000000006,1.3070293,0.6724969999999928,0.8750129999999992,0.18428200000000317,0.3662470000000013
216,0.06947000000000259,0.16114600000000046,0.19831690000000002,0.09951399999999921,0.19902430000000138,0.12243119999999985,0.18401799999999824,0.20072700000000054,0.7011730000000007,0.4761699999999962,0.1979299999999995,0.35323299999999946,0.2627699999999997,0.7359837000000002,0.3894560000000098,0.500744000000001,0.12623700000000326,0.2532859999999957
217,0.13482400000000183,0.3486250000000002,0.3765470999999998,0.18849099999999908,0.38382630000000084,0.20549280000000003,0.3381129999999999,0.34141400000000033,1.1552240000000005,0.7301199999999994,0.28000000000000114,0.5280349999999991,0.5160040000000023,1.1955868,0.7431239999999946,0.8514400000000002,0.17922800000000194,0.37657399999999797
218,0.13482400000000183,0.3486250000000002,0.3765470999999998,0.18849099999999908,0.38382630000000084,0.20549280000000003,0.3381129999999999,0.34141400000000033,1.1552240000000005,0.7301199999999994,0.28000000000000114,0.5280349999999991,0.5160040000000023,1.1955868,0.7431239999999946,0.8514400000000002,0.17922800000000194,0.37657399999999797
219,0.06176699999999968,0.1453780000000009,0.17797589999999985,0.08912899999999979,0.17658929999999984,0.1112848999999998,0.1616339999999994,0.17839100000000485,0.6261089999999996,0.4286899999999889,0.17189000000000476,0.3127689999999994,0.23826800000000148,0.6526638,0.37403400000000886,0.45463200000000015,0.11174600000000368,0.22926100000000105
220,0.08885100000000179,0.23119200000000006,0.25757219999999936,0.13006399999999907,0.25850030000000146,0.15185169999999992,0.2225280000000005,0.24910400000000266,0.8482239999999983,0.5632399999999791,0.22003999999999735,0.3939079999999997,0.34765400000000213,0.9100371999999997,0.4925829999999962,0.6514569999999971,0.15019900000000064,0.28345600000000104
221,-9.9999e+98,-9.9999e+98,-9.9999e+98,-9.9999e+98,-9.9999e+98,-9.9999e+98,0.0,0.0694560000000024,0.25484699999999805,0.2069099999999935,0.09847999999999502,0.1619099999999989,0.11348500000000072,0.23206030000000055,0.09985000000000355,0.10859800000000064,-9.9999e+98,0.15062400000000054
222,0.11639700000000275,0.2924249999999997,0.31902269999999966,0.15930999999999962,0.32198230000000017,0.1783093,0.29081199999999896,0.28315299999999866,0.9710989999999988,0.6562999999999874,0.2952200000000005,0.5059679999999993,0.4644479999999973,1.0788294,0.6674080000000089,0.7729110000000006,0.1785550000000029,0.31431500000000057
223,0.07609800000000178,0.1772349999999996,0.2265883999999998,0.10973199999999927,0.21529530000000108,0.13340780000000008,0.19218000000000046,0.23299400000000503,0.7898509999999987,0.5415199999999913,0.1978200000000072,0.3476649999999992,0.3219520000000031,0.7989014000000001,0.4113540000000029,0.5522330000000011,0.136139,0.2764529999999965
224,0.11754300000000129,0.28439800000000126,0.31680689999999956,0.16091100000000047,0.32097530000000063,0.18027769999999999,0.2726849999999992,0.2933840000000032,1.0026839999999986,0.6551299999999856,0.2698299999999989,0.48321400000000025,0.47242800000000074,1.1099240000000004,0.624810999999994,0.7888420000000025,0.17814900000000478,0.3219229999999982
225,0.08367700000000156,0.19479000000000113,0.23461979999999993,0.11917899999999904,0.23784430000000079,0.14279200000000003,0.22065299999999866,0.2458120000000008,0.8457889999999999,0.5719799999999964,0.23265000000000668,0.411918,0.3057780000000001,0.8769087999999998,0.44494900000000825,0.5863939999999985,0.1457189999999997,0.2953599999999952
226,0.11437400000000153,0.26981300000000097,0.3052956,0.15501599999999982,0.31042030000000054,0.17555440000000022,0.27184899999999956,0.3068969999999993,1.0152539999999988,0.6676799999999901,0.26560999999999524,0.4674499999999995,0.40863099999999974,1.0953328999999998,0.5643589999999961,0.7510080000000023,0.17865499999999912,0.3309859999999958
227,0.12581600000000037,0.30672299999999986,0.3363316999999997,0.16647299999999987,0.34181230000000085,0.18619960000000013,0.3183000000000007,0.31239200000000267,1.068994,0.7078999999999951,0.3034600000000012,0.4885239999999982,0.4215180000000025,1.1029372999999998,0.6754469999999912,0.7649229999999996,0.1825900000000047,0.35697700000000054
228,0.12581600000000037,0.30672299999999986,0.3363316999999997,0.16647299999999987,0.34181230000000085,0.18619960000000013,0.3183000000000007,0.31239200000000267,1.068994,0.7078999999999951,0.3034600000000012,0.4885239999999982,0.4215180000000025,1.1029372999999998,0.6754469999999912,0.7649229999999996,0.1825900000000047,0.35697700000000054
229,0.0806590000000007,0.1865269999999999,0.25816649999999974,0.1150260000000003,0.21462130000000101,0.1364204,0.1789689999999986,0.2350940000000037,0.7494559999999986,0.49887999999998556,0.21659999999999968,0.43515000000000015,0.4214829999999985,0.9333409000000001,0.4476479999999867,0.6201059999999998,0.13563400000000314,0.2344930000000005
230,0.11113900000000143,0.2733080000000001,0.2932093,0.14988099999999882,0.29977630000000133,0.17125119999999994,0.2703179999999996,0.28684200000000004,0.976658999999998,0.6688699999999983,0.2941799999999972,0.48236499999999793,0.4574019999999983,1.1191158999999997,0.6131250000000108,0.7397659999999995,0.1710780000000014,0.315179999999998
231,0.10260400000000303,0.22597500000000004,0.27022879999999994,0.13850799999999985,0.2782523000000001,0.16178919999999986,0.25517400000000023,0.28757699999999886,0.9651239999999994,0.6468500000000006,0.27908000000000754,0.44740799999999936,0.4489230000000006,1.0458318000000002,0.5032790000000062,0.6781869999999977,0.15821900000000255,0.32538900000000126
232,0.10310600000000036,0.2673660000000009,0.2847514999999996,0.14582500000000032,0.2858793000000013,0.16461289999999984,0.25282999999999944,0.2383349999999993,0.8682139999999983,0.5706099999999878,0.26493999999999573,0.5116289999999992,0.4893490000000007,0.9936702000000004,0.593159,0.7529189999999986,0.1727470000000011,0.24482299999999668
233,0.08225700000000202,0.18931700000000085,0.23365729999999996,0.11730499999999999,0.23582130000000134,0.14031420000000017,0.22378300000000095,0.23886800000000363,0.8421389999999995,0.5711100000000044,0.2284000000000077,0.405543999999999,0.29095900000000086,0.8417117000000003,0.41094400000000064,0.580489,0.14476100000000258,0.2975530000000006
234,0.08225700000000202,0.18931700000000085,0.23365729999999996,0.11730499999999999,0.23582130000000134,0.14031420000000017,0.22378300000000095,0.23886800000000363,0.8421389999999995,0.5711100000000044,0.2284000000000077,0.405543999999999,0.29095900000000086,0.8417117000000003,0.41094400000000064,0.580489,0.14476100000000258,0.2975530000000006
235,0.08193300000000292,0.2177970000000009,0.24414109999999933,0.12160899999999941,0.23994030000000066,0.14559420000000012,0.22004599999999996,0.25581100000000134,0.8848699999999994,0.6037599999999941,0.23073999999999728,0.3990739999999988,0.37840200000000124,0.8707940000000001,0.4310650000000038,0.6080860000000001,0.14492299999999858,0.3118639999999999
236,0.08820200000000256,0.22222000000000008,0.2581148999999998,0.12247999999999948,0.23996930000000027,0.1465510000000001,0.2129480000000008,0.2534860000000023,0.8443429999999985,0.5722399999999936,0.24423000000000172,0.41958699999999993,0.4118309999999994,0.9859831999999997,0.45995200000000125,0.6245440000000002,0.15246700000000146,0.28027600000000064
237,0.11782000000000181,0.2585810000000013,0.29518869999999975,0.14958599999999933,0.3009263000000004,0.17041489999999992,0.2753399999999999,0.2798520000000053,0.9441059999999979,0.6606199999999944,0.3100199999999944,0.48316600000000065,0.4891600000000018,1.1194018999999997,0.6378440000000012,0.7435720000000003,0.16656499999999852,0.29591399999999624
238,0.07133900000000182,0.16610600000000098,0.2034912999999996,0.09991100000000053,0.20188830000000024,0.12157490000000015,0.19349499999999864,0.20506900000000172,0.7198639999999976,0.4995299999999929,0.1915300000000002,0.3375899999999987,0.24577599999999933,0.6669524999999998,0.35620099999999866,0.4904350000000015,0.12430499999999967,0.26469799999999566
239,0.07735500000000073,0.18919300000000128,0.22713559999999955,0.11346099999999915,0.22827930000000052,0.13650930000000017,0.21432000000000073,0.23609499999999883,0.8069389999999999,0.5469099999999969,0.2157399999999967,0.381339999999998,0.27151699999999934,0.8085366,0.42501699999999687,0.554787000000001,0.14103000000000065,0.2862519999999975
240,0.0807840000000013,0.18676100000000062,0.23302979999999973,0.11594900000000052,0.22827130000000118,0.1397385,0.20829699999999818,0.24220499999999845,0.8451689999999985,0.5789399999999887,0.21480999999999995,0.3762699999999981,0.3355630000000005,0.8218638,0.41919599999999946,0.5805590000000009,0.14148899999999998,0.29416599999999704
241,0.10200100000000134,0.2514269999999996,0.28404389999999946,0.14123299999999972,0.28817629999999994,0.1623638999999999,0.27119599999999977,0.2778029999999987,0.9684400000000011,0.6465399999999875,0.2645700000000062,0.44446999999999903,0.3243939999999981,0.9714855,0.5149749999999926,0.6690329999999989,0.16667699999999996,0.34171099999999655
242,0.11471500000000034,0.278830000000001,0.3055070999999998,0.15587099999999943,0.3087353000000004,0.17357770000000006,0.28363900000000086,0.2615610000000004,0.9479639999999989,0.6473399999999856,0.30535000000000423,0.5526549999999979,0.548407000000001,1.11674,0.6602129999999988,0.7986350000000009,0.17291000000000167,0.270469999999996
243,-9.9999e+98,0.0961350000000003,0.18320589999999992,0.07551600000000036,0.1321663000000015,0.09475280000000019,0.12330799999999797,0.16496000000000066,0.6039889999999986,0.4496199999999817,0.19156999999999869,0.29187999999999903,0.27262699999999995,0.6263516999999998,0.2696080000000052,0.38330799999999954,0.045929000000001,0.2209799999999973
244,0.0708250000000028,0.16239500000000007,0.21340519999999952,0.10115000000000052,0.19385730000000123,0.12400559999999983,0.16601899999999858,0.2162530000000018,0.7222219999999986,0.49986999999998716,0.20190999999999804,0.32893800000000084,0.26661999999999964,0.7175932999999999,0.4149230000000017,0.5341780000000007,0.12343900000000474,0.2531139999999965
245,0.07638800000000145,0.1950050000000001,0.23384889999999992,0.11654399999999931,0.2360842999999999,0.13939380000000012,0.22345599999999877,0.23810999999999893,0.8207839999999997,0.5488599999999906,0.22556000000000154,0.37303899999999857,0.3277619999999999,0.8359407999999995,0.3979590000000002,0.5557350000000021,0.14220300000000208,0.28463800000000106
246,0.10746800000000079,0.2713390000000011,0.29577899999999957,0.14678900000000006,0.2901133000000016,0.1699405999999999,0.2600209999999983,0.30763500000000477,1.0304429999999982,0.6931399999999996,0.2857400000000041,0.48417500000000047,0.5168220000000012,1.1239740999999999,0.5180560000000014,0.7272180000000006,0.16797499999999843,0.3472529999999949
247,0.09053300000000064,0.21682299999999977,0.2508593000000001,0.1268469999999997,0.2557083000000002,0.15042160000000004,0.2333779999999983,0.24867900000000276,0.8603360000000002,0.5792899999999861,0.2537800000000061,0.3982639999999975,0.3698130000000006,0.9527488999999996,0.48434600000000216,0.6136000000000017,0.15644999999999953,0.2855419999999995
248,0.08585500000000224,0.21668500000000002,0.25378149999999966,0.12712900000000005,0.2581983000000001,0.14997239999999978,0.2439019999999985,0.25726099999999974,0.8827369999999988,0.5853499999999769,0.24828000000000827,0.4013019999999976,0.3832039999999992,0.9123368999999997,0.4459939999999989,0.6054759999999995,0.15166899999999828,0.2945670000000007
249,0.07285800000000009,0.15336899999999964,0.21701359999999958,0.10260800000000003,0.19994630000000058,0.12623279999999992,0.18816499999999792,0.22705200000000048,0.7940070000000006,0.5737900000000025,0.2347599999999943,0.363664,0.2849420000000009,0.7426518000000004,0.38313600000000747,0.5324899999999992,0.12732499999999902,0.2912800000000004
250,0.10380600000000229,0.2318630000000006,0.2787296999999995,0.14085500000000017,0.28470430000000135,0.1629377999999999,0.26917999999999864,0.2888280000000023,0.9928589999999993,0.6633699999999862,0.27335000000000775,0.4466639999999984,0.39551799999999915,1.0216684000000003,0.4743299999999948,0.6887490000000014,0.16448000000000462,0.3439739999999958
251,0.07718200000000053,0.179411,0.22832259999999938,0.10931199999999919,0.21651230000000155,0.13277280000000014,0.19518599999999964,0.22215600000000535,0.7267839999999985,0.5024300000000039,0.22889999999999588,0.37743799999999794,0.3420430000000003,0.8935718999999995,0.4435100000000034,0.5593980000000016,0.1361220000000003,0.24259800000000098
252,0.13008699999999962,0.3169940000000011,0.3537523,0.17810399999999937,0.3599313000000013,0.19714719999999986,0.3292490000000008,0.3775090000000034,1.2083879999999994,0.8051199999999881,0.3088599999999957,0.5050290000000004,0.45245900000000105,1.1885114000000003,0.6068889999999953,0.8378680000000003,0.1822170000000014,0.4104689999999991
253,0.08650100000000194,0.21652700000000102,0.2534136,0.12230699999999928,0.23935230000000018,0.14672779999999985,0.22226699999999866,0.26855400000000174,0.9130579999999995,0.6250399999999843,0.23845000000000027,0.4160959999999996,0.4400680000000001,0.8851826999999997,0.41421199999999203,0.6181809999999999,0.1436570000000046,0.31595899999999943
254,0.0851050000000022,0.20777499999999982,0.2399369,0.12095699999999887,0.24288030000000127,0.14435300000000018,0.22120800000000074,0.24554600000000448,0.8361300000000007,0.5634299999999826,0.23449999999999704,0.3780409999999996,0.3214349999999975,0.8917188999999999,0.4435440000000028,0.5866939999999978,0.14780300000000324,0.28784100000000024
255,0.11783199999999994,0.280698000000001,0.3166823000000001,0.15833600000000025,0.32103630000000116,0.17859710000000018,0.29684500000000114,0.3169949999999986,1.0880170000000007,0.7297799999999768,0.28490999999999644,0.46859500000000054,0.35065600000000074,1.0658586000000003,0.5590779999999995,0.7532770000000006,0.1725020000000015,0.37856000000000023
256,0.08402500000000046,0.19845300000000066,0.23848609999999937,0.12095199999999906,0.2411153000000006,0.14403480000000002,0.21669800000000095,0.24513200000000523,0.809667000000001,0.5501599999999769,0.2365700000000004,0.3878839999999997,0.33574899999999985,0.9246238,0.4616370000000103,0.6131519999999995,0.15067300000000472,0.27007799999999804
257,0.11227000000000231,0.25712500000000027,0.2942820999999993,0.14695399999999914,0.30084330000000037,0.16847410000000007,0.2827339999999978,0.2841980000000035,0.9808409999999981,0.6516599999999926,0.28875999999999635,0.46284999999999954,0.38798500000000047,1.0316452999999992,0.5674029999999988,0.6947779999999995,0.16631000000000284,0.32605499999999665
258,0.12364400000000231,0.29336300000000115,0.31736319999999996,0.16260999999999903,0.3273942999999999,0.18487620000000016,0.29925400000000124,0.3254570000000001,1.081671,0.731269999999995,0.3226200000000006,0.5094119999999975,0.4917049999999996,1.2263612000000004,0.656086000000002,0.7916629999999998,0.1855159999999998,0.3506569999999982
259,0.12222600000000128,0.294276,0.31467949999999956,0.1609859999999994,0.3239793000000013,0.18303400000000014,0.29913099999999915,0.3411219999999986,1.1243979999999993,0.7508899999999983,0.3086399999999969,0.4962379999999982,0.47810300000000083,1.1795712999999992,0.571832999999998,0.7782830000000018,0.1790980000000033,0.3753460000000004
260,0.11573000000000278,0.2842500000000001,0.3247516999999993,0.15942499999999882,0.32825030000000055,0.1783503999999998,0.3174360000000007,0.31148100000000056,1.081911999999999,0.7212600000000009,0.2797300000000007,0.45573399999999964,0.32002100000000056,0.9920638999999998,0.5433940000000064,0.7340930000000014,0.17442499999999939,0.380238999999996
261,0.07368300000000261,0.1681430000000006,0.22009649999999947,0.10679000000000016,0.20944830000000003,0.13075690000000018,0.18883399999999995,0.22747300000000337,0.7605590000000007,0.5168699999999831,0.2123899999999992,0.36398699999999806,0.3345520000000022,0.8272664000000001,0.4029560000000032,0.5375869999999985,0.1317409999999981,0.26816799999999574
262,0.10405700000000095,0.2504439999999999,0.28291929999999965,0.1432979999999997,0.28758529999999993,0.16370640000000014,0.26564699999999775,0.25222300000000075,0.8822860000000006,0.6300899999999956,0.3016800000000046,0.5041039999999981,0.5283219999999993,1.0853070999999996,0.6367079999999987,0.7367959999999982,0.1689660000000046,0.270308
263,0.12188200000000293,0.2805660000000003,0.3155026999999997,0.16101100000000024,0.3217503000000015,0.1813403,0.2865380000000002,0.3057890000000043,1.0263199999999983,0.6968499999999835,0.30760000000000787,0.5098640000000003,0.4866819999999983,1.1752127999999997,0.6492060000000066,0.7968110000000017,0.18113400000000013,0.3242520000000013
264,0.09650800000000004,0.24237700000000117,0.26673109999999944,0.13472799999999907,0.267793300000001,0.15569480000000002,0.23413299999999992,0.24898500000000467,0.8394759999999977,0.575349999999986,0.25889000000000806,0.43153299999999817,0.4191730000000007,0.9726629999999998,0.5403009999999995,0.6801509999999986,0.1563030000000012,0.268304999999998
265,0.11078000000000188,0.2633559999999999,0.3038287999999998,0.15271399999999957,0.3100033,0.1739294,0.28904199999999847,0.3081850000000017,1.0588680000000004,0.7053699999999878,0.284080000000003,0.45622200000000035,0.405422999999999,1.0783040999999995,0.5303510000000102,0.7273369999999986,0.16838200000000114,0.3621690000000015
266,0.08923200000000264,0.21994399999999992,0.25226539999999975,0.1281959999999991,0.25528930000000116,0.15108070000000007,0.22709000000000046,0.25624499999999983,0.8632190000000008,0.580079999999981,0.23897999999999797,0.40447400000000044,0.3453659999999985,0.9498056999999998,0.48001800000000117,0.6372549999999997,0.15267700000000417,0.2922189999999958
267,0.07401700000000133,0.16933000000000042,0.2084904999999999,0.10457099999999997,0.20857729999999997,0.12787250000000006,0.1955190000000009,0.2220140000000015,0.7696509999999996,0.53252999999998,0.19893000000000427,0.35261999999999816,0.25767700000000104,0.7277484000000003,0.3887939999999901,0.5200850000000017,0.12877800000000406,0.2791819999999987
268,0.11501200000000011,0.26067700000000116,0.2982965999999996,0.14986799999999967,0.3043353,0.17139499999999996,0.27988399999999913,0.293528000000002,0.9823169999999983,0.6606699999999819,0.29148999999999603,0.44637699999999825,0.4138990000000007,1.0742576999999995,0.6038910000000044,0.7155660000000026,0.1702100000000044,0.3301529999999957
269,0.11501200000000011,0.26067700000000116,0.2982965999999996,0.14986799999999967,0.3043353,0.17139499999999996,0.27988399999999913,0.293528000000002,0.9823169999999983,0.6606699999999819,0.29148999999999603,0.44637699999999825,0.4138990000000007,1.0742576999999995,0.6038910000000044,0.7155660000000026,0.1702100000000044,0.3301529999999957
270,0.09964800000000196,0.23913399999999996,0.27372329999999945,0.13874299999999984,0.2773033000000016,0.1608391,0.2476559999999992,0.27500200000000063,0.9459859999999978,0.6311399999999878,0.24738000000000682,0.4300689999999996,0.36773700000000176,0.9978823000000006,0.49252400000000307,0.6803050000000006,0.1668289999999999,0.3249980000000008
271,0.130467000000003,0.34203600000000023,0.3683633999999998,0.18344899999999953,0.37301129999999993,0.2005783000000001,0.3282229999999977,0.33636700000000275,1.1465919999999983,0.7316199999999924,0.26752000000000464,0.4934499999999993,0.4647429999999986,1.1443645,0.6946300000000036,0.8260670000000019,0.17786500000000416,0.37608799999999576
272,0.11827100000000002,0.2728400000000004,0.31067540000000005,0.15758699999999948,0.31829530000000084,0.17935180000000006,0.2910269999999997,0.31353100000000467,1.051476000000001,0.7066700000000026,0.3034800000000075,0.473907999999998,0.4437490000000004,1.1445803000000003,0.6134760000000057,0.7609700000000004,0.17475400000000008,0.34539900000000046
273,0.0924010000000024,0.2381460000000004,0.26470150000000015,0.1316670000000002,0.26671130000000076,0.1531429000000002,0.24093999999999838,0.24038699999999835,0.8425559999999983,0.5688600000000008,0.24818000000000495,0.42701800000000034,0.3646370000000019,0.9213334,0.5268290000000064,0.6381440000000005,0.15635199999999827,0.2851179999999971
274,0.12263900000000305,0.2948430000000002,0.32183910000000004,0.16005999999999965,0.32805830000000036,0.18036869999999983,0.31329099999999954,0.28267999999999915,0.981936000000001,0.674539999999979,0.3217300000000023,0.5099109999999989,0.4945479999999982,1.1175284000000003,0.7072980000000086,0.7476680000000009,0.18132500000000107,0.3135199999999969
275,-9.9999e+98,0.10455900000000007,0.17414609999999975,0.0716859999999997,0.12086930000000073,0.0896587000000002,0.11402499999999804,0.15780800000000283,0.5705779999999976,0.42262999999999806,0.1781699999999944,0.29327400000000026,0.31065399999999954,0.6328656000000006,0.23523000000000138,0.3375169999999983,0.05127699999999891,0.20646399999999687
276,0.06024800000000141,0.12781100000000123,0.22472020000000015,0.09401100000000007,0.17494429999999994,0.11669090000000004,0.16100899999999996,0.21534900000000334,0.7171929999999982,0.49781999999999016,0.1893699999999967,0.3471820000000001,0.4059090000000012,0.7884152000000002,0.3271909999999991,0.46646399999999844,0.11315600000000359,0.2520759999999953
277,0.10749500000000012,0.266432,0.2945788999999994,0.14911099999999955,0.2974212999999999,0.16916710000000013,0.26356699999999833,0.2737300000000005,0.9405369999999991,0.6377200000000016,0.2779600000000073,0.4644379999999977,0.44535899999999984,1.0606562999999998,0.5887799999999999,0.7416450000000019,0.17377799999999866,0.2997620000000012
278,0.0886969999999998,0.2167930000000009,0.25311899999999987,0.127953999999999,0.2560083000000013,0.15120630000000013,0.23431700000000077,0.2638159999999985,0.904716999999998,0.6122499999999889,0.2412300000000016,0.40003600000000006,0.3428450000000005,0.9159202999999998,0.4559590000000071,0.6269810000000007,0.15115500000000281,0.31751699999999516
279,0.09757800000000216,0.22327100000000044,0.2716215999999996,0.1379179999999991,0.27613030000000016,0.16071459999999993,0.2601629999999986,0.2971160000000026,0.9900929999999981,0.6661499999999876,0.2690900000000056,0.44951700000000017,0.40564799999999934,1.0063239,0.4673919999999896,0.6845689999999998,0.16869200000000006,0.34118000000000137
280,0.1069880000000012,0.23610799999999976,0.2785793999999999,0.14136399999999938,0.2827653000000012,0.1648293999999999,0.2571760000000012,0.288176,0.9617909999999981,0.6524100000000033,0.28606999999999516,0.46712699999999785,0.4975190000000005,1.1026490999999998,0.5549589999999966,0.6935199999999995,0.16169599999999917,0.3131349999999955
281,0.11802899999999994,0.2671260000000011,0.30259139999999984,0.15575699999999948,0.3093693000000002,0.17669310000000005,0.2661200000000008,0.30691200000000407,1.014762000000001,0.6696299999999837,0.2745299999999986,0.49293499999999923,0.4464259999999989,1.1446283,0.5858049999999935,0.7700239999999994,0.18125600000000475,0.3250969999999995
282,0.09708900000000042,0.2288420000000002,0.263617,0.134938,0.2690683000000007,0.15823259999999983,0.2418769999999988,0.2680910000000054,0.9133579999999988,0.6169500000000028,0.26519000000000403,0.4337470000000003,0.39406100000000066,1.0314675000000006,0.5035590000000099,0.6684429999999999,0.16248099999999965,0.30823099999999926
283,0.07118499999999983,0.199465,0.22510539999999946,0.1101669999999988,0.22509330000000105,0.13226359999999993,0.21399100000000004,0.22200800000000243,0.7630960000000009,0.5093599999999867,0.20731999999999573,0.355321,0.258462999999999,0.7518684000000002,0.3975109999999944,0.5173869999999994,0.13707099999999883,0.2671969999999959
284,0.10565900000000283,0.24003700000000094,0.27788019999999936,0.14122099999999982,0.2854083000000003,0.16417610000000016,0.2619189999999989,0.27700300000000055,0.9419179999999976,0.6385300000000029,0.28504999999999825,0.4516209999999994,0.46281099999999853,1.0810752,0.5728099999999898,0.6829580000000028,0.16143900000000144,0.3047770000000014
285,-9.9999e+98,0.10180900000000115,0.17659350000000007,0.07775200000000027,0.14116330000000055,0.0976824999999999,0.1324639999999988,0.17129800000000017,0.6145929999999993,0.44688999999999623,0.18090999999999724,0.29804499999999834,0.30327099999999874,0.6556405999999999,0.27325000000000443,0.3857299999999988,0.09250500000000272,0.2245059999999981
286,0.1142920000000025,0.2706790000000012,0.30234760000000005,0.14996599999999916,0.3066713000000014,0.17045820000000012,0.28500700000000023,0.27563200000000165,0.942696999999999,0.638859999999994,0.2890299999999968,0.4724499999999985,0.42616100000000046,1.0510403999999998,0.6459940000000017,0.7082259999999998,0.16454500000000394,0.3115400000000008
287,0.013210000000000832,0.1257040000000007,0.16639610000000005,0.08142499999999941,0.16255230000000154,0.10249979999999992,0.15591500000000025,0.1618400000000051,0.598668,0.4117599999999868,0.16154000000000224,0.2973909999999975,0.22595799999999855,0.5670608000000001,0.2953550000000007,0.384443000000001,0.0985289999999992,0.22093799999999675
288,0.061519000000000545,0.12359700000000018,0.2194514999999999,0.09314200000000028,0.17613030000000052,0.11535099999999998,0.1674439999999997,0.21241700000000208,0.7224679999999992,0.5122800000000041,0.2001199999999983,0.3729549999999975,0.4133759999999995,0.7834591,0.29357799999999656,0.46236100000000135,0.11259199999999936,0.25297199999999975
289,0.1187269999999998,0.28802600000000034,0.32401750000000007,0.1629459999999998,0.32805130000000027,0.18268899999999988,0.2914120000000011,0.3269510000000011,1.1030929999999977,0.7217499999999859,0.2549900000000065,0.45478299999999905,0.4024380000000001,1.1169703999999996,0.5353000000000065,0.7602380000000011,0.1775960000000012,0.3694050000000004
290,0.11962500000000276,0.29861000000000004,0.3173119,0.15522599999999898,0.3083873000000015,0.17862549999999988,0.27971099999999893,0.326785000000001,1.0563889999999994,0.7217100000000016,0.32067999999999586,0.5451589999999982,0.6187480000000001,1.2701184999999997,0.6465829999999926,0.7656710000000011,0.17291900000000027,0.3392459999999957
291,0.08949100000000243,0.22237500000000132,0.25321639999999945,0.12806999999999924,0.25607630000000015,0.15069180000000015,0.2285769999999978,0.2518000000000029,0.8556029999999986,0.575589999999977,0.24166999999999916,0.4228279999999991,0.3417190000000012,0.9386779000000001,0.4922299999999922,0.6387099999999997,0.15392299999999892,0.293137999999999
292,0.11992500000000206,0.27578500000000084,0.3041714999999998,0.1589469999999995,0.30760129999999997,0.1780822999999998,0.25273599999999874,0.2728350000000006,0.966667000000001,0.6105799999999988,0.25478999999999985,0.5337679999999985,0.5089150000000018,1.1158713000000002,0.6080180000000013,0.7820950000000018,0.1859800000000007,0.2683899999999966
293,0.07853500000000224,0.18670900000000046,0.2269804999999998,0.11521800000000049,0.2297703000000002,0.1388007,0.2106129999999986,0.24274300000000437,0.8148339999999976,0.5503499999999804,0.22383000000000663,0.3719380000000001,0.3160609999999977,0.8557365999999993,0.4243900000000025,0.5647650000000013,0.14405700000000365,0.2841189999999969
294,0.09672199999999975,0.2398870000000013,0.2747818999999998,0.13419599999999932,0.27732830000000064,0.15481860000000003,0.26430999999999827,0.24395700000000176,0.8811469999999986,0.5796399999999835,0.24692000000000291,0.40715199999999996,0.31784800000000146,0.8767958,0.5257930000000073,0.6072829999999989,0.15391199999999827,0.29981199999999575
295,0.06042500000000217,0.1452819999999999,0.18369069999999965,0.09083799999999975,0.18204129999999985,0.11319390000000018,0.17148800000000008,0.19376499999999908,0.6476849999999992,0.4370799999999804,0.1831200000000024,0.32354899999999986,0.25348100000000073,0.6717038999999998,0.33365099999998904,0.4385370000000002,0.11266100000000279,0.23444800000000043
296,0.09821700000000178,0.21790100000000123,0.27491929999999964,0.13659900000000036,0.2723103000000009,0.1604977999999999,0.2513830000000006,0.2959850000000017,0.9732039999999991,0.6519499999999994,0.2749600000000072,0.4513999999999996,0.4930870000000027,1.0546582000000004,0.4663539999999955,0.6715929999999979,0.15478600000000142,0.32731700000000075
297,0.08277200000000207,0.20582300000000053,0.23642040000000009,0.11878600000000006,0.23959430000000026,0.1419931000000001,0.22050199999999975,0.23834599999999995,0.8177659999999989,0.5500299999999925,0.23386000000000706,0.40092500000000086,0.2941009999999977,0.8725134999999993,0.4491260000000068,0.5788660000000014,0.1461699999999979,0.2820679999999953
298,0.10291400000000195,0.2479130000000005,0.27830719999999953,0.13686799999999977,0.28101730000000025,0.1580541000000002,0.26198699999999775,0.2607890000000026,0.8870649999999998,0.590689999999995,0.26086999999999705,0.42185699999999926,0.3491710000000019,0.9346315999999995,0.554875999999993,0.632204999999999,0.1585499999999982,0.29855500000000035
299,0.1329349999999998,0.3245269999999998,0.3551006999999995,0.18292999999999893,0.36115530000000007,0.20120629999999995,0.3071699999999993,0.33795200000000136,1.1404809999999976,0.7559699999999907,0.3257499999999993,0.5808079999999975,0.5770450000000018,1.2778858,0.717458999999991,0.8841810000000017,0.17637500000000017,0.3421299999999974
300,0.0773740000000025,0.16468400000000116,0.23564469999999993,0.10875699999999888,0.21243830000000052,0.13307000000000002,0.19432600000000022,0.23716399999999993,0.7906709999999997,0.5363399999999956,0.22038999999999476,0.3802279999999989,0.3921000000000028,0.8501504999999998,0.38887900000000286,0.5513100000000009,0.1354340000000036,0.27404200000000145
301,-9.9999e+98,0.10345200000000077,0.15066319999999944,0.07203400000000038,0.13797630000000005,0.09188110000000016,0.13148299999999935,0.13561899999999838,0.5547140000000006,0.39961999999999875,0.1600700000000046,0.2679319999999983,0.20823899999999895,0.5546905000000004,0.2881179999999972,0.3479530000000004,0.05304000000000286,0.21168300000000073
302,0.09099000000000146,0.19810800000000128,0.24967769999999945,0.12663000000000046,0.25353530000000113,0.15030980000000005,0.23810199999999782,0.26568800000000437,0.9118119999999976,0.6106800000000021,0.24903000000000475,0.4144439999999996,0.42837499999999906,0.9552368000000007,0.413651999999999,0.6168779999999998,0.14763299999999902,0.311160000000001
303,0.09099000000000146,0.19810800000000128,0.24967769999999945,0.12663000000000046,0.25353530000000113,0.15030980000000005,0.23810199999999782,0.26568800000000437,0.9118119999999976,0.6106800000000021,0.24903000000000475,0.4144439999999996,0.42837499999999906,0.9552368000000007,0.413651999999999,0.6168779999999998,0.14763299999999902,0.311160000000001
304,0.06750500000000059,0.15593199999999996,0.20133810000000008,0.09841199999999972,0.19298730000000042,0.12189879999999986,0.1780639999999991,0.2155090000000044,0.7187179999999991,0.4910899999999856,0.1929800000000057,0.33568599999999904,0.2982980000000026,0.7481168999999994,0.36783200000000704,0.49446999999999974,0.12251100000000292,0.25622699999999554
305,0.09871800000000164,0.22991799999999962,0.2770033999999999,0.13849100000000014,0.27443030000000057,0.16166239999999998,0.2504959999999983,0.2987889999999993,1.0178069999999977,0.6896099999999876,0.2480900000000048,0.45481599999999744,0.47558700000000087,0.9705583000000004,0.4467910000000046,0.6814980000000013,0.1643979999999985,0.3464529999999968
306,0.10635500000000064,0.24817200000000028,0.28214700000000015,0.1435089999999999,0.2858003,0.16384370000000015,0.2609829999999995,0.2564530000000005,0.8957160000000002,0.632409999999993,0.2944999999999993,0.504846999999998,0.513425999999999,1.0897299,0.6159719999999993,0.7374359999999989,0.16478899999999896,0.27609700000000004
307,0.07957700000000045,0.21532200000000046,0.24835219999999936,0.11806499999999964,0.22764629999999997,0.14227310000000015,0.1978769999999983,0.2555510000000041,0.8498249999999992,0.5730999999999824,0.20825999999999567,0.39341899999999796,0.41643399999999886,0.8823101000000007,0.430648000000005,0.6069120000000012,0.14425800000000066,0.28375400000000184
308,0.07957700000000045,0.21532200000000046,0.24835219999999936,0.11806499999999964,0.22764629999999997,0.14227310000000015,0.1978769999999983,0.2555510000000041,0.8498249999999992,0.5730999999999824,0.20825999999999567,0.39341899999999796,0.41643399999999886,0.8823101000000007,0.430648000000005,0.6069120000000012,0.14425800000000066,0.28375400000000184
309,0.0935680000000012,0.23402500000000082,0.2686881999999997,0.13397900000000007,0.2713303000000007,0.15596509999999997,0.25373799999999846,0.26816300000000126,0.9355189999999993,0.6303199999999833,0.2519500000000079,0.42242099999999994,0.2962220000000002,0.9208003999999992,0.49323499999999854,0.6527409999999989,0.15539900000000273,0.3351079999999982
310,0.06961700000000093,0.15444899999999961,0.23271139999999946,0.10257499999999986,0.19661930000000005,0.12632619999999983,0.17694799999999944,0.2266090000000034,0.7508359999999996,0.5132699999999772,0.20130000000000337,0.3582110000000007,0.3800319999999999,0.7984921000000007,0.38149800000000766,0.5289770000000011,0.1243300000000005,0.2595179999999999
311,0.012364000000001596,0.10900100000000101,0.17092049999999936,0.07930400000000049,0.15303130000000031,0.09987579999999996,0.14724999999999966,0.16450400000000087,0.6006490000000007,0.4200599999999781,0.16724000000000672,0.31431699999999907,0.29869599999999963,0.6298127999999998,0.25143799999999317,0.3565909999999981,0.09401799999999838,0.2159289999999956
312,0.07104100000000102,0.1491150000000001,0.2230850999999996,0.09893800000000041,0.19010930000000137,0.12243190000000004,0.1752539999999989,0.22335300000000302,0.7332329999999985,0.5022299999999973,0.19939999999999714,0.35574000000000083,0.34797499999999815,0.7800441000000005,0.3642499999999984,0.510787999999998,0.12191299999999927,0.2618359999999953
313,0.08207900000000024,0.19075600000000037,0.23516859999999973,0.117621999999999,0.2376453000000005,0.1406234999999998,0.224692000000001,0.23906399999999906,0.8277870000000007,0.5559299999999894,0.2308400000000006,0.405148999999998,0.3001199999999997,0.8528605000000002,0.4253980000000013,0.5770510000000009,0.14541100000000284,0.2888419999999954
314,0.08144599999999969,0.1935880000000001,0.2531410999999997,0.11735399999999885,0.22768230000000145,0.1408235000000002,0.19875000000000043,0.2486460000000008,0.794910999999999,0.5393799999999942,0.2289300000000054,0.41455099999999945,0.4020329999999994,0.9620582000000004,0.45449800000000096,0.6056199999999983,0.14244800000000168,0.2597589999999954
315,0.1502200000000009,0.35257000000000005,0.3945147999999996,0.20096000000000025,0.4104883000000008,0.21977670000000016,0.39492800000000017,0.42352500000000504,1.3379720000000006,0.8868799999999908,0.3837699999999984,0.6629869999999976,0.6697329999999972,1.3605459,0.760612000000009,0.9372579999999999,0.20085000000000264,0.42470600000000047
316,0.09171300000000215,0.22249300000000005,0.24976779999999987,0.1278220000000001,0.2504313000000007,0.14947940000000015,0.2143759999999979,0.2469859999999997,0.8154809999999983,0.5515399999999886,0.23597999999999786,0.42363500000000087,0.3866270000000007,0.9577530000000003,0.4883700000000033,0.6636540000000011,0.14826099999999798,0.26418599999999515
317,0.05182200000000137,0.12113000000000085,0.19446679999999983,0.08665399999999934,0.16193029999999986,0.10826460000000004,0.1477189999999986,0.19624699999999962,0.6595739999999992,0.46522999999999115,0.1811000000000007,0.3099519999999991,0.30635400000000246,0.6900648,0.33129500000001144,0.44350499999999826,0.1070710000000048,0.23773699999999565
318,-9.9999e+98,0.09931599999999996,0.16981439999999992,0.07558299999999996,0.1379393000000011,0.0950603000000001,0.1289030000000011,0.15779400000000265,0.5803699999999985,0.40895000000000437,0.15836000000000183,0.2819760000000002,0.31113500000000016,0.6501799000000004,0.2747399999999942,0.35256299999999996,0.052618000000002496,0.20780200000000093
319,0.12560200000000066,0.30311800000000133,0.33387169999999955,0.16925799999999924,0.3403363000000006,0.18929889999999983,0.3031569999999988,0.3489070000000041,1.146577999999998,0.7501999999999782,0.27985999999999933,0.4944980000000001,0.4711539999999985,1.1845793000000002,0.5653810000000021,0.7973870000000005,0.19367400000000146,0.3814300000000017
320,0.11128200000000277,0.26901200000000003,0.3006839000000001,0.15324700000000036,0.3047613000000009,0.17333409999999994,0.26129200000000097,0.2884129999999985,0.9744799999999998,0.6459099999999864,0.2708300000000037,0.47300699999999907,0.44591899999999995,1.0874543,0.5931939999999969,0.7602629999999984,0.1780210000000011,0.31237000000000137
321,0.0880510000000001,0.22625200000000056,0.2535096999999995,0.12916799999999995,0.25642730000000036,0.15292420000000018,0.24011699999999792,0.2809090000000012,0.9500109999999999,0.6511699999999792,0.24425000000000807,0.41600899999999896,0.3771099999999983,0.9001982000000002,0.4505010000000027,0.646570999999998,0.1516640000000038,0.33969499999999897
322,0.04527000000000214,0.12880800000000114,0.18088250000000006,0.08595899999999901,0.1668043000000008,0.10819290000000015,0.15442699999999832,0.1827159999999992,0.6406379999999992,0.4489599999999996,0.17150999999999783,0.31075799999999987,0.2602329999999995,0.6419442000000002,0.3513010000000065,0.4399160000000002,0.10857500000000186,0.23802500000000038
323,0.12433800000000161,0.3034200000000009,0.3243271999999999,0.16685000000000016,0.33381530000000126,0.1885243000000001,0.30252499999999927,0.3445439999999991,1.1125070000000008,0.755139999999983,0.3252200000000016,0.5298309999999979,0.5579830000000001,1.2590199000000002,0.6569669999999945,0.8043849999999999,0.18814300000000372,0.3544610000000006
324,-9.9999e+98,0.10024000000000122,0.15734609999999982,0.07273499999999977,0.13495729999999995,0.09277749999999996,0.12841399999999936,0.1491579999999999,0.5757589999999979,0.4252699999999834,0.17315999999999576,0.283141999999998,0.2440119999999979,0.6006988,0.2802910000000054,0.35403499999999966,0.0488679999999988,0.21773900000000168
325,0.08234400000000264,0.212098000000001,0.23842129999999973,0.11956299999999942,0.23953930000000057,0.1421679,0.2152080000000005,0.2353430000000003,0.8118969999999983,0.546449999999993,0.21918999999999755,0.39448799999999906,0.3010040000000025,0.8481453999999999,0.4610760000000056,0.5863389999999988,0.14700799999999958,0.279601999999997
326,0.09813199999999966,0.22558599999999984,0.2752074999999996,0.13624499999999884,0.2714823000000006,0.16012689999999985,0.24580899999999772,0.2815360000000027,0.9275129999999976,0.6308300000000031,0.2760499999999979,0.45525599999999855,0.4692620000000005,1.0714182,0.5313429999999926,0.6708719999999992,0.1629700000000014,0.2998580000000004
327,0.10737100000000055,0.26733600000000024,0.28837959999999985,0.14797300000000035,0.2947003000000006,0.1698970000000002,0.2629780000000004,0.30429800000000284,1.015865999999999,0.67901999999998,0.27245999999999526,0.46622699999999995,0.4644200000000005,1.0957263,0.5174640000000039,0.7230050000000006,0.17029600000000045,0.3390769999999961
328,0.12770400000000137,0.3129930000000005,0.3537153000000002,0.174631999999999,0.3563343000000003,0.19246030000000003,0.33037900000000064,0.3464659999999995,1.1940629999999999,0.795519999999982,0.274950000000004,0.4762570000000004,0.42546299999999704,1.0897847,0.5626400000000018,0.791601,0.16873100000000107,0.41256399999999616
329,0.07356600000000313,0.17762800000000034,0.21258510000000008,0.10535099999999886,0.21121130000000043,0.12762450000000003,0.19117199999999812,0.2105980000000045,0.7251860000000008,0.4945199999999943,0.18894000000000233,0.3382499999999986,0.26093799999999945,0.7192549999999995,0.42335300000000586,0.5184010000000008,0.13101600000000246,0.2619410000000002
330,0.08911500000000316,0.2250540000000001,0.2532116999999996,0.12579399999999907,0.25328630000000096,0.14781889999999986,0.23031299999999888,0.24777699999999925,0.8691139999999997,0.5891699999999958,0.22156999999999982,0.3904289999999975,0.27701700000000073,0.8446325000000003,0.4660509999999931,0.601465000000001,0.14681699999999864,0.3033810000000017
331,0.06730500000000106,0.1426829999999999,0.1953452999999996,0.0947389999999988,0.18329430000000002,0.11742799999999987,0.17240999999999929,0.2048770000000033,0.7324510000000011,0.5320799999999792,0.21876000000000317,0.3434279999999994,0.2737979999999993,0.6973976000000004,0.369844999999998,0.48621400000000037,0.11771300000000195,0.2727639999999951
332,0.11651700000000176,0.2677340000000008,0.2998466999999998,0.15029700000000012,0.30516129999999997,0.1714017000000001,0.28105199999999897,0.2863100000000003,0.9689239999999977,0.6556499999999801,0.29007000000000005,0.4478650000000002,0.42425400000000124,1.0722507000000006,0.6092649999999935,0.719377999999999,0.1708280000000002,0.31830999999999676
333,0.07212300000000127,0.19125800000000126,0.22179069999999967,0.10961299999999952,0.22165930000000067,0.13171329999999992,0.2012350000000005,0.20761699999999905,0.7311709999999998,0.49357999999998015,0.20667000000000257,0.3558090000000007,0.284554,0.7665375000000001,0.43781300000000556,0.5300709999999995,0.1352770000000021,0.2605879999999985
334,0.11944200000000293,0.28035799999999966,0.3120472999999997,0.15838399999999986,0.3210873000000003,0.1803713,0.2952939999999984,0.323442,1.059816999999999,0.7098999999999762,0.3119599999999991,0.4843849999999996,0.44176399999999916,1.1586090000000002,0.6230210000000085,0.7642939999999996,0.1768900000000002,0.3500969999999981
335,0.09038200000000174,0.22523499999999963,0.25209159999999997,0.12471599999999938,0.25384330000000155,0.14675629999999984,0.23297999999999774,0.23344399999999865,0.8324449999999999,0.5583099999999774,0.2345200000000034,0.39478599999999986,0.310454,0.8672711,0.48109199999998964,0.5880460000000021,0.14956399999999803,0.28988700000000023
336,0.11742399999999975,0.26928200000000047,0.31960319999999953,0.15912099999999896,0.3250093000000014,0.17908200000000019,0.31311799999999934,0.327179000000001,1.1052929999999996,0.7382800000000032,0.29558000000000106,0.4931739999999998,0.4125700000000023,1.0437133999999997,0.5229240000000033,0.7562010000000008,0.1783140000000003,0.38036400000000015
337,0.08693799999999996,0.22577800000000003,0.2500580000000001,0.12772599999999912,0.2512243000000005,0.1500138999999998,0.2118789999999997,0.2524039999999985,0.8494019999999978,0.5600900000000024,0.2012200000000064,0.3886490000000009,0.35263300000000086,0.9040231000000007,0.48726299999999867,0.6472959999999972,0.1534770000000023,0.28346499999999963
338,0.11560800000000171,0.271014000000001,0.30040909999999954,0.15139299999999878,0.3038463,0.17134500000000008,0.2748980000000003,0.27873400000000004,0.9514119999999977,0.6522599999999841,0.29049999999999443,0.4634779999999985,0.45570100000000124,1.0759183000000005,0.619062999999997,0.7455369999999988,0.1727339999999984,0.30502899999999755
339,0.11486200000000224,0.2728760000000001,0.30574179999999984,0.15376999999999974,0.311421300000001,0.17482189999999997,0.29316299999999984,0.3134280000000018,1.0822409999999998,0.7256500000000017,0.28382000000000573,0.47313199999999966,0.34602499999999736,1.0604822999999994,0.5414959999999951,0.7369699999999995,0.17669000000000068,0.3776549999999972
340,0.0922300000000007,0.2289930000000009,0.2549577999999997,0.12773799999999902,0.25727330000000137,0.14974620000000005,0.2348259999999982,0.23821500000000384,0.8073489999999985,0.5594899999999825,0.2590200000000067,0.40366200000000063,0.401015000000001,0.9477120000000001,0.5366950000000088,0.6449630000000006,0.15439899999999795,0.266134000000001
341,0.07666200000000245,0.17254900000000006,0.23914860000000004,0.11189199999999921,0.21957130000000014,0.1361838999999998,0.20196599999999876,0.24347399999999908,0.8094979999999978,0.5465899999999806,0.2331700000000012,0.39332999999999885,0.40991900000000214,0.8866785999999998,0.38955799999999385,0.5614070000000027,0.13772600000000068,0.27833100000000144
342,0.0699860000000001,0.16392000000000095,0.1933121,0.09821200000000019,0.19204430000000094,0.11989360000000016,0.16988899999999774,0.18930800000000403,0.6399709999999992,0.4381999999999948,0.18519000000000574,0.3289139999999975,0.2960659999999997,0.7554156000000001,0.41284100000000024,0.5144719999999978,0.12034700000000242,0.22036899999999804
343,0.10014600000000229,0.23514400000000002,0.2734003999999999,0.13648099999999985,0.2792463000000005,0.1583779999999999,0.2621149999999979,0.2612840000000034,0.9033949999999997,0.6034599999999841,0.2722399999999965,0.4487509999999979,0.36124399999999923,0.9726771999999997,0.5431030000000021,0.6555050000000016,0.15996400000000222,0.3060690000000008
344,0.11651900000000026,0.2598250000000011,0.30091299999999954,0.15294600000000003,0.3077103000000001,0.17412170000000016,0.28278999999999854,0.29188299999999856,0.9839850000000006,0.6854699999999809,0.3146600000000035,0.4942600000000006,0.5046190000000017,1.1543479000000003,0.6395440000000008,0.7535190000000007,0.16969999999999885,0.31054799999999716
345,0.11651900000000026,0.2598250000000011,0.30091299999999954,0.15294600000000003,0.3077103000000001,0.17412170000000016,0.28278999999999854,0.29188299999999856,0.9839850000000006,0.6854699999999809,0.3146600000000035,0.4942600000000006,0.5046190000000017,1.1543479000000003,0.6395440000000008,0.7535190000000007,0.16969999999999885,0.31054799999999716
346,0.09088400000000263,0.22194000000000003,0.2569789999999994,0.1297789999999992,0.2590023000000006,0.1526923,0.23803999999999803,0.2653710000000018,0.9331689999999995,0.6357899999999859,0.23283999999999594,0.4024159999999988,0.34343099999999893,0.8866233999999995,0.4479690000000005,0.6359369999999984,0.15138100000000065,0.3247779999999949
347,0.08447699999999969,0.21079399999999993,0.23651999999999962,0.11895599999999895,0.23821530000000024,0.14148240000000012,0.21306099999999972,0.23415100000000422,0.7844200000000008,0.5301999999999794,0.22608999999999924,0.4019069999999978,0.3265349999999998,0.8738481,0.4705160000000035,0.6008049999999976,0.1491889999999998,0.2715219999999974
348,0.08261600000000158,0.18404100000000057,0.23793069999999972,0.11804599999999965,0.23438729999999985,0.1422804000000002,0.2122010000000003,0.24878000000000355,0.8289349999999978,0.5599199999999769,0.23873000000000388,0.3935709999999979,0.38890599999999864,0.9296161999999999,0.42547799999999825,0.5798240000000021,0.14676299999999998,0.27842599999999607
349,0.09319400000000044,0.2170880000000004,0.26675639999999934,0.13119799999999948,0.2610413000000005,0.15499490000000016,0.23605399999999932,0.26766900000000504,0.8999439999999979,0.6102199999999982,0.2615700000000061,0.43128799999999856,0.4534860000000016,1.0275103000000003,0.4903809999999993,0.6445330000000027,0.1561269999999979,0.29138499999999823
350,0.11017299999999963,0.27308100000000124,0.3007995999999995,0.15108099999999958,0.2995183000000008,0.17357250000000013,0.26787200000000055,0.3241429999999994,1.0567199999999985,0.7104399999999771,0.2869799999999998,0.4844860000000004,0.5300800000000017,1.1334136,0.5196299999999923,0.7335980000000006,0.17080400000000395,0.35202199999999806
351,0.08206400000000258,0.18626000000000076,0.24810989999999933,0.1200720000000004,0.23599630000000005,0.14433950000000006,0.2118700000000011,0.25079099999999954,0.8526299999999978,0.5769599999999855,0.2365000000000066,0.40405900000000017,0.40507000000000204,0.9250251,0.43476899999998864,0.6032389999999985,0.14715699999999998,0.28764400000000023
352,0.09619,0.22491800000000062,0.27688869999999977,0.13430600000000048,0.26418030000000137,0.15834059999999983,0.23506799999999828,0.28088500000000494,0.9288379999999989,0.6295199999999852,0.26685000000000514,0.4600919999999995,0.49209399999999803,1.0848170999999995,0.49533800000000383,0.6689059999999998,0.1589400000000012,0.3029769999999985
353,0.08567200000000241,0.20341200000000015,0.2637039999999997,0.1256769999999996,0.24629430000000063,0.14784359999999985,0.22085799999999978,0.2448710000000034,0.8083369999999981,0.5716499999999769,0.27137000000000455,0.48667199999999866,0.47939899999999724,1.0422789000000003,0.5315259999999995,0.6762499999999996,0.15188799999999958,0.2520370000000014
354,0.11763100000000293,0.286385000000001,0.3200000999999997,0.16053999999999924,0.3242603000000006,0.18046650000000009,0.2911399999999986,0.30935800000000313,1.043531999999999,0.6953699999999969,0.28735000000000355,0.49054299999999884,0.3978040000000007,1.0822775,0.6085130000000021,0.7623229999999985,0.1825200000000038,0.3497519999999952
355,0.07065800000000166,0.16867500000000035,0.19992710000000002,0.10135599999999911,0.20021529999999998,0.1236609999999998,0.17791899999999927,0.20104200000000105,0.6690369999999994,0.45706999999998743,0.19768999999999437,0.3375629999999994,0.29589599999999905,0.7791087999999995,0.4149900000000031,0.5254729999999981,0.12577699999999936,0.23059299999999894
356,0.12472300000000303,0.3010040000000007,0.31762149999999956,0.16354999999999897,0.32710229999999996,0.1857251999999998,0.2956809999999983,0.336820000000003,1.1076999999999977,0.746309999999994,0.31680000000000064,0.517119000000001,0.5361420000000017,1.2402535000000006,0.6242779999999897,0.7921130000000005,0.18357199999999807,0.35946099999999603
357,0.10120600000000124,0.25029199999999996,0.28334309999999974,0.1425989999999988,0.2857663000000006,0.16372099999999978,0.254293999999998,0.2867120000000014,0.9729889999999983,0.6472599999999886,0.2391499999999951,0.4222639999999984,0.34908300000000025,0.9868324999999993,0.49276500000000567,0.6846139999999998,0.17104900000000356,0.33142499999999586
358,0.09255700000000289,0.21814999999999962,0.25279510000000016,0.12868800000000036,0.2579583000000003,0.15244780000000002,0.23442199999999858,0.26158399999999915,0.871061000000001,0.5899699999999939,0.2570400000000035,0.4131709999999984,0.3981099999999991,0.9897375000000004,0.49798699999999485,0.6323270000000001,0.1547210000000021,0.28772699999999674
359,0.09367200000000153,0.23194800000000093,0.2643222999999999,0.13260999999999967,0.2669913000000008,0.1549353,0.24109800000000092,0.2616950000000031,0.8885959999999997,0.5974399999999775,0.24738000000000682,0.4300469999999983,0.33681199999999833,0.9504603999999999,0.5039799999999985,0.6440359999999998,0.1556330000000017,0.3039810000000003
360,0.0719530000000006,0.15293500000000115,0.1987084999999995,0.09865199999999952,0.19547930000000058,0.12113890000000005,0.18672799999999867,0.21757300000000157,0.7444780000000009,0.5330399999999997,0.20842000000000382,0.3522829999999999,0.271450999999999,0.6691349000000004,0.3436269999999979,0.4954149999999977,0.12199000000000382,0.27573199999999787
361,-9.9999e+98,0.09503300000000081,0.16348689999999966,0.07197500000000012,0.12893329999999992,0.09119609999999989,0.11978699999999876,0.14919900000000297,0.551673000000001,0.3932800000000043,0.1549799999999948,0.27625600000000006,0.2730080000000008,0.6251908999999998,0.2794070000000062,0.33765599999999907,0.05117100000000363,0.2011279999999971
362,0.07288400000000195,0.16393500000000039,0.20919430000000006,0.10197600000000051,0.20204529999999998,0.1253983999999999,0.18809399999999954,0.21822200000000436,0.7580059999999982,0.5301000000000045,0.20583000000000595,0.32653799999999933,0.2699300000000022,0.7093628000000001,0.38414500000000373,0.5069990000000004,0.12440300000000093,0.276291999999998
363,0.10446400000000011,0.25784300000000115,0.28330259999999985,0.14634599999999942,0.28506430000000016,0.16664250000000003,0.23080399999999912,0.25366500000000514,0.8896239999999977,0.5653199999999856,0.23467000000000837,0.47394999999999854,0.452218000000002,1.0242939999999994,0.563367999999997,0.7384260000000005,0.17021600000000348,0.26879799999999676
364,0.1253290000000007,0.2984600000000004,0.3190482000000001,0.16366700000000023,0.3297933000000004,0.18611349999999982,0.30354699999999823,0.37126599999999854,1.1401029999999999,0.7597700000000032,0.31980000000000075,0.524674000000001,0.580998000000001,1.2215793999999995,0.5861390000000029,0.7797799999999988,0.18114299999999872,0.37284700000000015
365,0.09330900000000142,0.24082399999999993,0.2653939999999997,0.13249699999999898,0.26562830000000126,0.15345789999999981,0.23670800000000014,0.24740500000000054,0.8309749999999987,0.5622400000000027,0.24411000000000627,0.40418599999999927,0.3823010000000018,0.9306589000000001,0.524210999999994,0.6625270000000008,0.1532370000000043,0.27681499999999915
366,0.07111900000000304,0.16223300000000052,0.22210339999999995,0.10399400000000014,0.2075053000000011,0.1272669999999998,0.19606699999999933,0.22688300000000083,0.7573889999999999,0.5116099999999904,0.20830000000000837,0.3594930000000005,0.3628649999999993,0.7798450999999993,0.3365349999999978,0.5065830000000027,0.12685000000000457,0.26347099999999557
367,0.08891500000000008,0.223078000000001,0.268605,0.12664099999999934,0.24890230000000102,0.1511543999999998,0.22807599999999795,0.2783850000000001,0.9218790000000006,0.6204899999999895,0.25463999999999487,0.43246899999999755,0.4842419999999983,0.9792092000000006,0.41926300000000083,0.6213629999999988,0.15139400000000336,0.314785999999998
368,0.07894700000000299,0.16829500000000053,0.2507203999999996,0.11291999999999902,0.21929030000000083,0.13734199999999985,0.20175099999999802,0.24970499999999873,0.8312500000000007,0.5640099999999961,0.23179000000000372,0.4048189999999998,0.44672800000000024,0.8887182999999999,0.38043399999999394,0.5700119999999984,0.13824800000000437,0.28674900000000036
369,0.07042799999999971,0.16938900000000068,0.2089552999999995,0.10494699999999924,0.2110833000000003,0.12801669999999987,0.1965219999999981,0.22053999999999974,0.7389410000000005,0.49916999999999234,0.20763999999999783,0.36937,0.27682699999999727,0.7730624000000006,0.39668499999999085,0.5140339999999988,0.1307249999999982,0.26175899999999785
370,0.08093000000000217,0.18160199999999982,0.24181209999999975,0.11783199999999994,0.23225030000000046,0.14210820000000002,0.2126659999999987,0.25220500000000357,0.8475769999999976,0.5719799999999964,0.23629999999999995,0.39793200000000084,0.3953429999999969,0.9075068000000002,0.419156000000001,0.5841619999999992,0.14609399999999795,0.29192299999999705
371,0.07535600000000287,0.17406700000000086,0.21410319999999938,0.10664799999999985,0.21473429999999993,0.1292639000000002,0.20381799999999828,0.21516600000000352,0.7594349999999999,0.5161899999999946,0.20774000000000115,0.371694999999999,0.2723720000000007,0.7547246000000003,0.394929999999988,0.5292109999999965,0.13526000000000238,0.27509299999999826
372,0.10931500000000227,0.246753,0.28680919999999954,0.14722599999999986,0.29524430000000024,0.17013159999999994,0.2686819999999983,0.29707400000000206,0.9992920000000005,0.6755799999999965,0.29412999999999556,0.4754159999999992,0.5016600000000011,1.1244718999999996,0.5773189999999886,0.7151999999999994,0.16889900000000324,0.33069799999999816
373,0.10823300000000202,0.2613690000000002,0.29511280000000006,0.14999300000000027,0.2998422999999999,0.17112149999999993,0.2664049999999989,0.2962360000000004,1.002120999999999,0.6707099999999855,0.2716999999999956,0.4569200000000002,0.41332399999999936,1.0840305,0.5440249999999907,0.7290379999999992,0.17738200000000148,0.3288480000000007
374,0.08048000000000144,0.20056899999999978,0.23922940000000015,0.12032499999999935,0.24195230000000123,0.1443105,0.220402,0.24693200000000104,0.8229419999999976,0.5554699999999855,0.2446999999999946,0.39002400000000037,0.4002960000000009,0.9308699999999996,0.45668899999999724,0.5818960000000004,0.14963399999999893,0.2726589999999973
375,0.11913300000000149,0.2623610000000003,0.3006783999999998,0.15423200000000037,0.309591300000001,0.17617130000000003,0.2835189999999983,0.3038890000000052,1.0031649999999992,0.6977599999999882,0.3200999999999965,0.5165860000000002,0.533100000000001,1.2049892,0.6553660000000008,0.7597939999999994,0.17319600000000435,0.3167529999999985
376,0.09955100000000172,0.2368030000000001,0.27282139999999977,0.136099999999999,0.2772123000000004,0.1580309999999998,0.25609899999999897,0.2670740000000009,0.9221629999999976,0.6161699999999826,0.261170000000007,0.4339429999999993,0.325603000000001,0.9601033000000001,0.5080060000000088,0.6451250000000002,0.15699200000000246,0.31544199999999734
377,0.09242300000000014,0.2275299999999998,0.2631635000000001,0.1287749999999992,0.2650573000000005,0.15014459999999996,0.2533460000000005,0.24045399999999972,0.8643110000000007,0.5723899999999844,0.23948000000000036,0.4013019999999976,0.2993370000000013,0.8603129000000003,0.4846210000000042,0.6051660000000005,0.14970399999999984,0.2976409999999987
378,0.1201660000000011,0.28703199999999995,0.3149367999999999,0.16145599999999938,0.3182993000000014,0.18031979999999992,0.26074900000000056,0.27620999999999896,0.9683309999999992,0.6177299999999946,0.26242999999999483,0.507676,0.5065559999999998,1.0996589000000005,0.6390329999999977,0.7933179999999993,0.18843999999999994,0.29064799999999735
379,0.10399500000000117,0.22741200000000106,0.2661812999999995,0.13535300000000028,0.27319830000000067,0.15919360000000005,0.2500409999999995,0.2762950000000046,0.9178929999999994,0.6183199999999829,0.27441000000000315,0.4389289999999981,0.4715220000000002,1.0288224000000001,0.5291740000000118,0.6558920000000015,0.16349000000000302,0.29996200000000073
380,0.0880749999999999,0.22896800000000006,0.2603795,0.12941099999999928,0.26433830000000036,0.15199780000000018,0.24581799999999987,0.25460999999999956,0.8693719999999985,0.5783799999999815,0.2499700000000047,0.39860900000000044,0.3643409999999996,0.9109990999999997,0.4843850000000032,0.5996649999999981,0.1538719999999998,0.2898489999999967
381,0.10487499999999983,0.23213400000000028,0.2684727999999996,0.1363399999999988,0.2743283000000005,0.15946369999999987,0.251459999999998,0.2659270000000049,0.8987109999999987,0.6209199999999839,0.27812000000000126,0.4472149999999999,0.45372000000000057,1.0465339,0.5624009999999942,0.6676269999999995,0.1662549999999996,0.28828299999999984
382,0.07247700000000279,0.15115300000000076,0.2223638999999995,0.10036299999999976,0.19452530000000046,0.12385709999999994,0.18200600000000122,0.22239700000000084,0.7563719999999989,0.5264099999999985,0.19836000000000809,0.35730799999999974,0.3254540000000006,0.7686507999999996,0.36697800000000314,0.5130550000000014,0.12247299999999939,0.2736060000000009
383,0.0968270000000011,0.22471400000000052,0.26857689999999934,0.13742300000000007,0.27311130000000006,0.1612140000000002,0.24685399999999902,0.285420000000002,0.9616930000000004,0.6480399999999804,0.27210999999999785,0.44710099999999997,0.44695299999999705,1.0620954000000005,0.4921449999999936,0.6777970000000018,0.16584399999999988,0.32983600000000024
384,0.09083200000000247,0.22794900000000062,0.2515573,0.12631700000000023,0.2525553000000009,0.1474785999999999,0.22859199999999902,0.2339759999999984,0.7870600000000003,0.5484500000000025,0.25132999999999583,0.4078899999999983,0.3985129999999977,0.9327100000000002,0.520811000000009,0.6492199999999997,0.14927099999999882,0.25331899999999763
385,0.08217600000000047,0.21412300000000073,0.23463889999999932,0.11741999999999919,0.23444330000000058,0.13919229999999994,0.20558799999999877,0.22021500000000316,0.7570979999999992,0.5070199999999829,0.20596000000000458,0.38955899999999843,0.3234899999999996,0.8326773000000003,0.4680180000000007,0.594936999999998,0.14509500000000486,0.2608139999999963
386,0.11045000000000016,0.2542050000000007,0.29053489999999993,0.1476089999999992,0.29700030000000055,0.16935350000000016,0.27118799999999865,0.28631599999999935,0.9617170000000002,0.6574299999999766,0.2923799999999943,0.4645699999999984,0.44723300000000066,1.1020779999999997,0.6115539999999982,0.7296709999999997,0.16574400000000367,0.31431200000000104
387,0.11045000000000016,0.2542050000000007,0.29053489999999993,0.1476089999999992,0.29700030000000055,0.16935350000000016,0.27118799999999865,0.28631599999999935,0.9617170000000002,0.6574299999999766,0.2923799999999943,0.4645699999999984,0.44723300000000066,1.1020779999999997,0.6115539999999982,0.7296709999999997,0.16574400000000367,0.31431200000000104
388,0.12290300000000087,0.30480400000000074,0.3341683,0.16827799999999904,0.3406313000000001,0.18613899999999983,0.32783099999999976,0.2901519999999991,1.025417000000001,0.7443899999999815,0.3531600000000026,0.5532339999999998,0.6395429999999998,1.1680289999999998,0.76103599999999,0.815099,0.16737900000000394,0.2927630000000008
389,0.07541300000000106,0.19226600000000005,0.24566839999999956,0.10935800000000029,0.21060730000000127,0.1335617,0.1968779999999981,0.24279599999999846,0.8357679999999981,0.581310000000002,0.22240999999999644,0.4052499999999988,0.43434299999999837,0.8579562000000003,0.367046000000002,0.5591110000000015,0.13193199999999905,0.28842799999999613
390,0.07779700000000034,0.18726999999999983,0.22158999999999995,0.11160199999999953,0.22221130000000144,0.13466600000000017,0.19960199999999872,0.22536800000000312,0.7650559999999977,0.5179399999999816,0.2140500000000003,0.35190700000000064,0.2916130000000017,0.8250808999999997,0.4246559999999988,0.548845,0.13718800000000186,0.26413399999999854
391,-9.9999e+98,0.10847400000000107,0.17354869999999956,0.07352399999999903,0.12801630000000053,0.0918315999999999,0.12172699999999992,0.16109300000000104,0.588201999999999,0.4398599999999817,0.1869700000000023,0.3000930000000004,0.29449400000000026,0.6452482000000002,0.24597300000000644,0.3583009999999973,0.05224000000000473,0.21558999999999884
392,0.09604600000000119,0.22887700000000066,0.2661913,0.13341199999999986,0.2698723000000012,0.1559324000000002,0.24935499999999777,0.2693870000000018,0.922937000000001,0.6186999999999898,0.2571800000000053,0.42432999999999765,0.3277540000000023,0.9606383000000003,0.4823820000000012,0.6429900000000011,0.15570500000000465,0.31947499999999707
393,0.0953140000000019,0.22678900000000013,0.2696763999999998,0.13297500000000007,0.26416730000000044,0.15654689999999993,0.23947899999999933,0.2665399999999991,0.8785899999999991,0.6132899999999779,0.27988999999999464,0.4673899999999982,0.4723979999999983,1.0781698999999998,0.554144000000008,0.6722509999999993,0.1557379999999995,0.2812100000000015
394,0.0789400000000029,0.17408999999999963,0.2371628999999995,0.11189199999999921,0.2193713000000006,0.13614389999999998,0.1991279999999982,0.243231999999999,0.8068269999999984,0.5468999999999937,0.22248000000000445,0.3805820000000004,0.38370700000000113,0.863556,0.40217400000000225,0.5585430000000002,0.13889300000000304,0.27619699999999625
395,0.10706599999999966,0.2581939999999996,0.2871104999999998,0.14255999999999958,0.2914203000000004,0.1639088000000002,0.2692779999999999,0.2820790000000031,0.9441789999999983,0.6290400000000034,0.2723000000000013,0.4452859999999994,0.3502130000000001,0.9893996000000005,0.5563279999999935,0.6667090000000009,0.16498200000000196,0.3176429999999968
396,0.07723999999999975,0.17963899999999988,0.22500819999999955,0.11358599999999974,0.22485029999999995,0.13744710000000016,0.20306700000000077,0.23776700000000517,0.8022740000000006,0.5441899999999862,0.2232699999999994,0.37554099999999835,0.3271919999999966,0.8628245999999997,0.41912700000000314,0.569504000000002,0.14200600000000208,0.28097700000000003
397,0.10884000000000071,0.2573160000000012,0.30337259999999944,0.15048499999999976,0.3022113000000015,0.1723720000000002,0.28606599999999816,0.3213870000000014,1.087059,0.7287999999999784,0.2940399999999954,0.48645600000000044,0.541326999999999,1.0900251,0.48562200000000644,0.7260610000000014,0.17225499999999982,0.36083599999999905
398,0.08865800000000235,0.227132000000001,0.2550686999999998,0.12820900000000002,0.2557083000000002,0.15019269999999985,0.22674400000000006,0.2530970000000039,0.840205000000001,0.565829999999977,0.23080000000000211,0.3922559999999997,0.34476000000000084,0.9180756999999993,0.4868680000000012,0.6416449999999969,0.14748099999999909,0.2795099999999948
399,0.08332800000000162,0.1915760000000013,0.24857369999999968,0.12145100000000042,0.23955830000000056,0.1453487,0.21563799999999844,0.257671000000002,0.8630800000000001,0.5839599999999905,0.2332800000000077,0.39842399999999856,0.3953259999999972,0.9135336000000001,0.4323049999999995,0.6066269999999996,0.1473530000000025,0.29232100000000116
400,0.019604000000001065,0.11256100000000124,0.18192469999999972,0.08318199999999898,0.15534530000000046,0.10405510000000007,0.1474979999999988,0.18849700000000524,0.652156999999999,0.47299999999998477,0.19013999999999953,0.3247870000000006,0.3096560000000004,0.6966001000000004,0.2849829999999969,0.41060600000000136,0.10251600000000138,0.24127599999999916
401,0.06910200000000088,0.1587259999999997,0.20126419999999978,0.09948799999999913,0.20061830000000036,0.1213356000000001,0.19180300000000017,0.19972299999999876,0.7133380000000002,0.48816999999999666,0.19780000000000086,0.35801000000000016,0.26256500000000216,0.6869025999999998,0.3374340000000018,0.4865290000000009,0.12483000000000288,0.26103299999999763
402,0.12543500000000307,0.29256499999999974,0.3237135999999996,0.16468099999999986,0.3285753000000007,0.18393009999999999,0.29084299999999885,0.29160300000000206,1.0141989999999979,0.6985599999999863,0.3196099999999973,0.5330539999999999,0.5477489999999996,1.1682401000000002,0.6935350000000113,0.8086190000000002,0.18875200000000092,0.31148100000000056
403,0.09915300000000116,0.23659600000000047,0.2695856000000001,0.13779699999999906,0.27249130000000044,0.1588672,0.24265499999999918,0.25563900000000217,0.8638750000000002,0.60154,0.277860000000004,0.4884929999999983,0.48088900000000123,1.0509965000000001,0.5769610000000114,0.7114219999999989,0.15830499999999859,0.269802999999996
404,0.07205700000000093,0.18213399999999957,0.21151889999999973,0.10622199999999893,0.21141129999999997,0.1281175000000001,0.18924399999999864,0.20315000000000083,0.6824130000000004,0.4692100000000039,0.20622000000000185,0.34706999999999866,0.3217970000000001,0.8093606000000007,0.4339789999999937,0.5476409999999987,0.13092100000000073,0.2327590000000015
405,0.07855500000000148,0.19931500000000035,0.2459667999999997,0.11164999999999914,0.21522830000000148,0.1361393999999998,0.20286300000000068,0.25300200000000217,0.8957890000000006,0.6600999999999999,0.28162000000000376,0.3989200000000004,0.3882300000000001,0.7891121000000001,0.37412700000000143,0.5720859999999988,0.12970800000000082,0.3218049999999977
406,0.0850200000000001,0.2388880000000011,0.24809479999999962,0.12763900000000028,0.24694230000000061,0.14781429999999984,0.18798899999999819,0.2152760000000029,0.7642120000000006,0.47094999999998777,0.18097000000000207,0.39865999999999957,0.38411299999999926,0.8101718999999994,0.4658489999999915,0.6462900000000005,0.14797000000000082,0.24095299999999753
407,0.09797200000000217,0.23195800000000055,0.2727784,0.13720700000000008,0.2720003000000002,0.16027890000000022,0.24348300000000123,0.26972800000000063,0.9105969999999992,0.6253399999999942,0.27812000000000126,0.46776299999999793,0.46002799999999766,1.0778004999999995,0.5536340000000024,0.6960760000000015,0.16122000000000014,0.2921619999999976
408,0.09797200000000217,0.23195800000000055,0.2727784,0.13720700000000008,0.2720003000000002,0.16027890000000022,0.24348300000000123,0.26972800000000063,0.9105969999999992,0.6253399999999942,0.27812000000000126,0.46776299999999793,0.46002799999999766,1.0778004999999995,0.5536340000000024,0.6960760000000015,0.16122000000000014,0.2921619999999976
409,0.09315899999999999,0.23248000000000069,0.2546942999999997,0.12830399999999997,0.2553193,0.14946850000000023,0.22365500000000083,0.24071500000000157,0.7973180000000006,0.5477999999999952,0.2487299999999948,0.4109979999999993,0.39864800000000145,0.9318428000000001,0.5220570000000038,0.6559979999999968,0.15269400000000388,0.2611659999999958
410,-9.9999e+98,0.10046700000000008,0.14167910000000017,0.06423000000000023,0.1159813000000014,0.08244719999999983,0.11303399999999897,0.1195069999999987,0.5068419999999989,0.37660999999999945,0.15471999999999753,0.25638700000000014,0.22053000000000011,0.5379634000000006,0.25236799999998993,0.2946239999999989,0.050297999999997955,0.19616200000000106
411,0.07365100000000169,0.17017400000000116,0.21041859999999968,0.1040309999999991,0.20670730000000148,0.1273000999999998,0.18646400000000085,0.21068800000000465,0.7329599999999985,0.4992099999999766,0.20074999999999932,0.355363999999998,0.2687729999999995,0.7631473,0.40418799999999067,0.5168789999999994,0.1290520000000015,0.26027500000000003
412,0.09616800000000225,0.2336090000000013,0.26736069999999934,0.135883999999999,0.2707713000000016,0.15838129999999984,0.23941800000000057,0.27127300000000076,0.9134819999999984,0.6107099999999832,0.24648999999999432,0.4245069999999984,0.3652300000000004,1.0022794,0.49567500000000564,0.6693129999999989,0.15808200000000028,0.3006109999999964
413,-9.9999e+98,0.10456399999999988,0.16560180000000013,0.07022499999999887,0.13173230000000125,0.0893139999999999,0.12489099999999809,0.14668500000000506,0.5315469999999998,0.36727999999999383,0.14732000000000767,0.276844999999998,0.31453400000000187,0.5856895999999994,0.21734599999999205,0.27913600000000116,0.05110400000000226,0.19054200000000066
414,0.12350600000000256,0.2967589999999998,0.3293545,0.16709999999999958,0.3376393000000011,0.18672660000000008,0.32068399999999997,0.3037220000000005,1.0378219999999985,0.7530099999999891,0.3584199999999953,0.5574510000000004,0.6491599999999984,1.2200878,0.7412139999999994,0.8103459999999991,0.17022099999999796,0.3073539999999966
415,0.10885299999999987,0.27303600000000117,0.3037435999999998,0.1500369999999993,0.3078663000000006,0.17040159999999993,0.2881590000000003,0.28219400000000405,0.999566999999999,0.6625899999999945,0.27338000000000306,0.4475699999999989,0.35466399999999965,1.0062349,0.5751630000000034,0.6952880000000015,0.17181200000000274,0.3472799999999978
416,0.06697100000000233,0.14822299999999977,0.19700519999999955,0.09566799999999986,0.18546629999999986,0.11860850000000012,0.16559499999999971,0.20182100000000247,0.6749279999999978,0.46116999999998143,0.18560000000000798,0.3252740000000003,0.2924889999999998,0.7538122000000005,0.3810059999999993,0.49746499999999827,0.11998200000000026,0.23673499999999592
417,0.13325800000000143,0.3190160000000013,0.3647843000000002,0.18334600000000023,0.3756763000000003,0.2032623,0.3572430000000004,0.36933000000000504,1.212056999999998,0.7993400000000008,0.3443500000000057,0.5704969999999996,0.5141059999999982,1.2394308,0.7052660000000088,0.8488620000000004,0.19660499999999814,0.3950479999999956
418,0.10461500000000257,0.2509130000000006,0.2803310999999997,0.1407759999999989,0.2819583000000012,0.16148020000000018,0.2541259999999994,0.26057600000000036,0.8779709999999987,0.603919999999988,0.2709899999999976,0.4367769999999993,0.4270080000000007,0.9959274000000002,0.5717379999999963,0.7046799999999998,0.16143800000000397,0.28637200000000007
419,0.09167599999999965,0.22250999999999976,0.25485959999999963,0.12755100000000041,0.2589833000000006,0.1505923,0.23802299999999832,0.2502240000000029,0.8612099999999998,0.5763999999999783,0.2519800000000032,0.388697999999998,0.34036399999999745,0.9262085000000004,0.4874989999999997,0.6079499999999989,0.15202899999999886,0.2890209999999982
420,0.07343499999999992,0.1765559999999997,0.24679640000000003,0.11208500000000043,0.2206973000000012,0.13649500000000003,0.19836799999999855,0.24247100000000188,0.7857719999999979,0.5339599999999791,0.23196000000000083,0.3944890000000001,0.42326000000000263,0.9238550000000005,0.41545100000000446,0.5489460000000008,0.1367480000000043,0.2606320000000011
421,0.08711200000000119,0.22329700000000052,0.2551399999999999,0.12652399999999986,0.25001929999999994,0.1504998999999998,0.23540099999999953,0.2802149999999983,0.9683770000000003,0.686019999999985,0.27330999999999506,0.42924599999999913,0.4138040000000025,0.8590120999999997,0.4205310000000111,0.6346699999999998,0.14623800000000386,0.34306099999999873
422,0.10697400000000101,0.2445649999999997,0.28767940000000003,0.1471020000000003,0.29499030000000026,0.17034230000000017,0.2691449999999982,0.30756900000000087,1.0255209999999977,0.6873300000000029,0.2943000000000069,0.4752529999999986,0.5294850000000011,1.1313325,0.5364310000000074,0.7094999999999985,0.16961600000000487,0.3382489999999976
423,0.06235799999999969,0.14316800000000107,0.20939700000000006,0.09476800000000019,0.1827053000000003,0.11803579999999991,0.17098299999999966,0.21363900000000058,0.734687000000001,0.5236799999999846,0.20857999999999777,0.3367199999999997,0.3083500000000008,0.7188141999999997,0.34706400000000315,0.48865999999999943,0.11748099999999795,0.26854900000000015
424,0.10751400000000189,0.26763200000000076,0.29319019999999973,0.1468720000000001,0.2954813000000005,0.16656020000000016,0.26097899999999896,0.2639950000000013,0.9137759999999986,0.6107199999999864,0.26133000000000095,0.4692059999999998,0.41372300000000095,1.0062189000000004,0.5885700000000043,0.723869999999998,0.1738989999999987,0.3016709999999989
425,0.10223799999999983,0.24490500000000104,0.28063769999999977,0.14088800000000035,0.2834873000000009,0.1626379,0.2658929999999984,0.2930059999999983,1.0096199999999982,0.6899099999999976,0.2584499999999963,0.4451250000000009,0.3200199999999995,0.9318799000000002,0.4903800000000018,0.6783560000000008,0.17084799999999944,0.35676300000000083
426,0.06660300000000063,0.14966200000000107,0.18575559999999935,0.09351099999999946,0.1845523,0.1160448999999999,0.1695229999999981,0.1984679999999983,0.6753709999999984,0.4717799999999954,0.18269999999999698,0.31965100000000035,0.25371000000000166,0.6624216999999994,0.38963199999999176,0.4744099999999989,0.11695200000000483,0.2524919999999966
427,0.07649699999999982,0.18222200000000122,0.2302919999999995,0.11409300000000044,0.22571530000000095,0.13782549999999993,0.20246900000000068,0.23939700000000386,0.7946829999999991,0.5382299999999987,0.22232999999999947,0.37318999999999747,0.3419719999999984,0.8784866000000005,0.42475200000001223,0.5674610000000015,0.14298800000000256,0.26964399999999955
428,0.08903899999999965,0.22756500000000024,0.2835681999999995,0.12999399999999994,0.2497163000000011,0.1548763000000002,0.23290599999999984,0.30046899999999965,1.0151719999999997,0.7209599999999909,0.2869699999999966,0.45795400000000086,0.5232959999999984,0.9482617000000002,0.4228650000000016,0.6650059999999982,0.15076499999999982,0.3509770000000003
429,0.07812200000000047,0.18349500000000063,0.24132329999999946,0.11790699999999887,0.23585030000000096,0.1416046999999998,0.22202199999999905,0.2530229999999989,0.8506619999999998,0.5707299999999975,0.23548999999999864,0.3962319999999977,0.41036499999999876,0.8908240999999997,0.37836700000001144,0.5737109999999994,0.14539599999999808,0.2899770000000004
430,0.09600900000000223,0.23276700000000083,0.26897459999999995,0.13250399999999907,0.2721873000000006,0.15420269999999991,0.25703499999999835,0.2518930000000026,0.8874689999999994,0.5877799999999809,0.25104000000000326,0.41707099999999997,0.3144449999999992,0.8953288000000006,0.5048940000000073,0.6212909999999994,0.1527460000000005,0.30320599999999587
431,0.06344300000000302,0.14781900000000014,0.19089180000000017,0.09419299999999886,0.18591030000000153,0.11713249999999986,0.1686569999999996,0.19578100000000376,0.6567229999999995,0.4448799999999835,0.19204000000000576,0.3210329999999999,0.27449800000000124,0.7369285000000003,0.36603499999999656,0.47364499999999765,0.11745200000000011,0.23062900000000042
432,0.09298000000000073,0.22714200000000062,0.2681502999999994,0.13183100000000003,0.2600453000000016,0.15474409999999983,0.23270399999999825,0.2610770000000002,0.8613949999999981,0.6000899999999945,0.2740699999999947,0.4633110000000009,0.4642109999999988,1.0464503999999994,0.5409060000000068,0.6764239999999972,0.15348300000000137,0.27513799999999833
433,0.08933299999999988,0.2089110000000005,0.24661109999999997,0.1259149999999991,0.25173230000000046,0.14976089999999997,0.22876699999999772,0.25429499999999905,0.8754089999999977,0.5896099999999933,0.24969000000000108,0.40405299999999755,0.3741979999999998,0.9637859999999998,0.45671899999999255,0.6240259999999971,0.15385200000000054,0.29649099999999606
434,0.059992000000001156,0.1346860000000003,0.18644950000000016,0.09059799999999996,0.1774673,0.11328689999999986,0.1674919999999993,0.19917699999999883,0.6744409999999981,0.4640499999999861,0.18026000000000408,0.32391799999999904,0.28633600000000214,0.6827290000000001,0.32676100000000474,0.4567690000000013,0.11385299999999887,0.24610799999999955
435,0.06892100000000312,0.15524300000000046,0.18939910000000015,0.09497200000000028,0.18872830000000107,0.11764149999999995,0.17313099999999793,0.19814099999999968,0.6709519999999998,0.45793999999997936,0.18482000000000198,0.33424600000000027,0.2417139999999982,0.6903215000000005,0.38547599999999704,0.4799710000000026,0.11816699999999969,0.24362699999999649
436,0.10606399999999994,0.2690640000000002,0.29820719999999934,0.14912400000000048,0.30128930000000054,0.1690847999999998,0.2687299999999979,0.28318900000000014,0.9661429999999989,0.6416099999999858,0.26179000000000485,0.4638530000000003,0.37231200000000086,1.0090050999999995,0.5594929999999891,0.7160390000000021,0.1763120000000029,0.32494299999999754
437,0.10156200000000126,0.24075000000000024,0.2768682999999994,0.13969400000000043,0.28062330000000024,0.16168709999999997,0.2533299999999983,0.274790000000003,0.9546530000000004,0.641619999999989,0.2583000000000055,0.4260090000000005,0.3389349999999993,0.9979577000000006,0.5070270000000079,0.6780909999999984,0.1668859999999981,0.3272009999999952
438,0.07396000000000313,0.16579100000000047,0.22056450000000005,0.10331500000000027,0.20306530000000045,0.12700960000000006,0.18392899999999912,0.22327700000000306,0.7441139999999997,0.5076599999999871,0.19953999999999894,0.3426799999999979,0.3102020000000003,0.7780541000000003,0.3899669999999986,0.515511,0.12788600000000372,0.2602989999999963
439,0.10474200000000167,0.24935100000000077,0.2826854000000001,0.14338099999999976,0.28555930000000096,0.16428339999999997,0.25216999999999956,0.2715880000000013,0.9208639999999981,0.623139999999978,0.26408999999999594,0.4474499999999999,0.41411799999999843,1.0375046,0.5517609999999991,0.7107729999999997,0.1670739999999995,0.2932519999999954
440,0.112796000000003,0.2739520000000013,0.3075367999999994,0.154242,0.3124243,0.17496180000000017,0.2846410000000006,0.3008840000000035,1.0217759999999991,0.6839799999999912,0.28946999999999434,0.475363999999999,0.37817599999999985,1.0686630000000008,0.5881410000000074,0.7281730000000017,0.1767499999999984,0.34898199999999946
441,0.12296500000000066,0.2869130000000002,0.31841160000000013,0.15961599999999976,0.3255063000000007,0.1805962000000001,0.30179700000000054,0.30373800000000273,1.0195889999999999,0.6905299999999954,0.31277000000000044,0.4969499999999982,0.4505429999999997,1.1353336,0.6767449999999968,0.7603340000000003,0.17885100000000165,0.3317920000000001
442,0.08890000000000242,0.21199299999999965,0.2653856999999995,0.12920599999999993,0.2583473000000005,0.1538018000000001,0.2347380000000001,0.2684059999999988,0.892866999999999,0.603999999999985,0.2639700000000005,0.44085899999999967,0.5095710000000011,1.0226918000000005,0.4965619999999973,0.6293080000000018,0.1559870000000032,0.2898759999999996
443,0.07571700000000092,0.16236400000000017,0.24104919999999996,0.10592399999999991,0.2036313000000014,0.12940750000000012,0.19099299999999886,0.2375250000000051,0.8074039999999982,0.5655099999999891,0.2239799999999974,0.4127529999999986,0.4358150000000016,0.8539953000000002,0.33790799999999876,0.5406399999999998,0.12780599999999964,0.28200100000000106
444,-9.9999e+98,0.10351400000000055,0.1378231999999997,0.06555499999999981,0.1274153000000009,0.0848776,0.12258999999999887,0.11350500000000352,0.502044999999999,0.36015999999997916,0.14355000000000473,0.2346359999999983,0.1818300000000015,0.4654286000000001,0.27172099999999944,0.2991049999999973,0.05108700000000255,0.19225999999999743
445,-9.9999e+98,0.10351400000000055,0.1378231999999997,0.06555499999999981,0.1274153000000009,0.0848776,0.12258999999999887,0.11350500000000352,0.502044999999999,0.36015999999997916,0.14355000000000473,0.2346359999999983,0.1818300000000015,0.4654286000000001,0.27172099999999944,0.2991049999999973,0.05108700000000255,0.19225999999999743
446,0.11102300000000298,0.2733439999999998,0.30300299999999947,0.15187099999999987,0.3078093000000006,0.1700457000000002,0.2985100000000003,0.256567000000004,0.9280259999999991,0.6790099999999768,0.3251900000000063,0.5129659999999987,0.5841789999999989,1.0967706999999995,0.6926140000000061,0.7522669999999998,0.17529799999999796,0.27019599999999855
447,0.1319720000000011,0.32137300000000124,0.3613363999999999,0.1820599999999999,0.3718093000000007,0.20231690000000002,0.3485680000000002,0.38157800000000464,1.1890940000000008,0.7912699999999973,0.34461000000000297,0.5517769999999977,0.4966690000000007,1.2592325000000004,0.7270549999999929,0.8390090000000008,0.1897610000000043,0.3843260000000015
448,0.09061100000000266,0.2315719999999999,0.2565280999999997,0.12909199999999998,0.25890130000000156,0.15018399999999987,0.2362700000000011,0.2371480000000048,0.793845000000001,0.5616399999999828,0.26773000000000025,0.429589,0.4356180000000016,0.9678435000000007,0.5543820000000039,0.6758970000000026,0.1542090000000016,0.25513999999999726
449,0.09717500000000001,0.2288880000000013,0.27515929999999944,0.13581100000000035,0.2667343000000013,0.1586981999999999,0.23155200000000065,0.27366599999999863,0.9011989999999983,0.6054499999999905,0.2579099999999954,0.45995399999999975,0.4377919999999982,1.0703484999999997,0.5134310000000113,0.6860509999999991,0.15643899999999888,0.2876720000000006
450,0.0774460000000019,0.1674629999999997,0.22607329999999948,0.10804300000000033,0.2129753000000001,0.1320633,0.19606500000000082,0.23114500000000504,0.7837110000000003,0.5322400000000016,0.2160599999999988,0.37111600000000067,0.35268800000000056,0.8292051000000003,0.38217699999999866,0.5393030000000003,0.13130000000000308,0.27464599999999706
451,0.10853900000000039,0.26360400000000084,0.28887019999999985,0.14791999999999916,0.2954143000000009,0.17011410000000016,0.2700880000000012,0.3167060000000035,1.0539710000000007,0.7112599999999816,0.27876000000000545,0.4608029999999985,0.44003100000000117,1.0583209,0.5069560000000024,0.7243290000000009,0.17151700000000147,0.36067899999999753
452,0.12085100000000182,0.29966500000000096,0.32405939999999944,0.1622679999999992,0.32352130000000123,0.18483530000000004,0.2972369999999991,0.3562510000000003,1.158656999999998,0.7755599999999845,0.31566999999999723,0.5168029999999995,0.5900989999999986,1.2155484999999997,0.5473889999999955,0.7846460000000022,0.1778720000000007,0.38398999999999717
453,0.1324310000000004,0.3293340000000011,0.3585048999999998,0.1824659999999998,0.3703833000000003,0.2019481999999999,0.3531189999999995,0.33397599999999983,1.1304659999999984,0.8216400000000021,0.3985799999999955,0.5990459999999977,0.7376450000000006,1.3130053000000004,0.8354999999999961,0.8721899999999998,0.1759139999999988,0.33498300000000114
454,0.12158900000000017,0.2945460000000004,0.32829379999999997,0.16670300000000005,0.33240729999999985,0.1858274999999998,0.28540299999999874,0.30500299999999925,1.045496,0.6903499999999951,0.28502000000000294,0.4955449999999999,0.4791939999999997,1.1395233999999999,0.6450179999999932,0.8108609999999992,0.18655900000000258,0.3295180000000002
455,0.07169700000000034,0.17412900000000064,0.21087909999999965,0.10379299999999958,0.20569730000000064,0.1260281000000001,0.18401199999999918,0.20075900000000502,0.674429,0.465849999999989,0.20711000000000013,0.35037699999999816,0.31850800000000135,0.8102115999999997,0.41903100000000393,0.5324240000000025,0.13001400000000274,0.2307079999999999
456,0.09986100000000064,0.22509600000000063,0.28410529999999934,0.13759299999999897,0.27063730000000064,0.16192610000000007,0.2426649999999988,0.2908250000000052,0.9656199999999977,0.652089999999987,0.27840000000000487,0.47225500000000054,0.5119819999999997,1.0998009999999994,0.49901699999999494,0.6887459999999983,0.15742699999999843,0.32360599999999806
457,-9.9999e+98,0.045417999999999736,0.11070439999999948,0.06818400000000047,0.08976030000000002,0.07052930000000002,0.086784999999999,0.10287399999999991,0.4504269999999977,0.35301999999998657,0.15715000000000146,0.24018200000000078,0.2210239999999999,0.48517589999999977,0.20753799999999956,0.24609399999999937,-0.0013039999999975294,0.17390199999999822
458,0.08540600000000254,0.23335400000000028,0.2808421000000001,0.12670899999999996,0.24107030000000051,0.14981579999999983,0.2016929999999988,0.2585510000000042,0.842451999999998,0.5649699999999882,0.24679000000000428,0.47964100000000087,0.4858500000000028,1.0632450000000002,0.47992600000000607,0.6584670000000017,0.1499030000000019,0.2606439999999992
459,0.12798500000000246,0.3224859999999996,0.3359648000000002,0.17366400000000048,0.34833030000000065,0.19570130000000008,0.3181119999999993,0.3652920000000037,1.1611890000000002,0.7881999999999891,0.34529000000000565,0.5602890000000009,0.6020609999999991,1.3302437999999999,0.7031270000000092,0.8433259999999976,0.20179900000000117,0.3690330000000017
460,0.09805900000000278,0.2345990000000011,0.29037199999999963,0.13946199999999997,0.2730473,0.16291520000000004,0.23768799999999857,0.2818450000000041,0.9497909999999976,0.6353799999999978,0.26370000000000005,0.481227999999998,0.5082260000000005,1.1135986000000004,0.5134740000000022,0.6983849999999983,0.16491700000000264,0.3074790000000007
461,0.0884210000000003,0.22946500000000114,0.2516178999999994,0.12488499999999902,0.25264230000000154,0.14647999999999994,0.23169499999999843,0.22951799999999878,0.7862100000000005,0.5421800000000019,0.24465000000000714,0.3799349999999997,0.37775600000000153,0.9018101000000005,0.520711999999989,0.6198160000000001,0.148890999999999,0.2599620000000016
462,0.12144500000000136,0.3040339999999997,0.32397469999999995,0.16436399999999907,0.3246183000000009,0.1809390999999998,0.2908380000000008,0.2538589999999985,0.963360999999999,0.6272899999999879,0.2830600000000061,0.5306739999999976,0.5226119999999987,1.0276123000000004,0.6649419999999964,0.8034910000000011,0.1775080000000031,0.2594829999999959
463,0.12467499999999987,0.3288550000000008,0.3497027999999993,0.1732990000000001,0.35389230000000005,0.19033889999999998,0.3387129999999985,0.2923019999999994,1.0200429999999976,0.7255999999999858,0.337680000000006,0.48049299999999917,0.5427970000000002,1.0923664999999998,0.7526009999999985,0.786132000000002,0.18822200000000322,0.3038409999999985
464,0.11182600000000065,0.2727959999999996,0.3007938999999995,0.14958500000000008,0.30518230000000024,0.1701302,0.2806369999999987,0.2805140000000037,0.9753140000000009,0.6515399999999829,0.27965000000000373,0.46456699999999884,0.3901179999999975,1.0176463,0.5930490000000077,0.7051009999999991,0.17233600000000138,0.335409999999996
465,0.11182600000000065,0.2727959999999996,0.3007938999999995,0.14958500000000008,0.30518230000000024,0.1701302,0.2806369999999987,0.2805140000000037,0.9753140000000009,0.6515399999999829,0.27965000000000373,0.46456699999999884,0.3901179999999975,1.0176463,0.5930490000000077,0.7051009999999991,0.17233600000000138,0.335409999999996
466,0.0865290000000023,0.2162380000000006,0.24384279999999947,0.12064900000000023,0.24503930000000018,0.1428878,0.22484199999999888,0.23104899999999873,0.8141390000000008,0.5481599999999958,0.2267400000000066,0.38293799999999933,0.30194400000000243,0.8282118,0.4729730000000103,0.5759520000000009,0.14710999999999785,0.28607099999999974
467,0.08751400000000231,0.22483700000000084,0.24833339999999993,0.12373599999999918,0.2503523000000012,0.1459047,0.22902799999999957,0.2333190000000016,0.793842999999999,0.5416299999999978,0.24457999999999913,0.38252499999999756,0.3613490000000006,0.9040128000000003,0.5093589999999892,0.6123799999999981,0.14976500000000215,0.2655600000000007
468,0.09868800000000277,0.2468350000000008,0.2741631999999994,0.1374019999999998,0.2766043000000007,0.15774519999999992,0.2527009999999983,0.24779300000000148,0.839302,0.5947999999999922,0.2817900000000009,0.4445300000000003,0.45865500000000026,0.9992507000000002,0.592599000000007,0.7024389999999983,0.16088700000000244,0.26779200000000003
469,0.10029500000000269,0.23598300000000094,0.2879733,0.13901499999999878,0.2728573000000001,0.16162909999999986,0.2395399999999981,0.2689149999999998,0.9054259999999985,0.6315799999999854,0.2915700000000072,0.5067819999999976,0.5266319999999993,1.1172284000000001,0.5701229999999953,0.7152710000000013,0.16176200000000307,0.2830370000000002
470,0.11873000000000289,0.2784190000000013,0.31452869999999944,0.15649599999999886,0.3187893000000006,0.17559840000000015,0.3012629999999987,0.27086700000000263,0.9459909999999994,0.6739599999999939,0.32147000000000503,0.46934599999999804,0.5144799999999989,1.0810692,0.6786290000000008,0.733789999999999,0.18140400000000056,0.291253999999995
471,0.09345500000000229,0.21991300000000003,0.2585109000000001,0.1323749999999997,0.26379330000000145,0.15605769999999985,0.23867800000000017,0.274045000000001,0.9264899999999976,0.624290000000002,0.25674000000000774,0.4225609999999982,0.411327,1.0028272000000005,0.4742700000000042,0.6540090000000021,0.15704500000000365,0.31771099999999564
472,0.07440700000000078,0.16343800000000108,0.21992429999999974,0.10653299999999888,0.2094213000000007,0.13042819999999988,0.19714700000000107,0.22965800000000058,0.8132459999999995,0.5783500000000004,0.23058000000000334,0.3661290000000008,0.30052200000000084,0.7502085999999997,0.39752599999999916,0.5468849999999996,0.13260300000000314,0.2978740000000002
473,0.0784140000000022,0.21642700000000126,0.23514329999999983,0.1199079999999988,0.23514130000000044,0.14182899999999998,0.19699500000000114,0.22779700000000247,0.7686099999999989,0.5055099999999868,0.19965000000000543,0.38216199999999745,0.359808000000001,0.8518685000000001,0.4819520000000068,0.6274470000000001,0.14423299999999983,0.26175899999999785
474,0.07004400000000288,0.1476260000000007,0.2304087999999993,0.09793999999999947,0.18411430000000095,0.12119500000000016,0.17138999999999882,0.22592399999999913,0.7639840000000007,0.5430999999999813,0.21462999999999965,0.3655299999999997,0.3849199999999975,0.8039009999999998,0.34111200000000963,0.5037519999999986,0.1170669999999987,0.2698169999999962
475,0.07329000000000008,0.162014000000001,0.23782109999999967,0.1052540000000004,0.20044830000000147,0.12924649999999982,0.1866419999999991,0.240788000000002,0.824859,0.5889799999999923,0.23646999999999707,0.3827259999999981,0.40914300000000026,0.8167924000000002,0.36019699999999943,0.5462109999999996,0.12742899999999935,0.2879560000000012
476,0.12977400000000117,0.3159590000000012,0.34366559999999957,0.17617199999999933,0.3497553,0.1949002000000002,0.30866100000000074,0.322184,1.096578000000001,0.7515699999999867,0.33655000000000257,0.5773009999999985,0.6020420000000009,1.2510523999999998,0.7347960000000029,0.8595459999999981,0.17004500000000178,0.3316370000000006
477,0.08170500000000303,0.1977790000000006,0.23201759999999982,0.1172159999999991,0.23456930000000042,0.140088,0.21157600000000087,0.23239399999999932,0.7710210000000011,0.5257299999999816,0.23139000000000465,0.3800559999999997,0.3398770000000013,0.8916146000000005,0.4643120000000067,0.5923039999999986,0.14750899999999945,0.26617399999999947
478,0.10771700000000095,0.24101399999999984,0.2980853999999997,0.14524699999999946,0.2896433000000016,0.16921350000000013,0.26350499999999855,0.3044539999999998,0.9979769999999988,0.6787799999999891,0.3040100000000052,0.5082859999999982,0.5791959999999996,1.1826761999999995,0.594805000000008,0.7063590000000026,0.16902400000000029,0.3235029999999952
479,0.11027200000000192,0.26577100000000087,0.3020315999999994,0.15270699999999948,0.30671030000000066,0.17320670000000016,0.2726520000000008,0.30134000000000327,1.0270629999999983,0.6779499999999814,0.2577399999999983,0.45703599999999867,0.38104799999999983,1.0753443999999996,0.5287709999999919,0.7331240000000001,0.17408499999999805,0.34495599999999627
480,0.06959600000000066,0.1574970000000011,0.21300510000000017,0.10078899999999891,0.19965830000000118,0.12419700000000011,0.18689299999999776,0.2223820000000032,0.7394420000000004,0.5019499999999937,0.19917999999999836,0.34638499999999794,0.32789299999999955,0.7669079000000005,0.34942499999999654,0.49860999999999933,0.12421199999999999,0.26278399999999635
481,0.09654400000000152,0.2374010000000002,0.2742737000000002,0.13647899999999957,0.27728030000000103,0.1581005000000002,0.2627239999999986,0.2787849999999992,0.958085999999998,0.6449399999999912,0.25345000000000084,0.42308599999999785,0.2900449999999992,0.9252557999999995,0.4915239999999983,0.6539770000000011,0.16154000000000224,0.34167199999999553
482,0.07756600000000091,0.17936000000000085,0.22471709999999945,0.10899000000000036,0.21189130000000134,0.1318305999999998,0.18083700000000036,0.2217589999999987,0.7326999999999977,0.49215999999998417,0.18994999999999607,0.3568599999999975,0.3165370000000003,0.8354936000000004,0.44534799999999564,0.5646020000000007,0.13397400000000204,0.24920799999999588
483,0.08297699999999963,0.2100439999999999,0.23923950000000005,0.1185299999999998,0.23871230000000132,0.14097189999999982,0.22437499999999844,0.24029600000000073,0.8571589999999993,0.5997500000000002,0.2331700000000012,0.3724279999999993,0.24573799999999935,0.7743076000000002,0.442032999999995,0.5746469999999988,0.1396259999999998,0.31230099999999794
484,0.12303300000000306,0.27784100000000045,0.3123635,0.1570280000000004,0.31981530000000014,0.17871799999999993,0.2977470000000011,0.3022150000000039,1.023105000000001,0.6887099999999862,0.30565,0.48312899999999814,0.44968000000000075,1.1333057999999996,0.6419730000000072,0.7409490000000005,0.17697100000000177,0.33488599999999735
485,0.08952999999999989,0.23422300000000007,0.26451329999999995,0.13150399999999962,0.2642243000000004,0.1533446999999999,0.24135499999999865,0.261683000000005,0.9287029999999987,0.6325499999999806,0.23559000000000196,0.3935809999999975,0.2720950000000002,0.8624404000000006,0.4693240000000003,0.628035999999998,0.1527810000000045,0.3281959999999984
486,0.13079899999999967,0.32433200000000006,0.3542316999999997,0.17791399999999946,0.35899830000000144,0.1961523999999999,0.3243210000000012,0.3304159999999996,1.1035269999999997,0.7428899999999885,0.31781999999999755,0.5060539999999989,0.5034530000000004,1.1863947000000001,0.7126859999999908,0.8413630000000012,0.17838300000000373,0.34800500000000056
487,0.08560100000000048,0.21201899999999974,0.23860539999999997,0.12059900000000034,0.2403133000000004,0.14333259999999992,0.21350999999999942,0.24426800000000526,0.8172180000000004,0.547789999999992,0.21647000000000105,0.4036389999999983,0.31436300000000017,0.8628325000000006,0.4653550000000024,0.605323000000002,0.14789000000000385,0.281450999999997
488,0.07159500000000207,0.17457399999999978,0.21420809999999957,0.10609799999999936,0.21518130000000113,0.12849310000000003,0.20411800000000113,0.21549000000000262,0.7427290000000006,0.5001699999999971,0.20956999999999937,0.36973099999999803,0.27128000000000085,0.7577635999999996,0.38043899999999553,0.5135089999999991,0.13523100000000454,0.26376599999999684
489,0.10892199999999974,0.2512059999999998,0.2889835999999999,0.1490829999999992,0.2961363000000006,0.17132330000000007,0.26272699999999816,0.30875199999999836,1.0199299999999987,0.6831099999999992,0.27982000000000085,0.47829499999999925,0.47716999999999743,1.1221500000000004,0.5330349999999981,0.7299400000000027,0.16976900000000228,0.33708500000000186
490,0.09443200000000118,0.22830000000000084,0.2625675999999997,0.13173199999999952,0.2665873000000012,0.15455130000000006,0.24484800000000106,0.2655290000000008,0.9050559999999983,0.6069399999999803,0.25821999999999434,0.42204500000000067,0.328399000000001,0.9583103,0.48236200000000906,0.6286500000000004,0.1553830000000005,0.30993000000000137
491,0.08003800000000183,0.20368999999999993,0.2327388999999993,0.1151990000000005,0.23303730000000122,0.1378121000000001,0.22053999999999974,0.22934500000000213,0.8197319999999984,0.5583900000000028,0.21452999999999633,0.3697859999999977,0.2505120000000005,0.7834522999999995,0.42928400000000977,0.5556170000000016,0.1413080000000022,0.2911069999999967
492,0.10388700000000028,0.25987899999999975,0.3106922999999995,0.14446899999999907,0.28269330000000004,0.1686272999999998,0.2589909999999982,0.3239380000000054,1.0496510000000008,0.7047399999999868,0.29643000000000086,0.515668999999999,0.6265179999999972,1.1553784,0.4896659999999997,0.7153810000000007,0.1647960000000026,0.3452429999999964
493,0.06896300000000011,0.15703900000000104,0.19112249999999964,0.0962689999999995,0.19039230000000096,0.11901440000000019,0.17219300000000004,0.19738800000000367,0.6773500000000006,0.46383999999997627,0.17762000000000455,0.3299020000000006,0.25000900000000215,0.6872883999999999,0.3996710000000121,0.48729200000000006,0.11890800000000468,0.24343199999999854
494,0.12666100000000213,0.3217010000000009,0.3490126,0.17511900000000047,0.35615530000000106,0.19303230000000005,0.343395000000001,0.29878800000000183,1.053415000000001,0.763559999999984,0.36749000000000365,0.5455970000000008,0.6316660000000027,1.1794276999999997,0.7805850000000021,0.8280229999999982,0.16358400000000017,0.3096180000000004
495,0.10998500000000178,0.2522070000000003,0.2880791999999994,0.14764800000000022,0.29500430000000044,0.16808639999999997,0.2754519999999978,0.2671500000000009,0.929825000000001,0.6677699999999902,0.3251500000000078,0.5529609999999998,0.5948889999999984,1.1694814000000004,0.6657900000000012,0.7659120000000001,0.1725020000000015,0.27774799999999544
496,0.11113700000000293,0.2524230000000003,0.29378499999999974,0.1480870000000003,0.29934930000000115,0.16905400000000004,0.28610199999999963,0.3151510000000002,1.061864,0.7159899999999766,0.2821700000000078,0.46741099999999847,0.47800100000000256,1.024674,0.478675999999993,0.7148760000000003,0.1674380000000042,0.36015700000000095
497,0.06912700000000171,0.15435399999999966,0.18757799999999936,0.0952339999999996,0.18794930000000143,0.11809780000000014,0.17038399999999854,0.20454700000000514,0.6713059999999977,0.45740999999998166,0.1886300000000034,0.33479799999999926,0.2411299999999983,0.7034033000000006,0.38091099999999756,0.4805720000000022,0.11838500000000352,0.2422329999999988
498,0.06361300000000014,0.13038400000000117,0.1977795999999996,0.09120199999999912,0.17283830000000044,0.11372710000000019,0.16177899999999923,0.20542800000000483,0.7106539999999981,0.5120000000000005,0.20696999999999832,0.34024699999999797,0.2989519999999999,0.7319867999999996,0.3442569999999989,0.4740429999999982,0.11413699999999949,0.2639599999999973
499,0.13975900000000152,0.34470699999999965,0.3792333000000001,0.19101700000000044,0.3904633000000004,0.2102056000000001,0.3715030000000006,0.3748339999999999,1.2172459999999994,0.8177299999999832,0.35999999999999943,0.5829850000000008,0.5528660000000016,1.2902025999999998,0.7925900000000041,0.8859640000000013,0.1864920000000012,0.3811109999999971
500,0.12526599999999988,0.299176000000001,0.32490249999999943,0.16359800000000035,0.33170130000000064,0.18421030000000016,0.3058960000000006,0.3102610000000041,1.0466519999999981,0.7126399999999933,0.31270000000000664,0.4820239999999991,0.47931099999999915,1.1636090000000001,0.6794180000000125,0.7796720000000015,0.1841800000000049,0.3403559999999999
501,0.12252400000000208,0.2850900000000003,0.31946470000000016,0.16023599999999938,0.32580530000000074,0.1811878,0.3002730000000007,0.31098300000000023,1.0450339999999976,0.7006599999999992,0.3052899999999994,0.46439499999999967,0.431515000000001,1.1238053999999993,0.6390300000000053,0.7638649999999991,0.17814200000000113,0.3429959999999994
502,0.14160500000000198,0.3523379999999996,0.39215779999999967,0.19591199999999986,0.4039293000000015,0.21363999999999983,0.39206700000000083,0.3896259999999998,1.2690359999999998,0.8315699999999993,0.35975000000000534,0.5802179999999986,0.4868030000000019,1.2687625000000002,0.7798419999999879,0.8958590000000015,0.1971770000000035,0.41912599999999856
503,0.12436200000000142,0.31170200000000037,0.34321,0.16916599999999882,0.3494803000000015,0.1885566999999999,0.3389150000000001,0.3190890000000053,1.083165000000001,0.711119999999994,0.30570000000000164,0.4852249999999998,0.41346599999999967,1.0938569999999999,0.6834149999999966,0.760113999999998,0.19111099999999936,0.35894799999999805
504,0.10186100000000309,0.24836100000000094,0.2778627,0.13887300000000025,0.2812473000000004,0.16047399999999978,0.2565649999999984,0.27037599999999884,0.9081969999999977,0.6118199999999945,0.2649600000000021,0.41333799999999954,0.3739150000000002,0.9904726000000004,0.5453739999999954,0.6692290000000014,0.16506199999999893,0.30238699999999596
505,0.0793890000000026,0.1801370000000002,0.22570399999999946,0.11415799999999976,0.2265383000000014,0.1381494000000001,0.20501900000000006,0.23716900000000152,0.8016590000000008,0.5425299999999993,0.23005000000000564,0.3795989999999989,0.3514829999999982,0.8908328000000001,0.41907799999999895,0.5671710000000019,0.1430390000000017,0.2746390000000005
506,0.09024000000000143,0.19743599999999972,0.24959759999999953,0.1260079999999988,0.25129230000000113,0.15011110000000016,0.2288320000000006,0.2575509999999994,0.8891379999999991,0.598639999999989,0.25105000000000643,0.41075000000000017,0.40137599999999907,0.9703071999999997,0.4418239999999969,0.6165729999999989,0.15200800000000214,0.30236099999999766
507,0.12285300000000277,0.2962420000000012,0.3290666,0.1651769999999999,0.3331243000000015,0.18481989999999993,0.30593999999999966,0.34357200000000176,1.1545640000000006,0.7731599999999901,0.2775400000000019,0.4770399999999988,0.4625280000000025,1.0595907000000002,0.5285549999999972,0.7753199999999971,0.1731580000000008,0.39289099999999877
508,0.09402800000000155,0.24618099999999998,0.2673445000000001,0.13391299999999973,0.26749630000000124,0.15412839999999983,0.23463999999999885,0.24184199999999834,0.806985000000001,0.5532599999999945,0.2538200000000046,0.4566459999999992,0.42646600000000134,0.9303466999999994,0.5619700000000023,0.6843050000000019,0.15838000000000108,0.2605000000000004
509,0.09402800000000155,0.24618099999999998,0.2673445000000001,0.13391299999999973,0.26749630000000124,0.15412839999999983,0.23463999999999885,0.24184199999999834,0.806985000000001,0.5532599999999945,0.2538200000000046,0.4566459999999992,0.42646600000000134,0.9303466999999994,0.5619700000000023,0.6843050000000019,0.15838000000000108,0.2605000000000004
510,0.12263800000000202,0.3125359999999997,0.33459289999999964,0.16710600000000042,0.33655030000000075,0.18361630000000018,0.3108210000000007,0.27009600000000233,0.9725779999999986,0.6633899999999926,0.30268999999999835,0.5123870000000004,0.5158960000000015,1.0516410999999994,0.7236340000000041,0.8080689999999997,0.18042400000000214,0.2844349999999949
511,0.056192000000002906,0.12114900000000084,0.1971108999999993,0.08754199999999912,0.16866930000000124,0.1096398999999999,0.1583040000000011,0.19453400000000443,0.6513069999999992,0.44494000000000256,0.18139999999999645,0.32711699999999766,0.33515099999999975,0.7117170000000002,0.296371999999991,0.40727000000000046,0.10947699999999827,0.2299199999999999
512,0.1030540000000002,0.2591760000000001,0.29015219999999964,0.14428099999999944,0.2938103000000005,0.16511569999999987,0.2730049999999977,0.2792140000000032,0.9860790000000001,0.6601199999999778,0.26402000000000214,0.4372690000000006,0.33036300000000196,0.9789240000000001,0.5365340000000032,0.6877870000000001,0.16984000000000066,0.347529999999999
513,0.08993200000000101,0.22643900000000095,0.25765299999999947,0.13089800000000018,0.26014930000000014,0.15450490000000006,0.2448359999999994,0.2772460000000052,0.9620350000000002,0.6588899999999853,0.24970000000000425,0.42627299999999835,0.36351099999999903,0.9159061999999998,0.45651300000000106,0.6558330000000012,0.15658100000000275,0.34005399999999497
514,0.11700599999999994,0.2846869999999999,0.3143672999999998,0.160226999999999,0.31937630000000006,0.18012739999999994,0.2621059999999993,0.28892199999999946,0.9959810000000004,0.6238899999999887,0.23574000000000694,0.47773600000000016,0.4745980000000003,1.10506,0.6204010000000011,0.7688329999999972,0.18093100000000106,0.3136749999999964
515,0.1255260000000007,0.327217000000001,0.3556138999999998,0.1759120000000003,0.361721300000001,0.1948386000000002,0.3423650000000009,0.3268060000000048,1.1070360000000008,0.7332499999999982,0.31866999999999734,0.5085709999999999,0.45426300000000097,1.1492399999999998,0.7341499999999996,0.7984639999999992,0.1844430000000017,0.3671769999999981
516,0.07493200000000044,0.19994200000000006,0.2323423999999994,0.11429899999999904,0.23303429999999992,0.1361876999999998,0.2238119999999988,0.2301479999999998,0.8024579999999979,0.5409399999999778,0.21788999999999703,0.3800649999999983,0.27515499999999804,0.7756308999999995,0.38918700000000683,0.5437720000000006,0.14106500000000466,0.28195199999999687
517,0.08004800000000145,0.17842100000000016,0.23243399999999959,0.11431699999999978,0.22671330000000012,0.13835450000000016,0.20809699999999864,0.24073900000000492,0.819071000000001,0.5527799999999843,0.22638000000000602,0.37920599999999993,0.35468099999999936,0.8718455,0.407038,0.5631789999999981,0.1420140000000032,0.2804569999999984
518,0.09550100000000228,0.22842300000000115,0.2661009999999999,0.1347719999999999,0.2719503000000003,0.1579796,0.24860999999999933,0.26499600000000356,0.9168090000000007,0.6151199999999903,0.26811999999999614,0.4175809999999984,0.377321000000002,1.0007527000000005,0.506842000000006,0.6521159999999995,0.1586290000000048,0.306287999999995
519,0.11549300000000073,0.2660289999999996,0.3024851000000002,0.15294199999999947,0.31010630000000106,0.17488729999999997,0.28630000000000067,0.31164000000000414,1.0512429999999995,0.6995199999999784,0.2937000000000012,0.47688600000000037,0.4786009999999976,1.0966825,0.5515879999999953,0.7271520000000002,0.16665199999999913,0.35145299999999935
520,0.06853200000000115,0.14870699999999992,0.2100869999999997,0.0998739999999998,0.19665930000000031,0.122811,0.1869410000000009,0.22627299999999906,0.7495069999999977,0.5172399999999868,0.20269000000000403,0.3624389999999984,0.37893299999999996,0.7497534999999997,0.30965100000000234,0.49243200000000087,0.1200460000000021,0.2641980000000004
521,0.10648800000000236,0.2624290000000009,0.28761169999999936,0.1450800000000001,0.28994630000000043,0.16511699999999996,0.2506309999999985,0.27108499999999935,0.9033599999999993,0.602499999999992,0.25732999999999606,0.44462700000000055,0.4266489999999976,1.0051448999999995,0.574269000000001,0.7237650000000002,0.17275400000000474,0.2949039999999954
522,0.08504300000000242,0.2184310000000007,0.23776689999999956,0.11960900000000052,0.23823330000000098,0.14129769999999997,0.2047920000000012,0.22355800000000414,0.7644069999999985,0.5080600000000004,0.20371000000000095,0.39496600000000015,0.338121000000001,0.8327676999999998,0.4812970000000121,0.6110749999999996,0.14683099999999882,0.26234199999999674
523,0.1262730000000012,0.309470000000001,0.3419805999999994,0.1719969999999993,0.34920229999999997,0.1917241999999999,0.325603000000001,0.3162710000000004,1.0703209999999999,0.7433800000000019,0.3415200000000027,0.5092259999999982,0.5452049999999993,1.1986747000000006,0.7240579999999994,0.8006920000000015,0.18421700000000385,0.3358440000000016
524,0.12146000000000257,0.2925470000000008,0.32897039999999933,0.1647040000000004,0.33558930000000053,0.1854171,0.3099910000000001,0.32704100000000125,1.0779800000000002,0.7193499999999915,0.3098899999999958,0.4796680000000002,0.4322499999999998,1.1411578000000002,0.6504840000000058,0.7709490000000017,0.1831630000000004,0.3542890000000014
525,0.12146000000000257,0.2925470000000008,0.32897039999999933,0.1647040000000004,0.33558930000000053,0.1854171,0.3099910000000001,0.32704100000000125,1.0779800000000002,0.7193499999999915,0.3098899999999958,0.4796680000000002,0.4322499999999998,1.1411578000000002,0.6504840000000058,0.7709490000000017,0.1831630000000004,0.3542890000000014
526,0.08589900000000128,0.20288400000000095,0.2393925999999995,0.12193300000000029,0.24261030000000083,0.14471239999999996,0.21993300000000104,0.24034800000000445,0.790972,0.5513799999999947,0.2535100000000057,0.41386400000000023,0.392945000000001,0.9667629,0.5017820000000057,0.6281060000000025,0.145505,0.2591499999999982
527,0.11454200000000014,0.260625000000001,0.2956658000000001,0.14935999999999972,0.30270430000000026,0.17097980000000002,0.27877699999999805,0.287979,0.9628720000000008,0.6574099999999987,0.29972000000000776,0.4641339999999978,0.45237100000000297,1.1087055000000001,0.6339399999999955,0.7313839999999985,0.16659400000000346,0.3156049999999979
528,0.07572700000000054,0.18388200000000055,0.21671329999999944,0.10856199999999916,0.21819029999999984,0.1314248,0.19796799999999948,0.21411900000000372,0.7330909999999982,0.49657999999999447,0.2142599999999959,0.37397299999999944,0.2884809999999973,0.8128888000000005,0.4283099999999962,0.5413859999999993,0.1370199999999997,0.2573450000000008
529,0.10738600000000176,0.2530570000000001,0.2877497999999994,0.14592399999999905,0.2927863000000013,0.1663673000000001,0.268815,0.26361200000000196,0.9066749999999999,0.6433999999999855,0.311160000000001,0.4946589999999986,0.5030460000000012,1.0989161000000003,0.6377759999999881,0.7415199999999977,0.16894599999999826,0.28760799999999875
530,0.07607900000000001,0.18467500000000037,0.21767879999999984,0.10815899999999878,0.2186193000000003,0.13099550000000004,0.20131800000000055,0.21992300000000142,0.744565999999999,0.5025499999999852,0.20964000000000738,0.36385699999999943,0.264483000000002,0.7746033000000008,0.41763699999999915,0.5288809999999984,0.133856999999999,0.26458499999999674
531,0.11336700000000022,0.2776720000000008,0.31505399999999995,0.15675099999999986,0.3207792999999999,0.17745699999999998,0.30094000000000065,0.3073699999999988,1.058440000000001,0.7006799999999771,0.2904400000000038,0.47458199999999806,0.3630470000000017,1.0608778,0.5867489999999975,0.7361369999999994,0.16941200000000123,0.3585429999999974
532,0.11326999999999998,0.2543369999999996,0.2904429999999998,0.14741699999999902,0.2925183000000011,0.16875209999999985,0.2630289999999995,0.28346000000000515,0.9402279999999976,0.6580199999999934,0.30979999999999563,0.5229959999999991,0.5235719999999979,1.1568356,0.6175450000000069,0.748622000000001,0.1746090000000038,0.29484899999999925
533,0.0836030000000001,0.2019120000000001,0.25243400000000005,0.12253100000000039,0.24032230000000077,0.1452005999999999,0.21166399999999896,0.2482570000000024,0.8014060000000001,0.5493299999999977,0.24384000000000583,0.4228899999999989,0.3866449999999979,0.9713839000000002,0.47358900000000403,0.6311220000000013,0.14512200000000064,0.26235399999999487
534,-9.9999e+98,0.10006599999999999,0.1313002000000001,0.05938899999999947,0.11440430000000035,0.07736039999999988,0.11327899999999858,0.10578500000000446,0.4613119999999995,0.3364299999999787,0.13124999999999432,0.22532199999999847,0.1747729999999983,0.4326843,0.24178100000000313,0.26366999999999763,2.5000000000829914e-05,0.18273099999999687
535,0.1189070000000001,0.2829290000000011,0.31623100000000015,0.15974600000000017,0.3215193000000003,0.1800641999999999,0.2891459999999988,0.3074939999999984,1.0273690000000002,0.6911499999999933,0.2922800000000052,0.4755129999999994,0.4429060000000007,1.1177343999999998,0.6302049999999895,0.7776600000000009,0.1763260000000031,0.3338249999999974
536,0.13333800000000195,0.32838100000000026,0.36756619999999973,0.18331899999999912,0.3771373000000011,0.2024370000000002,0.3586519999999993,0.3633489999999995,1.1995760000000004,0.7890899999999874,0.3374900000000025,0.5405650000000009,0.4480700000000013,1.2147956000000004,0.7215490000000102,0.8441340000000004,0.18995500000000476,0.39873499999999495
537,0.12763400000000047,0.328755000000001,0.35624650000000013,0.17651599999999945,0.3630053000000011,0.19562990000000013,0.3509089999999979,0.3241289999999992,1.087261999999999,0.731349999999992,0.33106999999999687,0.5212599999999981,0.49254000000000175,1.1708325999999998,0.7667299999999955,0.799081000000001,0.17511400000000066,0.3514690000000016
538,0.10480700000000098,0.23574300000000115,0.2772939000000001,0.14190600000000053,0.283634300000001,0.16453970000000018,0.2588650000000001,0.29695600000000155,0.9971560000000004,0.6707600000000014,0.27257000000000176,0.44823900000000094,0.40254699999999843,1.0395823999999996,0.5085320000000024,0.702380999999999,0.1671130000000005,0.34225800000000106
539,0.1288620000000016,0.3084150000000001,0.3457745000000001,0.17423900000000003,0.35544630000000055,0.1951676,0.333006000000001,0.34720000000000084,1.1326949999999982,0.7583699999999851,0.33369000000000426,0.5330100000000009,0.49062600000000245,1.2221840999999998,0.7065419999999989,0.8075739999999989,0.20029699999999906,0.3649549999999948
540,0.08264600000000044,0.20254500000000064,0.23502829999999975,0.1167119999999997,0.23616029999999988,0.1393525000000002,0.22371199999999902,0.23052300000000514,0.818998999999998,0.5538799999999924,0.22177000000000646,0.38698300000000074,0.2704640000000005,0.8163969,0.4395940000000138,0.5705390000000001,0.1448080000000047,0.2916919999999976
541,0.09938000000000002,0.22619800000000012,0.2689345999999997,0.1380859999999995,0.27416830000000125,0.16132539999999995,0.24894000000000105,0.2933170000000018,0.987407000000001,0.6673299999999927,0.2621000000000038,0.43899899999999903,0.4494109999999978,1.0004163000000004,0.4708339999999964,0.6831980000000009,0.16172699999999907,0.3378799999999984
542,0.10861099999999979,0.2723570000000013,0.3171834999999996,0.1481589999999997,0.29004730000000123,0.17195349999999987,0.2666269999999997,0.32994599999999963,1.0875759999999985,0.7303299999999808,0.2976900000000029,0.5101879999999994,0.6180920000000008,1.1329893999999996,0.4821990000000085,0.7330550000000002,0.17042200000000207,0.360088999999995
543,0.11464400000000197,0.2674649999999996,0.3018858,0.15192300000000003,0.3085893000000013,0.1735253000000001,0.2834760000000003,0.29814400000000063,1.0091180000000008,0.6759199999999908,0.29770000000000607,0.47749199999999803,0.38761300000000176,1.0808752000000004,0.6020680000000027,0.7280960000000007,0.1753580000000028,0.33716899999999583
544,0.11615000000000109,0.2710840000000001,0.30560989999999943,0.15592599999999912,0.31195530000000105,0.1768689000000001,0.27964099999999803,0.30256700000000336,1.0143570000000004,0.6881999999999948,0.2955699999999979,0.4889639999999993,0.45581200000000166,1.1420583999999998,0.6187710000000095,0.7697249999999976,0.17616999999999905,0.323402999999999
545,0.12691600000000136,0.31595500000000065,0.3521092999999995,0.17633099999999935,0.3581683000000009,0.1956427999999999,0.32888300000000115,0.3490320000000011,1.153772,0.7689699999999959,0.31669000000000835,0.4956770000000006,0.43236399999999975,1.1711709,0.6706009999999907,0.8232929999999996,0.18329700000000315,0.38145799999999497
546,0.07737700000000203,0.215542000000001,0.23315349999999935,0.11784199999999956,0.23133230000000005,0.13907420000000004,0.19333199999999806,0.21818400000000082,0.7451259999999991,0.49010999999998717,0.19021000000000754,0.38295499999999905,0.3446510000000025,0.8159191999999997,0.47893700000000194,0.6123529999999988,0.14259700000000208,0.25367699999999616
547,0.07142600000000243,0.15823800000000077,0.23124689999999948,0.10601899999999986,0.2080573000000001,0.1297033999999999,0.1959060000000008,0.23801800000000384,0.790347999999998,0.5415199999999913,0.21389999999999532,0.3798889999999986,0.380272999999999,0.7959462999999998,0.34593300000000227,0.5301399999999994,0.1316010000000034,0.2754100000000008
548,0.10459700000000183,0.270938000000001,0.29426349999999957,0.1472850000000001,0.29646430000000024,0.1667019999999999,0.257556000000001,0.26232800000000367,0.9161079999999977,0.6053199999999777,0.25005000000000166,0.4597750000000005,0.40471399999999846,0.9885612999999998,0.585526999999999,0.7161519999999975,0.1718790000000041,0.3010749999999973
549,0.07773500000000055,0.17097900000000088,0.23346219999999995,0.11047100000000043,0.21430930000000004,0.13481820000000022,0.19623499999999794,0.2394390000000044,0.8218199999999989,0.5653099999999824,0.21600000000000819,0.38379600000000025,0.3833549999999981,0.8345780999999999,0.39944500000000005,0.5669499999999985,0.13639600000000485,0.2864980000000017
550,0.09499100000000027,0.24941600000000008,0.26173869999999955,0.13608699999999985,0.26278429999999986,0.15512760000000014,0.23254100000000122,0.2175450000000012,0.8133710000000001,0.5196899999999971,0.24868000000000734,0.4918309999999977,0.518069999999998,0.9353121,0.5286619999999971,0.7191660000000013,0.16216200000000214,0.21776699999999494
551,0.10517300000000063,0.25903399999999976,0.29034650000000006,0.14562699999999928,0.29321030000000015,0.16465759999999996,0.2728900000000003,0.251572000000003,0.8868960000000001,0.6312399999999911,0.295180000000002,0.4809429999999999,0.5049740000000007,1.0440193999999998,0.6360209999999995,0.7309589999999986,0.169234000000003,0.27217499999999717
552,0.10595700000000008,0.2921220000000009,0.2993844000000001,0.1494920000000004,0.29663530000000016,0.16546610000000017,0.2726450000000007,0.21964700000000192,0.8637419999999985,0.5596599999999796,0.2497199999999964,0.4796820000000004,0.48229200000000105,0.8674947,0.5876960000000082,0.7396300000000018,0.15873700000000213,0.22902399999999545
553,0.07680700000000229,0.178014000000001,0.22223729999999975,0.11305199999999971,0.22440130000000025,0.13690639999999998,0.20923900000000017,0.23555700000000002,0.8258159999999997,0.5643999999999778,0.21593000000000018,0.3717599999999983,0.31222500000000153,0.8153354999999998,0.40785900000000197,0.5586319999999994,0.1394030000000015,0.29131399999999985
554,0.07384200000000263,0.19120000000000026,0.22406529999999947,0.11176999999999992,0.2258293000000009,0.13494770000000011,0.20630200000000087,0.22436799999999835,0.7562490000000004,0.5095999999999776,0.2227100000000064,0.3474979999999981,0.30483300000000213,0.8435206000000006,0.42175500000000454,0.53641,0.14143400000000383,0.25348400000000026
555,0.07767100000000227,0.20567500000000116,0.23195199999999971,0.1144179999999988,0.23274630000000052,0.1367733000000002,0.21662900000000107,0.2168929999999989,0.7810309999999987,0.5246999999999957,0.2148300000000063,0.36569499999999877,0.275659000000001,0.7855623000000005,0.44494100000000003,0.544276,0.14125299999999896,0.27741400000000027
556,0.09294799999999981,0.24363400000000013,0.26709089999999946,0.1326660000000004,0.26704930000000004,0.15322039999999992,0.23811500000000052,0.23890800000000212,0.8164099999999976,0.5526499999999999,0.24429000000000656,0.4357140000000008,0.39095100000000116,0.9163226,0.544201000000001,0.6630719999999997,0.15775000000000006,0.27502799999999894
557,0.11547200000000046,0.26830400000000054,0.2979376999999994,0.15032800000000002,0.3027293000000011,0.17086639999999997,0.27326599999999956,0.27900100000000094,0.9559280000000001,0.64973999999998,0.2865199999999959,0.46148600000000073,0.4428389999999993,1.0704400000000005,0.6151310000000052,0.7449469999999998,0.1724579999999989,0.3106250000000017
558,0.1030300000000004,0.23669600000000024,0.27877509999999983,0.1432260000000003,0.2855243000000005,0.16620560000000006,0.2572019999999995,0.3006420000000034,0.9855699999999992,0.6641999999999939,0.279049999999998,0.4593209999999992,0.460954000000001,1.1013864,0.5229719999999958,0.6984649999999988,0.16743500000000466,0.3274669999999986
559,0.08542500000000075,0.2130150000000004,0.2370196,0.11913200000000046,0.2393363000000015,0.14171900000000015,0.21609499999999926,0.22903399999999863,0.7743599999999979,0.5290099999999995,0.23704000000000747,0.4090379999999989,0.34366699999999994,0.8993632000000007,0.48470600000000275,0.6064340000000001,0.15102100000000007,0.26570999999999856
560,0.09174100000000251,0.2312840000000005,0.2571247999999997,0.12687700000000035,0.2583812999999999,0.14867760000000008,0.23693099999999845,0.23914700000000266,0.8202019999999983,0.5521499999999833,0.24528999999999712,0.40341499999999897,0.3340849999999982,0.8977379000000001,0.509871000000004,0.6051690000000001,0.15107900000000285,0.2790239999999997
561,0.06972000000000023,0.16913100000000014,0.2026798999999997,0.10036899999999882,0.20243730000000149,0.12277920000000009,0.18509399999999943,0.19544499999999942,0.6855879999999992,0.46440999999998667,0.19225000000000136,0.33715600000000023,0.2510450000000013,0.7075569000000002,0.40155099999999777,0.4903809999999993,0.12419700000000233,0.2477879999999999
562,0.07603200000000143,0.17220000000000013,0.2219977000000002,0.10723699999999958,0.21171130000000105,0.1309784999999999,0.19228000000000023,0.2250930000000011,0.7678779999999996,0.5227099999999893,0.20686000000000604,0.3528400000000005,0.30986700000000056,0.8033618000000002,0.40400499999999795,0.5344890000000007,0.1301600000000036,0.268301000000001
563,0.09418500000000307,0.23331800000000058,0.26640949999999997,0.1326129999999992,0.2695413000000002,0.15487109999999982,0.24772300000000058,0.2590369999999993,0.8957179999999987,0.5996399999999937,0.2544199999999961,0.4175919999999991,0.314781,0.9389311000000005,0.4953879999999913,0.6279970000000006,0.15259499999999804,0.30467399999999856
564,0.10136900000000182,0.24153900000000128,0.28434319999999946,0.14212399999999903,0.28872730000000146,0.16343720000000017,0.27509099999999975,0.28816000000000486,1.0014299999999992,0.6721799999999973,0.26552999999999827,0.4524909999999984,0.3190000000000026,0.9761161999999999,0.4921360000000021,0.690842,0.164748000000003,0.35333999999999577
565,0.12248700000000312,0.2940719999999999,0.3297799999999995,0.1654669999999996,0.33706630000000004,0.1863334000000001,0.31127400000000094,0.32549099999999953,1.080563999999999,0.7226100000000031,0.3179800000000057,0.5051319999999997,0.4333190000000009,1.1624398000000005,0.6670289999999994,0.778886,0.18412100000000464,0.3568859999999958
566,-9.9999e+98,0.1122740000000011,0.16434749999999987,0.07921699999999987,0.14686730000000026,0.10000199999999992,0.13952700000000107,0.17027500000000373,0.6313209999999998,0.47001000000000204,0.19741000000000497,0.3029030000000006,0.2559699999999978,0.6270224999999998,0.31376400000000615,0.4038049999999984,0.0972760000000008,0.24135199999999912
567,0.1262830000000008,0.31206599999999973,0.3397356999999994,0.17074700000000043,0.3456353000000014,0.18931010000000015,0.32313800000000015,0.3059739999999991,1.036611999999998,0.7329799999999977,0.3422400000000039,0.5189570000000003,0.5596069999999997,1.1625753999999997,0.7380249999999933,0.8125870000000006,0.1744600000000034,0.3160699999999963
568,0.12473500000000115,0.3039769999999997,0.32922899999999977,0.167940999999999,0.33641630000000156,0.1880468999999998,0.30687599999999904,0.3156150000000011,1.0636089999999996,0.743709999999993,0.34211000000000524,0.5419809999999998,0.5565899999999999,1.2270984999999994,0.7030699999999968,0.822927,0.19118999999999886,0.3263819999999953
569,0.10761400000000165,0.25886600000000115,0.2908388999999998,0.14588900000000038,0.2950073,0.1668611000000002,0.26996799999999865,0.27778700000000356,0.9357779999999991,0.6374500000000012,0.2809400000000011,0.44008600000000087,0.42589900000000114,1.0465587000000003,0.598715999999996,0.7121539999999982,0.17541599999999846,0.30625200000000063
570,0.12342100000000045,0.2979079999999996,0.3293208999999999,0.165087999999999,0.3337853000000006,0.18419240000000014,0.2954720000000002,0.3058210000000017,1.0414589999999997,0.6834999999999809,0.27635999999999683,0.5031159999999986,0.4298870000000008,1.0882182999999994,0.6384819999999962,0.7767059999999972,0.18238099999999946,0.3435709999999972
571,0.01855199999999968,0.12124299999999977,0.1572186999999996,0.07922399999999996,0.15373630000000027,0.10019260000000019,0.14143899999999832,0.15300300000000533,0.5813059999999979,0.4080500000000029,0.15733000000000175,0.28069400000000044,0.22867499999999907,0.5813839999999999,0.344026999999997,0.40707199999999943,0.09734600000000171,0.21603700000000003
572,0.09296100000000251,0.22275000000000134,0.2532551999999999,0.12702599999999897,0.2572933000000006,0.14994659999999982,0.23529399999999967,0.24609800000000348,0.8456060000000001,0.570149999999984,0.2527199999999965,0.42532500000000084,0.33515299999999826,0.9389035999999997,0.503335000000007,0.6216149999999985,0.15534200000000453,0.28637799999999913
573,0.08760700000000199,0.215974000000001,0.24364160000000012,0.12152700000000038,0.2460993000000009,0.14417290000000005,0.22488799999999998,0.23570300000000088,0.8153629999999978,0.5489800000000002,0.23769000000000062,0.4020329999999994,0.31494799999999756,0.8775405000000003,0.4766840000000059,0.5916330000000016,0.15068899999999985,0.2831389999999985
574,0.10228600000000299,0.23691499999999976,0.2717514999999997,0.13831399999999938,0.2777023000000014,0.16148110000000004,0.2525349999999982,0.2749510000000015,0.9253579999999992,0.6270399999999938,0.27483999999999753,0.4371799999999979,0.40859000000000023,1.0425446999999997,0.5434699999999992,0.6738360000000014,0.16652299999999798,0.30435899999999805
575,0.09972199999999987,0.2387080000000008,0.2684318000000001,0.1335809999999995,0.27175130000000003,0.1558052000000001,0.2496779999999994,0.25355499999999864,0.8714329999999997,0.5867899999999793,0.2617699999999985,0.43286099999999905,0.3611039999999974,0.9561667000000007,0.5429239999999993,0.6396200000000007,0.1553520000000006,0.2939269999999965
576,0.06459900000000118,0.14450800000000008,0.19988919999999943,0.0947779999999998,0.1799002999999999,0.11693620000000005,0.157627999999999,0.1973650000000049,0.6588889999999985,0.4485299999999768,0.1771399999999943,0.3278849999999984,0.29489300000000185,0.7498147999999993,0.3939980000000105,0.5029349999999972,0.11863999999999919,0.22915199999999913
577,0.10116000000000014,0.2475649999999998,0.2785023999999998,0.14086599999999905,0.2813883000000015,0.16209430000000014,0.2529900000000005,0.2689769999999996,0.8960989999999995,0.6156799999999976,0.2729400000000055,0.4446879999999993,0.42393200000000064,1.0269673999999993,0.5659399999999977,0.7075269999999989,0.16206600000000293,0.28966299999999734
578,0.0984480000000012,0.22531600000000118,0.2710039000000002,0.13605599999999995,0.2692433000000012,0.15983750000000008,0.24111100000000008,0.27721300000000326,0.9264009999999985,0.6295599999999979,0.2736500000000035,0.4599049999999991,0.4500930000000025,1.0880324999999997,0.519434000000004,0.6714640000000003,0.16372799999999899,0.29961499999999575
579,0.09539400000000242,0.2534799999999997,0.2694719999999995,0.13604299999999903,0.26576430000000073,0.1546641000000002,0.23151499999999814,0.22989900000000318,0.8137240000000006,0.5329099999999869,0.22401000000000693,0.43480599999999825,0.40116199999999935,0.8783551999999997,0.5279079999999965,0.7036669999999994,0.1564170000000047,0.24098999999999648
580,0.0907560000000025,0.2199220000000004,0.25357889999999994,0.12885400000000047,0.25809930000000136,0.15217100000000006,0.2332529999999977,0.25777800000000184,0.86721,0.5861799999999846,0.25562999999999647,0.41186700000000087,0.35174700000000314,0.9720506000000002,0.4928610000000049,0.640626000000001,0.15341800000000205,0.29391499999999837
581,0.10841100000000026,0.2395580000000006,0.28455599999999937,0.14572899999999933,0.29335230000000045,0.16870850000000015,0.26835200000000015,0.3026669999999996,1.005434000000001,0.673720000000003,0.2921000000000049,0.465996999999998,0.48791700000000304,1.0966178000000006,0.5442979999999977,0.7078160000000011,0.168288000000004,0.33401899999999785
582,0.057309000000000054,0.12763300000000122,0.19074299999999944,0.0887999999999991,0.16463730000000076,0.11021720000000013,0.14518899999999846,0.19246600000000313,0.6370599999999982,0.4376299999999844,0.16741000000000383,0.3139409999999998,0.29764300000000077,0.7066818000000001,0.37026199999999676,0.47113799999999983,0.11288499999999857,0.22508899999999699
583,0.10091600000000156,0.23080000000000034,0.2726088999999998,0.13732899999999937,0.27808530000000076,0.1597854999999999,0.2581169999999986,0.27743600000000157,0.9546290000000006,0.636179999999996,0.264080000000007,0.42468799999999973,0.40786500000000103,0.9983312,0.48444200000000137,0.6571630000000006,0.16235999999999962,0.3211459999999988
584,0.07868700000000217,0.17063200000000123,0.2340850999999997,0.10980200000000018,0.21513630000000106,0.1340857999999998,0.19697599999999937,0.2398549999999986,0.7946840000000002,0.5375200000000007,0.22378000000000497,0.382597999999998,0.3978339999999996,0.8639764000000003,0.3894170000000088,0.5544879999999992,0.13686600000000482,0.2759179999999972
585,0.12435699999999983,0.28233400000000053,0.3162427000000001,0.15971099999999971,0.32364930000000136,0.1809428999999998,0.29865999999999815,0.30793800000000005,1.032502000000001,0.7030599999999936,0.30939999999999657,0.48036300000000054,0.46974600000000066,1.1586613999999997,0.6622169999999983,0.7735130000000012,0.17940800000000223,0.3341530000000006
586,0.09305700000000172,0.22587500000000027,0.2583386000000001,0.12869300000000017,0.2625313000000009,0.15144810000000009,0.24392299999999878,0.25105900000000503,0.8665400000000005,0.5767599999999788,0.2543399999999991,0.4156039999999983,0.3319030000000005,0.9131394000000004,0.4893650000000065,0.6090060000000008,0.1542530000000042,0.2942079999999976
587,0.11243600000000242,0.2726240000000004,0.3026402999999993,0.15346199999999932,0.30849030000000077,0.17480859999999998,0.28952699999999965,0.32903400000000005,1.1042710000000007,0.746690000000001,0.27964000000000055,0.4553270000000005,0.40176899999999804,1.0463278000000003,0.5134199999999964,0.7399640000000005,0.16765099999999933,0.3817769999999996
588,0.11793300000000073,0.27622500000000016,0.3087945999999997,0.15530799999999978,0.31470230000000043,0.17650450000000006,0.28877800000000065,0.2992929999999987,1.0082579999999979,0.6807299999999827,0.2977199999999982,0.46201699999999946,0.4313289999999981,1.1038098000000005,0.6295630000000045,0.7492770000000029,0.17940300000000065,0.3322429999999983
589,0.11682700000000068,0.2696690000000004,0.30525039999999937,0.15671899999999894,0.3113903000000011,0.17745509999999998,0.2669010000000007,0.3027110000000022,1.0221809999999998,0.6716499999999996,0.2690500000000071,0.48621299999999934,0.4372329999999991,1.1378989000000006,0.5804320000000018,0.7712070000000004,0.17462700000000098,0.32736099999999624
590,0.11794100000000185,0.2841950000000004,0.3172708000000002,0.15912299999999924,0.3217653000000009,0.17860159999999992,0.28551900000000074,0.3022449999999992,1.023567,0.6669899999999984,0.260390000000001,0.4890769999999982,0.418213999999999,1.0642735000000005,0.5942919999999958,0.7594640000000012,0.173759000000004,0.3433869999999999
591,0.10883200000000315,0.27227099999999993,0.29316729999999946,0.15157799999999888,0.2935673000000012,0.1701484999999998,0.2526489999999981,0.24421699999999902,0.9074390000000001,0.5743799999999908,0.25,0.4988369999999982,0.5146750000000004,1.0108669,0.5965120000000042,0.7545609999999989,0.18026499999999857,0.24520599999999604
592,0.10885000000000034,0.28548300000000104,0.31346279999999993,0.1535069999999994,0.31373530000000116,0.17177219999999993,0.2862419999999979,0.2807650000000024,0.9937830000000005,0.6599499999999807,0.24711000000000638,0.4186739999999993,0.3515599999999992,0.9364418000000008,0.5494470000000007,0.7014610000000019,0.16183699999999845,0.34876799999999974
593,0.08961400000000097,0.22092899999999993,0.25174129999999995,0.12811400000000006,0.25569030000000126,0.15116189999999996,0.22928899999999786,0.2529560000000046,0.8520479999999999,0.5780599999999936,0.2514500000000055,0.41195199999999943,0.3612359999999981,0.9752024000000006,0.4974899999999991,0.6461420000000011,0.15338600000000469,0.28770000000000095
594,0.08961400000000097,0.22092899999999993,0.25174129999999995,0.12811400000000006,0.25569030000000126,0.15116189999999996,0.22928899999999786,0.2529560000000046,0.8520479999999999,0.5780599999999936,0.2514500000000055,0.41195199999999943,0.3612359999999981,0.9752024000000006,0.4974899999999991,0.6461420000000011,0.15338600000000469,0.28770000000000095
595,0.07109400000000221,0.16279600000000016,0.2031615999999996,0.10187799999999925,0.20286130000000036,0.12486160000000002,0.19129699999999872,0.21759000000000128,0.7526159999999997,0.5290999999999997,0.20292999999999495,0.3479469999999978,0.2625399999999978,0.70946,0.39863099999999463,0.5130090000000003,0.12565800000000138,0.27878099999999506
596,0.0982050000000001,0.236599,0.2725637000000001,0.13733099999999965,0.2766293000000015,0.1597723000000002,0.2594259999999977,0.28037700000000143,0.9718389999999992,0.6563999999999908,0.2575199999999995,0.44698999999999955,0.3129339999999985,0.9572473000000006,0.5028250000000014,0.6738700000000009,0.1668020000000041,0.3466540000000009
597,0.08233300000000199,0.21540200000000098,0.25668500000000005,0.1202709999999989,0.2334423000000001,0.14480970000000015,0.20997099999999946,0.26232800000000367,0.8761359999999989,0.5940099999999973,0.2365999999999957,0.4172060000000002,0.46818099999999774,0.9239151000000003,0.4171350000000018,0.6108779999999996,0.14603300000000274,0.2973039999999969
598,0.06141200000000069,0.1337450000000011,0.1874690000000001,0.09029899999999991,0.17530530000000155,0.11300279999999985,0.16396899999999803,0.2043960000000027,0.6834389999999999,0.48024999999998386,0.1870100000000008,0.31281099999999995,0.27969699999999875,0.6842555999999993,0.34570499999999527,0.4601790000000001,0.11341300000000132,0.2528209999999973
599,0.07511300000000176,0.17832000000000114,0.2092187000000001,0.10646099999999947,0.2108623000000005,0.12928940000000022,0.18860799999999855,0.21475300000000175,0.7043749999999989,0.48375999999998953,0.21283999999999992,0.3574920000000006,0.3183340000000001,0.8318934000000002,0.4304520000000025,0.5507819999999981,0.13442500000000024,0.24220499999999845
600,0.10073799999999977,0.25773700000000055,0.2809362999999996,0.14032800000000023,0.282217300000001,0.16079730000000003,0.24814599999999842,0.26300700000000177,0.8946079999999981,0.5937600000000032,0.24358999999999753,0.44259899999999774,0.3674210000000002,0.9630783999999997,0.5373659999999916,0.6838709999999999,0.1641300000000001,0.29939499999999697
601,0.10187400000000224,0.2526830000000011,0.27909249999999997,0.14174799999999976,0.28248530000000116,0.1619025999999999,0.2559669999999983,0.24991400000000397,0.8696389999999994,0.607689999999991,0.2864500000000021,0.496103999999999,0.5047130000000024,1.0553184,0.613104000000007,0.7325649999999975,0.16656300000000357,0.266531999999998
602,0.10649700000000095,0.24425200000000125,0.2899288999999996,0.14539800000000014,0.2890592999999999,0.16838309999999979,0.25996299999999906,0.2994249999999994,1.0056389999999986,0.6783199999999852,0.28387999999999636,0.4705839999999988,0.4899129999999978,1.1258816000000005,0.5277640000000048,0.710725,0.16666299999999978,0.33305999999999614
603,0.09711900000000284,0.2294780000000003,0.26675629999999995,0.13695199999999907,0.27089229999999986,0.16003269999999992,0.2386759999999981,0.27585100000000295,0.9427850000000007,0.6287599999999998,0.24850000000000705,0.43949699999999936,0.43659800000000004,1.0195625000000001,0.4845320000000015,0.6805289999999999,0.16373099999999852,0.3155619999999999
604,0.08643300000000309,0.22105400000000053,0.25302139999999973,0.1257590000000004,0.2570553000000011,0.14848360000000005,0.24117999999999995,0.24450000000000216,0.84009,0.5610599999999977,0.2516899999999964,0.4061799999999991,0.3356149999999971,0.9022639000000003,0.4843500000000063,0.5963019999999979,0.1535830000000047,0.2845790000000008
605,0.10849100000000078,0.24264300000000105,0.2873929999999998,0.1426759999999998,0.29103230000000124,0.16343109999999994,0.2789439999999992,0.28552300000000486,0.9983609999999992,0.6701999999999941,0.2652999999999963,0.45049299999999803,0.31974699999999956,0.9641788,0.4740199999999959,0.6823150000000027,0.1627769999999984,0.35420899999999733
606,0.11805999999999983,0.27041800000000116,0.3080203999999993,0.1528779999999994,0.3139813,0.17360480000000011,0.29653499999999866,0.2992479999999986,1.0250889999999977,0.6773900000000026,0.28772999999999627,0.4738849999999992,0.3563570000000027,1.0333682999999994,0.5782589999999885,0.7143289999999993,0.17276700000000034,0.3493479999999991
607,0.11142900000000111,0.26306100000000043,0.2967620999999996,0.14938499999999877,0.3023933000000003,0.1704091000000001,0.27826299999999904,0.28765200000000135,0.9567879999999995,0.6558299999999804,0.29240000000000066,0.4528409999999994,0.4529050000000012,1.0882748000000007,0.6257319999999993,0.7298650000000002,0.1709770000000006,0.3067569999999975
608,0.09339200000000147,0.21897000000000055,0.2559876000000001,0.13117100000000015,0.2615773000000008,0.1548406,0.23614900000000105,0.26292000000000115,0.8903180000000006,0.6030899999999804,0.26173,0.4264720000000004,0.3955650000000013,1.0223891000000007,0.5007169999999945,0.6538960000000031,0.15698900000000293,0.297032999999999
609,0.09895100000000312,0.2240549999999999,0.2678932999999999,0.1368109999999998,0.2732033000000005,0.1608312999999999,0.2477419999999988,0.2827930000000052,0.9479769999999981,0.6387599999999907,0.2744600000000048,0.44922400000000096,0.48360699999999923,1.0645865999999993,0.5077479999999923,0.6637150000000034,0.15989799999999832,0.3145799999999994
610,0.09212800000000243,0.2207939999999997,0.25206899999999965,0.12835899999999967,0.25677530000000104,0.15181500000000003,0.23313699999999926,0.2540830000000014,0.8563009999999984,0.5845099999999945,0.25714999999999577,0.41668599999999856,0.38374100000000055,0.9965705000000007,0.5124689999999958,0.64114,0.1501260000000002,0.28119499999999675
611,0.0878450000000015,0.22225300000000026,0.2532286999999993,0.12754499999999958,0.25596830000000104,0.15044479999999982,0.23173599999999794,0.25492100000000306,0.8784430000000008,0.5921299999999974,0.24284000000000106,0.41671699999999845,0.31651199999999946,0.9179042000000006,0.4768410000000074,0.6215720000000005,0.15014000000000038,0.30302199999999857
612,0.1338840000000019,0.32418999999999976,0.35531690000000005,0.18277699999999975,0.36174330000000054,0.20115870000000013,0.3102969999999985,0.3415019999999984,1.1407120000000006,0.7616099999999904,0.3301400000000001,0.5791639999999987,0.5751109999999997,1.2828096000000002,0.7254449999999935,0.8855970000000006,0.17733400000000188,0.3426949999999991
613,0.07983600000000024,0.18171800000000005,0.24683229999999945,0.11609900000000017,0.22807030000000061,0.14027220000000007,0.20368600000000114,0.24701000000000306,0.809432000000001,0.5489499999999907,0.23174000000000206,0.3937449999999991,0.3911580000000008,0.9264685000000004,0.4311839999999876,0.5862890000000007,0.14377800000000462,0.27061299999999733
614,0.07212800000000286,0.16478200000000065,0.22845279999999946,0.10730599999999946,0.21357230000000094,0.1308056999999998,0.2013290000000012,0.23415900000000534,0.7799669999999992,0.5264499999999828,0.2175100000000043,0.3734350000000006,0.3764789999999998,0.8123468000000003,0.34837799999999675,0.5236249999999991,0.13321700000000192,0.2734609999999975
615,0.08950000000000102,0.21929399999999966,0.25105790000000017,0.12862299999999927,0.25488730000000004,0.1514698000000001,0.22509600000000063,0.2555590000000052,0.8496859999999984,0.5734899999999925,0.2423700000000082,0.41868900000000053,0.36669399999999897,0.9839019000000002,0.49276199999999903,0.6519320000000022,0.15538200000000302,0.27960099999999954
616,0.10091800000000006,0.2384050000000002,0.2746409999999999,0.1408939999999994,0.28014330000000065,0.1636473999999999,0.2512119999999989,0.2770840000000021,0.9352449999999983,0.6394999999999982,0.27864999999999895,0.465050999999999,0.449422000000002,1.0843356999999996,0.5588920000000002,0.7038420000000016,0.16713299999999975,0.30017099999999886
617,0.1270220000000002,0.3151440000000001,0.34322359999999996,0.17347099999999926,0.34611130000000045,0.19134450000000003,0.293651999999998,0.3002439999999993,1.0460259999999977,0.6803899999999885,0.28481000000000734,0.5057639999999992,0.5159990000000008,1.1267363999999995,0.684939,0.8262220000000013,0.16809200000000146,0.321951999999996
618,0.12607200000000063,0.2937190000000012,0.33270599999999995,0.16629000000000005,0.3416003000000014,0.18709409999999993,0.32693199999999933,0.32723800000000125,1.089307999999999,0.7216299999999762,0.3199199999999962,0.5139859999999992,0.4292069999999981,1.1453407000000002,0.6615999999999929,0.7738429999999994,0.18604299999999796,0.36137899999999945
619,0.0811760000000028,0.21267100000000028,0.2316028000000001,0.11588199999999915,0.23066230000000054,0.13755849999999992,0.19822200000000123,0.21520500000000453,0.7495109999999983,0.4997899999999902,0.19580000000000553,0.3706630000000004,0.31943500000000213,0.7888693,0.47028099999999995,0.583871000000002,0.14323900000000123,0.26056799999999924
620,0.10320700000000116,0.23840900000000076,0.2920599999999993,0.14043099999999953,0.2746443000000003,0.1625413,0.24100699999999975,0.2712140000000005,0.906089999999999,0.6297899999999856,0.29274999999999807,0.5310729999999992,0.5331930000000007,1.1415648000000003,0.576948999999999,0.7352859999999986,0.1625969999999981,0.2788019999999989
621,0.09891700000000014,0.24277200000000043,0.27687999999999935,0.13696099999999944,0.2807713000000014,0.15817609999999993,0.261139,0.2572230000000033,0.9085859999999997,0.6055499999999938,0.26118999999999915,0.42959399999999803,0.34050900000000084,0.9300426000000002,0.5316359999999918,0.6412150000000025,0.1581550000000007,0.31161300000000125
622,0.10525100000000265,0.24685299999999977,0.2914121999999999,0.14350600000000036,0.2818333000000006,0.16427259999999988,0.2582129999999978,0.2692869999999985,0.9125340000000008,0.6392099999999914,0.30637000000000114,0.5584290000000003,0.5678829999999984,1.1552977999999996,0.6210139999999882,0.770706999999998,0.16956499999999863,0.2749650000000017
623,0.09191700000000225,0.21382299999999965,0.26448249999999973,0.13128599999999935,0.25945830000000036,0.1552528999999998,0.23609799999999836,0.2770240000000044,0.9440819999999981,0.6398799999999767,0.2553999999999945,0.43340200000000095,0.41702000000000083,0.9684983999999996,0.4639939999999996,0.6597159999999995,0.1566930000000042,0.3310029999999955
624,0.10033500000000117,0.24344699999999975,0.27908829999999973,0.14108500000000035,0.2845513000000004,0.16332700000000022,0.2653049999999979,0.2939569999999989,0.9956779999999981,0.667919999999981,0.26604000000000383,0.4331840000000007,0.3675139999999999,1.0142693999999999,0.49332199999999204,0.6875280000000004,0.16978399999999993,0.3434260000000009
625,0.07668900000000178,0.17419000000000118,0.22752889999999937,0.10938499999999962,0.21344330000000156,0.1335586000000002,0.19517000000000095,0.23807500000000203,0.8213879999999989,0.5746999999999787,0.22449000000000296,0.3741899999999987,0.33771600000000035,0.7810688000000008,0.4055319999999938,0.5601699999999994,0.135311999999999,0.29244399999999615
626,0.08909000000000233,0.20725999999999978,0.24181669999999933,0.12252099999999899,0.24529030000000063,0.14601160000000002,0.22865799999999936,0.2561290000000014,0.870432000000001,0.5873299999999801,0.2377299999999991,0.4189019999999992,0.3170080000000013,0.8918210000000002,0.4524380000000008,0.606103000000001,0.14721000000000117,0.30241900000000044
627,0.07416000000000267,0.17134800000000006,0.21370470000000008,0.10488900000000001,0.207733300000001,0.12830759999999986,0.18688399999999916,0.2182990000000018,0.7373820000000002,0.501499999999993,0.20046000000000674,0.3444369999999992,0.2732700000000001,0.7706477999999999,0.4057190000000048,0.5234890000000014,0.12976000000000454,0.2617130000000003
628,0.11476000000000042,0.2635310000000004,0.30088500000000007,0.15288099999999893,0.30268530000000027,0.17318480000000003,0.2719689999999986,0.2920530000000028,0.973039,0.6850299999999834,0.3191900000000061,0.5554819999999978,0.5714499999999987,1.1899882000000002,0.6486009999999993,0.7806110000000004,0.1765140000000045,0.2943789999999993
629,0.09524600000000305,0.21794900000000084,0.2602006999999995,0.1311169999999997,0.26505430000000096,0.15417989999999993,0.24698899999999924,0.2702200000000019,0.9171109999999985,0.6114699999999971,0.2542700000000053,0.4097389999999983,0.39181999999999917,0.9628038000000005,0.4540670000000091,0.6344640000000012,0.15355100000000022,0.3092970000000008
630,0.10703100000000276,0.24774600000000113,0.2901631999999994,0.14793199999999906,0.2967303000000001,0.17102769999999978,0.27062899999999956,0.3050630000000041,1.0289789999999996,0.6898799999999881,0.29488000000000625,0.47440500000000085,0.5192750000000004,1.1354479,0.5408489999999944,0.7141540000000006,0.17147100000000393,0.34071699999999794
631,0.10492600000000252,0.26685600000000065,0.29509639999999937,0.14678799999999903,0.2969613000000013,0.16676670000000016,0.26659099999999825,0.27799300000000216,0.9448799999999977,0.6313999999999851,0.2621900000000039,0.453244999999999,0.3685520000000011,0.9894132000000004,0.5651450000000011,0.6996809999999982,0.17329500000000309,0.31725000000000136
632,0.11948100000000039,0.29664600000000085,0.32496159999999996,0.16241799999999884,0.32718930000000057,0.18098379999999992,0.2857430000000001,0.2888969999999986,0.9989989999999977,0.6614500000000021,0.2746500000000083,0.49360599999999977,0.4389049999999983,1.0632277000000006,0.6519049999999993,0.7775160000000021,0.17769100000000293,0.3228469999999959
633,0.11366300000000251,0.2686630000000001,0.30090039999999973,0.14900300000000044,0.3034543000000003,0.16846510000000015,0.2811969999999988,0.25774700000000195,0.9077300000000008,0.6242199999999798,0.29170000000000584,0.46311700000000044,0.44354600000000133,1.0271358,0.6444440000000071,0.7097850000000001,0.16963799999999907,0.29429199999999867
634,0.05595000000000283,0.12031499999999973,0.2079740000000001,0.09067499999999917,0.16606630000000067,0.11264560000000001,0.15439399999999992,0.21052699999999902,0.7154740000000004,0.5142999999999915,0.20893999999999835,0.3434570000000008,0.3860659999999996,0.7527303000000001,0.3021439999999984,0.4626139999999985,0.1098789999999994,0.25244
635,0.10283700000000096,0.2574740000000002,0.28534229999999994,0.1422989999999995,0.28866230000000037,0.1631079999999998,0.2622800000000005,0.26867700000000383,0.9238759999999999,0.6200399999999888,0.26724000000000103,0.4531419999999997,0.374174,0.9896972000000002,0.5598300000000052,0.6811140000000009,0.17208899999999971,0.3127810000000011
636,0.1110129999999998,0.28474800000000045,0.30828789999999984,0.15277700000000038,0.3115893000000014,0.17245849999999985,0.28635699999999886,0.2795929999999984,0.9561080000000004,0.6432199999999852,0.28163000000000693,0.4704109999999986,0.41836100000000087,1.0213503,0.6349730000000022,0.7131820000000033,0.17276700000000034,0.3189300000000017
637,0.06707400000000163,0.14447999999999972,0.19006800000000013,0.09355500000000028,0.18323130000000099,0.11653439999999993,0.17310799999999915,0.20596000000000458,0.7206329999999994,0.5193199999999933,0.21102000000000487,0.3302589999999981,0.2467959999999998,0.6662388999999997,0.3672130000000067,0.47403300000000215,0.11737500000000267,0.2679759999999973
638,0.11509700000000223,0.287115,0.3098516999999994,0.15405299999999933,0.31251229999999985,0.1718810999999998,0.2927509999999991,0.25777800000000184,0.9102229999999984,0.6446100000000001,0.3029900000000083,0.4735669999999992,0.49671299999999974,1.0308896999999995,0.6804580000000016,0.7434009999999986,0.1716690000000014,0.277280999999995
639,0.09436700000000187,0.2332730000000005,0.26084709999999944,0.13208200000000048,0.26299030000000023,0.1535498999999998,0.23615200000000058,0.2479459999999989,0.8315029999999979,0.5773099999999829,0.2642100000000056,0.43210699999999846,0.4203840000000021,0.9849543000000001,0.5406480000000045,0.6789650000000016,0.1570600000000013,0.2687079999999966
640,0.0927490000000013,0.21156099999999967,0.2731167999999995,0.13102400000000003,0.2571853000000015,0.15403620000000018,0.22838399999999837,0.2593170000000029,0.8557190000000006,0.5957799999999907,0.2721599999999995,0.47452499999999986,0.4740709999999986,1.0637783,0.5340839999999929,0.6791389999999993,0.15329700000000201,0.27250000000000085
641,0.0927490000000013,0.21156099999999967,0.2731167999999995,0.13102400000000003,0.2571853000000015,0.15403620000000018,0.22838399999999837,0.2593170000000029,0.8557190000000006,0.5957799999999907,0.2721599999999995,0.47452499999999986,0.4740709999999986,1.0637783,0.5340839999999929,0.6791389999999993,0.15329700000000201,0.27250000000000085
642,0.0753060000000012,0.18090000000000117,0.21829829999999983,0.11102400000000046,0.22070830000000008,0.1344805,0.19861900000000077,0.22708300000000037,0.7625530000000005,0.5167299999999955,0.21931999999999618,0.36541599999999974,0.3020479999999992,0.8458793,0.42904900000000623,0.5597850000000015,0.1403490000000005,0.2664399999999958
643,0.11332200000000014,0.2550550000000005,0.2928555999999993,0.14913799999999888,0.29941430000000047,0.17094889999999996,0.2734230000000011,0.2935730000000021,0.9825729999999986,0.6731499999999926,0.2947099999999949,0.47380700000000076,0.4602550000000001,1.1196031,0.611068000000003,0.7263809999999999,0.1718010000000021,0.3156180000000006
644,0.11132700000000284,0.2493829999999999,0.2882403999999994,0.14632299999999887,0.2903783000000004,0.16868650000000018,0.259014999999998,0.29100400000000093,0.9834309999999995,0.667049999999989,0.28526000000000806,0.48026399999999825,0.4826519999999981,1.1260395,0.5590140000000048,0.7219429999999996,0.16637000000000057,0.3153509999999997
645,0.12449800000000266,0.29564000000000057,0.3334345000000001,0.1681519999999992,0.338477300000001,0.18744359999999993,0.29374500000000126,0.31705699999999837,1.0863820000000004,0.6983299999999986,0.2592599999999976,0.46577299999999866,0.4396589999999989,1.1236026,0.6051750000000027,0.7935780000000001,0.18439300000000003,0.350443999999996
646,0.1144280000000002,0.2581199999999999,0.30438540000000014,0.15311499999999967,0.300479300000001,0.17405360000000014,0.25706500000000077,0.29577799999999854,0.9927700000000002,0.6706299999999885,0.2900199999999984,0.5236370000000008,0.5385820000000017,1.1675991999999997,0.5968430000000069,0.7672879999999971,0.1782090000000025,0.30475399999999553
647,0.10075700000000154,0.238626,0.27198030000000006,0.1383169999999989,0.2772583000000015,0.16106100000000012,0.2500940000000007,0.2760420000000039,0.9197540000000011,0.6221599999999796,0.27080000000000837,0.4345649999999992,0.3862419999999993,1.0340309000000003,0.5374739999999889,0.6811059999999998,0.1625709999999998,0.30617300000000114
648,0.07594100000000026,0.21551299999999962,0.2294917999999999,0.11470100000000016,0.22631330000000105,0.13577530000000015,0.18645799999999824,0.21052099999999996,0.7427150000000005,0.4940199999999777,0.20350000000000534,0.32798000000000016,0.3080779999999983,0.7388269000000003,0.47054299999999216,0.5687739999999977,0.1393770000000032,0.25997999999999877
649,0.10593700000000084,0.25004000000000026,0.2833160999999995,0.14266800000000046,0.2894393000000015,0.1645888000000002,0.2693019999999997,0.2849199999999996,0.983115999999999,0.6568399999999883,0.2763999999999953,0.46266999999999925,0.3513219999999997,1.0302879000000003,0.5228850000000023,0.6930660000000017,0.16283200000000164,0.3367379999999969
650,0.07873100000000122,0.21781700000000015,0.25257729999999956,0.11884599999999956,0.22852730000000143,0.14317840000000004,0.20385200000000125,0.25350999999999857,0.902791999999998,0.6419999999999959,0.27546999999999855,0.37141300000000044,0.34248799999999946,0.7972543000000001,0.44180400000000475,0.6140760000000007,0.1401260000000022,0.3176679999999976
651,0.10961400000000054,0.2486290000000011,0.28591509999999953,0.14539800000000014,0.29025630000000113,0.16687770000000013,0.2595959999999984,0.28321400000000096,0.9563009999999998,0.6473199999999792,0.27325000000000443,0.45428799999999825,0.4170270000000009,1.0664851000000004,0.5585799999999921,0.7144049999999993,0.17078099999999807,0.30869200000000063
652,0.07097100000000012,0.15883499999999984,0.22652879999999964,0.10384299999999946,0.20496030000000154,0.1276784000000002,0.1912169999999982,0.23176600000000036,0.7588429999999988,0.5121000000000038,0.21022000000000673,0.36376399999999975,0.3715849999999996,0.8112978999999996,0.35121699999999123,0.513421000000001,0.12806700000000149,0.2627699999999962
653,0.07097100000000012,0.15883499999999984,0.22652879999999964,0.10384299999999946,0.20496030000000154,0.1276784000000002,0.1912169999999982,0.23176600000000036,0.7588429999999988,0.5121000000000038,0.21022000000000673,0.36376399999999975,0.3715849999999996,0.8112978999999996,0.35121699999999123,0.513421000000001,0.12806700000000149,0.2627699999999962
654,0.11543400000000048,0.279497000000001,0.3094411999999993,0.15718299999999985,0.31351430000000136,0.1766903000000002,0.2751470000000005,0.2871799999999993,0.968906999999998,0.6629299999999887,0.3010400000000004,0.500672999999999,0.5039070000000017,1.1158598,0.6511789999999991,0.7803659999999972,0.1730840000000029,0.3038090000000011
655,0.10620500000000277,0.247795,0.27980230000000006,0.14433900000000044,0.2865673000000015,0.1669404000000001,0.2549929999999989,0.2963020000000043,0.9765340000000009,0.6587600000000009,0.2780300000000011,0.47121800000000036,0.4585429999999988,1.1091106000000002,0.5385670000000005,0.7081949999999999,0.1723390000000009,0.31876199999999955
656,0.06203100000000106,0.14738700000000016,0.18608249999999948,0.09149799999999964,0.18473930000000038,0.11321029999999999,0.17650899999999936,0.18247399999999914,0.6510849999999984,0.44271999999998,0.18059999999999832,0.32755399999999923,0.22170600000000107,0.6315226000000003,0.3315470000000005,0.4434269999999998,0.11389700000000147,0.23889399999999483
657,0.10199200000000275,0.24838100000000018,0.2794881999999994,0.14072599999999902,0.28329230000000116,0.16214329999999988,0.25609700000000046,0.2625760000000028,0.9067939999999979,0.6148199999999804,0.2692700000000059,0.43470299999999895,0.40497900000000087,1.0110394999999999,0.5646300000000082,0.6991179999999986,0.16850800000000277,0.3030459999999948
658,0.07869600000000077,0.1899860000000011,0.22660279999999933,0.1149830000000005,0.2283173000000005,0.13827940000000005,0.2042970000000004,0.23836400000000424,0.7901279999999993,0.5342399999999827,0.21733000000000402,0.366657,0.3104810000000029,0.8547720999999999,0.43483500000000674,0.5690910000000002,0.1416189999999986,0.26921000000000106
659,0.12807300000000055,0.29663900000000076,0.3203225999999999,0.16344699999999968,0.3304773000000001,0.18554110000000001,0.305178999999999,0.32625700000000535,1.072659999999999,0.7325699999999813,0.3259299999999996,0.5179749999999999,0.5279830000000025,1.2257369999999996,0.6824320000000057,0.7833369999999995,0.18511399999999867,0.3442939999999979
660,0.13251800000000102,0.3183140000000009,0.3618309000000002,0.18181199999999897,0.37196229999999986,0.20146640000000016,0.35295599999999894,0.38752500000000367,1.2364609999999985,0.8160999999999774,0.344380000000001,0.5594660000000005,0.49029000000000167,1.2338405000000003,0.6653120000000001,0.8620270000000012,0.19043299999999874,0.41334399999999505
661,0.11756100000000202,0.2654160000000001,0.3010134999999998,0.15185600000000044,0.30769230000000114,0.17335220000000007,0.283808999999998,0.2911290000000051,0.9797580000000004,0.6702099999999973,0.2997699999999952,0.4645009999999985,0.4583390000000023,1.1193295,0.6385520000000042,0.7370420000000024,0.17512299999999925,0.3183599999999984
662,0.08771199999999979,0.1949500000000004,0.24926509999999968,0.12336999999999954,0.24329730000000005,0.14760660000000003,0.21847499999999798,0.25317000000000434,0.8559759999999983,0.5812399999999798,0.25515000000000043,0.4225679999999983,0.4060370000000013,0.9983239999999993,0.4608649999999983,0.6173830000000002,0.15484899999999868,0.29054699999999656
663,0.07297100000000256,0.19235899999999972,0.22324870000000008,0.11109399999999958,0.22387830000000086,0.13360400000000006,0.20534199999999814,0.21637700000000137,0.7632829999999977,0.5167500000000018,0.21081999999999823,0.3669060000000002,0.2748829999999991,0.7755932999999997,0.43563499999999067,0.5418280000000024,0.14048700000000025,0.2703859999999949
664,0.0709610000000005,0.17581600000000108,0.24539189999999955,0.1012240000000002,0.18725030000000054,0.12414309999999995,0.17419299999999893,0.23589300000000435,0.7844319999999989,0.5502400000000023,0.21734999999999616,0.4039660000000005,0.4986670000000011,0.8750549000000003,0.31314199999999914,0.500432,0.11937600000000259,0.26650300000000016
665,0.0709610000000005,0.17581600000000108,0.24539189999999955,0.1012240000000002,0.18725030000000054,0.12414309999999995,0.17419299999999893,0.23589300000000435,0.7844319999999989,0.5502400000000023,0.21734999999999616,0.4039660000000005,0.4986670000000011,0.8750549000000003,0.31314199999999914,0.500432,0.11937600000000259,0.26650300000000016
666,0.11813200000000279,0.30552500000000116,0.3305927999999998,0.1661210000000004,0.33850330000000106,0.1827097000000002,0.3369320000000009,0.2700269999999989,0.9987609999999982,0.7332899999999825,0.360439999999997,0.5599570000000007,0.6582659999999976,1.1499417000000003,0.737788000000009,0.7910460000000015,0.17459699999999856,0.272199999999998
667,0.08429700000000295,0.21411400000000036,0.24477249999999984,0.1221230000000002,0.24560730000000142,0.14495760000000013,0.23106899999999797,0.2514970000000005,0.8765450000000001,0.6047599999999989,0.2303799999999967,0.3940979999999996,0.2745100000000029,0.8246066000000001,0.4623370000000051,0.5978150000000007,0.1454209999999989,0.32127099999999587
668,0.1163550000000022,0.2780579999999997,0.30592249999999943,0.1547470000000004,0.31151830000000125,0.1726901999999999,0.29851599999999934,0.25990200000000385,0.9454209999999996,0.6743400000000008,0.33101000000000624,0.5552549999999989,0.5958030000000001,1.1300338000000005,0.702968999999996,0.787862999999998,0.16863100000000486,0.2678370000000001
669,0.1142200000000031,0.25373599999999996,0.2971779999999997,0.15106199999999959,0.3033783000000003,0.17267780000000021,0.27683199999999886,0.3005600000000044,1.001466999999998,0.6832399999999836,0.2935499999999962,0.46777999999999764,0.4774659999999997,1.1164264,0.6016140000000121,0.7359699999999982,0.1718620000000044,0.32106499999999727
670,0.06848000000000098,0.16265399999999985,0.19842519999999997,0.09828199999999931,0.19842329999999997,0.12087169999999992,0.185179999999999,0.19625900000000485,0.6918879999999987,0.46751999999997906,0.19145000000000323,0.33984399999999937,0.23412399999999778,0.6885716000000004,0.3721270000000061,0.4833929999999995,0.12221500000000418,0.2492820000000009
671,0.11979800000000296,0.27767300000000006,0.3114393,0.15707199999999943,0.31781330000000096,0.17804360000000008,0.29221000000000075,0.30565899999999857,1.0133410000000005,0.6906799999999862,0.3022500000000008,0.46996400000000094,0.45941900000000047,1.1325423999999993,0.6485440000000011,0.7621450000000003,0.18157899999999927,0.3256319999999988
672,0.1270660000000028,0.308955000000001,0.3457713999999994,0.17637500000000017,0.35340530000000037,0.1959582000000002,0.31233299999999886,0.3409650000000042,1.1289049999999996,0.7472899999999925,0.30987000000000364,0.5279649999999982,0.498428999999998,1.2431269999999994,0.6771279999999962,0.8502650000000003,0.18307000000000073,0.35702399999999557
673,0.1304360000000031,0.3162649999999996,0.3607603999999993,0.18083199999999877,0.3705873000000004,0.20071709999999987,0.3497610000000009,0.3832829999999987,1.198837000000001,0.790489999999977,0.3408500000000032,0.5525750000000009,0.4919060000000002,1.2241939000000004,0.6925410000000056,0.8364130000000003,0.1949639999999988,0.3947289999999981
674,0.002147000000000787,0.11480500000000049,0.1553287000000001,0.07404399999999889,0.14552930000000153,0.09385459999999979,0.13948900000000108,0.13638300000000214,0.5462969999999991,0.3801599999999894,0.14676000000000045,0.26855099999999865,0.19190600000000302,0.5140270999999998,0.2919740000000104,0.3458799999999975,0.0517680000000027,0.20528600000000097
675,0.0797370000000015,0.19549199999999978,0.2289943000000001,0.1156600000000001,0.2298473000000012,0.13892840000000017,0.2102499999999985,0.23895399999999967,0.8234549999999992,0.5616599999999892,0.21283999999999992,0.3897449999999978,0.2890259999999998,0.8139590999999999,0.4378910000000076,0.5750550000000025,0.14370300000000213,0.2935990000000004
676,0.11118700000000104,0.2871410000000001,0.3023237999999999,0.1525009999999991,0.30192330000000034,0.16918770000000016,0.2723039999999983,0.23190200000000516,0.887675999999999,0.5803099999999972,0.26359000000000776,0.5091509999999992,0.4908179999999973,0.9482711999999998,0.6283159999999981,0.7564840000000004,0.16742800000000102,0.23863000000000056
677,0.09061100000000266,0.23440000000000083,0.26978610000000014,0.13134699999999988,0.2586833000000013,0.15511579999999991,0.2327319999999986,0.2815220000000025,0.9417830000000009,0.6374199999999917,0.24952000000000396,0.4281019999999991,0.4571229999999993,0.9670737999999997,0.4448489999999907,0.653728000000001,0.1534109999999984,0.3216889999999992
678,0.1032970000000013,0.24927700000000108,0.2852705999999996,0.1443619999999992,0.28909430000000036,0.16575570000000006,0.25928299999999993,0.28885300000000314,0.9947279999999985,0.6647999999999854,0.2548400000000015,0.4399979999999992,0.39394300000000015,1.0169677999999998,0.49900000000000944,0.6991039999999984,0.17334600000000222,0.34035799999999483
679,0.1077740000000027,0.23550700000000013,0.2815744999999996,0.14446000000000048,0.2900683000000015,0.16765130000000017,0.2654430000000012,0.2988150000000047,1.0086849999999998,0.6751299999999958,0.28919000000000494,0.46608499999999964,0.5115090000000002,1.1057564000000006,0.5229659999999967,0.6962079999999986,0.16354000000000468,0.3359430000000003
680,0.10670100000000105,0.23586700000000071,0.29105559999999997,0.14495099999999894,0.29024230000000095,0.16859249999999992,0.2644510000000011,0.3040980000000033,1.0053020000000004,0.6759999999999877,0.2933299999999974,0.4811790000000009,0.5479410000000016,1.1320956000000004,0.5493429999999933,0.6963589999999975,0.1677350000000004,0.33245900000000006
681,0.11844300000000274,0.2870070000000009,0.3131275999999996,0.155818,0.3121632999999999,0.1785570999999999,0.2891319999999986,0.334850000000003,1.109455999999998,0.7402500000000032,0.3097700000000003,0.5106110000000008,0.582455000000003,1.1764826999999993,0.5388449999999949,0.754013999999998,0.1697640000000007,0.3656299999999959
682,0.1244259999999997,0.31713200000000086,0.3412221999999998,0.16989899999999913,0.3430453,0.1872809000000002,0.2976360000000007,0.28826500000000266,1.0085890000000006,0.6570799999999792,0.2782399999999967,0.5004419999999996,0.47727000000000075,1.0535456000000005,0.6903719999999964,0.7849249999999977,0.19026200000000415,0.32483799999999974
683,0.06174500000000194,0.14118100000000133,0.22311299999999967,0.09609299999999976,0.17611430000000006,0.1185988,0.15692100000000053,0.2203090000000003,0.7185619999999986,0.4967499999999916,0.18634000000000128,0.35532599999999803,0.41745599999999783,0.8028224000000002,0.35828200000000265,0.489846,0.11376299999999873,0.2488090000000014
684,0.1011640000000007,0.25986499999999957,0.2836257,0.14172999999999902,0.28394530000000096,0.16120499999999982,0.2536769999999997,0.2451599999999985,0.8578299999999999,0.5924499999999853,0.2711800000000011,0.44200000000000017,0.44508400000000137,0.9643489000000001,0.5937239999999946,0.7041700000000013,0.16578400000000215,0.26895700000000033
685,0.08527100000000232,0.22963500000000003,0.24806740000000005,0.1268229999999999,0.2466493000000014,0.14755779999999996,0.19949700000000092,0.2308489999999992,0.7811969999999988,0.49944999999999595,0.1953500000000048,0.4013239999999989,0.3708039999999997,0.8662599000000002,0.4920670000000058,0.6561430000000001,0.1480810000000048,0.25065099999999774
686,0.09286700000000181,0.23754100000000022,0.26628779999999974,0.13128099999999954,0.2680202999999999,0.15284180000000003,0.24610299999999796,0.2442490000000035,0.8542780000000008,0.5723699999999781,0.24586000000000752,0.4114350000000009,0.3391990000000007,0.9099777000000007,0.5209689999999938,0.6162789999999987,0.15272900000000078,0.2931349999999995
687,0.10266500000000178,0.23981299999999983,0.28058780000000016,0.1407430000000005,0.27729730000000075,0.16165450000000003,0.25108200000000025,0.2618240000000043,0.8924759999999985,0.625079999999997,0.2901999999999987,0.5150429999999986,0.5151770000000013,1.0927603000000001,0.5904369999999943,0.7382859999999987,0.16216000000000008,0.2706699999999955
688,0.10559600000000202,0.2620520000000006,0.2926339999999996,0.14421299999999881,0.2957433000000016,0.16454460000000015,0.27818900000000113,0.2584990000000005,0.8941449999999982,0.608319999999992,0.2795600000000036,0.45521300000000053,0.4164949999999976,1.0050577999999994,0.6305279999999982,0.675736999999998,0.17085099999999898,0.29381599999999963
689,0.0874970000000026,0.2232990000000008,0.2503563,0.12373599999999918,0.2508993000000004,0.1455928000000002,0.23056000000000054,0.23811500000000052,0.8412229999999994,0.567009999999982,0.22473999999999705,0.38419700000000034,0.2918110000000027,0.8370857999999997,0.47249700000000416,0.5935390000000034,0.14461000000000013,0.29601399999999956
690,0.0931829999999998,0.2391810000000003,0.2721254000000002,0.13123599999999946,0.2578213000000016,0.1557780000000002,0.23167799999999872,0.27952700000000164,0.9322920000000003,0.6290899999999908,0.26363000000000625,0.44842299999999824,0.48901599999999945,1.0415530000000004,0.4640330000000006,0.6533109999999986,0.15930200000000383,0.31461000000000183
691,0.0652070000000009,0.1414939999999998,0.1942143999999999,0.09412299999999973,0.18302629999999986,0.11727759999999998,0.16953499999999977,0.21010400000000118,0.6962790000000005,0.47794999999999277,0.18551000000000784,0.33073399999999964,0.30073400000000206,0.7130597999999999,0.3561370000000039,0.47151099999999957,0.1190339999999992,0.2519849999999977
692,0.1004940000000012,0.2456650000000007,0.2756042000000001,0.13802100000000017,0.2789143000000003,0.1589691000000002,0.2591169999999998,0.2421849999999992,0.8507019999999983,0.605419999999981,0.2906600000000026,0.4442819999999976,0.45485800000000154,1.029807,0.5934830000000062,0.6881750000000011,0.16237200000000485,0.2721159999999969
693,0.0858610000000013,0.21274100000000118,0.24024059999999992,0.1211549999999999,0.2436063000000015,0.14428390000000002,0.22126300000000043,0.23910000000000053,0.8041729999999987,0.5455800000000011,0.24214000000000624,0.38544800000000023,0.3397299999999994,0.9166371999999994,0.4786139999999932,0.6051090000000023,0.15277700000000038,0.273457999999998
694,0.08691400000000016,0.20295400000000008,0.26060579999999955,0.12421599999999877,0.24485830000000064,0.14845620000000004,0.21963599999999772,0.2542389999999983,0.8510080000000002,0.5812299999999766,0.25661999999999807,0.43348299999999895,0.42990300000000303,1.018389,0.4790050000000008,0.6222659999999998,0.15118300000000318,0.2779919999999976
695,0.07914600000000149,0.22229700000000108,0.23927919999999947,0.12188199999999938,0.23720730000000145,0.14239420000000003,0.20001399999999947,0.22600700000000273,0.7498179999999977,0.4938199999999995,0.21155000000000257,0.4049239999999976,0.37094100000000196,0.8641644000000008,0.48084599999999966,0.6394790000000015,0.14360200000000134,0.24029499999999615
696,0.08210600000000312,0.18747300000000067,0.2463318999999995,0.11871700000000018,0.23226230000000037,0.1431559,0.21099900000000105,0.2555329999999998,0.860398,0.5830399999999827,0.23547999999999547,0.4058349999999997,0.4251189999999987,0.9077554000000001,0.4191300000000098,0.5982560000000028,0.1451410000000024,0.2964319999999958
697,-9.9999e+98,0.1088110000000011,0.17361079999999962,0.08037099999999953,0.15007530000000102,0.10089669999999984,0.1408290000000001,0.1757040000000032,0.6146989999999981,0.43269999999998277,0.16617000000000814,0.3057719999999975,0.3061979999999984,0.6722828999999999,0.2973010000000045,0.38603399999999866,0.09726799999999969,0.22393900000000144
698,0.10279500000000041,0.244942,0.27859759999999945,0.14153400000000005,0.2821373000000005,0.1622262000000001,0.25811999999999813,0.26153100000000506,0.8875799999999998,0.630359999999996,0.2929600000000079,0.49571500000000057,0.5084719999999976,1.0824265000000004,0.6092589999999944,0.7338400000000007,0.16310800000000114,0.27330599999999805
699,0.12085200000000285,0.2967000000000013,0.32110269999999996,0.1623070000000002,0.32331530000000086,0.1785587999999998,0.3034409999999994,0.26210900000000237,0.975397000000001,0.6633499999999799,0.30886999999999887,0.5506759999999993,0.5395810000000019,1.0768950999999998,0.6455870000000061,0.8208009999999994,0.1743319999999997,0.2679979999999986
700,0.10429300000000197,0.2434770000000004,0.29535799999999934,0.14224499999999907,0.28462930000000064,0.16501140000000003,0.2684660000000001,0.3140640000000019,1.0286550000000005,0.6883699999999919,0.2842500000000001,0.47350399999999837,0.5436709999999998,1.0532186000000001,0.4531679999999909,0.6926950000000005,0.15899800000000397,0.34184199999999976
701,0.11259500000000244,0.2781350000000007,0.2993908999999997,0.15251400000000004,0.3028473000000016,0.17052049999999985,0.27141500000000107,0.24351899999999915,0.9016179999999991,0.6081499999999949,0.2897300000000058,0.5367859999999993,0.5173870000000029,1.0586260999999997,0.6500640000000004,0.7793680000000016,0.18412800000000118,0.2590450000000004
702,0.09117800000000287,0.23551300000000097,0.2705275999999994,0.12902399999999936,0.25163530000000023,0.15324079999999984,0.22222400000000064,0.26984600000000114,0.9042309999999993,0.6095200000000034,0.25280999999999665,0.44486200000000053,0.47496399999999994,1.0236438999999997,0.46622100000000444,0.6513999999999989,0.15382900000000177,0.3012170000000012
703,0.12127600000000172,0.3123649999999998,0.33428909999999945,0.16649400000000014,0.3343973000000009,0.1837863999999998,0.28583499999999873,0.2724900000000048,0.9850659999999998,0.6397499999999923,0.2641299999999944,0.4920310000000008,0.4688570000000034,1.0231335000000001,0.6685609999999969,0.7732269999999986,0.18607500000000243,0.3137129999999999
704,0.06375300000000195,0.14122000000000057,0.18997059999999966,0.09378899999999923,0.1791633000000008,0.11636040000000003,0.15936999999999912,0.20142799999999994,0.6765149999999984,0.4671599999999785,0.18372999999999706,0.314588999999998,0.28200999999999965,0.7041012000000002,0.3905280000000033,0.4892349999999972,0.11704699999999946,0.24024299999999954
705,0.1112370000000027,0.26662100000000066,0.2986903999999999,0.1473639999999996,0.3014163000000014,0.1672334000000002,0.2801860000000005,0.2703290000000038,0.9120269999999984,0.6200599999999952,0.2790300000000059,0.453519,0.41878899999999675,1.0103850999999997,0.6349040000000059,0.686281000000001,0.1719709999999992,0.30125699999999966
706,0.09844000000000008,0.23804300000000111,0.26742240000000006,0.13528200000000012,0.2714642999999999,0.15749540000000017,0.24814599999999842,0.25261700000000076,0.8640349999999977,0.6019000000000005,0.27709000000000117,0.43906899999999993,0.43329999999999913,1.0326892,0.5690000000000026,0.6793669999999992,0.15923899999999946,0.27915399999999835
707,0.07693300000000036,0.17836100000000066,0.22688889999999962,0.11288799999999988,0.22342230000000107,0.1369555,0.20266699999999815,0.23725400000000008,0.7999229999999997,0.5419699999999921,0.22463000000000477,0.3759699999999988,0.33509400000000156,0.8657927000000001,0.4156729999999982,0.5640029999999996,0.14028199999999913,0.27619299999999924
708,0.07401100000000227,0.18955000000000055,0.21475829999999974,0.10496499999999997,0.21292329999999993,0.12608530000000018,0.19333599999999862,0.1895720000000054,0.6631909999999976,0.4517400000000009,0.1947100000000006,0.3397509999999997,0.2894340000000035,0.7350864000000001,0.4302899999999994,0.5151959999999995,0.12629000000000445,0.2353340000000017
709,0.11289700000000025,0.27289400000000086,0.30182299999999973,0.15236099999999908,0.3090743000000007,0.17223860000000002,0.2968389999999985,0.26851299999999867,0.9399249999999988,0.6902199999999823,0.3385899999999964,0.5227389999999978,0.6091269999999973,1.1436593000000004,0.6864190000000008,0.7511320000000019,0.18330699999999922,0.2818490000000011
710,0.07777400000000156,0.23686000000000007,0.24301559999999967,0.12143200000000043,0.23824630000000013,0.13915480000000002,0.22077999999999776,0.18899499999999847,0.720281,0.47285999999999717,0.2085299999999961,0.40131099999999975,0.39070299999999847,0.7575652999999996,0.48293700000000683,0.6553490000000011,0.13661600000000362,0.20298400000000072
711,0.05666500000000241,0.12096200000000046,0.20431989999999978,0.09023499999999984,0.17091230000000124,0.11259050000000004,0.16024300000000125,0.2039529999999985,0.692533000000001,0.4839099999999803,0.1887700000000052,0.34967400000000026,0.360478999999998,0.7538827999999995,0.3007089999999977,0.4395270000000018,0.11148599999999931,0.24818099999999532
712,0.11523700000000048,0.26353700000000124,0.3008866999999995,0.15682699999999983,0.30924930000000117,0.17821189999999998,0.2543040000000012,0.2978769999999997,1.0107709999999983,0.6395100000000014,0.2505400000000009,0.4933960000000006,0.48997099999999705,1.1876391000000002,0.5883730000000043,0.7624950000000013,0.18214900000000256,0.31280499999999734
713,0.08861100000000022,0.2322450000000007,0.2533897999999999,0.12494599999999956,0.25251030000000085,0.14572459999999987,0.2287940000000006,0.2258120000000048,0.7795109999999994,0.531819999999982,0.2325400000000002,0.3906169999999989,0.3447759999999995,0.8701983000000002,0.5083839999999924,0.6153440000000003,0.14650199999999813,0.26009399999999516
714,0.11976399999999998,0.2881640000000001,0.31040889999999965,0.15836700000000015,0.31924230000000087,0.1802923999999999,0.29678699999999836,0.329457000000005,1.115946000000001,0.7444600000000037,0.30303999999999576,0.49022899999999936,0.4941090000000017,1.1608707000000003,0.5418360000000035,0.7611449999999991,0.17310700000000168,0.3723359999999971
715,0.06984900000000138,0.14715900000000026,0.1971967000000001,0.09556100000000001,0.1869683000000002,0.11872660000000002,0.1761519999999983,0.21045099999999906,0.728587000000001,0.516210000000001,0.20353000000000065,0.33649099999999876,0.27420899999999904,0.6973002999999993,0.359540999999993,0.48491399999999985,0.11875900000000428,0.2682969999999969
716,0.08065799999999967,0.2248000000000001,0.24499089999999946,0.12053500000000028,0.24544030000000028,0.1416390999999999,0.22612999999999772,0.21114000000000033,0.7434349999999981,0.5133999999999901,0.23769000000000062,0.4002789999999976,0.36450100000000063,0.8676683000000001,0.5149640000000062,0.5888220000000004,0.14448800000000261,0.2516379999999998
717,0.07421599999999984,0.16200599999999987,0.21360840000000003,0.10221999999999909,0.20167530000000156,0.12578479999999992,0.18575699999999884,0.21521600000000518,0.7372259999999997,0.5017299999999807,0.2007600000000025,0.34688500000000033,0.29646900000000187,0.7729759999999999,0.3874220000000008,0.513697999999998,0.1256479999999982,0.2604559999999978
718,0.085681000000001,0.19499400000000122,0.23394149999999936,0.1190490000000004,0.23674130000000027,0.14220850000000018,0.21400900000000078,0.24013899999999921,0.8208120000000001,0.5556399999999826,0.23014000000000578,0.41444199999999753,0.31465100000000135,0.8780295000000002,0.4630520000000047,0.598158999999999,0.15050000000000097,0.2865979999999979
719,0.13218300000000127,0.31278200000000034,0.35427490000000006,0.1781189999999988,0.3649753000000011,0.19878039999999997,0.35278299999999874,0.3544960000000046,1.1550939999999983,0.7693500000000029,0.34261000000000763,0.5618769999999991,0.5174500000000002,1.2195866000000004,0.7146620000000041,0.8201460000000012,0.20569499999999863,0.37115999999999616
720,0.01477400000000273,0.11945900000000087,0.17429249999999996,0.08255999999999908,0.15721130000000016,0.10414399999999979,0.14537199999999828,0.17988100000000173,0.6238089999999978,0.43881999999999266,0.172229999999999,0.2896819999999991,0.2619410000000002,0.6523240000000001,0.3289079999999984,0.41092700000000093,0.10218300000000369,0.22900800000000032
721,0.09526900000000182,0.24637799999999999,0.27199999999999935,0.1349859999999996,0.27127930000000156,0.1547019999999999,0.24232999999999905,0.23321500000000128,0.8108329999999988,0.5598299999999767,0.2548400000000015,0.41761299999999935,0.41672200000000004,0.9079084000000002,0.5679050000000103,0.6704030000000003,0.15475800000000106,0.2595529999999968
722,0.09221400000000202,0.21698899999999988,0.26102259999999955,0.13280099999999884,0.264368300000001,0.15641270000000018,0.24832899999999825,0.2853230000000053,0.9743269999999988,0.6643499999999847,0.25139000000000067,0.42595700000000036,0.37865200000000243,0.9321655,0.45335399999999026,0.6590329999999973,0.15717599999999976,0.3440820000000002
723,0.09072800000000214,0.20953800000000022,0.2654038999999999,0.12755299999999892,0.25100930000000155,0.1512983000000001,0.22465400000000102,0.25484300000000104,0.849658999999999,0.589429999999993,0.2671100000000024,0.45908899999999875,0.45887799999999856,1.0516272999999998,0.5157939999999996,0.6539329999999985,0.1518080000000026,0.2747359999999972
724,0.0688890000000022,0.15315299999999965,0.2101866999999995,0.09883099999999878,0.19401930000000078,0.12217060000000002,0.18293699999999902,0.21893599999999935,0.7373039999999982,0.5090699999999799,0.19435000000000002,0.3451909999999998,0.30048900000000245,0.7274813999999994,0.3545739999999995,0.49558899999999895,0.12342900000000157,0.26530299999999585
725,0.0726210000000016,0.17280599999999957,0.22444430000000004,0.10657199999999989,0.20796230000000016,0.1303228999999999,0.19557999999999964,0.2341160000000002,0.8209559999999989,0.5916199999999776,0.24084999999999468,0.37726599999999877,0.29828799999999944,0.7637230000000002,0.39469599999999616,0.5536260000000013,0.134408999999998,0.3021049999999974
726,0.0726210000000016,0.17280599999999957,0.22444430000000004,0.10657199999999989,0.20796230000000016,0.1303228999999999,0.19557999999999964,0.2341160000000002,0.8209559999999989,0.5916199999999776,0.24084999999999468,0.37726599999999877,0.29828799999999944,0.7637230000000002,0.39469599999999616,0.5536260000000013,0.134408999999998,0.3021049999999974
727,0.111931000000002,0.27373400000000103,0.2999894999999997,0.15101999999999904,0.3021913000000005,0.1692452000000002,0.2766929999999981,0.2578969999999998,0.9138400000000004,0.6352899999999977,0.2903699999999958,0.4938769999999977,0.5056280000000015,1.0478877000000004,0.6458960000000076,0.7609299999999983,0.17582099999999912,0.276295999999995
728,0.11351700000000164,0.2663039999999999,0.3060809999999998,0.15555999999999948,0.31454230000000116,0.17763630000000008,0.2892520000000012,0.31936300000000273,1.064464000000001,0.7111099999999908,0.30191000000000656,0.47327999999999903,0.4333310000000026,1.1300936999999998,0.576658000000009,0.7506599999999999,0.17362899999999826,0.36189600000000155
729,0.1019330000000025,0.2764730000000011,0.2940434999999999,0.14475000000000016,0.29456730000000064,0.1598339000000002,0.294118000000001,0.21963300000000174,0.8471440000000001,0.6058699999999817,0.28593000000000757,0.4569679999999998,0.47250700000000023,0.9309002,0.6434460000000115,0.7158050000000031,0.1537569999999988,0.22618999999999545
730,-9.9999e+98,-9.9999e+98,0.11128479999999996,0.02384900000000023,0.07403030000000044,0.05001010000000017,0.07031299999999874,0.0882000000000005,0.385628999999998,0.29734999999999445,0.12985000000000468,0.23391200000000012,0.2272299999999987,0.46363930000000053,0.1406679999999909,0.1820510000000013,2.5999999998305157e-05,0.15620399999999535
731,0.09250199999999964,0.2324149999999996,0.26501269999999977,0.13211300000000037,0.2618413000000004,0.15601580000000004,0.24415699999999774,0.2816529999999986,0.9671109999999992,0.656189999999981,0.2541999999999973,0.4325969999999977,0.42277599999999893,0.9509439999999998,0.4425680000000085,0.6554269999999995,0.15798200000000406,0.3354039999999969
732,0.06099200000000238,0.15042600000000128,0.18503829999999954,0.09106799999999993,0.1837333000000001,0.11304649999999983,0.17381899999999817,0.1824140000000014,0.6420679999999983,0.4351199999999835,0.1785899999999998,0.3174159999999979,0.2192319999999981,0.6465465999999997,0.3513799999999918,0.4478390000000019,0.11160600000000187,0.23657499999999487
733,0.013462000000000529,0.1238279999999996,0.16023989999999966,0.08067199999999985,0.1575652999999999,0.10214919999999994,0.14329799999999793,0.15821000000000396,0.5790439999999997,0.39862999999999715,0.16052000000000533,0.29827200000000076,0.22624700000000075,0.6047853000000005,0.3443149999999946,0.4007690000000004,0.10018099999999919,0.21545400000000114
734,0.12329900000000293,0.2864210000000007,0.33174359999999936,0.16640699999999953,0.33934130000000096,0.18670149999999985,0.32567900000000094,0.3418060000000054,1.1545400000000008,0.7651799999999866,0.31224000000000274,0.5162729999999982,0.4847639999999984,1.1286006999999998,0.5596850000000018,0.7982339999999972,0.17983600000000166,0.38832199999999517
735,0.11952400000000196,0.2837569999999996,0.31205969999999983,0.15797300000000014,0.3191853000000009,0.17501560000000005,0.3175559999999997,0.26241999999999877,0.9842389999999988,0.7119599999999764,0.35536000000000456,0.5873139999999992,0.6613550000000004,1.1664727,0.7037660000000017,0.8158610000000017,0.17022599999999954,0.26722999999999786
736,0.0771550000000012,0.16926400000000008,0.21830470000000002,0.107270999999999,0.2119163000000004,0.1311865000000001,0.19480000000000075,0.2303619999999995,0.7710240000000006,0.5231699999999933,0.2140100000000018,0.3657299999999992,0.32752299999999934,0.8273086000000003,0.3948039999999935,0.5358020000000003,0.1354299999999995,0.27197799999999717
737,0.1282020000000017,0.32298500000000097,0.3534069999999998,0.17818600000000018,0.3566463000000013,0.19555509999999998,0.3163720000000012,0.3140940000000043,1.0760210000000008,0.7303299999999808,0.3230300000000028,0.5276940000000003,0.5507249999999999,1.1652051000000005,0.7300290000000018,0.8524910000000006,0.16841200000000356,0.3274809999999988
738,0.09785700000000119,0.25731200000000065,0.2809967999999996,0.13950400000000052,0.28436030000000123,0.15703619999999985,0.27853199999999845,0.21806400000000536,0.8222859999999983,0.5908599999999922,0.29372000000000753,0.4729220000000005,0.4748039999999989,0.9641636,0.6271360000000072,0.7121870000000001,0.16052700000000186,0.2236429999999956
739,0.12212099999999992,0.27074700000000007,0.3006750999999994,0.15363799999999905,0.3070963000000013,0.17385150000000005,0.2765589999999989,0.28508500000000225,0.9615100000000005,0.6808800000000019,0.32419000000000153,0.5349450000000004,0.5564479999999996,1.1761553999999999,0.6674459999999982,0.7808449999999993,0.17645600000000172,0.2970100000000002
740,0.11192800000000247,0.26028300000000115,0.29547789999999985,0.1512689999999992,0.3054743000000002,0.1700400000000002,0.3040459999999996,0.2622130000000027,0.9682069999999996,0.7169199999999876,0.36092000000000724,0.5958930000000002,0.7078880000000005,1.2066527999999996,0.6789600000000036,0.7884029999999989,0.17089899999999858,0.2723620000000011
741,0.07782200000000117,0.18067600000000006,0.2252767999999996,0.11451499999999903,0.22798030000000047,0.1381958000000001,0.2128540000000001,0.2447700000000026,0.8267759999999988,0.5601299999999867,0.2222500000000025,0.37952999999999903,0.32063699999999784,0.8468225999999994,0.40927499999999384,0.5671950000000017,0.14133400000000051,0.29188299999999856
742,0.13029700000000233,0.31771100000000096,0.3358281999999999,0.17550499999999936,0.34448030000000074,0.19545570000000012,0.29190200000000033,0.33039099999999877,1.107727999999998,0.737259999999992,0.326989999999995,0.607403999999999,0.625945999999999,1.3218458999999996,0.7132260000000059,0.8616139999999994,0.17213900000000137,0.32312900000000155
743,0.09768200000000249,0.24517600000000073,0.2948100999999994,0.13742899999999914,0.26919930000000036,0.16171990000000003,0.24853900000000095,0.3049450000000036,1.0103799999999978,0.6802099999999882,0.28000000000000114,0.4807559999999995,0.578479999999999,1.0623221000000003,0.43981000000000847,0.6795959999999965,0.16235800000000467,0.3350280000000012
744,0.09979200000000077,0.24563700000000033,0.27520709999999937,0.1379830000000002,0.2773803000000008,0.15863050000000012,0.2533600000000007,0.2468720000000033,0.8502030000000005,0.5947599999999795,0.2782200000000046,0.43836299999999895,0.4430890000000005,0.9938639,0.5832630000000023,0.6936730000000004,0.15989100000000178,0.2733479999999986
745,0.12440899999999999,0.3056580000000011,0.3276651999999993,0.16747299999999932,0.3354133000000008,0.19020480000000006,0.3092649999999999,0.3852890000000002,1.184273000000001,0.7892799999999909,0.33110999999999535,0.5438200000000002,0.6345549999999989,1.2847095,0.5940690000000046,0.8025729999999989,0.18671900000000363,0.3872739999999979
746,0.015526000000001261,0.1284150000000004,0.16628159999999959,0.08056999999999981,0.16185130000000036,0.10144479999999989,0.15517099999999928,0.1462360000000018,0.5789450000000009,0.39838000000000306,0.15780999999999779,0.28795200000000065,0.19767000000000223,0.5618315000000003,0.31458700000000306,0.3804600000000029,0.09778400000000431,0.21732699999999738
747,0.14130700000000118,0.37470599999999976,0.3836383999999997,0.19110799999999983,0.3858263000000015,0.20608830000000022,0.32544499999999843,0.30345700000000164,1.0815379999999983,0.666419999999988,0.26045000000000584,0.5016449999999999,0.5369409999999988,1.0652138999999998,0.7915330000000012,0.8139010000000013,0.1693700000000007,0.3273809999999955
748,0.11999899999999997,0.2906469999999999,0.3195549,0.15954799999999913,0.3224423000000005,0.1787711999999999,0.28692200000000057,0.295613000000003,1.011367,0.6704900000000009,0.2726499999999987,0.48197700000000054,0.4015750000000011,1.0463167000000002,0.61341800000001,0.7589100000000002,0.17974300000000198,0.33507499999999624
749,0.1333599999999997,0.3343990000000012,0.3589403999999998,0.18117999999999945,0.36697930000000056,0.1984151999999999,0.3529449999999983,0.31348400000000254,1.0996260000000007,0.7958500000000015,0.37444999999999595,0.5794899999999998,0.6868969999999983,1.2185131999999994,0.8225000000000051,0.8585689999999992,0.16596799999999945,0.3159519999999958
750,0.0845950000000002,0.21169800000000016,0.2495718,0.12691099999999977,0.25508030000000126,0.1507208000000002,0.23327399999999798,0.26304700000000025,0.8859519999999996,0.5934799999999996,0.25203000000000486,0.406759000000001,0.4578620000000022,0.9631104000000006,0.447583999999992,0.6111709999999988,0.15218600000000038,0.29132200000000097
751,0.08338499999999982,0.22694599999999987,0.2665961000000001,0.12353399999999937,0.2388843000000005,0.14819249999999995,0.21672299999999822,0.27556700000000234,0.9234349999999978,0.6305899999999838,0.23678999999999917,0.42674200000000084,0.5095949999999974,0.9201988000000001,0.40616900000000555,0.6264590000000005,0.14555100000000465,0.3123859999999965
752,0.07359000000000293,0.16415300000000066,0.2148873,0.10389799999999916,0.20441330000000058,0.12765890000000013,0.1857559999999978,0.22473500000000257,0.7483839999999979,0.510579999999976,0.20225000000000648,0.3481729999999992,0.30054299999999756,0.7781889999999994,0.39440700000000106,0.5232160000000015,0.12785099999999971,0.26326999999999856
753,0.10295300000000296,0.25413200000000025,0.2801893,0.14146199999999887,0.28206030000000126,0.16216870000000005,0.24405699999999797,0.2597459999999998,0.8826329999999984,0.5930799999999863,0.25610000000000355,0.4401049999999991,0.4211419999999997,0.9932318999999996,0.5615650000000016,0.712731999999999,0.16293600000000197,0.2864930000000001
754,0.10202600000000217,0.2276530000000001,0.28223410000000015,0.14033099999999976,0.27982330000000033,0.16427829999999988,0.25412999999999997,0.2937700000000021,0.9793069999999986,0.6591099999999983,0.2858800000000059,0.4701570000000004,0.5227179999999976,1.106693,0.5171050000000008,0.6854990000000001,0.16229200000000077,0.3233069999999998
755,0.11027300000000295,0.25364500000000056,0.28435029999999983,0.14437399999999911,0.2894753000000012,0.1654331,0.26457399999999964,0.2704750000000047,0.9096399999999996,0.6405900000000031,0.3017600000000016,0.4800329999999988,0.4813930000000006,1.0919163000000003,0.6197459999999921,0.7279399999999967,0.16865700000000317,0.2856650000000016
756,0.09398700000000204,0.2378020000000003,0.2653927999999999,0.131672,0.2661933000000012,0.1529003000000002,0.23820500000000067,0.24517399999999867,0.8594869999999979,0.5743999999999971,0.23054000000000485,0.4086289999999977,0.3342869999999998,0.8896702999999997,0.5036460000000034,0.6311080000000011,0.15196300000000207,0.2953759999999974
757,0.10842500000000044,0.24239799999999967,0.2957112999999998,0.14874700000000018,0.29899630000000066,0.17161610000000005,0.27646999999999977,0.3100470000000044,1.0489499999999978,0.699150000000003,0.2949300000000079,0.48389999999999844,0.5618990000000004,1.1203838,0.5233450000000062,0.7149929999999998,0.1676350000000042,0.3419850000000011
758,0.07596600000000109,0.19780599999999993,0.22987169999999946,0.1151409999999995,0.23230530000000016,0.13838129999999982,0.2122729999999997,0.23218700000000325,0.7694779999999994,0.5208399999999926,0.22825000000000273,0.36067099999999996,0.31848299999999696,0.8720571000000001,0.4529289999999975,0.5621880000000026,0.14278300000000144,0.2562689999999961
759,0.12460900000000308,0.3120270000000005,0.33413109999999957,0.1707459999999994,0.3361093000000004,0.18865219999999994,0.27626300000000015,0.27926000000000073,0.9914810000000003,0.6145399999999768,0.25804000000000826,0.5193349999999981,0.5378090000000029,1.0787316000000002,0.6903919999999886,0.7929659999999998,0.18702499999999844,0.27254899999999793
760,0.12375100000000216,0.28954599999999964,0.32433729999999983,0.16342999999999996,0.32959530000000115,0.1835214999999999,0.2987560000000009,0.33260400000000345,1.105086,0.7360899999999901,0.2870800000000031,0.4740800000000007,0.3971800000000023,1.1244109,0.5646909999999963,0.7787790000000001,0.17878400000000028,0.37663099999999616
761,0.06285100000000199,0.1423330000000007,0.18114030000000003,0.08907199999999982,0.17811030000000017,0.11096649999999997,0.17008200000000073,0.18660100000000313,0.6567289999999986,0.4590999999999781,0.17355000000000587,0.3063629999999975,0.2180889999999991,0.6157361999999997,0.33879299999999546,0.44122099999999875,0.11066399999999987,0.2434820000000002
762,0.08933400000000091,0.20999400000000001,0.24772939999999988,0.1250959999999992,0.2526803000000015,0.14826380000000006,0.23468300000000042,0.2576140000000038,0.858981,0.5766999999999882,0.2531800000000004,0.4325189999999992,0.3389369999999978,0.9248076000000003,0.46567699999999945,0.6159740000000014,0.15197700000000225,0.29416499999999957
763,0.09902900000000159,0.251278000000001,0.2820657999999998,0.13973799999999947,0.28373430000000077,0.16046970000000016,0.26551900000000117,0.2763320000000036,0.9704169999999976,0.6574999999999989,0.24877999999999645,0.41932199999999753,0.28587699999999927,0.9109951000000001,0.4987239999999957,0.6633530000000007,0.16432199999999852,0.3465569999999971
764,0.092055000000002,0.23364000000000118,0.2653382999999998,0.13264500000000012,0.2655833000000012,0.15490840000000006,0.24019299999999788,0.27287199999999956,0.9425649999999983,0.6423599999999965,0.2495100000000008,0.3909129999999976,0.29479299999999853,0.8880996000000003,0.4788070000000033,0.6346799999999995,0.15721200000000124,0.3375440000000012
765,0.08094200000000029,0.2050800000000006,0.23417179999999949,0.11798499999999912,0.2357843000000006,0.14106430000000003,0.21674099999999896,0.2400440000000046,0.8320860000000003,0.5648599999999817,0.2214000000000027,0.39606999999999815,0.29441599999999823,0.8404899000000006,0.44765599999999495,0.5902570000000011,0.14339100000000116,0.2958950000000016
766,0.1089720000000014,0.2698090000000004,0.3068570999999993,0.15191800000000022,0.31173230000000096,0.1722861,0.2956329999999987,0.28801899999999847,1.0279500000000006,0.6814099999999996,0.27585999999999444,0.46065499999999915,0.3431430000000013,1.0062398000000004,0.5565349999999967,0.7090759999999996,0.17110699999999923,0.35618799999999595
767,0.12190600000000273,0.3020019999999999,0.32849720000000016,0.157038,0.3096153000000008,0.17985929999999994,0.27856099999999984,0.33205200000000445,1.0485389999999981,0.7353799999999922,0.34579000000000804,0.5905839999999998,0.6738129999999991,1.3173885000000007,0.6702020000000033,0.7932779999999973,0.18029200000000145,0.3268899999999988
768,0.10411300000000168,0.23086800000000096,0.2790273999999995,0.1409009999999995,0.278989300000001,0.16437560000000007,0.24999799999999794,0.2997410000000045,0.9763629999999992,0.6596799999999803,0.2756300000000067,0.462298999999998,0.48468400000000145,1.1003825999999997,0.507238000000001,0.6902439999999999,0.15924900000000264,0.32496799999999837
769,0.12274100000000132,0.3155840000000012,0.3437068999999999,0.1709429999999994,0.34777030000000053,0.18922570000000016,0.312932,0.3146600000000035,1.0670380000000002,0.7014899999999784,0.28696000000000765,0.5029369999999993,0.44065700000000163,1.0844894000000007,0.6700669999999889,0.7900029999999987,0.17688700000000068,0.3582929999999962
770,0.11175000000000068,0.2772059999999996,0.30304159999999936,0.15093500000000049,0.30573230000000073,0.16789630000000022,0.2972110000000008,0.24925700000000006,0.907553,0.6532100000000014,0.30955000000000155,0.49954800000000077,0.5386020000000009,1.0355768999999997,0.6830199999999991,0.7440630000000006,0.17245700000000141,0.25850799999999907
771,0.0996200000000016,0.2386790000000012,0.2744517999999996,0.13607000000000014,0.27836330000000054,0.15756309999999996,0.26038600000000045,0.2638950000000051,0.9200060000000008,0.6130100000000027,0.257559999999998,0.43139400000000094,0.3240620000000014,0.9462482000000003,0.5144699999999887,0.6429679999999998,0.15837100000000248,0.31760099999999625
772,0.09087600000000151,0.23847100000000054,0.2685399999999998,0.13279099999999922,0.2684583000000007,0.15419129999999992,0.2516829999999999,0.2762610000000052,0.9550750000000008,0.6615999999999929,0.2525100000000009,0.39447999999999794,0.2872079999999997,0.8291520000000006,0.4565809999999999,0.6273430000000033,0.1527019999999979,0.3437069999999949
773,0.1306200000000004,0.3239049999999999,0.34521960000000007,0.1773290000000003,0.35765830000000065,0.1991985999999999,0.3290939999999978,0.38823500000000166,1.1849719999999984,0.8004099999999994,0.3490100000000069,0.5662439999999975,0.6069219999999973,1.3271533,0.711309,0.8500569999999996,0.20751599999999826,0.37651699999999977
774,0.1306200000000004,0.3239049999999999,0.34521960000000007,0.1773290000000003,0.35765830000000065,0.1991985999999999,0.3290939999999978,0.38823500000000166,1.1849719999999984,0.8004099999999994,0.3490100000000069,0.5662439999999975,0.6069219999999973,1.3271533,0.711309,0.8500569999999996,0.20751599999999826,0.37651699999999977
775,0.1306200000000004,0.3239049999999999,0.34521960000000007,0.1773290000000003,0.35765830000000065,0.1991985999999999,0.3290939999999978,0.38823500000000166,1.1849719999999984,0.8004099999999994,0.3490100000000069,0.5662439999999975,0.6069219999999973,1.3271533,0.711309,0.8500569999999996,0.20751599999999826,0.37651699999999977
776,0.10282000000000124,0.24782300000000035,0.2784085999999997,0.13992200000000032,0.28226629999999986,0.16146070000000012,0.25694599999999923,0.2627080000000035,0.9020650000000003,0.6133899999999812,0.27042000000000144,0.4295170000000006,0.4062030000000014,1.0130340000000002,0.5680009999999953,0.6943459999999995,0.16737799999999936,0.30249200000000087
777,0.09606199999999987,0.25111400000000117,0.27580409999999933,0.13634500000000038,0.2762872999999999,0.15690209999999993,0.2478990000000003,0.25242500000000234,0.8905229999999982,0.5916899999999998,0.23290000000000077,0.4068359999999984,0.3357980000000005,0.8931905000000002,0.5106409999999926,0.6478599999999979,0.15879300000000285,0.30531399999999564
778,0.12130800000000264,0.2922180000000001,0.3217035999999993,0.1606709999999989,0.3272883000000011,0.1809145000000001,0.30132799999999804,0.30201999999999884,1.0187099999999987,0.686160000000001,0.30352999999999497,0.5037719999999979,0.44657399999999825,1.1139755000000005,0.6699020000000075,0.7592479999999995,0.17828599999999994,0.3397859999999966
779,0.09813000000000116,0.25207600000000063,0.27255830000000003,0.1375119999999992,0.2726703000000015,0.15673689999999985,0.24724799999999902,0.2453429999999983,0.834302000000001,0.5728799999999978,0.26228000000000407,0.4685389999999998,0.45732399999999984,0.9723923000000001,0.554355000000001,0.7200279999999992,0.161524,0.2545819999999992
780,0.05109500000000011,0.11506600000000056,0.19823389999999996,0.08488599999999913,0.16046329999999998,0.10653880000000004,0.15028099999999966,0.19029600000000357,0.6472030000000011,0.4513900000000035,0.1749200000000002,0.32498199999999855,0.34281199999999856,0.7188855999999992,0.28827900000000284,0.40664300000000253,0.10542600000000135,0.2299809999999951
781,0.05109500000000011,0.11506600000000056,0.19823389999999996,0.08488599999999913,0.16046329999999998,0.10653880000000004,0.15028099999999966,0.19029600000000357,0.6472030000000011,0.4513900000000035,0.1749200000000002,0.32498199999999855,0.34281199999999856,0.7188855999999992,0.28827900000000284,0.40664300000000253,0.10542600000000135,0.2299809999999951
782,0.09622900000000101,0.23104600000000097,0.2901764999999994,0.13568599999999975,0.26439829999999986,0.15896830000000017,0.231424999999998,0.2724370000000036,0.8986349999999987,0.6187999999999931,0.2809299999999979,0.5027039999999978,0.5298359999999995,1.1218357,0.5399419999999964,0.6950199999999995,0.15630800000000278,0.2780429999999967
783,-9.9999e+98,0.09408999999999956,0.15869920000000004,0.07011699999999976,0.13249530000000043,0.08921180000000017,0.12749099999999913,0.13747200000000248,0.5360259999999997,0.3784599999999898,0.1495699999999971,0.29000199999999765,0.28459199999999996,0.5902599000000004,0.23085999999999274,0.3122070000000008,0.05391800000000302,0.19778699999999816
784,0.10753700000000066,0.2662810000000011,0.3029602999999996,0.14584299999999928,0.28446330000000053,0.16854060000000004,0.2418699999999987,0.2868430000000046,0.955724,0.6478199999999958,0.28873000000000104,0.5301289999999987,0.5548119999999983,1.1743514,0.5788510000000002,0.7406009999999981,0.16882300000000328,0.297272999999997
785,0.10810999999999993,0.280678,0.29542939999999973,0.15163699999999913,0.2965093000000003,0.16898120000000016,0.2759229999999988,0.23980399999999946,0.9156130000000005,0.5836199999999963,0.27313999999999794,0.5167649999999995,0.582927999999999,1.0387151999999995,0.6320620000000048,0.7619199999999999,0.16459600000000307,0.22590999999999894
786,0.07488700000000037,0.19864899999999963,0.22557470000000013,0.11346200000000017,0.22612830000000095,0.1366212,0.21521200000000107,0.24418200000000212,0.864605000000001,0.6227799999999775,0.2567899999999952,0.3685629999999982,0.24197500000000005,0.7197419999999997,0.42387899999999945,0.5560079999999985,0.13678200000000373,0.32179
787,0.134641000000002,0.3330719999999996,0.35664559999999934,0.18310999999999922,0.3708062999999999,0.20488499999999998,0.34626599999999996,0.39546400000000403,1.2198259999999976,0.8233699999999828,0.3637300000000039,0.6064520000000009,0.6568469999999991,1.3433032999999996,0.7361599999999981,0.8602910000000001,0.21356000000000108,0.38345699999999994
788,0.12516800000000217,0.30099500000000035,0.3288636999999994,0.16707199999999922,0.33854130000000104,0.18855220000000017,0.31467899999999815,0.3165219999999991,1.0652989999999996,0.7464899999999943,0.3505399999999952,0.5400059999999982,0.5948969999999996,1.2298009000000008,0.7084319999999877,0.7965939999999989,0.19133000000000067,0.32988299999999526
789,0.11353500000000238,0.2625010000000003,0.29704779999999964,0.1495319999999989,0.3015453000000008,0.16943580000000003,0.2786989999999996,0.26402399999999915,0.9226309999999991,0.6515100000000018,0.308480000000003,0.4771769999999975,0.48927400000000176,1.0932181000000005,0.6463859999999926,0.741184999999998,0.17131499999999988,0.28926399999999575
790,0.12035499999999999,0.26231199999999966,0.30148319999999984,0.152747999999999,0.30788629999999984,0.1739052000000001,0.2813929999999978,0.2966910000000027,0.9852460000000001,0.6753799999999899,0.29936999999999614,0.47316299999999956,0.46028400000000147,1.1232379999999997,0.6341720000000066,0.7477370000000008,0.16741700000000037,0.3156359999999978
791,0.1241960000000013,0.2933280000000007,0.3264113999999996,0.16186199999999928,0.3318893000000003,0.1821318999999999,0.3178309999999982,0.2969050000000024,1.0120900000000006,0.6856499999999812,0.3065899999999999,0.4852279999999993,0.46521600000000163,1.1011227000000003,0.6700770000000063,0.7375079999999983,0.17974999999999852,0.32356800000000163
792,0.09443600000000174,0.2420030000000004,0.2665885000000001,0.13400000000000034,0.26594930000000083,0.1551575999999999,0.22296300000000002,0.25227999999999895,0.876065999999998,0.575099999999992,0.2045800000000071,0.39450899999999933,0.3541690000000024,0.8866794000000002,0.5094670000000008,0.6532850000000003,0.15539700000000067,0.29204599999999914
793,0.13115900000000025,0.3144170000000006,0.34950679999999945,0.1770959999999988,0.3598043000000004,0.19755689999999992,0.33506699999999867,0.33866199999999935,1.1174649999999993,0.7697900000000004,0.352170000000001,0.5409030000000001,0.5674790000000023,1.2616392000000003,0.7586819999999932,0.8431560000000005,0.19296599999999842,0.35495300000000185
794,0.09920699999999982,0.25065900000000063,0.2795001999999993,0.13991599999999949,0.28312630000000105,0.1616000999999998,0.2578819999999986,0.2720650000000049,0.9384669999999993,0.6297399999999982,0.2646699999999953,0.4448049999999988,0.3433829999999993,0.9959136000000006,0.5308759999999921,0.6704709999999992,0.1682440000000014,0.3202399999999983
795,0.07196599999999975,0.1650760000000009,0.21109400000000011,0.10182599999999908,0.20119230000000066,0.1252515999999999,0.18294699999999864,0.21798000000000428,0.728237,0.49711999999999534,0.1942200000000014,0.3357600000000005,0.26879200000000125,0.7457867,0.3947990000000061,0.5110510000000019,0.12588600000000127,0.25821899999999687
796,0.09750100000000117,0.23102200000000117,0.2696814999999999,0.13618799999999887,0.2741263000000007,0.15906449999999994,0.24957399999999907,0.27467800000000153,0.9288260000000008,0.6238599999999792,0.2620500000000021,0.415146,0.39442999999999984,1.0048190999999997,0.4996849999999995,0.6593790000000013,0.15872600000000148,0.3063360000000017
797,0.11292000000000257,0.28661400000000015,0.3147227999999993,0.15987699999999982,0.3225403,0.1766504000000002,0.3245299999999993,0.2670500000000047,1.0110579999999985,0.7327200000000005,0.3664100000000019,0.6070949999999975,0.695170000000001,1.1878324999999998,0.7605420000000009,0.8285780000000003,0.16906399999999877,0.2720500000000001
798,0.08793500000000165,0.21176200000000023,0.2405849,0.12194299999999991,0.2436083,0.14494119999999988,0.21887200000000107,0.242085000000003,0.8124369999999992,0.550690000000003,0.23982999999999777,0.392398,0.34128899999999973,0.9217173999999995,0.46862099999999884,0.614646999999998,0.15131500000000386,0.27732299999999555
799,0.11682800000000171,0.280323000000001,0.3144171,0.15555900000000022,0.3124013000000012,0.1789540999999999,0.2885859999999987,0.33058799999999877,1.0902069999999995,0.7275099999999952,0.3180799999999948,0.5389999999999979,0.6267569999999978,1.2157653999999996,0.5707079999999962,0.7420819999999999,0.16971800000000314,0.35769399999999507
800,0.09575500000000048,0.21311299999999989,0.2552694999999998,0.128876,0.2606793000000014,0.15183960000000019,0.24698000000000064,0.26208700000000107,0.8930450000000008,0.5967599999999891,0.2633200000000073,0.44003999999999976,0.3642290000000017,0.9452584000000002,0.46735900000000186,0.6384830000000008,0.15851400000000382,0.30765399999999943
801,0.07844000000000051,0.18227300000000035,0.24685319999999944,0.11242099999999944,0.21812930000000108,0.1369151999999998,0.20111999999999952,0.2528950000000023,0.8447379999999995,0.5809799999999825,0.22025999999999613,0.3884690000000006,0.41013200000000083,0.8430356000000003,0.3822449999999975,0.5680979999999991,0.13798500000000047,0.2894669999999948
802,0.10651200000000216,0.2645970000000002,0.2940944999999999,0.14794000000000018,0.29741830000000036,0.16817970000000004,0.26182700000000025,0.28549200000000496,0.9503090000000007,0.6286399999999901,0.2587000000000046,0.4728110000000001,0.38875799999999927,1.0240576,0.5628580000000056,0.723274,0.17413300000000476,0.31567299999999676
803,0.08096899999999962,0.1880190000000006,0.22981849999999948,0.11643999999999899,0.23120330000000067,0.14010409999999984,0.21743999999999986,0.25307700000000466,0.8730839999999986,0.6132399999999905,0.23865999999999588,0.3840219999999981,0.3049660000000003,0.7940770999999995,0.42547700000000077,0.5814500000000002,0.13796800000000076,0.3162269999999978
804,0.13901500000000055,0.33450700000000033,0.37339189999999967,0.1889219999999998,0.3856333000000003,0.2088432,0.3640039999999978,0.39153400000000005,1.2481629999999981,0.8279199999999776,0.3569300000000055,0.5970109999999984,0.5810079999999971,1.2940367000000004,0.7357230000000072,0.8690379999999998,0.19094400000000178,0.4007299999999958
805,0.1201439999999998,0.3030090000000012,0.3288549999999999,0.1662619999999997,0.3318463000000005,0.18434129999999982,0.2795260000000006,0.2736710000000002,0.982405,0.6346099999999808,0.2744200000000063,0.5303350000000009,0.5104450000000007,1.0829196999999997,0.6829689999999999,0.7974960000000024,0.17475600000000213,0.31064399999999637
806,0.1089480000000016,0.24769299999999994,0.29196319999999965,0.14432700000000054,0.2889893000000008,0.16595259999999978,0.27561099999999783,0.265506000000002,0.933133999999999,0.6886299999999892,0.3425799999999981,0.5772799999999982,0.6637810000000002,1.1972955,0.6756069999999994,0.7513480000000001,0.17034400000000005,0.2757530000000017
807,0.07805899999999966,0.21540599999999976,0.24206769999999977,0.11920299999999884,0.2439473000000003,0.14148149999999982,0.2274269999999987,0.22643899999999917,0.8054360000000003,0.5363799999999799,0.2262099999999947,0.3816539999999975,0.2747680000000017,0.8344459000000004,0.442190999999994,0.5627080000000007,0.14411300000000438,0.2787760000000006
808,0.09992300000000043,0.2295360000000013,0.2726026999999993,0.13658700000000046,0.27256430000000087,0.16008330000000015,0.24636899999999784,0.2768340000000009,0.928286,0.6289799999999843,0.27200000000000557,0.44454999999999956,0.4407759999999996,1.0578493,0.522593999999998,0.6765820000000033,0.16347900000000237,0.3038919999999976
809,0.07900800000000174,0.20350999999999964,0.2299983000000001,0.11525600000000047,0.23065630000000148,0.1381161999999998,0.20922999999999803,0.23548100000000005,0.8035229999999984,0.5450500000000034,0.21430999999999756,0.37968000000000046,0.2719479999999983,0.8152073,0.43983599999999967,0.5654290000000017,0.14350999999999914,0.2791129999999953
810,0.08491200000000276,0.18509200000000092,0.24546810000000008,0.11830699999999972,0.2337883000000005,0.1430302000000001,0.21097100000000069,0.25501300000000526,0.8301239999999979,0.5624499999999841,0.24944999999999595,0.41658199999999823,0.44123599999999996,0.9678344000000001,0.4414040000000057,0.583751000000003,0.14466600000000085,0.2762479999999954
811,0.07086600000000232,0.17650900000000114,0.21117540000000012,0.10415799999999997,0.21128329999999984,0.12646649999999982,0.20012999999999792,0.2132040000000046,0.7278629999999993,0.4914299999999798,0.2005100000000084,0.3505459999999978,0.24556600000000017,0.7294760999999994,0.39831199999999,0.5096909999999966,0.13149500000000103,0.2617119999999957
812,0.10823900000000108,0.2576660000000004,0.2917057999999999,0.14770299999999992,0.2963693000000003,0.1679775000000001,0.270783999999999,0.26360800000000495,0.9179899999999996,0.6450199999999882,0.30594000000000676,0.4836419999999997,0.48640499999999776,1.0974024999999994,0.6314150000000041,0.7454259999999984,0.17043900000000178,0.2883629999999968
813,0.10878200000000149,0.26193199999999983,0.29362209999999944,0.14632699999999943,0.29790030000000023,0.16715729999999995,0.27498800000000045,0.2694270000000003,0.9338169999999977,0.6322999999999865,0.2826199999999943,0.4635549999999995,0.40650200000000325,1.0314446000000004,0.6156900000000007,0.6964219999999983,0.16728700000000174,0.310766000000001
814,0.045576000000000505,0.1241810000000001,0.18492879999999978,0.08625799999999906,0.1680843000000003,0.10821270000000016,0.159164999999998,0.1898090000000039,0.6448719999999994,0.44498999999999,0.17510000000000048,0.31715499999999963,0.2966419999999985,0.664326,0.3008839999999964,0.417075999999998,0.10796200000000056,0.23184200000000033
815,0.10076800000000219,0.25356100000000126,0.29487349999999957,0.14085199999999887,0.2771933000000004,0.16476200000000008,0.25325499999999934,0.3059690000000046,1.015460000000001,0.6841799999999978,0.2839100000000059,0.47735899999999987,0.5249570000000006,1.0863287000000001,0.48796499999998844,0.7034149999999997,0.1645030000000034,0.34220099999999576
816,0.09798100000000076,0.25449200000000083,0.2767689999999998,0.13765099999999997,0.27648830000000046,0.15768359999999992,0.24352700000000027,0.24415400000000176,0.8365949999999991,0.5681599999999776,0.25288000000000466,0.4433310000000006,0.4030660000000026,0.9265784999999997,0.568004000000002,0.6812369999999994,0.15720400000000012,0.2722970000000018
817,0.017593000000001524,0.12157499999999999,0.1696036999999997,0.08207099999999912,0.1610453000000014,0.1035086999999999,0.15339900000000029,0.17429100000000375,0.6195899999999988,0.4327199999999891,0.16429999999999723,0.29746000000000095,0.2765270000000015,0.617928,0.2797790000000049,0.3942869999999985,0.0994620000000026,0.2243610000000018
818,0.07993100000000197,0.22097300000000075,0.2551323999999999,0.12002299999999977,0.2336493000000015,0.14461559999999984,0.21366099999999832,0.2564080000000004,0.8895169999999979,0.6075899999999876,0.23301000000000727,0.41086699999999965,0.4431689999999975,0.8820008999999995,0.41356300000001056,0.6065129999999996,0.1443830000000048,0.30859999999999843
819,0.1035470000000025,0.2578700000000005,0.28631209999999996,0.1424039999999991,0.2876713000000013,0.16215970000000013,0.2626950000000008,0.2512480000000039,0.8733800000000009,0.6012599999999964,0.2733000000000061,0.42765899999999846,0.4276110000000024,0.9799851000000004,0.5927719999999965,0.6998730000000002,0.16206400000000087,0.28496700000000175
820,0.12401700000000204,0.2892349999999997,0.3253211999999994,0.1668939999999992,0.33068330000000046,0.18648409999999993,0.28147500000000036,0.3144139999999993,1.0493260000000006,0.6948199999999929,0.295180000000002,0.5228149999999978,0.5069970000000019,1.1851767999999998,0.648649000000006,0.8192219999999999,0.1868729999999985,0.32611999999999597
821,0.014773000000001701,0.12030999999999992,0.1777116999999997,0.08254099999999909,0.15699830000000148,0.10394930000000002,0.14384700000000095,0.17640099999999848,0.6157940000000011,0.42860999999999194,0.15986999999999796,0.286878999999999,0.260783,0.6454901999999993,0.3313190000000077,0.41690200000000033,0.10182400000000058,0.22321499999999617
822,0.08278500000000122,0.2134090000000004,0.239522,0.11882100000000051,0.2413753000000014,0.14145019999999997,0.2211749999999988,0.2292670000000001,0.7964570000000002,0.5355099999999879,0.23078999999999894,0.3879829999999984,0.2947960000000016,0.8626145000000003,0.45609299999999564,0.5650189999999995,0.14654399999999868,0.2738769999999988
823,0.08246899999999968,0.18904400000000088,0.2497100999999997,0.11961099999999902,0.23454430000000137,0.14415520000000015,0.21109599999999773,0.25549600000000083,0.8526570000000007,0.5771599999999921,0.2437100000000072,0.410971,0.43643199999999993,0.9523843999999997,0.43061499999998887,0.5957100000000004,0.147980000000004,0.2875349999999983
824,0.105595000000001,0.2306860000000004,0.2908436999999999,0.14370899999999942,0.2867493000000003,0.16703100000000015,0.2649860000000004,0.30817400000000106,1.0240659999999977,0.6849699999999928,0.28986000000000445,0.4757979999999975,0.5137830000000001,1.0997743,0.49380799999998715,0.704775999999999,0.16529799999999994,0.3424580000000006
825,0.11620100000000022,0.28745300000000107,0.32478799999999985,0.16094099999999933,0.3271583000000007,0.1799344999999999,0.2994500000000002,0.3122460000000018,1.081202000000001,0.7227900000000034,0.26981999999999573,0.460564999999999,0.3458369999999995,1.0348821999999993,0.555064999999999,0.7519039999999997,0.1747840000000025,0.37440999999999747
826,-9.9999e+98,0.10125700000000037,0.17567280000000007,0.07637500000000053,0.14093230000000112,0.09645310000000018,0.1336529999999989,0.16279700000000474,0.6083609999999986,0.45426999999997975,0.18833000000000766,0.3037309999999991,0.2577539999999985,0.6370228000000004,0.26776999999999873,0.37578399999999945,0.09246300000000218,0.22739999999999583
827,0.0919319999999999,0.21438799999999958,0.25457149999999995,0.1261600000000005,0.25593730000000114,0.14784320000000006,0.24589699999999937,0.25555200000000156,0.897475,0.6131000000000029,0.24067999999999756,0.41811799999999977,0.2849610000000027,0.8403065999999999,0.41750600000000304,0.6161189999999976,0.1485490000000027,0.3233669999999975
828,0.08752000000000137,0.22098800000000018,0.25111870000000014,0.1257079999999995,0.253388300000001,0.14856179999999997,0.23081200000000024,0.2478529999999992,0.8601700000000001,0.5784199999999942,0.23722000000000776,0.3805599999999991,0.30489499999999836,0.8996817000000004,0.4643530000000027,0.5986090000000033,0.15088700000000443,0.29198399999999936
829,0.0784210000000023,0.18380300000000105,0.24362700000000004,0.11852599999999924,0.2364713000000016,0.14277380000000006,0.21700699999999884,0.2442789999999988,0.8408300000000004,0.5635099999999795,0.24267000000000394,0.4020659999999978,0.4517269999999982,0.9315163000000002,0.4075260000000043,0.570297,0.14586700000000263,0.2807689999999994
830,0.1205170000000031,0.3106290000000005,0.3301134999999995,0.16374399999999945,0.33291230000000027,0.1801444000000001,0.31514299999999906,0.26083500000000015,0.9436909999999976,0.6601199999999778,0.30799000000000376,0.490950999999999,0.5071769999999987,1.0231988000000003,0.7326290000000029,0.7655500000000011,0.17606400000000377,0.27007700000000057
831,0.0826279999999997,0.19091900000000095,0.23249349999999946,0.11817800000000034,0.23632030000000093,0.14186370000000004,0.21818899999999886,0.24703999999999837,0.8344369999999977,0.5619099999999833,0.2327900000000085,0.38501799999999875,0.32247500000000073,0.8821994000000002,0.4327609999999993,0.5824679999999987,0.14601600000000303,0.29267699999999763
832,0.07690000000000197,0.18190000000000062,0.2204195999999996,0.11164400000000008,0.22164230000000096,0.13510810000000006,0.20334399999999775,0.2336080000000038,0.7916509999999981,0.5382400000000018,0.21519000000000688,0.38695599999999786,0.2923000000000009,0.8112457000000006,0.43143600000000504,0.5620999999999974,0.14099399999999918,0.2815079999999952
833,0.07248000000000232,0.163354,0.2063183999999998,0.10299799999999948,0.20535730000000108,0.125753,0.19547099999999773,0.22169300000000192,0.7790530000000011,0.5604999999999905,0.22351000000000454,0.3528739999999999,0.25205700000000064,0.6689422,0.3701170000000076,0.512402999999999,0.12753400000000426,0.2867660000000001
834,0.11005100000000212,0.2698110000000007,0.29533269999999945,0.1519010000000005,0.3040643000000003,0.1744251000000001,0.27661099999999905,0.3200530000000015,1.0549789999999994,0.7081599999999924,0.2962399999999974,0.4771839999999976,0.47208399999999884,1.1433206,0.5486779999999953,0.7396010000000004,0.1752480000000034,0.3548550000000006
835,0.09176700000000082,0.21716200000000008,0.2507772999999993,0.12675799999999882,0.2551023000000008,0.1501760000000001,0.2322969999999991,0.25270400000000137,0.8565240000000003,0.5777099999999962,0.2521500000000003,0.39719200000000043,0.35441199999999995,0.9555028999999999,0.486149999999995,0.6179370000000013,0.15209000000000117,0.28532099999999616
836,0.08643800000000113,0.19015300000000046,0.24239049999999995,0.12197899999999962,0.24210129999999985,0.1461237999999998,0.2202850000000005,0.25916200000000345,0.8650769999999994,0.5827799999999854,0.24317000000000633,0.4014419999999994,0.4017360000000032,0.9399015000000004,0.43350800000000334,0.5985189999999996,0.14914399999999972,0.2950999999999979
837,0.12082600000000099,0.2901980000000002,0.31735239999999987,0.1615409999999997,0.32001930000000023,0.18026849999999994,0.26901499999999956,0.28156299999999845,0.9792379999999987,0.6383999999999901,0.27335000000000775,0.5013499999999986,0.5028359999999985,1.0987827000000001,0.6375689999999992,0.7935620000000014,0.1779679999999999,0.304908999999995
838,0.08355099999999993,0.21542800000000106,0.23631940000000018,0.1182439999999989,0.234713300000001,0.13923310000000022,0.20457799999999793,0.21831000000000245,0.7354060000000011,0.5029499999999985,0.22235999999999478,0.37689400000000006,0.3556790000000021,0.8450725000000006,0.46731499999999926,0.6102899999999991,0.13780100000000317,0.24398199999999548
839,0.0989760000000004,0.24241699999999966,0.2770608999999995,0.13821899999999943,0.2792343000000006,0.1597411000000002,0.261451000000001,0.2756730000000047,0.9794519999999984,0.6661900000000003,0.25146999999999764,0.42557199999999895,0.28674900000000036,0.9183848000000001,0.4855850000000004,0.6643260000000026,0.16033200000000392,0.3484470000000002
840,0.06893200000000022,0.15032599999999974,0.2159103,0.09985599999999906,0.1980473000000007,0.12320850000000005,0.18600499999999798,0.21920800000000185,0.7248960000000011,0.4884099999999876,0.20476999999999634,0.3526220000000002,0.3710640000000005,0.775747,0.33022100000000876,0.4886879999999998,0.12620700000000085,0.25292799999999716
841,0.10526100000000227,0.23878999999999984,0.28011240000000015,0.1429910000000003,0.28639930000000113,0.1655186999999998,0.2599969999999985,0.29583900000000085,0.9934440000000002,0.6680199999999843,0.27490000000000236,0.4470969999999994,0.40027200000000107,1.0590833999999996,0.5112729999999885,0.7006999999999977,0.16365400000000108,0.34226199999999807
842,0.09218400000000315,0.2239570000000004,0.2587244999999996,0.12961699999999965,0.25706430000000147,0.15258649999999996,0.23170199999999852,0.25243300000000346,0.8482579999999977,0.5886199999999917,0.26716000000000406,0.4462009999999985,0.4249200000000002,1.0251744,0.5293070000000029,0.6630429999999983,0.15147900000000192,0.27512399999999815
843,0.09218400000000315,0.2239570000000004,0.2587244999999996,0.12961699999999965,0.25706430000000147,0.15258649999999996,0.23170199999999852,0.25243300000000346,0.8482579999999977,0.5886199999999917,0.26716000000000406,0.4462009999999985,0.4249200000000002,1.0251744,0.5293070000000029,0.6630429999999983,0.15147900000000192,0.27512399999999815
844,0.07496800000000192,0.16292100000000076,0.23072819999999972,0.10649399999999964,0.20807730000000113,0.13067420000000007,0.1911789999999982,0.22873100000000335,0.7816410000000005,0.5321799999999826,0.21197000000000799,0.36844899999999825,0.3723189999999974,0.8170117000000001,0.38239599999999996,0.5364129999999996,0.12814399999999893,0.2736680000000007
845,0.11989100000000263,0.27832900000000116,0.30895079999999986,0.15682499999999955,0.3128133000000002,0.17611750000000015,0.2795570000000005,0.27813400000000144,0.9738739999999986,0.6776499999999999,0.3108299999999957,0.5149049999999988,0.5204019999999971,1.1267176,0.6611070000000012,0.7859410000000011,0.1783140000000003,0.30047700000000077
846,0.11312500000000014,0.27186800000000133,0.30289499999999947,0.15158199999999944,0.3066603000000008,0.17188930000000013,0.2769370000000002,0.290261000000001,0.9927539999999979,0.6638099999999838,0.2743300000000062,0.47199099999999916,0.3756370000000011,1.0382064,0.5744329999999991,0.7224420000000009,0.18054599999999965,0.3368899999999968
847,0.08705400000000196,0.19700500000000076,0.25190599999999996,0.12432899999999947,0.2470593000000001,0.1485862,0.22339099999999945,0.254285000000003,0.8687539999999991,0.5863300000000038,0.2511000000000081,0.41239699999999857,0.4183720000000015,0.9853844999999994,0.45078399999999874,0.6082390000000011,0.15095300000000123,0.28870399999999563
848,0.1306030000000007,0.31403900000000107,0.3484343000000001,0.17669899999999927,0.35530430000000024,0.19627410000000012,0.3176349999999992,0.3877039999999994,1.1956349999999993,0.7853700000000003,0.29564999999999486,0.5130809999999997,0.5080680000000015,1.2157154000000006,0.5950590000000062,0.8266799999999996,0.1823359999999994,0.38275099999999895
849,0.1003450000000008,0.24622100000000025,0.27850479999999944,0.1407980000000002,0.2807043,0.16375990000000007,0.2634030000000003,0.30749500000000296,1.0260919999999984,0.693349999999981,0.2699099999999959,0.453714999999999,0.44072900000000104,1.0072977000000005,0.4651129999999881,0.6880900000000025,0.16515799999999814,0.3542539999999974
850,0.12428500000000042,0.31549200000000077,0.34367699999999957,0.17484499999999947,0.3538723000000008,0.19114759999999986,0.3581479999999999,0.2902480000000054,1.095592,0.7988599999999906,0.3929899999999975,0.6296789999999994,0.7648279999999978,1.2887234000000003,0.7913929999999993,0.8496249999999996,0.1551770000000019,0.2891879999999958
851,0.0907650000000011,0.21365700000000132,0.24612259999999964,0.12405000000000044,0.2492833000000001,0.14731000000000005,0.22742099999999965,0.2525450000000049,0.8598329999999983,0.5797000000000025,0.24271000000000242,0.4105489999999996,0.3159029999999987,0.9096744999999995,0.46298699999999826,0.6054130000000022,0.14771499999999804,0.29670600000000036
852,0.11178600000000216,0.28227700000000056,0.3098136,0.15492099999999986,0.31104930000000053,0.17360359999999986,0.2755170000000007,0.2677890000000005,0.9402790000000003,0.6411399999999787,0.29003000000000156,0.46406100000000094,0.4667899999999996,1.0376289000000005,0.6398559999999947,0.7526730000000015,0.16983300000000412,0.2978379999999987
853,0.12376100000000179,0.294493000000001,0.3256851999999997,0.16203499999999948,0.32977729999999994,0.18127870000000001,0.30862199999999973,0.29231200000000257,0.9929999999999986,0.6911800000000028,0.31708000000000425,0.46599399999999847,0.4961270000000013,1.1073576000000003,0.6735579999999999,0.7584170000000015,0.1812359999999984,0.30790799999999763
854,0.07860600000000062,0.19353200000000115,0.22605519999999935,0.11342699999999972,0.22786730000000155,0.13634820000000003,0.20638800000000046,0.21962100000000362,0.7526589999999977,0.5113699999999994,0.2225999999999999,0.35981299999999905,0.316511000000002,0.8563498000000003,0.442608000000007,0.558961,0.13892900000000452,0.25602599999999853
855,0.10862300000000147,0.2685390000000005,0.2957827000000002,0.14880299999999913,0.29875130000000105,0.16675210000000007,0.28385399999999805,0.2538630000000026,0.9040739999999978,0.6383899999999869,0.3075500000000062,0.5180179999999979,0.537816000000003,1.0700020000000006,0.6567320000000052,0.7586529999999989,0.17825200000000052,0.2627120000000005
856,0.0933690000000027,0.21332300000000082,0.27037029999999973,0.13323699999999938,0.2631433000000012,0.1572499999999999,0.24456400000000045,0.2940719999999999,0.9788409999999992,0.663519999999977,0.25800999999999874,0.4394779999999976,0.4686559999999993,0.9664405,0.4368769999999955,0.6617139999999999,0.15709900000000232,0.336233
857,0.11474000000000117,0.2717850000000013,0.3104538999999997,0.155346999999999,0.3169163000000008,0.17657519999999982,0.2940269999999998,0.3099249999999998,1.0477500000000006,0.6961100000000044,0.2968500000000063,0.47591699999999904,0.4013929999999988,1.0700994000000001,0.5834810000000061,0.7283030000000004,0.16938400000000087,0.35248699999999644
858,-9.9999e+98,0.10584500000000041,0.1348135999999993,0.06455899999999914,0.12523630000000097,0.08361099999999988,0.11936199999999886,0.11225699999999961,0.48430799999999863,0.3418800000000033,0.12978999999999985,0.2397589999999994,0.18897899999999979,0.45991420000000005,0.2676850000000002,0.28537000000000035,0.05072299999999785,0.18422999999999945
859,0.12058800000000147,0.291995,0.31870059999999967,0.16336199999999934,0.3265293000000007,0.1846599000000002,0.29234699999999947,0.3381960000000035,1.0866039999999977,0.7317799999999863,0.3070900000000023,0.5065609999999978,0.5112860000000019,1.1995259000000003,0.6231760000000008,0.7952119999999994,0.18282500000000113,0.3492859999999993
860,0.12850500000000054,0.3164850000000001,0.33488209999999974,0.17245499999999936,0.3434803000000013,0.19223429999999997,0.31123699999999843,0.326547000000005,1.0968789999999977,0.7786999999999864,0.36026999999999987,0.5969039999999985,0.6539490000000008,1.284249,0.7434729999999945,0.8556069999999991,0.178249000000001,0.324109
861,0.09077600000000174,0.2191080000000003,0.25866849999999975,0.13220899999999958,0.26282229999999984,0.15578080000000005,0.2464189999999995,0.2852370000000022,0.9748739999999998,0.6689700000000016,0.24787000000000603,0.41947000000000045,0.371298000000003,0.9099472999999998,0.45518700000000933,0.6609550000000013,0.15855600000000436,0.3436049999999966
862,0.08955900000000128,0.21793000000000085,0.25554260000000006,0.12944099999999992,0.25874030000000126,0.1526995000000002,0.23886500000000055,0.26400200000000495,0.920421000000001,0.6218800000000044,0.24484999999999957,0.40833100000000044,0.3533749999999998,0.9258552,0.4591910000000041,0.6332579999999979,0.1536350000000013,0.32466199999999645
863,0.07177400000000134,0.16699100000000122,0.22100039999999943,0.10407999999999973,0.19859930000000148,0.12720019999999987,0.1705149999999982,0.22272500000000406,0.7632370000000002,0.5380600000000015,0.23129000000000133,0.3299059999999976,0.2645850000000003,0.7193888999999998,0.42119300000000237,0.5474010000000007,0.1259330000000034,0.27070799999999906
864,0.11328400000000016,0.2728420000000007,0.3106871,0.15428200000000025,0.31540430000000086,0.17465360000000008,0.29822099999999807,0.30476600000000076,1.0605449999999976,0.7064099999999769,0.27832999999999686,0.4583049999999993,0.3421219999999998,1.0327852999999996,0.5357979999999998,0.717611999999999,0.17564899999999994,0.37068800000000124
865,0.11617400000000089,0.2809020000000011,0.31984429999999975,0.15907999999999944,0.32227530000000115,0.17854940000000008,0.30251699999999815,0.3275160000000028,1.1288650000000011,0.772279999999995,0.277860000000004,0.44744599999999934,0.3715900000000012,0.9810604999999999,0.5169860000000028,0.7456420000000001,0.16759199999999908,0.3936440000000019
866,0.07033400000000256,0.15347000000000044,0.22707489999999986,0.10179100000000041,0.19966630000000052,0.1256181999999999,0.18367100000000036,0.22796300000000258,0.740988999999999,0.5003399999999942,0.21077999999999975,0.36291599999999846,0.3880069999999982,0.8067573000000001,0.3478510000000057,0.5046600000000012,0.125548000000002,0.25865399999999994
867,0.0686150000000012,0.17774,0.21468249999999944,0.1034790000000001,0.2121113000000001,0.12430049999999992,0.20500499999999988,0.20294000000000523,0.726502,0.49789999999998713,0.1935799999999972,0.33145700000000033,0.21981999999999857,0.6432443000000001,0.34416799999999625,0.4928430000000006,0.12773700000000332,0.26634999999999565
868,0.11773400000000223,0.2829650000000008,0.31276439999999983,0.1535599999999988,0.31713030000000053,0.17393210000000003,0.3103580000000008,0.27685800000000427,0.9682919999999982,0.642470000000003,0.2886000000000024,0.45799900000000093,0.4025339999999993,1.0261556999999994,0.6427059999999898,0.6957179999999994,0.17395499999999942,0.319977999999999
869,0.12082700000000202,0.2916350000000012,0.3193279999999996,0.1592140000000004,0.32300030000000035,0.17873360000000016,0.2943259999999981,0.29038500000000056,0.9960249999999995,0.6720299999999781,0.29089000000000453,0.4913279999999993,0.4359180000000009,1.0824290999999997,0.6566210000000012,0.7590939999999975,0.176403999999998,0.32785599999999704
870,0.07315900000000042,0.16645600000000016,0.2045148999999995,0.10226800000000047,0.20481130000000114,0.1251399000000002,0.19443899999999914,0.21300099999999844,0.7517379999999996,0.5216299999999876,0.1967300000000023,0.34905399999999887,0.2576910000000012,0.7117729000000006,0.3774920000000037,0.510942,0.12565400000000437,0.2757709999999989
871,0.10083600000000104,0.25305400000000056,0.27823249999999966,0.139837,0.28032330000000094,0.16089999999999982,0.24885799999999847,0.26731800000000305,0.8828859999999992,0.596369999999979,0.2600400000000036,0.4316689999999994,0.4075740000000003,0.9936791000000005,0.5558839999999918,0.7013049999999978,0.16445099999999968,0.2918820000000011
872,0.08429700000000295,0.2183849999999996,0.24292589999999947,0.12004400000000004,0.24213030000000124,0.14142089999999996,0.21696799999999783,0.2207870000000014,0.766766999999998,0.5175099999999873,0.21720999999999435,0.3875959999999985,0.3221430000000005,0.8388239999999998,0.48066300000000695,0.5914360000000016,0.14352600000000137,0.26456299999999544
873,0.10883500000000268,0.2403259999999996,0.2844232,0.1441169999999996,0.2919293000000014,0.16658889999999982,0.26906299999999916,0.2894250000000014,0.9885699999999993,0.6592199999999764,0.28300000000000125,0.45003799999999927,0.44773899999999855,1.0496505999999997,0.5339819999999946,0.6854169999999975,0.15990200000000243,0.3307099999999963
874,0.1210160000000009,0.3012050000000013,0.3246454999999999,0.16708700000000043,0.3285033000000013,0.1837301,0.3055570000000003,0.26656799999999947,1.0200320000000005,0.6706399999999917,0.30782000000000664,0.5881739999999986,0.6253050000000009,1.1921276,0.6892739999999975,0.8288549999999972,0.17414099999999877,0.253934000000001
875,0.07565100000000058,0.17581200000000052,0.2175349999999998,0.10702899999999893,0.2128723000000008,0.13049009999999983,0.19177999999999784,0.2153589999999994,0.7312960000000004,0.49626999999998134,0.21580000000000155,0.3549909999999983,0.3047059999999995,0.8327480000000005,0.41475100000000964,0.5383080000000007,0.13377499999999998,0.25423399999999674
876,0.11980700000000155,0.29216700000000095,0.3211117999999997,0.15738699999999994,0.3131723000000015,0.18129380000000017,0.28453400000000073,0.3430460000000011,1.1059669999999997,0.7437699999999836,0.3244899999999973,0.5470900000000007,0.6527770000000004,1.2722815,0.6056419999999889,0.7594500000000011,0.17613599999999963,0.3614609999999985
877,0.12640200000000235,0.2881239999999998,0.3225581999999996,0.1662549999999996,0.32851929999999996,0.18521870000000007,0.2910049999999984,0.3073750000000004,1.0305989999999987,0.7026899999999898,0.3238800000000026,0.5804209999999976,0.5932689999999994,1.2242805000000008,0.6974019999999967,0.8368509999999993,0.18471100000000007,0.3085219999999964
878,0.09541100000000213,0.20164000000000115,0.2598652999999995,0.13126899999999964,0.26312530000000045,0.15470620000000013,0.24802999999999997,0.28092399999999884,0.9422770000000007,0.6315099999999916,0.2613400000000041,0.43429499999999877,0.44832099999999997,0.9831968,0.42203500000000815,0.6453589999999991,0.15720000000000312,0.3216499999999982
879,0.11603700000000217,0.2873859999999997,0.31350750000000005,0.15779599999999938,0.3160843,0.1767441999999999,0.27147700000000086,0.28201800000000077,0.9643619999999977,0.6350599999999815,0.26851000000000624,0.5007850000000005,0.4584609999999998,1.0597919000000005,0.6334670000000102,0.7744849999999985,0.17924500000000165,0.31388099999999497
880,0.08437500000000142,0.20777300000000132,0.2385792999999996,0.12032499999999935,0.2419033000000006,0.14382200000000012,0.22003699999999782,0.2391410000000036,0.8209599999999995,0.5530200000000036,0.23810000000000286,0.37905800000000056,0.3292409999999997,0.9101462999999992,0.44835700000000145,0.5880710000000029,0.1490620000000007,0.27607799999999827
881,0.08569900000000175,0.20876800000000095,0.23970049999999965,0.12180399999999914,0.2431163000000005,0.14517930000000012,0.2189249999999987,0.24424300000000443,0.8241379999999978,0.5575299999999856,0.2389399999999995,0.38966999999999885,0.32641499999999724,0.9268685999999997,0.4615869999999944,0.6035669999999982,0.1515850000000043,0.28092300000000137
882,0.08279500000000084,0.20573900000000123,0.2408804999999994,0.12155899999999953,0.24519530000000067,0.14487950000000005,0.22862199999999788,0.24835600000000113,0.8527969999999989,0.5704199999999844,0.2398199999999946,0.3894850000000005,0.36062000000000083,0.8979502999999998,0.4226049999999901,0.5899789999999996,0.14667299999999983,0.28750199999999637
883,0.12525700000000128,0.2882049999999996,0.3246066000000001,0.16318500000000036,0.3333403000000015,0.18463150000000006,0.317498999999998,0.31046100000000365,1.0458849999999984,0.7075499999999977,0.3212299999999999,0.5052929999999982,0.48850200000000044,1.1657450999999996,0.6794820000000072,0.7626899999999992,0.18454200000000043,0.33848199999999906
884,0.10907000000000266,0.2679419999999997,0.29880199999999935,0.14998699999999943,0.3038533000000001,0.17080479999999998,0.2764169999999986,0.28918000000000177,0.9840589999999985,0.6600299999999777,0.2836099999999959,0.4783799999999978,0.39025700000000185,1.0492666000000002,0.5869,0.723154000000001,0.1759970000000024,0.33478999999999814
885,0.08775600000000239,0.21476900000000043,0.24986769999999936,0.12058899999999895,0.2357863000000009,0.1449269000000002,0.21297699999999864,0.2535260000000008,0.870632999999998,0.5914899999999932,0.23775999999999442,0.41196199999999905,0.4153979999999997,0.9189385999999997,0.43290199999999857,0.6102440000000016,0.1496619999999993,0.3005799999999965
886,0.09777500000000217,0.2470390000000009,0.2727770999999999,0.13614999999999888,0.27394730000000145,0.15685629999999984,0.246734,0.24871000000000265,0.8446849999999984,0.5761899999999969,0.259680000000003,0.41800699999999935,0.40403399999999934,0.9473677,0.5547090000000026,0.6783979999999978,0.1559349999999995,0.2794499999999971
887,0.09527399999999986,0.22783900000000123,0.26357699999999973,0.134328,0.26842330000000025,0.15752699999999997,0.24466699999999975,0.2680819999999997,0.939195999999999,0.6323099999999897,0.25726000000000226,0.42573499999999953,0.3742040000000024,0.9887262999999997,0.49000999999999806,0.6633929999999992,0.1606310000000022,0.32638299999999987
888,0.09126300000000143,0.21497200000000127,0.25449819999999956,0.12701099999999954,0.2579773000000003,0.14962980000000003,0.24455400000000083,0.25478999999999985,0.8890139999999995,0.5925599999999918,0.2472099999999955,0.41643099999999933,0.3464209999999994,0.9079418000000006,0.435758000000007,0.6100689999999993,0.15023700000000417,0.3056839999999994
889,0.12419099999999972,0.2902339999999999,0.3213431,0.1647660000000002,0.32611330000000116,0.18333500000000003,0.28763000000000005,0.29048099999999977,1.0048439999999985,0.6780299999999784,0.31208999999999776,0.5585629999999995,0.566784000000002,1.1716813000000004,0.690363000000005,0.8232970000000002,0.17551300000000225,0.30020700000000033
890,0.09175200000000316,0.23644200000000026,0.2796449000000001,0.1297549999999994,0.2535683000000013,0.15424460000000018,0.22631600000000063,0.27300800000000436,0.8959899999999976,0.6121399999999824,0.2675700000000063,0.47055899999999795,0.515544000000002,1.0905304999999998,0.5011369999999999,0.6566240000000008,0.15590100000000007,0.28887399999999985
891,0.0991490000000006,0.24708799999999975,0.27412879999999973,0.1357400000000002,0.274916300000001,0.1565789999999998,0.24898199999999804,0.24819400000000513,0.8592240000000011,0.5799199999999871,0.2523300000000006,0.427109999999999,0.36458800000000124,0.9394624,0.5468440000000072,0.6607820000000011,0.15749100000000027,0.28969699999999676
892,0.0991490000000006,0.24708799999999975,0.27412879999999973,0.1357400000000002,0.274916300000001,0.1565789999999998,0.24898199999999804,0.24819400000000513,0.8592240000000011,0.5799199999999871,0.2523300000000006,0.427109999999999,0.36458800000000124,0.9394624,0.5468440000000072,0.6607820000000011,0.15749100000000027,0.28969699999999676
893,0.10683600000000126,0.2439549999999997,0.29165569999999974,0.14681199999999883,0.29743530000000007,0.16827369999999986,0.2819889999999994,0.3038980000000038,1.0374409999999976,0.6934399999999812,0.27479999999999905,0.44651199999999847,0.38678799999999924,1.0418542999999998,0.48740399999999795,0.7087609999999991,0.17276199999999875,0.36216299999999535
894,0.09395400000000009,0.21752900000000075,0.27756769999999964,0.13189700000000038,0.2582063000000012,0.1556864,0.22839600000000004,0.27168900000000207,0.9002149999999993,0.6125999999999863,0.2623399999999947,0.46351800000000054,0.48873199999999883,1.0849425000000004,0.5027779999999922,0.6677370000000025,0.15669000000000466,0.2889380000000017
895,0.09401900000000296,0.2178210000000007,0.27722399999999947,0.13194099999999942,0.2591493000000007,0.1555949000000001,0.23009799999999814,0.27069200000000393,0.8891179999999999,0.6104299999999796,0.268180000000001,0.46767499999999984,0.48612699999999975,1.0824631999999994,0.5252890000000008,0.6710430000000009,0.15492900000000276,0.28546699999999703
896,0.10963000000000278,0.26652900000000024,0.2972979999999996,0.14898200000000017,0.30164230000000103,0.16971120000000006,0.2739919999999998,0.2883470000000017,0.9795850000000002,0.656800000000004,0.2787500000000023,0.47106099999999884,0.3774809999999995,1.0398953000000004,0.5747630000000044,0.7138179999999998,0.16830200000000417,0.33401500000000084
897,0.11059400000000252,0.2440850000000001,0.2874723999999995,0.1454349999999991,0.2947103000000002,0.1674707999999998,0.2761320000000005,0.2997970000000052,1.0118340000000003,0.6723599999999976,0.28356000000000847,0.4563479999999984,0.4507429999999992,1.0470667000000002,0.5136640000000057,0.7022820000000003,0.1632900000000035,0.33962100000000106
898,-9.9999e+98,0.10019400000000012,0.15825279999999964,0.06858899999999934,0.12336530000000145,0.08715299999999981,0.11736199999999997,0.13699100000000186,0.5278039999999997,0.3725599999999929,0.14347999999999672,0.2672479999999986,0.3032189999999986,0.5843863999999996,0.2286929999999927,0.2820459999999976,0.05053999999999803,0.19385299999999717
899,0.12256999999999962,0.29715999999999987,0.33508089999999946,0.16566300000000034,0.33692230000000123,0.18411,0.3089809999999993,0.32418499999999995,1.1187709999999988,0.7484000000000037,0.2720599999999962,0.46278999999999826,0.3599169999999994,1.0450743999999998,0.5481149999999957,0.7634909999999984,0.1683580000000049,0.38336400000000026
900,0.0932440000000021,0.2264949999999999,0.2549619999999999,0.12894299999999959,0.25908830000000016,0.15178920000000007,0.23625999999999792,0.24787800000000004,0.8367199999999997,0.5766500000000008,0.2607399999999984,0.41456799999999916,0.400897999999998,0.9771593999999997,0.5370559999999927,0.6441440000000007,0.15318599999999805,0.2736239999999981
901,0.08034300000000272,0.1970660000000013,0.23274689999999953,0.11876499999999979,0.2338673,0.14176780000000022,0.20435900000000018,0.23524900000000315,0.7984539999999996,0.5358499999999822,0.21653999999999485,0.38671899999999937,0.33132499999999965,0.8955418999999996,0.4555440000000033,0.6058540000000008,0.14683800000000247,0.2707160000000002
902,0.07992400000000188,0.2151980000000009,0.23553069999999998,0.12051899999999982,0.23549730000000046,0.1429119000000001,0.19460399999999822,0.23132500000000533,0.7982860000000009,0.525890000000004,0.20632000000000517,0.37846899999999906,0.34220499999999987,0.8548910999999997,0.48293499999999767,0.6145560000000003,0.14964499999999958,0.2743059999999957
903,0.0975040000000007,0.2339310000000001,0.26862549999999974,0.1346229999999995,0.27357530000000096,0.15724349999999987,0.2514189999999985,0.2607929999999996,0.9014330000000008,0.6044100000000014,0.2663000000000011,0.4426880000000004,0.34691199999999967,0.9722871999999994,0.5301510000000036,0.6493900000000004,0.1573010000000039,0.30711900000000014
904,0.0975040000000007,0.2339310000000001,0.26862549999999974,0.1346229999999995,0.27357530000000096,0.15724349999999987,0.2514189999999985,0.2607929999999996,0.9014330000000008,0.6044100000000014,0.2663000000000011,0.4426880000000004,0.34691199999999967,0.9722871999999994,0.5301510000000036,0.6493900000000004,0.1573010000000039,0.30711900000000014
905,0.11910600000000215,0.29675399999999996,0.3242161000000001,0.1607699999999994,0.3277093000000004,0.18023999999999996,0.29985500000000087,0.2955269999999999,1.0180429999999987,0.679789999999997,0.290300000000002,0.4846170000000001,0.4192479999999996,1.0575058000000004,0.6488610000000108,0.7498660000000008,0.17660400000000465,0.34156600000000026
906,0.11910600000000215,0.29675399999999996,0.3242161000000001,0.1607699999999994,0.3277093000000004,0.18023999999999996,0.29985500000000087,0.2955269999999999,1.0180429999999987,0.679789999999997,0.290300000000002,0.4846170000000001,0.4192479999999996,1.0575058000000004,0.6488610000000108,0.7498660000000008,0.17660400000000465,0.34156600000000026
907,0.06609100000000012,0.1488820000000004,0.2101071999999995,0.0961230000000004,0.18277330000000092,0.11913630000000008,0.16429000000000116,0.21444200000000535,0.7270119999999984,0.5164000000000044,0.21715000000000373,0.3276459999999979,0.26820299999999975,0.6881741000000003,0.38176599999999894,0.500511999999997,0.11783700000000152,0.2617210000000014
908,0.07289200000000307,0.17204599999999992,0.2187367999999994,0.10818499999999887,0.2168283000000013,0.13118890000000016,0.20572199999999796,0.23140000000000072,0.7806390000000007,0.5293700000000001,0.21612000000000364,0.38867600000000024,0.3079199999999993,0.7861178999999998,0.36602700000000254,0.5296230000000008,0.13421300000000258,0.2762299999999982
909,0.11386800000000008,0.2541220000000006,0.29045209999999955,0.1497219999999988,0.298312300000001,0.17182699999999995,0.26845499999999944,0.29796400000000034,0.988903999999998,0.6752699999999834,0.2986099999999965,0.49634599999999907,0.4841540000000002,1.1522478000000005,0.6102370000000121,0.7469900000000003,0.1708759999999998,0.31903799999999904
910,0.12820300000000273,0.31384900000000115,0.33215799999999973,0.1701820000000005,0.3438763000000016,0.1922495999999998,0.318642999999998,0.34655500000000217,1.1087339999999983,0.770070000000004,0.3568400000000054,0.5688700000000004,0.6092130000000004,1.2794280000000002,0.7183130000000091,0.8158940000000001,0.19768200000000036,0.34381299999999726
911,0.07920700000000025,0.18694699999999997,0.22749409999999948,0.11590900000000026,0.23006230000000016,0.13942670000000001,0.20872699999999966,0.23595999999999862,0.8190239999999989,0.5564799999999934,0.22513999999999612,0.40360899999999944,0.316241999999999,0.8577184999999998,0.4395110000000102,0.5819609999999997,0.14603199999999816,0.28730099999999936
912,0.09966500000000167,0.24433300000000102,0.2755383,0.1370389999999997,0.27938030000000147,0.15877600000000003,0.25725200000000115,0.26247800000000154,0.894482,0.6003999999999792,0.267470000000003,0.44132199999999955,0.3681410000000014,0.9714372000000004,0.5539959999999979,0.6504009999999987,0.16236800000000073,0.30226899999999546
913,0.10377400000000137,0.24573600000000084,0.2874533999999995,0.1441049999999997,0.29251130000000103,0.1655464000000002,0.27478599999999886,0.28625000000000256,1.0065500000000007,0.6739599999999939,0.2704300000000046,0.4577209999999994,0.33481100000000197,1.0136057000000003,0.5119240000000076,0.6928459999999994,0.16916700000000162,0.35260999999999854
914,0.07785400000000209,0.1720240000000004,0.22655379999999958,0.11138699999999879,0.2204972999999999,0.13493939999999993,0.20833400000000069,0.23854000000000042,0.8302709999999998,0.5789499999999919,0.22023000000000081,0.3937059999999981,0.3096129999999988,0.7779615,0.39592700000000036,0.5635119999999993,0.13821000000000083,0.29702599999999535
915,0.07603300000000246,0.17972699999999975,0.22148330000000005,0.11154900000000012,0.22278130000000118,0.13498339999999986,0.2089359999999978,0.23608200000000323,0.8133379999999981,0.5577099999999859,0.21162999999999954,0.3744419999999984,0.2796500000000002,0.7835663000000004,0.40744899999999973,0.5463160000000009,0.1399499999999989,0.2887059999999977
916,0.05886500000000083,0.1271880000000003,0.19852899999999973,0.09093899999999877,0.17246130000000015,0.11356419999999989,0.1589179999999999,0.20465899999999948,0.6795329999999993,0.4682200000000023,0.18143000000000598,0.32894500000000093,0.34957100000000096,0.7384423,0.33790399999999465,0.45627899999999855,0.1140010000000018,0.24215600000000137
917,0.0965270000000018,0.23130900000000132,0.2702593999999996,0.13641799999999904,0.27026830000000146,0.15937869999999998,0.24074699999999893,0.2721659999999986,0.9069019999999988,0.6185899999999833,0.26928999999999803,0.45579199999999886,0.43366200000000177,1.0633542,0.5360359999999957,0.6839890000000004,0.16062300000000107,0.29075299999999515
918,0.09971000000000174,0.26004200000000033,0.2776303999999996,0.14085399999999915,0.27778029999999987,0.1595936,0.2506990000000009,0.24019300000000499,0.8458089999999991,0.567859999999996,0.2581300000000084,0.4802180000000007,0.45230100000000206,0.9604986999999996,0.5779150000000044,0.7333469999999984,0.16557900000000103,0.24708400000000097
919,0.12223100000000287,0.29579999999999984,0.31852509999999956,0.16164099999999948,0.32500130000000027,0.1826964000000002,0.298489,0.3463339999999988,1.1341549999999998,0.7625099999999918,0.2957099999999997,0.4766629999999985,0.44967399999999813,1.1164565,0.5474909999999937,0.7757590000000008,0.17720400000000325,0.3900110000000012
920,0.08156400000000019,0.19588099999999997,0.23026459999999993,0.11724699999999899,0.23202630000000113,0.13956580000000018,0.20818399999999926,0.2272439999999989,0.7577010000000008,0.5260700000000043,0.2361800000000045,0.3962690000000002,0.36746199999999973,0.9191219000000004,0.46806499999999573,0.6116749999999982,0.14207799999999793,0.2502449999999996
921,0.08226200000000006,0.18704900000000002,0.23735269999999975,0.11619099999999882,0.22927730000000146,0.14020870000000007,0.21493500000000054,0.24834200000000095,0.8767910000000008,0.6176899999999819,0.24298000000000286,0.39073099999999883,0.32577300000000164,0.7917182999999999,0.42625400000000013,0.5859489999999994,0.14043500000000364,0.3224049999999963
922,0.1058380000000021,0.25710800000000056,0.2878512999999998,0.1425970000000003,0.28913030000000006,0.16267189999999987,0.2627999999999986,0.2670190000000048,0.9025229999999986,0.6087599999999895,0.2602600000000024,0.44212399999999974,0.37816899999999976,0.9734986000000001,0.5744770000000017,0.6849270000000018,0.16743600000000214,0.2994979999999998
923,0.12251400000000245,0.2951360000000012,0.3232587999999996,0.16486499999999893,0.3331753000000006,0.18703819999999993,0.30594699999999975,0.33609600000000484,1.107963999999999,0.7434399999999926,0.32170999999999594,0.516849999999998,0.5244119999999981,1.2245923999999997,0.6449029999999993,0.7881,0.18549600000000055,0.3611099999999965
924,0.11681700000000106,0.27712100000000106,0.3095971999999998,0.15251400000000004,0.31283630000000073,0.17214950000000018,0.2930969999999995,0.2625760000000028,0.9201809999999995,0.635579999999976,0.30084999999999695,0.46038700000000077,0.46296600000000154,1.0447861000000005,0.6606620000000021,0.6946319999999986,0.174551000000001,0.29300899999999785
925,0.07337700000000069,0.17130200000000073,0.23114489999999943,0.11081099999999999,0.22057530000000014,0.13470950000000004,0.2065739999999998,0.23813700000000182,0.8014510000000001,0.5385100000000023,0.22379000000000815,0.3799349999999997,0.3829679999999982,0.8475517999999997,0.3684379999999976,0.5420750000000005,0.1376460000000037,0.2765199999999979
926,0.08570500000000081,0.2193769999999997,0.24650179999999988,0.1246419999999997,0.2480203000000003,0.14711110000000005,0.21765200000000107,0.24920900000000046,0.8352319999999978,0.5564399999999807,0.21756000000000597,0.4050060000000002,0.3241669999999992,0.8857203,0.47125799999999174,0.6234430000000017,0.1514400000000009,0.28334199999999754
927,0.09624400000000222,0.23529900000000126,0.2683440999999993,0.1340450000000004,0.2726703000000015,0.15646130000000014,0.25082000000000093,0.26586000000000354,0.9015529999999998,0.6032799999999838,0.26072999999999524,0.4322160000000004,0.3303049999999992,0.9557199000000001,0.511486000000005,0.642277,0.1572360000000046,0.30650200000000183
928,0.08282200000000017,0.1996960000000012,0.2401345999999993,0.12095199999999906,0.23842530000000117,0.14443589999999995,0.21100999999999814,0.25132500000000135,0.8445819999999991,0.5696199999999862,0.2211900000000071,0.38779699999999906,0.3514589999999984,0.8918892999999999,0.4430160000000001,0.6037800000000004,0.14889300000000105,0.28560999999999837
929,0.08761400000000208,0.22633599999999987,0.2533788000000001,0.1255620000000004,0.24758230000000125,0.14968989999999982,0.2275279999999995,0.262590000000003,0.9102229999999984,0.6173799999999972,0.24250000000000682,0.41616699999999796,0.4007719999999999,0.9155679999999995,0.4400880000000029,0.6275880000000029,0.14965899999999976,0.3167720000000003
930,0.10718000000000316,0.2694919999999996,0.2996995,0.14685899999999918,0.2910843000000014,0.17049029999999998,0.2624159999999982,0.3124310000000037,1.021577999999998,0.690809999999999,0.2956000000000074,0.5009119999999996,0.5675640000000008,1.1758297000000004,0.5537860000000023,0.716623000000002,0.1695360000000008,0.33218699999999757
931,0.12549700000000286,0.2963470000000008,0.31129810000000013,0.16021899999999967,0.3231883,0.18350299999999997,0.29807399999999973,0.3349620000000044,1.0837199999999996,0.7313800000000015,0.3254400000000004,0.5354709999999976,0.587061000000002,1.2364346999999993,0.644165000000001,0.768971999999998,0.1812359999999984,0.34745900000000063
932,0.12340600000000279,0.28713100000000047,0.3231982999999996,0.1601140000000001,0.3292773000000011,0.1804405,0.310020999999999,0.3091500000000025,1.0574449999999977,0.6969799999999964,0.29442000000000235,0.47516299999999845,0.3757899999999985,1.066993,0.6133710000000008,0.7309969999999986,0.1747700000000023,0.3569959999999952
933,0.10253600000000063,0.23506400000000127,0.2776177999999998,0.1419049999999995,0.2839963000000001,0.1645764999999999,0.2597529999999999,0.2943989999999985,0.9981289999999987,0.6712699999999927,0.27281999999999584,0.44474599999999853,0.4099560000000011,1.0445653000000004,0.5056229999999999,0.7004969999999986,0.1658690000000007,0.342965999999997
934,0.07947700000000069,0.19178600000000046,0.22849070000000005,0.11604499999999973,0.23208530000000138,0.13980060000000005,0.21013599999999855,0.23946600000000018,0.7847739999999988,0.5326999999999771,0.23404000000000735,0.37806799999999896,0.325727999999998,0.8967127000000001,0.44690199999999436,0.5742639999999994,0.14486800000000244,0.26619699999999824
935,0.09695800000000077,0.25058500000000095,0.2805188999999997,0.1389649999999989,0.28271729999999984,0.15979840000000012,0.26177900000000065,0.26788799999999924,0.9464119999999987,0.6364799999999775,0.25142999999999915,0.42087399999999775,0.32110899999999987,0.9194608999999998,0.5199369999999988,0.658023,0.1618830000000031,0.3344949999999969
936,0.024981000000000364,0.12212200000000095,0.18879489999999954,0.08566899999999933,0.16604129999999984,0.10758270000000003,0.15625800000000112,0.1890550000000033,0.6340339999999998,0.43303000000000225,0.17596000000000345,0.31610099999999974,0.31248000000000076,0.6781325999999996,0.29950499999999636,0.41150499999999823,0.10672999999999888,0.22751900000000091
937,0.08238100000000159,0.19416600000000095,0.23419290000000004,0.11784499999999909,0.23179630000000095,0.14098860000000002,0.2029430000000012,0.23987800000000448,0.8053919999999977,0.541560000000004,0.21215000000000828,0.37754699999999985,0.3255359999999996,0.8759306000000002,0.44361299999999915,0.5931119999999979,0.1461049999999986,0.2699789999999993
938,0.1017860000000006,0.2658550000000002,0.2898548999999999,0.14472600000000035,0.2898513000000005,0.16395340000000003,0.2472999999999992,0.2568120000000036,0.9005860000000006,0.5923200000000008,0.23299000000000092,0.4379269999999984,0.3822660000000013,0.9543298,0.5555020000000042,0.7050720000000013,0.1652520000000024,0.29994399999999644
939,0.0960630000000009,0.2344810000000006,0.2618481999999993,0.13146399999999936,0.2656653000000002,0.15406619999999993,0.24374999999999858,0.2496849999999995,0.852488000000001,0.5828400000000045,0.26048000000000116,0.40782399999999797,0.3873250000000006,0.9738544999999998,0.5453839999999985,0.6496210000000033,0.153376999999999,0.27871199999999874
940,0.09468800000000144,0.23639100000000113,0.2707316999999998,0.1342389999999991,0.2737823000000006,0.15600069999999988,0.25622200000000106,0.2554850000000002,0.9137479999999982,0.6111899999999935,0.248509999999996,0.4179889999999986,0.3242769999999986,0.9183987999999994,0.5113440000000082,0.6379910000000031,0.15748299999999915,0.3191020000000009
941,0.10505000000000209,0.23926400000000037,0.2801941000000001,0.1407159999999994,0.2858463000000011,0.1627111000000001,0.2656659999999995,0.2814480000000046,0.9652659999999997,0.6436599999999828,0.27469000000000676,0.44752599999999987,0.3671749999999996,1.0085427000000005,0.5210419999999942,0.6763000000000012,0.16638400000000075,0.32807499999999834
942,0.091897000000003,0.2521570000000004,0.2730148999999997,0.13441800000000015,0.27493930000000155,0.1519452000000001,0.26942299999999975,0.19691600000000165,0.7798559999999988,0.5622099999999932,0.275030000000001,0.4334559999999996,0.43965999999999994,0.9084809000000007,0.5868760000000037,0.6696150000000003,0.15204200000000156,0.2163929999999965
943,0.11038100000000028,0.26326300000000025,0.2977444999999994,0.15279600000000038,0.30378930000000004,0.17362689999999992,0.25796199999999914,0.2920030000000011,1.0036829999999988,0.6475199999999859,0.2457600000000042,0.46176399999999873,0.4239059999999988,1.1151524000000004,0.5456210000000112,0.7450619999999972,0.17860999999999905,0.3228469999999959
944,0.0648040000000023,0.1419270000000008,0.1999575999999994,0.09306199999999976,0.17946230000000085,0.1158876000000002,0.16049500000000094,0.2037650000000042,0.6637850000000007,0.4535099999999943,0.18237000000000592,0.32091099999999884,0.30458300000000094,0.7404915999999995,0.3658889999999957,0.47710599999999914,0.11699399999999827,0.2337530000000001
945,0.11222400000000121,0.2529970000000006,0.2891969999999997,0.1464439999999989,0.29589029999999994,0.1683363,0.2708760000000012,0.28756100000000373,0.9593789999999984,0.6513399999999763,0.2899100000000061,0.45405799999999985,0.42723099999999903,1.0838767999999996,0.6019890000000032,0.7160139999999977,0.16392600000000357,0.3160469999999975
946,0.1145990000000019,0.2794939999999997,0.300478,0.15610899999999894,0.30390730000000055,0.1751958,0.2462459999999993,0.25059699999999907,0.9238289999999978,0.574639999999988,0.24653000000000702,0.5124269999999989,0.5172360000000005,1.0691097999999997,0.6131760000000099,0.7577190000000016,0.18693400000000082,0.2571799999999982
947,0.14460600000000312,0.34806200000000054,0.37998889999999985,0.19336200000000048,0.3924133000000012,0.21250670000000005,0.3661639999999977,0.39476300000000464,1.2325409999999977,0.8464199999999948,0.3806900000000013,0.6012839999999997,0.627443999999997,1.3419635999999997,0.8116619999999983,0.9031159999999971,0.1928440000000009,0.3826469999999986
948,0.14460600000000312,0.34806200000000054,0.37998889999999985,0.19336200000000048,0.3924133000000012,0.21250670000000005,0.3661639999999977,0.39476300000000464,1.2325409999999977,0.8464199999999948,0.3806900000000013,0.6012839999999997,0.627443999999997,1.3419635999999997,0.8116619999999983,0.9031159999999971,0.1928440000000009,0.3826469999999986
949,0.10600900000000024,0.25934400000000046,0.28744630000000004,0.146293,0.2890163000000001,0.16645969999999988,0.245632999999998,0.2731080000000006,0.9240719999999989,0.6154799999999909,0.2559100000000001,0.4563740000000003,0.43488100000000074,1.0348262000000004,0.5567939999999965,0.7328909999999986,0.16670799999999986,0.292037999999998
950,0.11556100000000313,0.2955269999999999,0.31324349999999956,0.15846799999999917,0.3151813000000008,0.17488400000000004,0.2937000000000012,0.2468860000000035,0.941044999999999,0.6283599999999865,0.2939800000000048,0.5385539999999978,0.5199539999999985,1.0201808999999997,0.6440529999999995,0.7985179999999978,0.17425000000000068,0.25005999999999773
951,0.10805700000000229,0.2718090000000011,0.2952703999999997,0.14870799999999917,0.2938803000000014,0.17138549999999997,0.2605009999999979,0.3045100000000005,1.0198199999999993,0.68553,0.2857500000000073,0.49243299999999834,0.5201010000000004,1.148403,0.5422519999999906,0.7277829999999987,0.17036099999999976,0.32986999999999966
952,0.11396400000000284,0.27989900000000034,0.3112276999999999,0.1541699999999988,0.31633829999999996,0.17453850000000015,0.29428199999999904,0.29144500000000306,1.016138999999999,0.6741600000000005,0.2835900000000038,0.46213499999999996,0.3736239999999995,1.0276497999999998,0.599380999999994,0.7109300000000012,0.17836799999999897,0.34731399999999724
953,0.0754530000000031,0.19054200000000066,0.22389879999999973,0.11114099999999993,0.22467229999999994,0.1338395000000001,0.20460999999999885,0.221028000000004,0.7470350000000003,0.5041899999999941,0.21689000000000647,0.37112199999999973,0.2851479999999995,0.8173120999999997,0.4336679999999973,0.5374850000000002,0.1394689999999983,0.26091900000000123
954,0.08495399999999975,0.20956100000000077,0.25336719999999957,0.1201150000000002,0.2356113000000004,0.1440956,0.22164199999999923,0.25799299999999903,0.8985430000000001,0.6162099999999953,0.2391499999999951,0.420458,0.43328200000000194,0.8810331000000007,0.38650499999999965,0.5992500000000014,0.14591000000000065,0.311399999999999
955,0.10408800000000085,0.2364050000000013,0.2708572,0.139227,0.2778613000000014,0.1623808000000002,0.2510019999999997,0.27439300000000344,0.9241299999999981,0.6312499999999943,0.28016999999999825,0.4577929999999988,0.4298099999999998,1.0771047999999999,0.5626120000000014,0.6979600000000019,0.1698470000000043,0.30095899999999887
956,0.12175900000000084,0.2863970000000009,0.32388059999999985,0.16346599999999967,0.3293013000000009,0.1835716999999999,0.29377099999999956,0.3179060000000007,1.0760199999999998,0.7127999999999872,0.28515000000000157,0.4761489999999995,0.40760799999999975,1.1171965000000004,0.5924729999999983,0.780698000000001,0.18042400000000214,0.36178999999999917
957,0.09362899999999996,0.2394090000000002,0.26345369999999946,0.13589699999999993,0.2592783000000001,0.1567601999999999,0.21047199999999933,0.24546300000000087,0.8397609999999993,0.5293299999999874,0.21535000000000082,0.4633830000000003,0.4102919999999983,0.9737035,0.4961899999999986,0.6964430000000021,0.15877400000000108,0.24310299999999785
958,0.08950300000000055,0.216704,0.2486807999999998,0.12473699999999965,0.2513393000000015,0.1477381000000002,0.23271799999999843,0.2512010000000018,0.8688730000000007,0.5854799999999898,0.23767999999999745,0.41387399999999985,0.2933520000000023,0.8897747999999996,0.47485799999999756,0.6140020000000028,0.1480680000000021,0.30424000000000007
959,0.08041900000000268,0.1826030000000003,0.22837269999999954,0.11676999999999893,0.23236530000000144,0.1405137999999999,0.21485699999999852,0.24257000000000062,0.8321579999999997,0.5623399999999776,0.23265000000000668,0.39091399999999865,0.34265000000000256,0.8848516000000002,0.42420300000000566,0.5842090000000013,0.14598000000000155,0.2900890000000018
960,0.09485500000000258,0.2566070000000007,0.27095629999999993,0.13758999999999943,0.27030129999999986,0.15655399999999986,0.23504399999999848,0.2202130000000011,0.8071699999999993,0.5299499999999853,0.23895000000000266,0.4816520000000004,0.451708,0.9077498999999998,0.5629499999999865,0.7137639999999976,0.16187200000000246,0.23961899999999758
961,0.06744700000000137,0.14445700000000095,0.1866449999999995,0.09303500000000042,0.18184130000000032,0.11596539999999989,0.170183999999999,0.20613200000000376,0.7045910000000006,0.4992199999999798,0.19830000000000325,0.3259539999999994,0.25793999999999784,0.6737076000000002,0.3652720000000045,0.47678100000000256,0.11740199999999845,0.26123299999999716
962,0.06370400000000132,0.13874999999999993,0.2189540000000001,0.09625899999999987,0.18348930000000152,0.11938709999999997,0.1673550000000006,0.2207819999999998,0.711589,0.48711000000000126,0.19822999999999524,0.350085,0.35987599999999986,0.7751020999999998,0.3534779999999955,0.4876119999999986,0.11928100000000086,0.2520600000000002
963,0.11811700000000158,0.28070600000000034,0.3058135000000002,0.15668299999999924,0.3157343000000008,0.17919220000000013,0.28906999999999883,0.32464999999999833,1.0733730000000001,0.7188099999999906,0.3094600000000014,0.4865940000000002,0.48693899999999957,1.169359,0.5932109999999966,0.7595279999999995,0.17332600000000298,0.35616699999999923
964,0.11811700000000158,0.28070600000000034,0.3058135000000002,0.15668299999999924,0.3157343000000008,0.17919220000000013,0.28906999999999883,0.32464999999999833,1.0733730000000001,0.7188099999999906,0.3094600000000014,0.4865940000000002,0.48693899999999957,1.169359,0.5932109999999966,0.7595279999999995,0.17332600000000298,0.35616699999999923
965,0.08867400000000103,0.24387800000000048,0.26374929999999974,0.1310450000000003,0.2625793000000005,0.15156590000000003,0.22409199999999885,0.23612200000000172,0.8352739999999983,0.5514399999999853,0.1975100000000083,0.37950099999999765,0.3379209999999979,0.8355382999999996,0.5052500000000038,0.6380410000000012,0.14770599999999945,0.2873729999999952
966,0.07771900000000187,0.19704800000000056,0.22949679999999972,0.11419800000000002,0.231682300000001,0.13697530000000002,0.21255099999999771,0.22395099999999957,0.7695529999999984,0.5183899999999824,0.22961000000000809,0.3848640000000003,0.2914299999999983,0.8409580999999999,0.43763400000000274,0.5511869999999988,0.14376500000000192,0.26576299999999975
967,0.11921099999999996,0.26894300000000015,0.30916929999999976,0.1604770000000002,0.31188329999999986,0.18111109999999986,0.25013999999999825,0.2942120000000017,1.001773,0.6341400000000021,0.2614099999999979,0.5537559999999999,0.5391429999999993,1.2083149000000004,0.6150619999999947,0.784552999999999,0.18630999999999887,0.2932209999999955
968,0.0895840000000021,0.21721500000000127,0.25412690000000016,0.12851899999999894,0.25791830000000004,0.15173250000000005,0.24167599999999823,0.26585000000000036,0.9148999999999994,0.6177699999999788,0.24662000000000717,0.43252499999999827,0.31078600000000023,0.9215175000000002,0.46591000000000804,0.6370199999999997,0.15277400000000085,0.3251909999999967
969,0.12405900000000258,0.3116160000000008,0.3444320999999997,0.1724899999999998,0.3483263000000001,0.1909361999999999,0.3025960000000012,0.32097000000000264,1.0979029999999987,0.707589999999982,0.25866999999999507,0.48606499999999997,0.4299249999999972,1.1069441000000007,0.6296719999999993,0.7986110000000011,0.17629699999999815,0.3539290000000008
970,0.12131800000000226,0.28791600000000095,0.31915599999999955,0.16240699999999997,0.3257992999999999,0.18232669999999995,0.29834400000000016,0.2936680000000038,1.0124959999999987,0.7121899999999926,0.3351899999999972,0.5362249999999982,0.5516760000000005,1.1954962999999994,0.6974790000000013,0.8063910000000014,0.1848460000000003,0.3132669999999962
971,0.12035499999999999,0.2911140000000003,0.3186694000000001,0.15633899999999912,0.3216203000000011,0.17565860000000022,0.3057729999999985,0.2731240000000028,0.9499499999999976,0.6429100000000005,0.29161999999999466,0.463792999999999,0.4328259999999986,1.0374669,0.6779999999999973,0.7016579999999983,0.18540699999999788,0.3072039999999987
