,Balikpapan height,Bontang height,Tandjoengbatoe height,Tarakan height,Tawau height,Semporna height,Bongao Island height,Zamboanga height,Pagadian height,General Santos height,Tahuna height,Manado height,Boroko height,Genluma height,Boeol height,Tolotoli height,Palu height
0,0.11313900000000032,0.30791400000000024,0.4313696,0.16536799999999907,0.29014830000000025,0.18481479999999983,0.19217300000000037,0.33359899999999953,1.0845079999999996,0.8445499999999981,0.30304999999999893,0.7395579999999988,0.9709719999999997,1.3573442,0.44428700000000276,0.6276860000000006,0.17072900000000146
0,0.11313900000000032,0.30791400000000024,0.4313696,0.16536799999999907,0.29014830000000025,0.18481479999999983,0.19217300000000037,0.33359899999999953,1.0845079999999996,0.8445499999999981,0.30304999999999893,0.7395579999999988,0.9709719999999997,1.3573442,0.44428700000000276,0.6276860000000006,0.17072900000000146
1,0.10195099999999968,0.25365700000000047,0.28560559999999935,0.14296199999999892,0.2900753000000016,0.16437599999999986,0.2686320000000002,0.28401600000000116,0.9821279999999994,0.6582499999999811,0.2676299999999969,0.44849800000000073,0.3337810000000019,0.9997161999999999,0.532117999999997,0.69041,0.17186500000000393
0,0.11313900000000032,0.30791400000000024,0.4313696,0.16536799999999907,0.29014830000000025,0.18481479999999983,0.19217300000000037,0.33359899999999953,1.0845079999999996,0.8445499999999981,0.30304999999999893,0.7395579999999988,0.9709719999999997,1.3573442,0.44428700000000276,0.6276860000000006,0.17072900000000146
1,0.10195099999999968,0.25365700000000047,0.28560559999999935,0.14296199999999892,0.2900753000000016,0.16437599999999986,0.2686320000000002,0.28401600000000116,0.9821279999999994,0.6582499999999811,0.2676299999999969,0.44849800000000073,0.3337810000000019,0.9997161999999999,0.532117999999997,0.69041,0.17186500000000393
2,0.12251600000000096,0.29277000000000086,0.3215570999999997,0.16225500000000004,0.32746530000000007,0.18221109999999996,0.30005099999999985,0.29873900000000475,1.0050619999999988,0.6991099999999904,0.3244800000000083,0.5009739999999994,0.5154129999999988,1.1605713,0.6920199999999994,0.7912350000000004,0.1824280000000016
0,0.11313900000000032,0.30791400000000024,0.4313696,0.16536799999999907,0.29014830000000025,0.18481479999999983,0.19217300000000037,0.33359899999999953,1.0845079999999996,0.8445499999999981,0.30304999999999893,0.7395579999999988,0.9709719999999997,1.3573442,0.44428700000000276,0.6276860000000006,0.17072900000000146
1,0.10195099999999968,0.25365700000000047,0.28560559999999935,0.14296199999999892,0.2900753000000016,0.16437599999999986,0.2686320000000002,0.28401600000000116,0.9821279999999994,0.6582499999999811,0.2676299999999969,0.44849800000000073,0.3337810000000019,0.9997161999999999,0.532117999999997,0.69041,0.17186500000000393
2,0.12251600000000096,0.29277000000000086,0.3215570999999997,0.16225500000000004,0.32746530000000007,0.18221109999999996,0.30005099999999985,0.29873900000000475,1.0050619999999988,0.6991099999999904,0.3244800000000083,0.5009739999999994,0.5154129999999988,1.1605713,0.6920199999999994,0.7912350000000004,0.1824280000000016
3,0.12251600000000096,0.29277000000000086,0.3215570999999997,0.16225500000000004,0.32746530000000007,0.18221109999999996,0.30005099999999985,0.29873900000000475,1.0050619999999988,0.6991099999999904,0.3244800000000083,0.5009739999999994,0.5154129999999988,1.1605713,0.6920199999999994,0.7912350000000004,0.1824280000000016
0,0.11313900000000032,0.30791400000000024,0.4313696,0.16536799999999907,0.29014830000000025,0.18481479999999983,0.19217300000000037,0.33359899999999953,1.0845079999999996,0.8445499999999981,0.30304999999999893,0.7395579999999988,0.9709719999999997,1.3573442,0.44428700000000276,0.6276860000000006,0.17072900000000146
1,0.10195099999999968,0.25365700000000047,0.28560559999999935,0.14296199999999892,0.2900753000000016,0.16437599999999986,0.2686320000000002,0.28401600000000116,0.9821279999999994,0.6582499999999811,0.2676299999999969,0.44849800000000073,0.3337810000000019,0.9997161999999999,0.532117999999997,0.69041,0.17186500000000393
2,0.12251600000000096,0.29277000000000086,0.3215570999999997,0.16225500000000004,0.32746530000000007,0.18221109999999996,0.30005099999999985,0.29873900000000475,1.0050619999999988,0.6991099999999904,0.3244800000000083,0.5009739999999994,0.5154129999999988,1.1605713,0.6920199999999994,0.7912350000000004,0.1824280000000016
3,0.12251600000000096,0.29277000000000086,0.3215570999999997,0.16225500000000004,0.32746530000000007,0.18221109999999996,0.30005099999999985,0.29873900000000475,1.0050619999999988,0.6991099999999904,0.3244800000000083,0.5009739999999994,0.5154129999999988,1.1605713,0.6920199999999994,0.7912350000000004,0.1824280000000016
4,0.11747100000000188,0.2778320000000001,0.30596529999999955,0.15378499999999917,0.3093653000000014,0.17081120000000016,0.29933300000000074,0.25937300000000363,0.9444750000000006,0.6762200000000007,0.32267000000000223,0.5343549999999979,0.5770140000000019,1.1002542000000002,0.6335699999999918,0.7843780000000002,0.16392100000000198
0,0.11313900000000032,0.30791400000000024,0.4313696,0.16536799999999907,0.29014830000000025,0.18481479999999983,0.19217300000000037,0.33359899999999953,1.0845079999999996,0.8445499999999981,0.30304999999999893,0.7395579999999988,0.9709719999999997,1.3573442,0.44428700000000276,0.6276860000000006,0.17072900000000146
1,0.10195099999999968,0.25365700000000047,0.28560559999999935,0.14296199999999892,0.2900753000000016,0.16437599999999986,0.2686320000000002,0.28401600000000116,0.9821279999999994,0.6582499999999811,0.2676299999999969,0.44849800000000073,0.3337810000000019,0.9997161999999999,0.532117999999997,0.69041,0.17186500000000393
2,0.12251600000000096,0.29277000000000086,0.3215570999999997,0.16225500000000004,0.32746530000000007,0.18221109999999996,0.30005099999999985,0.29873900000000475,1.0050619999999988,0.6991099999999904,0.3244800000000083,0.5009739999999994,0.5154129999999988,1.1605713,0.6920199999999994,0.7912350000000004,0.1824280000000016
3,0.12251600000000096,0.29277000000000086,0.3215570999999997,0.16225500000000004,0.32746530000000007,0.18221109999999996,0.30005099999999985,0.29873900000000475,1.0050619999999988,0.6991099999999904,0.3244800000000083,0.5009739999999994,0.5154129999999988,1.1605713,0.6920199999999994,0.7912350000000004,0.1824280000000016
4,0.11747100000000188,0.2778320000000001,0.30596529999999955,0.15378499999999917,0.3093653000000014,0.17081120000000016,0.29933300000000074,0.25937300000000363,0.9444750000000006,0.6762200000000007,0.32267000000000223,0.5343549999999979,0.5770140000000019,1.1002542000000002,0.6335699999999918,0.7843780000000002,0.16392100000000198
5,0.09228000000000236,0.2316540000000007,0.26317959999999996,0.1323749999999997,0.2645123000000016,0.15459159999999983,0.23577200000000076,0.26270500000000396,0.9089549999999988,0.6097499999999911,0.2284700000000015,0.3974429999999991,0.3219539999999981,0.9190735999999999,0.46918200000000354,0.6475679999999997,0.15446800000000138
0,0.11313900000000032,0.30791400000000024,0.4313696,0.16536799999999907,0.29014830000000025,0.18481479999999983,0.19217300000000037,0.33359899999999953,1.0845079999999996,0.8445499999999981,0.30304999999999893,0.7395579999999988,0.9709719999999997,1.3573442,0.44428700000000276,0.6276860000000006,0.17072900000000146
1,0.10195099999999968,0.25365700000000047,0.28560559999999935,0.14296199999999892,0.2900753000000016,0.16437599999999986,0.2686320000000002,0.28401600000000116,0.9821279999999994,0.6582499999999811,0.2676299999999969,0.44849800000000073,0.3337810000000019,0.9997161999999999,0.532117999999997,0.69041,0.17186500000000393
2,0.12251600000000096,0.29277000000000086,0.3215570999999997,0.16225500000000004,0.32746530000000007,0.18221109999999996,0.30005099999999985,0.29873900000000475,1.0050619999999988,0.6991099999999904,0.3244800000000083,0.5009739999999994,0.5154129999999988,1.1605713,0.6920199999999994,0.7912350000000004,0.1824280000000016
3,0.12251600000000096,0.29277000000000086,0.3215570999999997,0.16225500000000004,0.32746530000000007,0.18221109999999996,0.30005099999999985,0.29873900000000475,1.0050619999999988,0.6991099999999904,0.3244800000000083,0.5009739999999994,0.5154129999999988,1.1605713,0.6920199999999994,0.7912350000000004,0.1824280000000016
4,0.11747100000000188,0.2778320000000001,0.30596529999999955,0.15378499999999917,0.3093653000000014,0.17081120000000016,0.29933300000000074,0.25937300000000363,0.9444750000000006,0.6762200000000007,0.32267000000000223,0.5343549999999979,0.5770140000000019,1.1002542000000002,0.6335699999999918,0.7843780000000002,0.16392100000000198
5,0.09228000000000236,0.2316540000000007,0.26317959999999996,0.1323749999999997,0.2645123000000016,0.15459159999999983,0.23577200000000076,0.26270500000000396,0.9089549999999988,0.6097499999999911,0.2284700000000015,0.3974429999999991,0.3219539999999981,0.9190735999999999,0.46918200000000354,0.6475679999999997,0.15446800000000138
6,0.13473100000000215,0.3281179999999999,0.3590270999999996,0.18286299999999933,0.3706693000000012,0.20232399999999995,0.35209099999999793,0.3319110000000052,1.1378769999999996,0.8239199999999869,0.39481000000000677,0.5966959999999979,0.7324909999999996,1.3132154000000007,0.82477200000001,0.8652879999999996,0.175415000000001
0,0.11313900000000032,0.30791400000000024,0.4313696,0.16536799999999907,0.29014830000000025,0.18481479999999983,0.19217300000000037,0.33359899999999953,1.0845079999999996,0.8445499999999981,0.30304999999999893,0.7395579999999988,0.9709719999999997,1.3573442,0.44428700000000276,0.6276860000000006,0.17072900000000146
1,0.10195099999999968,0.25365700000000047,0.28560559999999935,0.14296199999999892,0.2900753000000016,0.16437599999999986,0.2686320000000002,0.28401600000000116,0.9821279999999994,0.6582499999999811,0.2676299999999969,0.44849800000000073,0.3337810000000019,0.9997161999999999,0.532117999999997,0.69041,0.17186500000000393
2,0.12251600000000096,0.29277000000000086,0.3215570999999997,0.16225500000000004,0.32746530000000007,0.18221109999999996,0.30005099999999985,0.29873900000000475,1.0050619999999988,0.6991099999999904,0.3244800000000083,0.5009739999999994,0.5154129999999988,1.1605713,0.6920199999999994,0.7912350000000004,0.1824280000000016
3,0.12251600000000096,0.29277000000000086,0.3215570999999997,0.16225500000000004,0.32746530000000007,0.18221109999999996,0.30005099999999985,0.29873900000000475,1.0050619999999988,0.6991099999999904,0.3244800000000083,0.5009739999999994,0.5154129999999988,1.1605713,0.6920199999999994,0.7912350000000004,0.1824280000000016
4,0.11747100000000188,0.2778320000000001,0.30596529999999955,0.15378499999999917,0.3093653000000014,0.17081120000000016,0.29933300000000074,0.25937300000000363,0.9444750000000006,0.6762200000000007,0.32267000000000223,0.5343549999999979,0.5770140000000019,1.1002542000000002,0.6335699999999918,0.7843780000000002,0.16392100000000198
5,0.09228000000000236,0.2316540000000007,0.26317959999999996,0.1323749999999997,0.2645123000000016,0.15459159999999983,0.23577200000000076,0.26270500000000396,0.9089549999999988,0.6097499999999911,0.2284700000000015,0.3974429999999991,0.3219539999999981,0.9190735999999999,0.46918200000000354,0.6475679999999997,0.15446800000000138
6,0.13473100000000215,0.3281179999999999,0.3590270999999996,0.18286299999999933,0.3706693000000012,0.20232399999999995,0.35209099999999793,0.3319110000000052,1.1378769999999996,0.8239199999999869,0.39481000000000677,0.5966959999999979,0.7324909999999996,1.3132154000000007,0.82477200000001,0.8652879999999996,0.175415000000001
7,0.12406100000000109,0.2830690000000011,0.3152442999999998,0.1616079999999993,0.3247543000000004,0.18210840000000017,0.3015989999999995,0.3032760000000039,1.0166569999999986,0.7300499999999772,0.3525199999999984,0.5718490000000003,0.6352100000000007,1.2426361999999997,0.7122880000000009,0.810928999999998,0.18565500000000412
0,0.11313900000000032,0.30791400000000024,0.4313696,0.16536799999999907,0.29014830000000025,0.18481479999999983,0.19217300000000037,0.33359899999999953,1.0845079999999996,0.8445499999999981,0.30304999999999893,0.7395579999999988,0.9709719999999997,1.3573442,0.44428700000000276,0.6276860000000006,0.17072900000000146
1,0.10195099999999968,0.25365700000000047,0.28560559999999935,0.14296199999999892,0.2900753000000016,0.16437599999999986,0.2686320000000002,0.28401600000000116,0.9821279999999994,0.6582499999999811,0.2676299999999969,0.44849800000000073,0.3337810000000019,0.9997161999999999,0.532117999999997,0.69041,0.17186500000000393
2,0.12251600000000096,0.29277000000000086,0.3215570999999997,0.16225500000000004,0.32746530000000007,0.18221109999999996,0.30005099999999985,0.29873900000000475,1.0050619999999988,0.6991099999999904,0.3244800000000083,0.5009739999999994,0.5154129999999988,1.1605713,0.6920199999999994,0.7912350000000004,0.1824280000000016
3,0.12251600000000096,0.29277000000000086,0.3215570999999997,0.16225500000000004,0.32746530000000007,0.18221109999999996,0.30005099999999985,0.29873900000000475,1.0050619999999988,0.6991099999999904,0.3244800000000083,0.5009739999999994,0.5154129999999988,1.1605713,0.6920199999999994,0.7912350000000004,0.1824280000000016
4,0.11747100000000188,0.2778320000000001,0.30596529999999955,0.15378499999999917,0.3093653000000014,0.17081120000000016,0.29933300000000074,0.25937300000000363,0.9444750000000006,0.6762200000000007,0.32267000000000223,0.5343549999999979,0.5770140000000019,1.1002542000000002,0.6335699999999918,0.7843780000000002,0.16392100000000198
5,0.09228000000000236,0.2316540000000007,0.26317959999999996,0.1323749999999997,0.2645123000000016,0.15459159999999983,0.23577200000000076,0.26270500000000396,0.9089549999999988,0.6097499999999911,0.2284700000000015,0.3974429999999991,0.3219539999999981,0.9190735999999999,0.46918200000000354,0.6475679999999997,0.15446800000000138
6,0.13473100000000215,0.3281179999999999,0.3590270999999996,0.18286299999999933,0.3706693000000012,0.20232399999999995,0.35209099999999793,0.3319110000000052,1.1378769999999996,0.8239199999999869,0.39481000000000677,0.5966959999999979,0.7324909999999996,1.3132154000000007,0.82477200000001,0.8652879999999996,0.175415000000001
7,0.12406100000000109,0.2830690000000011,0.3152442999999998,0.1616079999999993,0.3247543000000004,0.18210840000000017,0.3015989999999995,0.3032760000000039,1.0166569999999986,0.7300499999999772,0.3525199999999984,0.5718490000000003,0.6352100000000007,1.2426361999999997,0.7122880000000009,0.810928999999998,0.18565500000000412
8,0.10436400000000035,0.2860320000000005,0.29944550000000003,0.14986799999999967,0.30075430000000125,0.16549179999999986,0.29331399999999874,0.2317200000000028,0.8949560000000005,0.6054900000000032,0.2887400000000042,0.5137669999999979,0.4963370000000005,0.9508276000000002,0.7189649999999972,0.7724469999999997,0.16170000000000329
0,0.11313900000000032,0.30791400000000024,0.4313696,0.16536799999999907,0.29014830000000025,0.18481479999999983,0.19217300000000037,0.33359899999999953,1.0845079999999996,0.8445499999999981,0.30304999999999893,0.7395579999999988,0.9709719999999997,1.3573442,0.44428700000000276,0.6276860000000006,0.17072900000000146
1,0.10195099999999968,0.25365700000000047,0.28560559999999935,0.14296199999999892,0.2900753000000016,0.16437599999999986,0.2686320000000002,0.28401600000000116,0.9821279999999994,0.6582499999999811,0.2676299999999969,0.44849800000000073,0.3337810000000019,0.9997161999999999,0.532117999999997,0.69041,0.17186500000000393
2,0.12251600000000096,0.29277000000000086,0.3215570999999997,0.16225500000000004,0.32746530000000007,0.18221109999999996,0.30005099999999985,0.29873900000000475,1.0050619999999988,0.6991099999999904,0.3244800000000083,0.5009739999999994,0.5154129999999988,1.1605713,0.6920199999999994,0.7912350000000004,0.1824280000000016
3,0.12251600000000096,0.29277000000000086,0.3215570999999997,0.16225500000000004,0.32746530000000007,0.18221109999999996,0.30005099999999985,0.29873900000000475,1.0050619999999988,0.6991099999999904,0.3244800000000083,0.5009739999999994,0.5154129999999988,1.1605713,0.6920199999999994,0.7912350000000004,0.1824280000000016
4,0.11747100000000188,0.2778320000000001,0.30596529999999955,0.15378499999999917,0.3093653000000014,0.17081120000000016,0.29933300000000074,0.25937300000000363,0.9444750000000006,0.6762200000000007,0.32267000000000223,0.5343549999999979,0.5770140000000019,1.1002542000000002,0.6335699999999918,0.7843780000000002,0.16392100000000198
5,0.09228000000000236,0.2316540000000007,0.26317959999999996,0.1323749999999997,0.2645123000000016,0.15459159999999983,0.23577200000000076,0.26270500000000396,0.9089549999999988,0.6097499999999911,0.2284700000000015,0.3974429999999991,0.3219539999999981,0.9190735999999999,0.46918200000000354,0.6475679999999997,0.15446800000000138
6,0.13473100000000215,0.3281179999999999,0.3590270999999996,0.18286299999999933,0.3706693000000012,0.20232399999999995,0.35209099999999793,0.3319110000000052,1.1378769999999996,0.8239199999999869,0.39481000000000677,0.5966959999999979,0.7324909999999996,1.3132154000000007,0.82477200000001,0.8652879999999996,0.175415000000001
7,0.12406100000000109,0.2830690000000011,0.3152442999999998,0.1616079999999993,0.3247543000000004,0.18210840000000017,0.3015989999999995,0.3032760000000039,1.0166569999999986,0.7300499999999772,0.3525199999999984,0.5718490000000003,0.6352100000000007,1.2426361999999997,0.7122880000000009,0.810928999999998,0.18565500000000412
8,0.10436400000000035,0.2860320000000005,0.29944550000000003,0.14986799999999967,0.30075430000000125,0.16549179999999986,0.29331399999999874,0.2317200000000028,0.8949560000000005,0.6054900000000032,0.2887400000000042,0.5137669999999979,0.4963370000000005,0.9508276000000002,0.7189649999999972,0.7724469999999997,0.16170000000000329
9,0.10436400000000035,0.2860320000000005,0.29944550000000003,0.14986799999999967,0.30075430000000125,0.16549179999999986,0.29331399999999874,0.2317200000000028,0.8949560000000005,0.6054900000000032,0.2887400000000042,0.5137669999999979,0.4963370000000005,0.9508276000000002,0.7189649999999972,0.7724469999999997,0.16170000000000329
1,0.10195099999999968,0.25365700000000047,0.28560559999999935,0.14296199999999892,0.2900753000000016,0.16437599999999986,0.2686320000000002,0.28401600000000116,0.9821279999999994,0.6582499999999811,0.2676299999999969,0.44849800000000073,0.3337810000000019,0.9997161999999999,0.532117999999997,0.69041,0.17186500000000393
2,0.12251600000000096,0.29277000000000086,0.3215570999999997,0.16225500000000004,0.32746530000000007,0.18221109999999996,0.30005099999999985,0.29873900000000475,1.0050619999999988,0.6991099999999904,0.3244800000000083,0.5009739999999994,0.5154129999999988,1.1605713,0.6920199999999994,0.7912350000000004,0.1824280000000016
3,0.12251600000000096,0.29277000000000086,0.3215570999999997,0.16225500000000004,0.32746530000000007,0.18221109999999996,0.30005099999999985,0.29873900000000475,1.0050619999999988,0.6991099999999904,0.3244800000000083,0.5009739999999994,0.5154129999999988,1.1605713,0.6920199999999994,0.7912350000000004,0.1824280000000016
4,0.11747100000000188,0.2778320000000001,0.30596529999999955,0.15378499999999917,0.3093653000000014,0.17081120000000016,0.29933300000000074,0.25937300000000363,0.9444750000000006,0.6762200000000007,0.32267000000000223,0.5343549999999979,0.5770140000000019,1.1002542000000002,0.6335699999999918,0.7843780000000002,0.16392100000000198
5,0.09228000000000236,0.2316540000000007,0.26317959999999996,0.1323749999999997,0.2645123000000016,0.15459159999999983,0.23577200000000076,0.26270500000000396,0.9089549999999988,0.6097499999999911,0.2284700000000015,0.3974429999999991,0.3219539999999981,0.9190735999999999,0.46918200000000354,0.6475679999999997,0.15446800000000138
6,0.13473100000000215,0.3281179999999999,0.3590270999999996,0.18286299999999933,0.3706693000000012,0.20232399999999995,0.35209099999999793,0.3319110000000052,1.1378769999999996,0.8239199999999869,0.39481000000000677,0.5966959999999979,0.7324909999999996,1.3132154000000007,0.82477200000001,0.8652879999999996,0.175415000000001
7,0.12406100000000109,0.2830690000000011,0.3152442999999998,0.1616079999999993,0.3247543000000004,0.18210840000000017,0.3015989999999995,0.3032760000000039,1.0166569999999986,0.7300499999999772,0.3525199999999984,0.5718490000000003,0.6352100000000007,1.2426361999999997,0.7122880000000009,0.810928999999998,0.18565500000000412
8,0.10436400000000035,0.2860320000000005,0.29944550000000003,0.14986799999999967,0.30075430000000125,0.16549179999999986,0.29331399999999874,0.2317200000000028,0.8949560000000005,0.6054900000000032,0.2887400000000042,0.5137669999999979,0.4963370000000005,0.9508276000000002,0.7189649999999972,0.7724469999999997,0.16170000000000329
9,0.10436400000000035,0.2860320000000005,0.29944550000000003,0.14986799999999967,0.30075430000000125,0.16549179999999986,0.29331399999999874,0.2317200000000028,0.8949560000000005,0.6054900000000032,0.2887400000000042,0.5137669999999979,0.4963370000000005,0.9508276000000002,0.7189649999999972,0.7724469999999997,0.16170000000000329
10,0.0856790000000025,0.20100099999999976,0.25669079999999944,0.12086000000000041,0.2336343000000003,0.14412709999999995,0.1987659999999991,0.24824500000000427,0.7993360000000003,0.5404199999999832,0.23761000000000365,0.43672699999999764,0.4123480000000015,0.9943885999999997,0.46967999999999677,0.6344379999999994,0.14922299999999922
2,0.12251600000000096,0.29277000000000086,0.3215570999999997,0.16225500000000004,0.32746530000000007,0.18221109999999996,0.30005099999999985,0.29873900000000475,1.0050619999999988,0.6991099999999904,0.3244800000000083,0.5009739999999994,0.5154129999999988,1.1605713,0.6920199999999994,0.7912350000000004,0.1824280000000016
3,0.12251600000000096,0.29277000000000086,0.3215570999999997,0.16225500000000004,0.32746530000000007,0.18221109999999996,0.30005099999999985,0.29873900000000475,1.0050619999999988,0.6991099999999904,0.3244800000000083,0.5009739999999994,0.5154129999999988,1.1605713,0.6920199999999994,0.7912350000000004,0.1824280000000016
4,0.11747100000000188,0.2778320000000001,0.30596529999999955,0.15378499999999917,0.3093653000000014,0.17081120000000016,0.29933300000000074,0.25937300000000363,0.9444750000000006,0.6762200000000007,0.32267000000000223,0.5343549999999979,0.5770140000000019,1.1002542000000002,0.6335699999999918,0.7843780000000002,0.16392100000000198
5,0.09228000000000236,0.2316540000000007,0.26317959999999996,0.1323749999999997,0.2645123000000016,0.15459159999999983,0.23577200000000076,0.26270500000000396,0.9089549999999988,0.6097499999999911,0.2284700000000015,0.3974429999999991,0.3219539999999981,0.9190735999999999,0.46918200000000354,0.6475679999999997,0.15446800000000138
6,0.13473100000000215,0.3281179999999999,0.3590270999999996,0.18286299999999933,0.3706693000000012,0.20232399999999995,0.35209099999999793,0.3319110000000052,1.1378769999999996,0.8239199999999869,0.39481000000000677,0.5966959999999979,0.7324909999999996,1.3132154000000007,0.82477200000001,0.8652879999999996,0.175415000000001
7,0.12406100000000109,0.2830690000000011,0.3152442999999998,0.1616079999999993,0.3247543000000004,0.18210840000000017,0.3015989999999995,0.3032760000000039,1.0166569999999986,0.7300499999999772,0.3525199999999984,0.5718490000000003,0.6352100000000007,1.2426361999999997,0.7122880000000009,0.810928999999998,0.18565500000000412
8,0.10436400000000035,0.2860320000000005,0.29944550000000003,0.14986799999999967,0.30075430000000125,0.16549179999999986,0.29331399999999874,0.2317200000000028,0.8949560000000005,0.6054900000000032,0.2887400000000042,0.5137669999999979,0.4963370000000005,0.9508276000000002,0.7189649999999972,0.7724469999999997,0.16170000000000329
9,0.10436400000000035,0.2860320000000005,0.29944550000000003,0.14986799999999967,0.30075430000000125,0.16549179999999986,0.29331399999999874,0.2317200000000028,0.8949560000000005,0.6054900000000032,0.2887400000000042,0.5137669999999979,0.4963370000000005,0.9508276000000002,0.7189649999999972,0.7724469999999997,0.16170000000000329
10,0.0856790000000025,0.20100099999999976,0.25669079999999944,0.12086000000000041,0.2336343000000003,0.14412709999999995,0.1987659999999991,0.24824500000000427,0.7993360000000003,0.5404199999999832,0.23761000000000365,0.43672699999999764,0.4123480000000015,0.9943885999999997,0.46967999999999677,0.6344379999999994,0.14922299999999922
11,0.11081900000000289,0.26530900000000024,0.29845200000000016,0.14905499999999883,0.30088830000000044,0.1680499000000002,0.2793980000000005,0.25495700000000454,0.9106519999999989,0.643259999999998,0.3003800000000041,0.45862599999999887,0.4714450000000028,1.0433470999999992,0.6368439999999964,0.7358550000000008,0.1708460000000045
3,0.12251600000000096,0.29277000000000086,0.3215570999999997,0.16225500000000004,0.32746530000000007,0.18221109999999996,0.30005099999999985,0.29873900000000475,1.0050619999999988,0.6991099999999904,0.3244800000000083,0.5009739999999994,0.5154129999999988,1.1605713,0.6920199999999994,0.7912350000000004,0.1824280000000016
4,0.11747100000000188,0.2778320000000001,0.30596529999999955,0.15378499999999917,0.3093653000000014,0.17081120000000016,0.29933300000000074,0.25937300000000363,0.9444750000000006,0.6762200000000007,0.32267000000000223,0.5343549999999979,0.5770140000000019,1.1002542000000002,0.6335699999999918,0.7843780000000002,0.16392100000000198
5,0.09228000000000236,0.2316540000000007,0.26317959999999996,0.1323749999999997,0.2645123000000016,0.15459159999999983,0.23577200000000076,0.26270500000000396,0.9089549999999988,0.6097499999999911,0.2284700000000015,0.3974429999999991,0.3219539999999981,0.9190735999999999,0.46918200000000354,0.6475679999999997,0.15446800000000138
6,0.13473100000000215,0.3281179999999999,0.3590270999999996,0.18286299999999933,0.3706693000000012,0.20232399999999995,0.35209099999999793,0.3319110000000052,1.1378769999999996,0.8239199999999869,0.39481000000000677,0.5966959999999979,0.7324909999999996,1.3132154000000007,0.82477200000001,0.8652879999999996,0.175415000000001
7,0.12406100000000109,0.2830690000000011,0.3152442999999998,0.1616079999999993,0.3247543000000004,0.18210840000000017,0.3015989999999995,0.3032760000000039,1.0166569999999986,0.7300499999999772,0.3525199999999984,0.5718490000000003,0.6352100000000007,1.2426361999999997,0.7122880000000009,0.810928999999998,0.18565500000000412
8,0.10436400000000035,0.2860320000000005,0.29944550000000003,0.14986799999999967,0.30075430000000125,0.16549179999999986,0.29331399999999874,0.2317200000000028,0.8949560000000005,0.6054900000000032,0.2887400000000042,0.5137669999999979,0.4963370000000005,0.9508276000000002,0.7189649999999972,0.7724469999999997,0.16170000000000329
9,0.10436400000000035,0.2860320000000005,0.29944550000000003,0.14986799999999967,0.30075430000000125,0.16549179999999986,0.29331399999999874,0.2317200000000028,0.8949560000000005,0.6054900000000032,0.2887400000000042,0.5137669999999979,0.4963370000000005,0.9508276000000002,0.7189649999999972,0.7724469999999997,0.16170000000000329
10,0.0856790000000025,0.20100099999999976,0.25669079999999944,0.12086000000000041,0.2336343000000003,0.14412709999999995,0.1987659999999991,0.24824500000000427,0.7993360000000003,0.5404199999999832,0.23761000000000365,0.43672699999999764,0.4123480000000015,0.9943885999999997,0.46967999999999677,0.6344379999999994,0.14922299999999922
11,0.11081900000000289,0.26530900000000024,0.29845200000000016,0.14905499999999883,0.30088830000000044,0.1680499000000002,0.2793980000000005,0.25495700000000454,0.9106519999999989,0.643259999999998,0.3003800000000041,0.45862599999999887,0.4714450000000028,1.0433470999999992,0.6368439999999964,0.7358550000000008,0.1708460000000045
12,0.09864900000000176,0.23809400000000025,0.2711489,0.1358549999999994,0.27388230000000036,0.1579828000000001,0.24812000000000012,0.2631060000000005,0.902041999999998,0.6070299999999804,0.25661999999999807,0.40834199999999754,0.3531809999999993,0.9766188000000007,0.5128050000000002,0.6566019999999995,0.15790700000000157
4,0.11747100000000188,0.2778320000000001,0.30596529999999955,0.15378499999999917,0.3093653000000014,0.17081120000000016,0.29933300000000074,0.25937300000000363,0.9444750000000006,0.6762200000000007,0.32267000000000223,0.5343549999999979,0.5770140000000019,1.1002542000000002,0.6335699999999918,0.7843780000000002,0.16392100000000198
5,0.09228000000000236,0.2316540000000007,0.26317959999999996,0.1323749999999997,0.2645123000000016,0.15459159999999983,0.23577200000000076,0.26270500000000396,0.9089549999999988,0.6097499999999911,0.2284700000000015,0.3974429999999991,0.3219539999999981,0.9190735999999999,0.46918200000000354,0.6475679999999997,0.15446800000000138
6,0.13473100000000215,0.3281179999999999,0.3590270999999996,0.18286299999999933,0.3706693000000012,0.20232399999999995,0.35209099999999793,0.3319110000000052,1.1378769999999996,0.8239199999999869,0.39481000000000677,0.5966959999999979,0.7324909999999996,1.3132154000000007,0.82477200000001,0.8652879999999996,0.175415000000001
7,0.12406100000000109,0.2830690000000011,0.3152442999999998,0.1616079999999993,0.3247543000000004,0.18210840000000017,0.3015989999999995,0.3032760000000039,1.0166569999999986,0.7300499999999772,0.3525199999999984,0.5718490000000003,0.6352100000000007,1.2426361999999997,0.7122880000000009,0.810928999999998,0.18565500000000412
8,0.10436400000000035,0.2860320000000005,0.29944550000000003,0.14986799999999967,0.30075430000000125,0.16549179999999986,0.29331399999999874,0.2317200000000028,0.8949560000000005,0.6054900000000032,0.2887400000000042,0.5137669999999979,0.4963370000000005,0.9508276000000002,0.7189649999999972,0.7724469999999997,0.16170000000000329
9,0.10436400000000035,0.2860320000000005,0.29944550000000003,0.14986799999999967,0.30075430000000125,0.16549179999999986,0.29331399999999874,0.2317200000000028,0.8949560000000005,0.6054900000000032,0.2887400000000042,0.5137669999999979,0.4963370000000005,0.9508276000000002,0.7189649999999972,0.7724469999999997,0.16170000000000329
10,0.0856790000000025,0.20100099999999976,0.25669079999999944,0.12086000000000041,0.2336343000000003,0.14412709999999995,0.1987659999999991,0.24824500000000427,0.7993360000000003,0.5404199999999832,0.23761000000000365,0.43672699999999764,0.4123480000000015,0.9943885999999997,0.46967999999999677,0.6344379999999994,0.14922299999999922
11,0.11081900000000289,0.26530900000000024,0.29845200000000016,0.14905499999999883,0.30088830000000044,0.1680499000000002,0.2793980000000005,0.25495700000000454,0.9106519999999989,0.643259999999998,0.3003800000000041,0.45862599999999887,0.4714450000000028,1.0433470999999992,0.6368439999999964,0.7358550000000008,0.1708460000000045
12,0.09864900000000176,0.23809400000000025,0.2711489,0.1358549999999994,0.27388230000000036,0.1579828000000001,0.24812000000000012,0.2631060000000005,0.902041999999998,0.6070299999999804,0.25661999999999807,0.40834199999999754,0.3531809999999993,0.9766188000000007,0.5128050000000002,0.6566019999999995,0.15790700000000157
13,0.09532800000000208,0.2308830000000004,0.2601526999999999,0.13187699999999936,0.26360830000000135,0.15404470000000003,0.2397999999999989,0.24821599999999933,0.8401409999999991,0.5896699999999839,0.2750999999999948,0.4389579999999995,0.42996199999999973,1.0052955999999993,0.5531150000000054,0.6720320000000015,0.1547650000000047
5,0.09228000000000236,0.2316540000000007,0.26317959999999996,0.1323749999999997,0.2645123000000016,0.15459159999999983,0.23577200000000076,0.26270500000000396,0.9089549999999988,0.6097499999999911,0.2284700000000015,0.3974429999999991,0.3219539999999981,0.9190735999999999,0.46918200000000354,0.6475679999999997,0.15446800000000138
6,0.13473100000000215,0.3281179999999999,0.3590270999999996,0.18286299999999933,0.3706693000000012,0.20232399999999995,0.35209099999999793,0.3319110000000052,1.1378769999999996,0.8239199999999869,0.39481000000000677,0.5966959999999979,0.7324909999999996,1.3132154000000007,0.82477200000001,0.8652879999999996,0.175415000000001
7,0.12406100000000109,0.2830690000000011,0.3152442999999998,0.1616079999999993,0.3247543000000004,0.18210840000000017,0.3015989999999995,0.3032760000000039,1.0166569999999986,0.7300499999999772,0.3525199999999984,0.5718490000000003,0.6352100000000007,1.2426361999999997,0.7122880000000009,0.810928999999998,0.18565500000000412
8,0.10436400000000035,0.2860320000000005,0.29944550000000003,0.14986799999999967,0.30075430000000125,0.16549179999999986,0.29331399999999874,0.2317200000000028,0.8949560000000005,0.6054900000000032,0.2887400000000042,0.5137669999999979,0.4963370000000005,0.9508276000000002,0.7189649999999972,0.7724469999999997,0.16170000000000329
9,0.10436400000000035,0.2860320000000005,0.29944550000000003,0.14986799999999967,0.30075430000000125,0.16549179999999986,0.29331399999999874,0.2317200000000028,0.8949560000000005,0.6054900000000032,0.2887400000000042,0.5137669999999979,0.4963370000000005,0.9508276000000002,0.7189649999999972,0.7724469999999997,0.16170000000000329
10,0.0856790000000025,0.20100099999999976,0.25669079999999944,0.12086000000000041,0.2336343000000003,0.14412709999999995,0.1987659999999991,0.24824500000000427,0.7993360000000003,0.5404199999999832,0.23761000000000365,0.43672699999999764,0.4123480000000015,0.9943885999999997,0.46967999999999677,0.6344379999999994,0.14922299999999922
11,0.11081900000000289,0.26530900000000024,0.29845200000000016,0.14905499999999883,0.30088830000000044,0.1680499000000002,0.2793980000000005,0.25495700000000454,0.9106519999999989,0.643259999999998,0.3003800000000041,0.45862599999999887,0.4714450000000028,1.0433470999999992,0.6368439999999964,0.7358550000000008,0.1708460000000045
12,0.09864900000000176,0.23809400000000025,0.2711489,0.1358549999999994,0.27388230000000036,0.1579828000000001,0.24812000000000012,0.2631060000000005,0.902041999999998,0.6070299999999804,0.25661999999999807,0.40834199999999754,0.3531809999999993,0.9766188000000007,0.5128050000000002,0.6566019999999995,0.15790700000000157
13,0.09532800000000208,0.2308830000000004,0.2601526999999999,0.13187699999999936,0.26360830000000135,0.15404470000000003,0.2397999999999989,0.24821599999999933,0.8401409999999991,0.5896699999999839,0.2750999999999948,0.4389579999999995,0.42996199999999973,1.0052955999999993,0.5531150000000054,0.6720320000000015,0.1547650000000047
14,0.06956399999999974,0.15662600000000104,0.21888439999999942,0.10190599999999961,0.1908593000000014,0.12375809999999987,0.1606330000000007,0.21725299999999947,0.694267,0.4664199999999994,0.18323999999999785,0.35971699999999984,0.336901000000001,0.8028604000000001,0.41647300000001053,0.5475960000000022,0.12235199999999935
6,0.13473100000000215,0.3281179999999999,0.3590270999999996,0.18286299999999933,0.3706693000000012,0.20232399999999995,0.35209099999999793,0.3319110000000052,1.1378769999999996,0.8239199999999869,0.39481000000000677,0.5966959999999979,0.7324909999999996,1.3132154000000007,0.82477200000001,0.8652879999999996,0.175415000000001
7,0.12406100000000109,0.2830690000000011,0.3152442999999998,0.1616079999999993,0.3247543000000004,0.18210840000000017,0.3015989999999995,0.3032760000000039,1.0166569999999986,0.7300499999999772,0.3525199999999984,0.5718490000000003,0.6352100000000007,1.2426361999999997,0.7122880000000009,0.810928999999998,0.18565500000000412
8,0.10436400000000035,0.2860320000000005,0.29944550000000003,0.14986799999999967,0.30075430000000125,0.16549179999999986,0.29331399999999874,0.2317200000000028,0.8949560000000005,0.6054900000000032,0.2887400000000042,0.5137669999999979,0.4963370000000005,0.9508276000000002,0.7189649999999972,0.7724469999999997,0.16170000000000329
9,0.10436400000000035,0.2860320000000005,0.29944550000000003,0.14986799999999967,0.30075430000000125,0.16549179999999986,0.29331399999999874,0.2317200000000028,0.8949560000000005,0.6054900000000032,0.2887400000000042,0.5137669999999979,0.4963370000000005,0.9508276000000002,0.7189649999999972,0.7724469999999997,0.16170000000000329
10,0.0856790000000025,0.20100099999999976,0.25669079999999944,0.12086000000000041,0.2336343000000003,0.14412709999999995,0.1987659999999991,0.24824500000000427,0.7993360000000003,0.5404199999999832,0.23761000000000365,0.43672699999999764,0.4123480000000015,0.9943885999999997,0.46967999999999677,0.6344379999999994,0.14922299999999922
11,0.11081900000000289,0.26530900000000024,0.29845200000000016,0.14905499999999883,0.30088830000000044,0.1680499000000002,0.2793980000000005,0.25495700000000454,0.9106519999999989,0.643259999999998,0.3003800000000041,0.45862599999999887,0.4714450000000028,1.0433470999999992,0.6368439999999964,0.7358550000000008,0.1708460000000045
12,0.09864900000000176,0.23809400000000025,0.2711489,0.1358549999999994,0.27388230000000036,0.1579828000000001,0.24812000000000012,0.2631060000000005,0.902041999999998,0.6070299999999804,0.25661999999999807,0.40834199999999754,0.3531809999999993,0.9766188000000007,0.5128050000000002,0.6566019999999995,0.15790700000000157
13,0.09532800000000208,0.2308830000000004,0.2601526999999999,0.13187699999999936,0.26360830000000135,0.15404470000000003,0.2397999999999989,0.24821599999999933,0.8401409999999991,0.5896699999999839,0.2750999999999948,0.4389579999999995,0.42996199999999973,1.0052955999999993,0.5531150000000054,0.6720320000000015,0.1547650000000047
14,0.06956399999999974,0.15662600000000104,0.21888439999999942,0.10190599999999961,0.1908593000000014,0.12375809999999987,0.1606330000000007,0.21725299999999947,0.694267,0.4664199999999994,0.18323999999999785,0.35971699999999984,0.336901000000001,0.8028604000000001,0.41647300000001053,0.5475960000000022,0.12235199999999935
15,0.061841000000001145,0.14655100000000054,0.1801307999999997,0.09117499999999978,0.17779230000000013,0.11356920000000015,0.15879400000000032,0.18615000000000492,0.6334429999999998,0.4320199999999943,0.17445999999999628,0.3090289999999989,0.25221600000000066,0.6952064,0.38042099999999834,0.47316199999999853,0.11497599999999863
7,0.12406100000000109,0.2830690000000011,0.3152442999999998,0.1616079999999993,0.3247543000000004,0.18210840000000017,0.3015989999999995,0.3032760000000039,1.0166569999999986,0.7300499999999772,0.3525199999999984,0.5718490000000003,0.6352100000000007,1.2426361999999997,0.7122880000000009,0.810928999999998,0.18565500000000412
8,0.10436400000000035,0.2860320000000005,0.29944550000000003,0.14986799999999967,0.30075430000000125,0.16549179999999986,0.29331399999999874,0.2317200000000028,0.8949560000000005,0.6054900000000032,0.2887400000000042,0.5137669999999979,0.4963370000000005,0.9508276000000002,0.7189649999999972,0.7724469999999997,0.16170000000000329
9,0.10436400000000035,0.2860320000000005,0.29944550000000003,0.14986799999999967,0.30075430000000125,0.16549179999999986,0.29331399999999874,0.2317200000000028,0.8949560000000005,0.6054900000000032,0.2887400000000042,0.5137669999999979,0.4963370000000005,0.9508276000000002,0.7189649999999972,0.7724469999999997,0.16170000000000329
10,0.0856790000000025,0.20100099999999976,0.25669079999999944,0.12086000000000041,0.2336343000000003,0.14412709999999995,0.1987659999999991,0.24824500000000427,0.7993360000000003,0.5404199999999832,0.23761000000000365,0.43672699999999764,0.4123480000000015,0.9943885999999997,0.46967999999999677,0.6344379999999994,0.14922299999999922
11,0.11081900000000289,0.26530900000000024,0.29845200000000016,0.14905499999999883,0.30088830000000044,0.1680499000000002,0.2793980000000005,0.25495700000000454,0.9106519999999989,0.643259999999998,0.3003800000000041,0.45862599999999887,0.4714450000000028,1.0433470999999992,0.6368439999999964,0.7358550000000008,0.1708460000000045
12,0.09864900000000176,0.23809400000000025,0.2711489,0.1358549999999994,0.27388230000000036,0.1579828000000001,0.24812000000000012,0.2631060000000005,0.902041999999998,0.6070299999999804,0.25661999999999807,0.40834199999999754,0.3531809999999993,0.9766188000000007,0.5128050000000002,0.6566019999999995,0.15790700000000157
13,0.09532800000000208,0.2308830000000004,0.2601526999999999,0.13187699999999936,0.26360830000000135,0.15404470000000003,0.2397999999999989,0.24821599999999933,0.8401409999999991,0.5896699999999839,0.2750999999999948,0.4389579999999995,0.42996199999999973,1.0052955999999993,0.5531150000000054,0.6720320000000015,0.1547650000000047
14,0.06956399999999974,0.15662600000000104,0.21888439999999942,0.10190599999999961,0.1908593000000014,0.12375809999999987,0.1606330000000007,0.21725299999999947,0.694267,0.4664199999999994,0.18323999999999785,0.35971699999999984,0.336901000000001,0.8028604000000001,0.41647300000001053,0.5475960000000022,0.12235199999999935
15,0.061841000000001145,0.14655100000000054,0.1801307999999997,0.09117499999999978,0.17779230000000013,0.11356920000000015,0.15879400000000032,0.18615000000000492,0.6334429999999998,0.4320199999999943,0.17445999999999628,0.3090289999999989,0.25221600000000066,0.6952064,0.38042099999999834,0.47316199999999853,0.11497599999999863
16,0.11632300000000129,0.27965900000000055,0.3115977000000001,0.15846799999999917,0.3199413,0.18056340000000004,0.2928919999999984,0.32184600000000074,1.0686210000000003,0.7165799999999933,0.30679000000000656,0.4864609999999985,0.48873499999999837,1.1614072000000002,0.6081479999999999,0.7608099999999993,0.1761290000000031
8,0.10436400000000035,0.2860320000000005,0.29944550000000003,0.14986799999999967,0.30075430000000125,0.16549179999999986,0.29331399999999874,0.2317200000000028,0.8949560000000005,0.6054900000000032,0.2887400000000042,0.5137669999999979,0.4963370000000005,0.9508276000000002,0.7189649999999972,0.7724469999999997,0.16170000000000329
9,0.10436400000000035,0.2860320000000005,0.29944550000000003,0.14986799999999967,0.30075430000000125,0.16549179999999986,0.29331399999999874,0.2317200000000028,0.8949560000000005,0.6054900000000032,0.2887400000000042,0.5137669999999979,0.4963370000000005,0.9508276000000002,0.7189649999999972,0.7724469999999997,0.16170000000000329
10,0.0856790000000025,0.20100099999999976,0.25669079999999944,0.12086000000000041,0.2336343000000003,0.14412709999999995,0.1987659999999991,0.24824500000000427,0.7993360000000003,0.5404199999999832,0.23761000000000365,0.43672699999999764,0.4123480000000015,0.9943885999999997,0.46967999999999677,0.6344379999999994,0.14922299999999922
11,0.11081900000000289,0.26530900000000024,0.29845200000000016,0.14905499999999883,0.30088830000000044,0.1680499000000002,0.2793980000000005,0.25495700000000454,0.9106519999999989,0.643259999999998,0.3003800000000041,0.45862599999999887,0.4714450000000028,1.0433470999999992,0.6368439999999964,0.7358550000000008,0.1708460000000045
12,0.09864900000000176,0.23809400000000025,0.2711489,0.1358549999999994,0.27388230000000036,0.1579828000000001,0.24812000000000012,0.2631060000000005,0.902041999999998,0.6070299999999804,0.25661999999999807,0.40834199999999754,0.3531809999999993,0.9766188000000007,0.5128050000000002,0.6566019999999995,0.15790700000000157
13,0.09532800000000208,0.2308830000000004,0.2601526999999999,0.13187699999999936,0.26360830000000135,0.15404470000000003,0.2397999999999989,0.24821599999999933,0.8401409999999991,0.5896699999999839,0.2750999999999948,0.4389579999999995,0.42996199999999973,1.0052955999999993,0.5531150000000054,0.6720320000000015,0.1547650000000047
14,0.06956399999999974,0.15662600000000104,0.21888439999999942,0.10190599999999961,0.1908593000000014,0.12375809999999987,0.1606330000000007,0.21725299999999947,0.694267,0.4664199999999994,0.18323999999999785,0.35971699999999984,0.336901000000001,0.8028604000000001,0.41647300000001053,0.5475960000000022,0.12235199999999935
15,0.061841000000001145,0.14655100000000054,0.1801307999999997,0.09117499999999978,0.17779230000000013,0.11356920000000015,0.15879400000000032,0.18615000000000492,0.6334429999999998,0.4320199999999943,0.17445999999999628,0.3090289999999989,0.25221600000000066,0.6952064,0.38042099999999834,0.47316199999999853,0.11497599999999863
16,0.11632300000000129,0.27965900000000055,0.3115977000000001,0.15846799999999917,0.3199413,0.18056340000000004,0.2928919999999984,0.32184600000000074,1.0686210000000003,0.7165799999999933,0.30679000000000656,0.4864609999999985,0.48873499999999837,1.1614072000000002,0.6081479999999999,0.7608099999999993,0.1761290000000031
17,0.09828900000000118,0.2261710000000008,0.26822249999999936,0.13557400000000008,0.2716833000000012,0.1577837999999998,0.2547910000000009,0.251648000000003,0.8653499999999994,0.631939999999986,0.3091500000000025,0.5015800000000006,0.5459490000000002,1.1107828999999994,0.5912540000000064,0.7030780000000014,0.16120700000000454
9,0.10436400000000035,0.2860320000000005,0.29944550000000003,0.14986799999999967,0.30075430000000125,0.16549179999999986,0.29331399999999874,0.2317200000000028,0.8949560000000005,0.6054900000000032,0.2887400000000042,0.5137669999999979,0.4963370000000005,0.9508276000000002,0.7189649999999972,0.7724469999999997,0.16170000000000329
10,0.0856790000000025,0.20100099999999976,0.25669079999999944,0.12086000000000041,0.2336343000000003,0.14412709999999995,0.1987659999999991,0.24824500000000427,0.7993360000000003,0.5404199999999832,0.23761000000000365,0.43672699999999764,0.4123480000000015,0.9943885999999997,0.46967999999999677,0.6344379999999994,0.14922299999999922
11,0.11081900000000289,0.26530900000000024,0.29845200000000016,0.14905499999999883,0.30088830000000044,0.1680499000000002,0.2793980000000005,0.25495700000000454,0.9106519999999989,0.643259999999998,0.3003800000000041,0.45862599999999887,0.4714450000000028,1.0433470999999992,0.6368439999999964,0.7358550000000008,0.1708460000000045
12,0.09864900000000176,0.23809400000000025,0.2711489,0.1358549999999994,0.27388230000000036,0.1579828000000001,0.24812000000000012,0.2631060000000005,0.902041999999998,0.6070299999999804,0.25661999999999807,0.40834199999999754,0.3531809999999993,0.9766188000000007,0.5128050000000002,0.6566019999999995,0.15790700000000157
13,0.09532800000000208,0.2308830000000004,0.2601526999999999,0.13187699999999936,0.26360830000000135,0.15404470000000003,0.2397999999999989,0.24821599999999933,0.8401409999999991,0.5896699999999839,0.2750999999999948,0.4389579999999995,0.42996199999999973,1.0052955999999993,0.5531150000000054,0.6720320000000015,0.1547650000000047
14,0.06956399999999974,0.15662600000000104,0.21888439999999942,0.10190599999999961,0.1908593000000014,0.12375809999999987,0.1606330000000007,0.21725299999999947,0.694267,0.4664199999999994,0.18323999999999785,0.35971699999999984,0.336901000000001,0.8028604000000001,0.41647300000001053,0.5475960000000022,0.12235199999999935
15,0.061841000000001145,0.14655100000000054,0.1801307999999997,0.09117499999999978,0.17779230000000013,0.11356920000000015,0.15879400000000032,0.18615000000000492,0.6334429999999998,0.4320199999999943,0.17445999999999628,0.3090289999999989,0.25221600000000066,0.6952064,0.38042099999999834,0.47316199999999853,0.11497599999999863
16,0.11632300000000129,0.27965900000000055,0.3115977000000001,0.15846799999999917,0.3199413,0.18056340000000004,0.2928919999999984,0.32184600000000074,1.0686210000000003,0.7165799999999933,0.30679000000000656,0.4864609999999985,0.48873499999999837,1.1614072000000002,0.6081479999999999,0.7608099999999993,0.1761290000000031
17,0.09828900000000118,0.2261710000000008,0.26822249999999936,0.13557400000000008,0.2716833000000012,0.1577837999999998,0.2547910000000009,0.251648000000003,0.8653499999999994,0.631939999999986,0.3091500000000025,0.5015800000000006,0.5459490000000002,1.1107828999999994,0.5912540000000064,0.7030780000000014,0.16120700000000454
18,0.11269500000000221,0.2684709999999999,0.30170789999999936,0.15109999999999957,0.3077653000000016,0.17192309999999988,0.28503100000000003,0.2767350000000022,0.9446869999999983,0.6488599999999849,0.30601000000000056,0.49168599999999785,0.47117099999999823,1.0981898,0.6624029999999976,0.7319919999999982,0.16971900000000062
10,0.0856790000000025,0.20100099999999976,0.25669079999999944,0.12086000000000041,0.2336343000000003,0.14412709999999995,0.1987659999999991,0.24824500000000427,0.7993360000000003,0.5404199999999832,0.23761000000000365,0.43672699999999764,0.4123480000000015,0.9943885999999997,0.46967999999999677,0.6344379999999994,0.14922299999999922
11,0.11081900000000289,0.26530900000000024,0.29845200000000016,0.14905499999999883,0.30088830000000044,0.1680499000000002,0.2793980000000005,0.25495700000000454,0.9106519999999989,0.643259999999998,0.3003800000000041,0.45862599999999887,0.4714450000000028,1.0433470999999992,0.6368439999999964,0.7358550000000008,0.1708460000000045
12,0.09864900000000176,0.23809400000000025,0.2711489,0.1358549999999994,0.27388230000000036,0.1579828000000001,0.24812000000000012,0.2631060000000005,0.902041999999998,0.6070299999999804,0.25661999999999807,0.40834199999999754,0.3531809999999993,0.9766188000000007,0.5128050000000002,0.6566019999999995,0.15790700000000157
13,0.09532800000000208,0.2308830000000004,0.2601526999999999,0.13187699999999936,0.26360830000000135,0.15404470000000003,0.2397999999999989,0.24821599999999933,0.8401409999999991,0.5896699999999839,0.2750999999999948,0.4389579999999995,0.42996199999999973,1.0052955999999993,0.5531150000000054,0.6720320000000015,0.1547650000000047
14,0.06956399999999974,0.15662600000000104,0.21888439999999942,0.10190599999999961,0.1908593000000014,0.12375809999999987,0.1606330000000007,0.21725299999999947,0.694267,0.4664199999999994,0.18323999999999785,0.35971699999999984,0.336901000000001,0.8028604000000001,0.41647300000001053,0.5475960000000022,0.12235199999999935
15,0.061841000000001145,0.14655100000000054,0.1801307999999997,0.09117499999999978,0.17779230000000013,0.11356920000000015,0.15879400000000032,0.18615000000000492,0.6334429999999998,0.4320199999999943,0.17445999999999628,0.3090289999999989,0.25221600000000066,0.6952064,0.38042099999999834,0.47316199999999853,0.11497599999999863
16,0.11632300000000129,0.27965900000000055,0.3115977000000001,0.15846799999999917,0.3199413,0.18056340000000004,0.2928919999999984,0.32184600000000074,1.0686210000000003,0.7165799999999933,0.30679000000000656,0.4864609999999985,0.48873499999999837,1.1614072000000002,0.6081479999999999,0.7608099999999993,0.1761290000000031
17,0.09828900000000118,0.2261710000000008,0.26822249999999936,0.13557400000000008,0.2716833000000012,0.1577837999999998,0.2547910000000009,0.251648000000003,0.8653499999999994,0.631939999999986,0.3091500000000025,0.5015800000000006,0.5459490000000002,1.1107828999999994,0.5912540000000064,0.7030780000000014,0.16120700000000454
18,0.11269500000000221,0.2684709999999999,0.30170789999999936,0.15109999999999957,0.3077653000000016,0.17192309999999988,0.28503100000000003,0.2767350000000022,0.9446869999999983,0.6488599999999849,0.30601000000000056,0.49168599999999785,0.47117099999999823,1.0981898,0.6624029999999976,0.7319919999999982,0.16971900000000062
19,0.10664700000000238,0.23751299999999986,0.28151179999999965,0.14449299999999887,0.28974930000000043,0.1677021999999999,0.2640279999999997,0.29832199999999887,0.9810370000000006,0.6659599999999841,0.28915000000000646,0.47351099999999846,0.5314890000000005,1.079999,0.5758499999999884,0.6987339999999982,0.16450900000000246
11,0.11081900000000289,0.26530900000000024,0.29845200000000016,0.14905499999999883,0.30088830000000044,0.1680499000000002,0.2793980000000005,0.25495700000000454,0.9106519999999989,0.643259999999998,0.3003800000000041,0.45862599999999887,0.4714450000000028,1.0433470999999992,0.6368439999999964,0.7358550000000008,0.1708460000000045
12,0.09864900000000176,0.23809400000000025,0.2711489,0.1358549999999994,0.27388230000000036,0.1579828000000001,0.24812000000000012,0.2631060000000005,0.902041999999998,0.6070299999999804,0.25661999999999807,0.40834199999999754,0.3531809999999993,0.9766188000000007,0.5128050000000002,0.6566019999999995,0.15790700000000157
13,0.09532800000000208,0.2308830000000004,0.2601526999999999,0.13187699999999936,0.26360830000000135,0.15404470000000003,0.2397999999999989,0.24821599999999933,0.8401409999999991,0.5896699999999839,0.2750999999999948,0.4389579999999995,0.42996199999999973,1.0052955999999993,0.5531150000000054,0.6720320000000015,0.1547650000000047
14,0.06956399999999974,0.15662600000000104,0.21888439999999942,0.10190599999999961,0.1908593000000014,0.12375809999999987,0.1606330000000007,0.21725299999999947,0.694267,0.4664199999999994,0.18323999999999785,0.35971699999999984,0.336901000000001,0.8028604000000001,0.41647300000001053,0.5475960000000022,0.12235199999999935
15,0.061841000000001145,0.14655100000000054,0.1801307999999997,0.09117499999999978,0.17779230000000013,0.11356920000000015,0.15879400000000032,0.18615000000000492,0.6334429999999998,0.4320199999999943,0.17445999999999628,0.3090289999999989,0.25221600000000066,0.6952064,0.38042099999999834,0.47316199999999853,0.11497599999999863
16,0.11632300000000129,0.27965900000000055,0.3115977000000001,0.15846799999999917,0.3199413,0.18056340000000004,0.2928919999999984,0.32184600000000074,1.0686210000000003,0.7165799999999933,0.30679000000000656,0.4864609999999985,0.48873499999999837,1.1614072000000002,0.6081479999999999,0.7608099999999993,0.1761290000000031
17,0.09828900000000118,0.2261710000000008,0.26822249999999936,0.13557400000000008,0.2716833000000012,0.1577837999999998,0.2547910000000009,0.251648000000003,0.8653499999999994,0.631939999999986,0.3091500000000025,0.5015800000000006,0.5459490000000002,1.1107828999999994,0.5912540000000064,0.7030780000000014,0.16120700000000454
18,0.11269500000000221,0.2684709999999999,0.30170789999999936,0.15109999999999957,0.3077653000000016,0.17192309999999988,0.28503100000000003,0.2767350000000022,0.9446869999999983,0.6488599999999849,0.30601000000000056,0.49168599999999785,0.47117099999999823,1.0981898,0.6624029999999976,0.7319919999999982,0.16971900000000062
19,0.10664700000000238,0.23751299999999986,0.28151179999999965,0.14449299999999887,0.28974930000000043,0.1677021999999999,0.2640279999999997,0.29832199999999887,0.9810370000000006,0.6659599999999841,0.28915000000000646,0.47351099999999846,0.5314890000000005,1.079999,0.5758499999999884,0.6987339999999982,0.16450900000000246
20,0.12105100000000135,0.3059770000000004,0.33175259999999973,0.16466099999999884,0.3342123000000008,0.18311199999999994,0.3025689999999983,0.29468700000000325,1.0056370000000001,0.6735999999999933,0.29085000000000605,0.498778999999999,0.4493000000000009,1.0783782000000004,0.6787410000000023,0.774087999999999,0.1824319999999986
12,0.09864900000000176,0.23809400000000025,0.2711489,0.1358549999999994,0.27388230000000036,0.1579828000000001,0.24812000000000012,0.2631060000000005,0.902041999999998,0.6070299999999804,0.25661999999999807,0.40834199999999754,0.3531809999999993,0.9766188000000007,0.5128050000000002,0.6566019999999995,0.15790700000000157
13,0.09532800000000208,0.2308830000000004,0.2601526999999999,0.13187699999999936,0.26360830000000135,0.15404470000000003,0.2397999999999989,0.24821599999999933,0.8401409999999991,0.5896699999999839,0.2750999999999948,0.4389579999999995,0.42996199999999973,1.0052955999999993,0.5531150000000054,0.6720320000000015,0.1547650000000047
14,0.06956399999999974,0.15662600000000104,0.21888439999999942,0.10190599999999961,0.1908593000000014,0.12375809999999987,0.1606330000000007,0.21725299999999947,0.694267,0.4664199999999994,0.18323999999999785,0.35971699999999984,0.336901000000001,0.8028604000000001,0.41647300000001053,0.5475960000000022,0.12235199999999935
15,0.061841000000001145,0.14655100000000054,0.1801307999999997,0.09117499999999978,0.17779230000000013,0.11356920000000015,0.15879400000000032,0.18615000000000492,0.6334429999999998,0.4320199999999943,0.17445999999999628,0.3090289999999989,0.25221600000000066,0.6952064,0.38042099999999834,0.47316199999999853,0.11497599999999863
16,0.11632300000000129,0.27965900000000055,0.3115977000000001,0.15846799999999917,0.3199413,0.18056340000000004,0.2928919999999984,0.32184600000000074,1.0686210000000003,0.7165799999999933,0.30679000000000656,0.4864609999999985,0.48873499999999837,1.1614072000000002,0.6081479999999999,0.7608099999999993,0.1761290000000031
17,0.09828900000000118,0.2261710000000008,0.26822249999999936,0.13557400000000008,0.2716833000000012,0.1577837999999998,0.2547910000000009,0.251648000000003,0.8653499999999994,0.631939999999986,0.3091500000000025,0.5015800000000006,0.5459490000000002,1.1107828999999994,0.5912540000000064,0.7030780000000014,0.16120700000000454
18,0.11269500000000221,0.2684709999999999,0.30170789999999936,0.15109999999999957,0.3077653000000016,0.17192309999999988,0.28503100000000003,0.2767350000000022,0.9446869999999983,0.6488599999999849,0.30601000000000056,0.49168599999999785,0.47117099999999823,1.0981898,0.6624029999999976,0.7319919999999982,0.16971900000000062
19,0.10664700000000238,0.23751299999999986,0.28151179999999965,0.14449299999999887,0.28974930000000043,0.1677021999999999,0.2640279999999997,0.29832199999999887,0.9810370000000006,0.6659599999999841,0.28915000000000646,0.47351099999999846,0.5314890000000005,1.079999,0.5758499999999884,0.6987339999999982,0.16450900000000246
20,0.12105100000000135,0.3059770000000004,0.33175259999999973,0.16466099999999884,0.3342123000000008,0.18311199999999994,0.3025689999999983,0.29468700000000325,1.0056370000000001,0.6735999999999933,0.29085000000000605,0.498778999999999,0.4493000000000009,1.0783782000000004,0.6787410000000023,0.774087999999999,0.1824319999999986
21,0.07442400000000049,0.18871700000000047,0.22006109999999968,0.11070499999999939,0.2210743000000015,0.1331262999999998,0.19843699999999842,0.21980400000000344,0.725832999999998,0.4950399999999888,0.21274999999999977,0.3541710000000009,0.3188720000000025,0.8347125000000002,0.44694700000000864,0.5660430000000005,0.13702500000000128
13,0.09532800000000208,0.2308830000000004,0.2601526999999999,0.13187699999999936,0.26360830000000135,0.15404470000000003,0.2397999999999989,0.24821599999999933,0.8401409999999991,0.5896699999999839,0.2750999999999948,0.4389579999999995,0.42996199999999973,1.0052955999999993,0.5531150000000054,0.6720320000000015,0.1547650000000047
14,0.06956399999999974,0.15662600000000104,0.21888439999999942,0.10190599999999961,0.1908593000000014,0.12375809999999987,0.1606330000000007,0.21725299999999947,0.694267,0.4664199999999994,0.18323999999999785,0.35971699999999984,0.336901000000001,0.8028604000000001,0.41647300000001053,0.5475960000000022,0.12235199999999935
15,0.061841000000001145,0.14655100000000054,0.1801307999999997,0.09117499999999978,0.17779230000000013,0.11356920000000015,0.15879400000000032,0.18615000000000492,0.6334429999999998,0.4320199999999943,0.17445999999999628,0.3090289999999989,0.25221600000000066,0.6952064,0.38042099999999834,0.47316199999999853,0.11497599999999863
16,0.11632300000000129,0.27965900000000055,0.3115977000000001,0.15846799999999917,0.3199413,0.18056340000000004,0.2928919999999984,0.32184600000000074,1.0686210000000003,0.7165799999999933,0.30679000000000656,0.4864609999999985,0.48873499999999837,1.1614072000000002,0.6081479999999999,0.7608099999999993,0.1761290000000031
17,0.09828900000000118,0.2261710000000008,0.26822249999999936,0.13557400000000008,0.2716833000000012,0.1577837999999998,0.2547910000000009,0.251648000000003,0.8653499999999994,0.631939999999986,0.3091500000000025,0.5015800000000006,0.5459490000000002,1.1107828999999994,0.5912540000000064,0.7030780000000014,0.16120700000000454
18,0.11269500000000221,0.2684709999999999,0.30170789999999936,0.15109999999999957,0.3077653000000016,0.17192309999999988,0.28503100000000003,0.2767350000000022,0.9446869999999983,0.6488599999999849,0.30601000000000056,0.49168599999999785,0.47117099999999823,1.0981898,0.6624029999999976,0.7319919999999982,0.16971900000000062
19,0.10664700000000238,0.23751299999999986,0.28151179999999965,0.14449299999999887,0.28974930000000043,0.1677021999999999,0.2640279999999997,0.29832199999999887,0.9810370000000006,0.6659599999999841,0.28915000000000646,0.47351099999999846,0.5314890000000005,1.079999,0.5758499999999884,0.6987339999999982,0.16450900000000246
20,0.12105100000000135,0.3059770000000004,0.33175259999999973,0.16466099999999884,0.3342123000000008,0.18311199999999994,0.3025689999999983,0.29468700000000325,1.0056370000000001,0.6735999999999933,0.29085000000000605,0.498778999999999,0.4493000000000009,1.0783782000000004,0.6787410000000023,0.774087999999999,0.1824319999999986
21,0.07442400000000049,0.18871700000000047,0.22006109999999968,0.11070499999999939,0.2210743000000015,0.1331262999999998,0.19843699999999842,0.21980400000000344,0.725832999999998,0.4950399999999888,0.21274999999999977,0.3541710000000009,0.3188720000000025,0.8347125000000002,0.44694700000000864,0.5660430000000005,0.13702500000000128
22,0.12800400000000067,0.30777699999999975,0.34497670000000014,0.17281099999999938,0.3532353000000015,0.1932906000000001,0.3300789999999978,0.3445080000000047,1.1245949999999993,0.7481499999999812,0.32609000000000776,0.5144529999999996,0.4605599999999974,1.1893262999999994,0.6923570000000012,0.8003950000000017,0.18535500000000127
14,0.06956399999999974,0.15662600000000104,0.21888439999999942,0.10190599999999961,0.1908593000000014,0.12375809999999987,0.1606330000000007,0.21725299999999947,0.694267,0.4664199999999994,0.18323999999999785,0.35971699999999984,0.336901000000001,0.8028604000000001,0.41647300000001053,0.5475960000000022,0.12235199999999935
15,0.061841000000001145,0.14655100000000054,0.1801307999999997,0.09117499999999978,0.17779230000000013,0.11356920000000015,0.15879400000000032,0.18615000000000492,0.6334429999999998,0.4320199999999943,0.17445999999999628,0.3090289999999989,0.25221600000000066,0.6952064,0.38042099999999834,0.47316199999999853,0.11497599999999863
16,0.11632300000000129,0.27965900000000055,0.3115977000000001,0.15846799999999917,0.3199413,0.18056340000000004,0.2928919999999984,0.32184600000000074,1.0686210000000003,0.7165799999999933,0.30679000000000656,0.4864609999999985,0.48873499999999837,1.1614072000000002,0.6081479999999999,0.7608099999999993,0.1761290000000031
17,0.09828900000000118,0.2261710000000008,0.26822249999999936,0.13557400000000008,0.2716833000000012,0.1577837999999998,0.2547910000000009,0.251648000000003,0.8653499999999994,0.631939999999986,0.3091500000000025,0.5015800000000006,0.5459490000000002,1.1107828999999994,0.5912540000000064,0.7030780000000014,0.16120700000000454
18,0.11269500000000221,0.2684709999999999,0.30170789999999936,0.15109999999999957,0.3077653000000016,0.17192309999999988,0.28503100000000003,0.2767350000000022,0.9446869999999983,0.6488599999999849,0.30601000000000056,0.49168599999999785,0.47117099999999823,1.0981898,0.6624029999999976,0.7319919999999982,0.16971900000000062
19,0.10664700000000238,0.23751299999999986,0.28151179999999965,0.14449299999999887,0.28974930000000043,0.1677021999999999,0.2640279999999997,0.29832199999999887,0.9810370000000006,0.6659599999999841,0.28915000000000646,0.47351099999999846,0.5314890000000005,1.079999,0.5758499999999884,0.6987339999999982,0.16450900000000246
20,0.12105100000000135,0.3059770000000004,0.33175259999999973,0.16466099999999884,0.3342123000000008,0.18311199999999994,0.3025689999999983,0.29468700000000325,1.0056370000000001,0.6735999999999933,0.29085000000000605,0.498778999999999,0.4493000000000009,1.0783782000000004,0.6787410000000023,0.774087999999999,0.1824319999999986
21,0.07442400000000049,0.18871700000000047,0.22006109999999968,0.11070499999999939,0.2210743000000015,0.1331262999999998,0.19843699999999842,0.21980400000000344,0.725832999999998,0.4950399999999888,0.21274999999999977,0.3541710000000009,0.3188720000000025,0.8347125000000002,0.44694700000000864,0.5660430000000005,0.13702500000000128
22,0.12800400000000067,0.30777699999999975,0.34497670000000014,0.17281099999999938,0.3532353000000015,0.1932906000000001,0.3300789999999978,0.3445080000000047,1.1245949999999993,0.7481499999999812,0.32609000000000776,0.5144529999999996,0.4605599999999974,1.1893262999999994,0.6923570000000012,0.8003950000000017,0.18535500000000127
23,0.09302600000000183,0.21868700000000096,0.25265009999999943,0.12865700000000047,0.2578643000000014,0.1522635000000001,0.23429900000000004,0.2548889999999986,0.8633729999999993,0.5859399999999937,0.26054999999999495,0.41552799999999834,0.3754119999999972,0.9894132999999998,0.5092799999999897,0.6370199999999997,0.15580100000000385
15,0.061841000000001145,0.14655100000000054,0.1801307999999997,0.09117499999999978,0.17779230000000013,0.11356920000000015,0.15879400000000032,0.18615000000000492,0.6334429999999998,0.4320199999999943,0.17445999999999628,0.3090289999999989,0.25221600000000066,0.6952064,0.38042099999999834,0.47316199999999853,0.11497599999999863
16,0.11632300000000129,0.27965900000000055,0.3115977000000001,0.15846799999999917,0.3199413,0.18056340000000004,0.2928919999999984,0.32184600000000074,1.0686210000000003,0.7165799999999933,0.30679000000000656,0.4864609999999985,0.48873499999999837,1.1614072000000002,0.6081479999999999,0.7608099999999993,0.1761290000000031
17,0.09828900000000118,0.2261710000000008,0.26822249999999936,0.13557400000000008,0.2716833000000012,0.1577837999999998,0.2547910000000009,0.251648000000003,0.8653499999999994,0.631939999999986,0.3091500000000025,0.5015800000000006,0.5459490000000002,1.1107828999999994,0.5912540000000064,0.7030780000000014,0.16120700000000454
18,0.11269500000000221,0.2684709999999999,0.30170789999999936,0.15109999999999957,0.3077653000000016,0.17192309999999988,0.28503100000000003,0.2767350000000022,0.9446869999999983,0.6488599999999849,0.30601000000000056,0.49168599999999785,0.47117099999999823,1.0981898,0.6624029999999976,0.7319919999999982,0.16971900000000062
19,0.10664700000000238,0.23751299999999986,0.28151179999999965,0.14449299999999887,0.28974930000000043,0.1677021999999999,0.2640279999999997,0.29832199999999887,0.9810370000000006,0.6659599999999841,0.28915000000000646,0.47351099999999846,0.5314890000000005,1.079999,0.5758499999999884,0.6987339999999982,0.16450900000000246
20,0.12105100000000135,0.3059770000000004,0.33175259999999973,0.16466099999999884,0.3342123000000008,0.18311199999999994,0.3025689999999983,0.29468700000000325,1.0056370000000001,0.6735999999999933,0.29085000000000605,0.498778999999999,0.4493000000000009,1.0783782000000004,0.6787410000000023,0.774087999999999,0.1824319999999986
21,0.07442400000000049,0.18871700000000047,0.22006109999999968,0.11070499999999939,0.2210743000000015,0.1331262999999998,0.19843699999999842,0.21980400000000344,0.725832999999998,0.4950399999999888,0.21274999999999977,0.3541710000000009,0.3188720000000025,0.8347125000000002,0.44694700000000864,0.5660430000000005,0.13702500000000128
22,0.12800400000000067,0.30777699999999975,0.34497670000000014,0.17281099999999938,0.3532353000000015,0.1932906000000001,0.3300789999999978,0.3445080000000047,1.1245949999999993,0.7481499999999812,0.32609000000000776,0.5144529999999996,0.4605599999999974,1.1893262999999994,0.6923570000000012,0.8003950000000017,0.18535500000000127
23,0.09302600000000183,0.21868700000000096,0.25265009999999943,0.12865700000000047,0.2578643000000014,0.1522635000000001,0.23429900000000004,0.2548889999999986,0.8633729999999993,0.5859399999999937,0.26054999999999495,0.41552799999999834,0.3754119999999972,0.9894132999999998,0.5092799999999897,0.6370199999999997,0.15580100000000385
24,0.09246600000000171,0.2301529999999996,0.2542359999999997,0.12975699999999968,0.2564333000000012,0.15080690000000008,0.23010499999999823,0.24136800000000136,0.8111299999999986,0.5665799999999876,0.2658300000000082,0.4658709999999999,0.4555080000000018,1.0022757000000002,0.5447730000000064,0.6814619999999998,0.15348399999999884
16,0.11632300000000129,0.27965900000000055,0.3115977000000001,0.15846799999999917,0.3199413,0.18056340000000004,0.2928919999999984,0.32184600000000074,1.0686210000000003,0.7165799999999933,0.30679000000000656,0.4864609999999985,0.48873499999999837,1.1614072000000002,0.6081479999999999,0.7608099999999993,0.1761290000000031
17,0.09828900000000118,0.2261710000000008,0.26822249999999936,0.13557400000000008,0.2716833000000012,0.1577837999999998,0.2547910000000009,0.251648000000003,0.8653499999999994,0.631939999999986,0.3091500000000025,0.5015800000000006,0.5459490000000002,1.1107828999999994,0.5912540000000064,0.7030780000000014,0.16120700000000454
18,0.11269500000000221,0.2684709999999999,0.30170789999999936,0.15109999999999957,0.3077653000000016,0.17192309999999988,0.28503100000000003,0.2767350000000022,0.9446869999999983,0.6488599999999849,0.30601000000000056,0.49168599999999785,0.47117099999999823,1.0981898,0.6624029999999976,0.7319919999999982,0.16971900000000062
19,0.10664700000000238,0.23751299999999986,0.28151179999999965,0.14449299999999887,0.28974930000000043,0.1677021999999999,0.2640279999999997,0.29832199999999887,0.9810370000000006,0.6659599999999841,0.28915000000000646,0.47351099999999846,0.5314890000000005,1.079999,0.5758499999999884,0.6987339999999982,0.16450900000000246
20,0.12105100000000135,0.3059770000000004,0.33175259999999973,0.16466099999999884,0.3342123000000008,0.18311199999999994,0.3025689999999983,0.29468700000000325,1.0056370000000001,0.6735999999999933,0.29085000000000605,0.498778999999999,0.4493000000000009,1.0783782000000004,0.6787410000000023,0.774087999999999,0.1824319999999986
21,0.07442400000000049,0.18871700000000047,0.22006109999999968,0.11070499999999939,0.2210743000000015,0.1331262999999998,0.19843699999999842,0.21980400000000344,0.725832999999998,0.4950399999999888,0.21274999999999977,0.3541710000000009,0.3188720000000025,0.8347125000000002,0.44694700000000864,0.5660430000000005,0.13702500000000128
22,0.12800400000000067,0.30777699999999975,0.34497670000000014,0.17281099999999938,0.3532353000000015,0.1932906000000001,0.3300789999999978,0.3445080000000047,1.1245949999999993,0.7481499999999812,0.32609000000000776,0.5144529999999996,0.4605599999999974,1.1893262999999994,0.6923570000000012,0.8003950000000017,0.18535500000000127
23,0.09302600000000183,0.21868700000000096,0.25265009999999943,0.12865700000000047,0.2578643000000014,0.1522635000000001,0.23429900000000004,0.2548889999999986,0.8633729999999993,0.5859399999999937,0.26054999999999495,0.41552799999999834,0.3754119999999972,0.9894132999999998,0.5092799999999897,0.6370199999999997,0.15580100000000385
24,0.09246600000000171,0.2301529999999996,0.2542359999999997,0.12975699999999968,0.2564333000000012,0.15080690000000008,0.23010499999999823,0.24136800000000136,0.8111299999999986,0.5665799999999876,0.2658300000000082,0.4658709999999999,0.4555080000000018,1.0022757000000002,0.5447730000000064,0.6814619999999998,0.15348399999999884
25,0.09245500000000106,0.21965500000000127,0.2562503999999999,0.1293349999999993,0.26084830000000103,0.15255829999999992,0.23873199999999883,0.2663610000000034,0.8911219999999993,0.5978999999999814,0.25444000000000244,0.3993210000000005,0.34680799999999934,0.9590008999999995,0.46898900000000765,0.633030999999999,0.15322100000000205
17,0.09828900000000118,0.2261710000000008,0.26822249999999936,0.13557400000000008,0.2716833000000012,0.1577837999999998,0.2547910000000009,0.251648000000003,0.8653499999999994,0.631939999999986,0.3091500000000025,0.5015800000000006,0.5459490000000002,1.1107828999999994,0.5912540000000064,0.7030780000000014,0.16120700000000454
18,0.11269500000000221,0.2684709999999999,0.30170789999999936,0.15109999999999957,0.3077653000000016,0.17192309999999988,0.28503100000000003,0.2767350000000022,0.9446869999999983,0.6488599999999849,0.30601000000000056,0.49168599999999785,0.47117099999999823,1.0981898,0.6624029999999976,0.7319919999999982,0.16971900000000062
19,0.10664700000000238,0.23751299999999986,0.28151179999999965,0.14449299999999887,0.28974930000000043,0.1677021999999999,0.2640279999999997,0.29832199999999887,0.9810370000000006,0.6659599999999841,0.28915000000000646,0.47351099999999846,0.5314890000000005,1.079999,0.5758499999999884,0.6987339999999982,0.16450900000000246
20,0.12105100000000135,0.3059770000000004,0.33175259999999973,0.16466099999999884,0.3342123000000008,0.18311199999999994,0.3025689999999983,0.29468700000000325,1.0056370000000001,0.6735999999999933,0.29085000000000605,0.498778999999999,0.4493000000000009,1.0783782000000004,0.6787410000000023,0.774087999999999,0.1824319999999986
21,0.07442400000000049,0.18871700000000047,0.22006109999999968,0.11070499999999939,0.2210743000000015,0.1331262999999998,0.19843699999999842,0.21980400000000344,0.725832999999998,0.4950399999999888,0.21274999999999977,0.3541710000000009,0.3188720000000025,0.8347125000000002,0.44694700000000864,0.5660430000000005,0.13702500000000128
22,0.12800400000000067,0.30777699999999975,0.34497670000000014,0.17281099999999938,0.3532353000000015,0.1932906000000001,0.3300789999999978,0.3445080000000047,1.1245949999999993,0.7481499999999812,0.32609000000000776,0.5144529999999996,0.4605599999999974,1.1893262999999994,0.6923570000000012,0.8003950000000017,0.18535500000000127
23,0.09302600000000183,0.21868700000000096,0.25265009999999943,0.12865700000000047,0.2578643000000014,0.1522635000000001,0.23429900000000004,0.2548889999999986,0.8633729999999993,0.5859399999999937,0.26054999999999495,0.41552799999999834,0.3754119999999972,0.9894132999999998,0.5092799999999897,0.6370199999999997,0.15580100000000385
24,0.09246600000000171,0.2301529999999996,0.2542359999999997,0.12975699999999968,0.2564333000000012,0.15080690000000008,0.23010499999999823,0.24136800000000136,0.8111299999999986,0.5665799999999876,0.2658300000000082,0.4658709999999999,0.4555080000000018,1.0022757000000002,0.5447730000000064,0.6814619999999998,0.15348399999999884
25,0.09245500000000106,0.21965500000000127,0.2562503999999999,0.1293349999999993,0.26084830000000103,0.15255829999999992,0.23873199999999883,0.2663610000000034,0.8911219999999993,0.5978999999999814,0.25444000000000244,0.3993210000000005,0.34680799999999934,0.9590008999999995,0.46898900000000765,0.633030999999999,0.15322100000000205
26,0.09990300000000119,0.23144600000000004,0.27234979999999975,0.1377600000000001,0.2787473000000009,0.1604793,0.2570359999999994,0.27676200000000506,0.9486469999999976,0.633529999999979,0.2711000000000041,0.4299299999999988,0.3980739999999976,1.0048947000000004,0.5013929999999931,0.6684459999999994,0.1652210000000025
18,0.11269500000000221,0.2684709999999999,0.30170789999999936,0.15109999999999957,0.3077653000000016,0.17192309999999988,0.28503100000000003,0.2767350000000022,0.9446869999999983,0.6488599999999849,0.30601000000000056,0.49168599999999785,0.47117099999999823,1.0981898,0.6624029999999976,0.7319919999999982,0.16971900000000062
19,0.10664700000000238,0.23751299999999986,0.28151179999999965,0.14449299999999887,0.28974930000000043,0.1677021999999999,0.2640279999999997,0.29832199999999887,0.9810370000000006,0.6659599999999841,0.28915000000000646,0.47351099999999846,0.5314890000000005,1.079999,0.5758499999999884,0.6987339999999982,0.16450900000000246
20,0.12105100000000135,0.3059770000000004,0.33175259999999973,0.16466099999999884,0.3342123000000008,0.18311199999999994,0.3025689999999983,0.29468700000000325,1.0056370000000001,0.6735999999999933,0.29085000000000605,0.498778999999999,0.4493000000000009,1.0783782000000004,0.6787410000000023,0.774087999999999,0.1824319999999986
21,0.07442400000000049,0.18871700000000047,0.22006109999999968,0.11070499999999939,0.2210743000000015,0.1331262999999998,0.19843699999999842,0.21980400000000344,0.725832999999998,0.4950399999999888,0.21274999999999977,0.3541710000000009,0.3188720000000025,0.8347125000000002,0.44694700000000864,0.5660430000000005,0.13702500000000128
22,0.12800400000000067,0.30777699999999975,0.34497670000000014,0.17281099999999938,0.3532353000000015,0.1932906000000001,0.3300789999999978,0.3445080000000047,1.1245949999999993,0.7481499999999812,0.32609000000000776,0.5144529999999996,0.4605599999999974,1.1893262999999994,0.6923570000000012,0.8003950000000017,0.18535500000000127
23,0.09302600000000183,0.21868700000000096,0.25265009999999943,0.12865700000000047,0.2578643000000014,0.1522635000000001,0.23429900000000004,0.2548889999999986,0.8633729999999993,0.5859399999999937,0.26054999999999495,0.41552799999999834,0.3754119999999972,0.9894132999999998,0.5092799999999897,0.6370199999999997,0.15580100000000385
24,0.09246600000000171,0.2301529999999996,0.2542359999999997,0.12975699999999968,0.2564333000000012,0.15080690000000008,0.23010499999999823,0.24136800000000136,0.8111299999999986,0.5665799999999876,0.2658300000000082,0.4658709999999999,0.4555080000000018,1.0022757000000002,0.5447730000000064,0.6814619999999998,0.15348399999999884
25,0.09245500000000106,0.21965500000000127,0.2562503999999999,0.1293349999999993,0.26084830000000103,0.15255829999999992,0.23873199999999883,0.2663610000000034,0.8911219999999993,0.5978999999999814,0.25444000000000244,0.3993210000000005,0.34680799999999934,0.9590008999999995,0.46898900000000765,0.633030999999999,0.15322100000000205
26,0.09990300000000119,0.23144600000000004,0.27234979999999975,0.1377600000000001,0.2787473000000009,0.1604793,0.2570359999999994,0.27676200000000506,0.9486469999999976,0.633529999999979,0.2711000000000041,0.4299299999999988,0.3980739999999976,1.0048947000000004,0.5013929999999931,0.6684459999999994,0.1652210000000025
27,0.09063000000000088,0.22349499999999978,0.2516071999999996,0.12854899999999958,0.2549173000000007,0.15108049999999995,0.22325400000000073,0.2489789999999985,0.8452179999999991,0.5656499999999767,0.23564000000000362,0.41355000000000075,0.36184399999999783,0.9634701000000003,0.4895309999999995,0.6462299999999992,0.15109600000000256
19,0.10664700000000238,0.23751299999999986,0.28151179999999965,0.14449299999999887,0.28974930000000043,0.1677021999999999,0.2640279999999997,0.29832199999999887,0.9810370000000006,0.6659599999999841,0.28915000000000646,0.47351099999999846,0.5314890000000005,1.079999,0.5758499999999884,0.6987339999999982,0.16450900000000246
20,0.12105100000000135,0.3059770000000004,0.33175259999999973,0.16466099999999884,0.3342123000000008,0.18311199999999994,0.3025689999999983,0.29468700000000325,1.0056370000000001,0.6735999999999933,0.29085000000000605,0.498778999999999,0.4493000000000009,1.0783782000000004,0.6787410000000023,0.774087999999999,0.1824319999999986
21,0.07442400000000049,0.18871700000000047,0.22006109999999968,0.11070499999999939,0.2210743000000015,0.1331262999999998,0.19843699999999842,0.21980400000000344,0.725832999999998,0.4950399999999888,0.21274999999999977,0.3541710000000009,0.3188720000000025,0.8347125000000002,0.44694700000000864,0.5660430000000005,0.13702500000000128
22,0.12800400000000067,0.30777699999999975,0.34497670000000014,0.17281099999999938,0.3532353000000015,0.1932906000000001,0.3300789999999978,0.3445080000000047,1.1245949999999993,0.7481499999999812,0.32609000000000776,0.5144529999999996,0.4605599999999974,1.1893262999999994,0.6923570000000012,0.8003950000000017,0.18535500000000127
23,0.09302600000000183,0.21868700000000096,0.25265009999999943,0.12865700000000047,0.2578643000000014,0.1522635000000001,0.23429900000000004,0.2548889999999986,0.8633729999999993,0.5859399999999937,0.26054999999999495,0.41552799999999834,0.3754119999999972,0.9894132999999998,0.5092799999999897,0.6370199999999997,0.15580100000000385
24,0.09246600000000171,0.2301529999999996,0.2542359999999997,0.12975699999999968,0.2564333000000012,0.15080690000000008,0.23010499999999823,0.24136800000000136,0.8111299999999986,0.5665799999999876,0.2658300000000082,0.4658709999999999,0.4555080000000018,1.0022757000000002,0.5447730000000064,0.6814619999999998,0.15348399999999884
25,0.09245500000000106,0.21965500000000127,0.2562503999999999,0.1293349999999993,0.26084830000000103,0.15255829999999992,0.23873199999999883,0.2663610000000034,0.8911219999999993,0.5978999999999814,0.25444000000000244,0.3993210000000005,0.34680799999999934,0.9590008999999995,0.46898900000000765,0.633030999999999,0.15322100000000205
26,0.09990300000000119,0.23144600000000004,0.27234979999999975,0.1377600000000001,0.2787473000000009,0.1604793,0.2570359999999994,0.27676200000000506,0.9486469999999976,0.633529999999979,0.2711000000000041,0.4299299999999988,0.3980739999999976,1.0048947000000004,0.5013929999999931,0.6684459999999994,0.1652210000000025
27,0.09063000000000088,0.22349499999999978,0.2516071999999996,0.12854899999999958,0.2549173000000007,0.15108049999999995,0.22325400000000073,0.2489789999999985,0.8452179999999991,0.5656499999999767,0.23564000000000362,0.41355000000000075,0.36184399999999783,0.9634701000000003,0.4895309999999995,0.6462299999999992,0.15109600000000256
28,0.12019900000000305,0.27805500000000016,0.30487339999999996,0.15514299999999892,0.313664300000001,0.17743330000000013,0.28764400000000023,0.3207890000000049,1.046986999999998,0.7016399999999976,0.30548000000000286,0.47807399999999944,0.46043399999999934,1.1466186,0.601988999999989,0.745163999999999,0.17165700000000328
20,0.12105100000000135,0.3059770000000004,0.33175259999999973,0.16466099999999884,0.3342123000000008,0.18311199999999994,0.3025689999999983,0.29468700000000325,1.0056370000000001,0.6735999999999933,0.29085000000000605,0.498778999999999,0.4493000000000009,1.0783782000000004,0.6787410000000023,0.774087999999999,0.1824319999999986
21,0.07442400000000049,0.18871700000000047,0.22006109999999968,0.11070499999999939,0.2210743000000015,0.1331262999999998,0.19843699999999842,0.21980400000000344,0.725832999999998,0.4950399999999888,0.21274999999999977,0.3541710000000009,0.3188720000000025,0.8347125000000002,0.44694700000000864,0.5660430000000005,0.13702500000000128
22,0.12800400000000067,0.30777699999999975,0.34497670000000014,0.17281099999999938,0.3532353000000015,0.1932906000000001,0.3300789999999978,0.3445080000000047,1.1245949999999993,0.7481499999999812,0.32609000000000776,0.5144529999999996,0.4605599999999974,1.1893262999999994,0.6923570000000012,0.8003950000000017,0.18535500000000127
23,0.09302600000000183,0.21868700000000096,0.25265009999999943,0.12865700000000047,0.2578643000000014,0.1522635000000001,0.23429900000000004,0.2548889999999986,0.8633729999999993,0.5859399999999937,0.26054999999999495,0.41552799999999834,0.3754119999999972,0.9894132999999998,0.5092799999999897,0.6370199999999997,0.15580100000000385
24,0.09246600000000171,0.2301529999999996,0.2542359999999997,0.12975699999999968,0.2564333000000012,0.15080690000000008,0.23010499999999823,0.24136800000000136,0.8111299999999986,0.5665799999999876,0.2658300000000082,0.4658709999999999,0.4555080000000018,1.0022757000000002,0.5447730000000064,0.6814619999999998,0.15348399999999884
25,0.09245500000000106,0.21965500000000127,0.2562503999999999,0.1293349999999993,0.26084830000000103,0.15255829999999992,0.23873199999999883,0.2663610000000034,0.8911219999999993,0.5978999999999814,0.25444000000000244,0.3993210000000005,0.34680799999999934,0.9590008999999995,0.46898900000000765,0.633030999999999,0.15322100000000205
26,0.09990300000000119,0.23144600000000004,0.27234979999999975,0.1377600000000001,0.2787473000000009,0.1604793,0.2570359999999994,0.27676200000000506,0.9486469999999976,0.633529999999979,0.2711000000000041,0.4299299999999988,0.3980739999999976,1.0048947000000004,0.5013929999999931,0.6684459999999994,0.1652210000000025
27,0.09063000000000088,0.22349499999999978,0.2516071999999996,0.12854899999999958,0.2549173000000007,0.15108049999999995,0.22325400000000073,0.2489789999999985,0.8452179999999991,0.5656499999999767,0.23564000000000362,0.41355000000000075,0.36184399999999783,0.9634701000000003,0.4895309999999995,0.6462299999999992,0.15109600000000256
28,0.12019900000000305,0.27805500000000016,0.30487339999999996,0.15514299999999892,0.313664300000001,0.17743330000000013,0.28764400000000023,0.3207890000000049,1.046986999999998,0.7016399999999976,0.30548000000000286,0.47807399999999944,0.46043399999999934,1.1466186,0.601988999999989,0.745163999999999,0.17165700000000328
29,0.10566200000000237,0.2593829999999997,0.2895379999999994,0.14217099999999938,0.29074130000000054,0.1611988000000002,0.2729789999999994,0.2452390000000051,0.8504749999999994,0.5961299999999881,0.2781400000000076,0.4084559999999975,0.4383449999999982,0.9649666999999997,0.6081649999999996,0.6590350000000029,0.16492900000000077
21,0.07442400000000049,0.18871700000000047,0.22006109999999968,0.11070499999999939,0.2210743000000015,0.1331262999999998,0.19843699999999842,0.21980400000000344,0.725832999999998,0.4950399999999888,0.21274999999999977,0.3541710000000009,0.3188720000000025,0.8347125000000002,0.44694700000000864,0.5660430000000005,0.13702500000000128
22,0.12800400000000067,0.30777699999999975,0.34497670000000014,0.17281099999999938,0.3532353000000015,0.1932906000000001,0.3300789999999978,0.3445080000000047,1.1245949999999993,0.7481499999999812,0.32609000000000776,0.5144529999999996,0.4605599999999974,1.1893262999999994,0.6923570000000012,0.8003950000000017,0.18535500000000127
23,0.09302600000000183,0.21868700000000096,0.25265009999999943,0.12865700000000047,0.2578643000000014,0.1522635000000001,0.23429900000000004,0.2548889999999986,0.8633729999999993,0.5859399999999937,0.26054999999999495,0.41552799999999834,0.3754119999999972,0.9894132999999998,0.5092799999999897,0.6370199999999997,0.15580100000000385
24,0.09246600000000171,0.2301529999999996,0.2542359999999997,0.12975699999999968,0.2564333000000012,0.15080690000000008,0.23010499999999823,0.24136800000000136,0.8111299999999986,0.5665799999999876,0.2658300000000082,0.4658709999999999,0.4555080000000018,1.0022757000000002,0.5447730000000064,0.6814619999999998,0.15348399999999884
25,0.09245500000000106,0.21965500000000127,0.2562503999999999,0.1293349999999993,0.26084830000000103,0.15255829999999992,0.23873199999999883,0.2663610000000034,0.8911219999999993,0.5978999999999814,0.25444000000000244,0.3993210000000005,0.34680799999999934,0.9590008999999995,0.46898900000000765,0.633030999999999,0.15322100000000205
26,0.09990300000000119,0.23144600000000004,0.27234979999999975,0.1377600000000001,0.2787473000000009,0.1604793,0.2570359999999994,0.27676200000000506,0.9486469999999976,0.633529999999979,0.2711000000000041,0.4299299999999988,0.3980739999999976,1.0048947000000004,0.5013929999999931,0.6684459999999994,0.1652210000000025
27,0.09063000000000088,0.22349499999999978,0.2516071999999996,0.12854899999999958,0.2549173000000007,0.15108049999999995,0.22325400000000073,0.2489789999999985,0.8452179999999991,0.5656499999999767,0.23564000000000362,0.41355000000000075,0.36184399999999783,0.9634701000000003,0.4895309999999995,0.6462299999999992,0.15109600000000256
28,0.12019900000000305,0.27805500000000016,0.30487339999999996,0.15514299999999892,0.313664300000001,0.17743330000000013,0.28764400000000023,0.3207890000000049,1.046986999999998,0.7016399999999976,0.30548000000000286,0.47807399999999944,0.46043399999999934,1.1466186,0.601988999999989,0.745163999999999,0.17165700000000328
29,0.10566200000000237,0.2593829999999997,0.2895379999999994,0.14217099999999938,0.29074130000000054,0.1611988000000002,0.2729789999999994,0.2452390000000051,0.8504749999999994,0.5961299999999881,0.2781400000000076,0.4084559999999975,0.4383449999999982,0.9649666999999997,0.6081649999999996,0.6590350000000029,0.16492900000000077
30,0.08389100000000127,0.22050300000000078,0.24410370000000015,0.12384299999999904,0.24594330000000042,0.14741800000000005,0.22965400000000002,0.26676600000000406,0.9195449999999994,0.6404799999999966,0.24232000000000653,0.4085909999999977,0.3409639999999996,0.8245092999999999,0.43857999999998754,0.6190340000000027,0.144440000000003
22,0.12800400000000067,0.30777699999999975,0.34497670000000014,0.17281099999999938,0.3532353000000015,0.1932906000000001,0.3300789999999978,0.3445080000000047,1.1245949999999993,0.7481499999999812,0.32609000000000776,0.5144529999999996,0.4605599999999974,1.1893262999999994,0.6923570000000012,0.8003950000000017,0.18535500000000127
23,0.09302600000000183,0.21868700000000096,0.25265009999999943,0.12865700000000047,0.2578643000000014,0.1522635000000001,0.23429900000000004,0.2548889999999986,0.8633729999999993,0.5859399999999937,0.26054999999999495,0.41552799999999834,0.3754119999999972,0.9894132999999998,0.5092799999999897,0.6370199999999997,0.15580100000000385
24,0.09246600000000171,0.2301529999999996,0.2542359999999997,0.12975699999999968,0.2564333000000012,0.15080690000000008,0.23010499999999823,0.24136800000000136,0.8111299999999986,0.5665799999999876,0.2658300000000082,0.4658709999999999,0.4555080000000018,1.0022757000000002,0.5447730000000064,0.6814619999999998,0.15348399999999884
25,0.09245500000000106,0.21965500000000127,0.2562503999999999,0.1293349999999993,0.26084830000000103,0.15255829999999992,0.23873199999999883,0.2663610000000034,0.8911219999999993,0.5978999999999814,0.25444000000000244,0.3993210000000005,0.34680799999999934,0.9590008999999995,0.46898900000000765,0.633030999999999,0.15322100000000205
26,0.09990300000000119,0.23144600000000004,0.27234979999999975,0.1377600000000001,0.2787473000000009,0.1604793,0.2570359999999994,0.27676200000000506,0.9486469999999976,0.633529999999979,0.2711000000000041,0.4299299999999988,0.3980739999999976,1.0048947000000004,0.5013929999999931,0.6684459999999994,0.1652210000000025
27,0.09063000000000088,0.22349499999999978,0.2516071999999996,0.12854899999999958,0.2549173000000007,0.15108049999999995,0.22325400000000073,0.2489789999999985,0.8452179999999991,0.5656499999999767,0.23564000000000362,0.41355000000000075,0.36184399999999783,0.9634701000000003,0.4895309999999995,0.6462299999999992,0.15109600000000256
28,0.12019900000000305,0.27805500000000016,0.30487339999999996,0.15514299999999892,0.313664300000001,0.17743330000000013,0.28764400000000023,0.3207890000000049,1.046986999999998,0.7016399999999976,0.30548000000000286,0.47807399999999944,0.46043399999999934,1.1466186,0.601988999999989,0.745163999999999,0.17165700000000328
29,0.10566200000000237,0.2593829999999997,0.2895379999999994,0.14217099999999938,0.29074130000000054,0.1611988000000002,0.2729789999999994,0.2452390000000051,0.8504749999999994,0.5961299999999881,0.2781400000000076,0.4084559999999975,0.4383449999999982,0.9649666999999997,0.6081649999999996,0.6590350000000029,0.16492900000000077
30,0.08389100000000127,0.22050300000000078,0.24410370000000015,0.12384299999999904,0.24594330000000042,0.14741800000000005,0.22965400000000002,0.26676600000000406,0.9195449999999994,0.6404799999999966,0.24232000000000653,0.4085909999999977,0.3409639999999996,0.8245092999999999,0.43857999999998754,0.6190340000000027,0.144440000000003
31,0.09012799999999999,0.21759400000000007,0.24934809999999974,0.1256389999999996,0.2531173000000013,0.14866840000000003,0.23059800000000052,0.2507980000000032,0.8528219999999997,0.5752099999999984,0.24743999999999744,0.42271399999999915,0.3256920000000001,0.9279308999999998,0.4783740000000023,0.6195869999999992,0.15168200000000098
23,0.09302600000000183,0.21868700000000096,0.25265009999999943,0.12865700000000047,0.2578643000000014,0.1522635000000001,0.23429900000000004,0.2548889999999986,0.8633729999999993,0.5859399999999937,0.26054999999999495,0.41552799999999834,0.3754119999999972,0.9894132999999998,0.5092799999999897,0.6370199999999997,0.15580100000000385
24,0.09246600000000171,0.2301529999999996,0.2542359999999997,0.12975699999999968,0.2564333000000012,0.15080690000000008,0.23010499999999823,0.24136800000000136,0.8111299999999986,0.5665799999999876,0.2658300000000082,0.4658709999999999,0.4555080000000018,1.0022757000000002,0.5447730000000064,0.6814619999999998,0.15348399999999884
25,0.09245500000000106,0.21965500000000127,0.2562503999999999,0.1293349999999993,0.26084830000000103,0.15255829999999992,0.23873199999999883,0.2663610000000034,0.8911219999999993,0.5978999999999814,0.25444000000000244,0.3993210000000005,0.34680799999999934,0.9590008999999995,0.46898900000000765,0.633030999999999,0.15322100000000205
26,0.09990300000000119,0.23144600000000004,0.27234979999999975,0.1377600000000001,0.2787473000000009,0.1604793,0.2570359999999994,0.27676200000000506,0.9486469999999976,0.633529999999979,0.2711000000000041,0.4299299999999988,0.3980739999999976,1.0048947000000004,0.5013929999999931,0.6684459999999994,0.1652210000000025
27,0.09063000000000088,0.22349499999999978,0.2516071999999996,0.12854899999999958,0.2549173000000007,0.15108049999999995,0.22325400000000073,0.2489789999999985,0.8452179999999991,0.5656499999999767,0.23564000000000362,0.41355000000000075,0.36184399999999783,0.9634701000000003,0.4895309999999995,0.6462299999999992,0.15109600000000256
28,0.12019900000000305,0.27805500000000016,0.30487339999999996,0.15514299999999892,0.313664300000001,0.17743330000000013,0.28764400000000023,0.3207890000000049,1.046986999999998,0.7016399999999976,0.30548000000000286,0.47807399999999944,0.46043399999999934,1.1466186,0.601988999999989,0.745163999999999,0.17165700000000328
29,0.10566200000000237,0.2593829999999997,0.2895379999999994,0.14217099999999938,0.29074130000000054,0.1611988000000002,0.2729789999999994,0.2452390000000051,0.8504749999999994,0.5961299999999881,0.2781400000000076,0.4084559999999975,0.4383449999999982,0.9649666999999997,0.6081649999999996,0.6590350000000029,0.16492900000000077
30,0.08389100000000127,0.22050300000000078,0.24410370000000015,0.12384299999999904,0.24594330000000042,0.14741800000000005,0.22965400000000002,0.26676600000000406,0.9195449999999994,0.6404799999999966,0.24232000000000653,0.4085909999999977,0.3409639999999996,0.8245092999999999,0.43857999999998754,0.6190340000000027,0.144440000000003
31,0.09012799999999999,0.21759400000000007,0.24934809999999974,0.1256389999999996,0.2531173000000013,0.14866840000000003,0.23059800000000052,0.2507980000000032,0.8528219999999997,0.5752099999999984,0.24743999999999744,0.42271399999999915,0.3256920000000001,0.9279308999999998,0.4783740000000023,0.6195869999999992,0.15168200000000098
32,0.008879000000000303,0.12125699999999995,0.1566212999999994,0.07765999999999984,0.15282330000000144,0.09830870000000003,0.14315399999999912,0.1445369999999997,0.569623,0.3975099999999827,0.15228000000000463,0.2770690000000009,0.19861299999999815,0.5540056999999994,0.32927000000000817,0.3779740000000018,0.09556700000000262
24,0.09246600000000171,0.2301529999999996,0.2542359999999997,0.12975699999999968,0.2564333000000012,0.15080690000000008,0.23010499999999823,0.24136800000000136,0.8111299999999986,0.5665799999999876,0.2658300000000082,0.4658709999999999,0.4555080000000018,1.0022757000000002,0.5447730000000064,0.6814619999999998,0.15348399999999884
25,0.09245500000000106,0.21965500000000127,0.2562503999999999,0.1293349999999993,0.26084830000000103,0.15255829999999992,0.23873199999999883,0.2663610000000034,0.8911219999999993,0.5978999999999814,0.25444000000000244,0.3993210000000005,0.34680799999999934,0.9590008999999995,0.46898900000000765,0.633030999999999,0.15322100000000205
26,0.09990300000000119,0.23144600000000004,0.27234979999999975,0.1377600000000001,0.2787473000000009,0.1604793,0.2570359999999994,0.27676200000000506,0.9486469999999976,0.633529999999979,0.2711000000000041,0.4299299999999988,0.3980739999999976,1.0048947000000004,0.5013929999999931,0.6684459999999994,0.1652210000000025
27,0.09063000000000088,0.22349499999999978,0.2516071999999996,0.12854899999999958,0.2549173000000007,0.15108049999999995,0.22325400000000073,0.2489789999999985,0.8452179999999991,0.5656499999999767,0.23564000000000362,0.41355000000000075,0.36184399999999783,0.9634701000000003,0.4895309999999995,0.6462299999999992,0.15109600000000256
28,0.12019900000000305,0.27805500000000016,0.30487339999999996,0.15514299999999892,0.313664300000001,0.17743330000000013,0.28764400000000023,0.3207890000000049,1.046986999999998,0.7016399999999976,0.30548000000000286,0.47807399999999944,0.46043399999999934,1.1466186,0.601988999999989,0.745163999999999,0.17165700000000328
29,0.10566200000000237,0.2593829999999997,0.2895379999999994,0.14217099999999938,0.29074130000000054,0.1611988000000002,0.2729789999999994,0.2452390000000051,0.8504749999999994,0.5961299999999881,0.2781400000000076,0.4084559999999975,0.4383449999999982,0.9649666999999997,0.6081649999999996,0.6590350000000029,0.16492900000000077
30,0.08389100000000127,0.22050300000000078,0.24410370000000015,0.12384299999999904,0.24594330000000042,0.14741800000000005,0.22965400000000002,0.26676600000000406,0.9195449999999994,0.6404799999999966,0.24232000000000653,0.4085909999999977,0.3409639999999996,0.8245092999999999,0.43857999999998754,0.6190340000000027,0.144440000000003
31,0.09012799999999999,0.21759400000000007,0.24934809999999974,0.1256389999999996,0.2531173000000013,0.14866840000000003,0.23059800000000052,0.2507980000000032,0.8528219999999997,0.5752099999999984,0.24743999999999744,0.42271399999999915,0.3256920000000001,0.9279308999999998,0.4783740000000023,0.6195869999999992,0.15168200000000098
32,0.008879000000000303,0.12125699999999995,0.1566212999999994,0.07765999999999984,0.15282330000000144,0.09830870000000003,0.14315399999999912,0.1445369999999997,0.569623,0.3975099999999827,0.15228000000000463,0.2770690000000009,0.19861299999999815,0.5540056999999994,0.32927000000000817,0.3779740000000018,0.09556700000000262
33,0.08486600000000166,0.21909699999999965,0.24877269999999996,0.12431699999999957,0.2502993,0.14686960000000004,0.22876300000000072,0.24669000000000096,0.8592709999999997,0.5804799999999943,0.23129000000000133,0.4024239999999999,0.28659700000000043,0.8692671999999995,0.4713029999999918,0.607685,0.14762400000000042
25,0.09245500000000106,0.21965500000000127,0.2562503999999999,0.1293349999999993,0.26084830000000103,0.15255829999999992,0.23873199999999883,0.2663610000000034,0.8911219999999993,0.5978999999999814,0.25444000000000244,0.3993210000000005,0.34680799999999934,0.9590008999999995,0.46898900000000765,0.633030999999999,0.15322100000000205
26,0.09990300000000119,0.23144600000000004,0.27234979999999975,0.1377600000000001,0.2787473000000009,0.1604793,0.2570359999999994,0.27676200000000506,0.9486469999999976,0.633529999999979,0.2711000000000041,0.4299299999999988,0.3980739999999976,1.0048947000000004,0.5013929999999931,0.6684459999999994,0.1652210000000025
27,0.09063000000000088,0.22349499999999978,0.2516071999999996,0.12854899999999958,0.2549173000000007,0.15108049999999995,0.22325400000000073,0.2489789999999985,0.8452179999999991,0.5656499999999767,0.23564000000000362,0.41355000000000075,0.36184399999999783,0.9634701000000003,0.4895309999999995,0.6462299999999992,0.15109600000000256
28,0.12019900000000305,0.27805500000000016,0.30487339999999996,0.15514299999999892,0.313664300000001,0.17743330000000013,0.28764400000000023,0.3207890000000049,1.046986999999998,0.7016399999999976,0.30548000000000286,0.47807399999999944,0.46043399999999934,1.1466186,0.601988999999989,0.745163999999999,0.17165700000000328
29,0.10566200000000237,0.2593829999999997,0.2895379999999994,0.14217099999999938,0.29074130000000054,0.1611988000000002,0.2729789999999994,0.2452390000000051,0.8504749999999994,0.5961299999999881,0.2781400000000076,0.4084559999999975,0.4383449999999982,0.9649666999999997,0.6081649999999996,0.6590350000000029,0.16492900000000077
30,0.08389100000000127,0.22050300000000078,0.24410370000000015,0.12384299999999904,0.24594330000000042,0.14741800000000005,0.22965400000000002,0.26676600000000406,0.9195449999999994,0.6404799999999966,0.24232000000000653,0.4085909999999977,0.3409639999999996,0.8245092999999999,0.43857999999998754,0.6190340000000027,0.144440000000003
31,0.09012799999999999,0.21759400000000007,0.24934809999999974,0.1256389999999996,0.2531173000000013,0.14866840000000003,0.23059800000000052,0.2507980000000032,0.8528219999999997,0.5752099999999984,0.24743999999999744,0.42271399999999915,0.3256920000000001,0.9279308999999998,0.4783740000000023,0.6195869999999992,0.15168200000000098
32,0.008879000000000303,0.12125699999999995,0.1566212999999994,0.07765999999999984,0.15282330000000144,0.09830870000000003,0.14315399999999912,0.1445369999999997,0.569623,0.3975099999999827,0.15228000000000463,0.2770690000000009,0.19861299999999815,0.5540056999999994,0.32927000000000817,0.3779740000000018,0.09556700000000262
33,0.08486600000000166,0.21909699999999965,0.24877269999999996,0.12431699999999957,0.2502993,0.14686960000000004,0.22876300000000072,0.24669000000000096,0.8592709999999997,0.5804799999999943,0.23129000000000133,0.4024239999999999,0.28659700000000043,0.8692671999999995,0.4713029999999918,0.607685,0.14762400000000042
34,0.10825800000000285,0.2722810000000013,0.3006459999999995,0.14901500000000034,0.29424030000000023,0.17202319999999993,0.26189600000000013,0.3100939999999994,1.0225380000000008,0.6905399999999986,0.2953499999999991,0.5063579999999988,0.5438520000000011,1.1668181999999998,0.556640999999999,0.732956999999999,0.1700879999999998
26,0.09990300000000119,0.23144600000000004,0.27234979999999975,0.1377600000000001,0.2787473000000009,0.1604793,0.2570359999999994,0.27676200000000506,0.9486469999999976,0.633529999999979,0.2711000000000041,0.4299299999999988,0.3980739999999976,1.0048947000000004,0.5013929999999931,0.6684459999999994,0.1652210000000025
27,0.09063000000000088,0.22349499999999978,0.2516071999999996,0.12854899999999958,0.2549173000000007,0.15108049999999995,0.22325400000000073,0.2489789999999985,0.8452179999999991,0.5656499999999767,0.23564000000000362,0.41355000000000075,0.36184399999999783,0.9634701000000003,0.4895309999999995,0.6462299999999992,0.15109600000000256
28,0.12019900000000305,0.27805500000000016,0.30487339999999996,0.15514299999999892,0.313664300000001,0.17743330000000013,0.28764400000000023,0.3207890000000049,1.046986999999998,0.7016399999999976,0.30548000000000286,0.47807399999999944,0.46043399999999934,1.1466186,0.601988999999989,0.745163999999999,0.17165700000000328
29,0.10566200000000237,0.2593829999999997,0.2895379999999994,0.14217099999999938,0.29074130000000054,0.1611988000000002,0.2729789999999994,0.2452390000000051,0.8504749999999994,0.5961299999999881,0.2781400000000076,0.4084559999999975,0.4383449999999982,0.9649666999999997,0.6081649999999996,0.6590350000000029,0.16492900000000077
30,0.08389100000000127,0.22050300000000078,0.24410370000000015,0.12384299999999904,0.24594330000000042,0.14741800000000005,0.22965400000000002,0.26676600000000406,0.9195449999999994,0.6404799999999966,0.24232000000000653,0.4085909999999977,0.3409639999999996,0.8245092999999999,0.43857999999998754,0.6190340000000027,0.144440000000003
31,0.09012799999999999,0.21759400000000007,0.24934809999999974,0.1256389999999996,0.2531173000000013,0.14866840000000003,0.23059800000000052,0.2507980000000032,0.8528219999999997,0.5752099999999984,0.24743999999999744,0.42271399999999915,0.3256920000000001,0.9279308999999998,0.4783740000000023,0.6195869999999992,0.15168200000000098
32,0.008879000000000303,0.12125699999999995,0.1566212999999994,0.07765999999999984,0.15282330000000144,0.09830870000000003,0.14315399999999912,0.1445369999999997,0.569623,0.3975099999999827,0.15228000000000463,0.2770690000000009,0.19861299999999815,0.5540056999999994,0.32927000000000817,0.3779740000000018,0.09556700000000262
33,0.08486600000000166,0.21909699999999965,0.24877269999999996,0.12431699999999957,0.2502993,0.14686960000000004,0.22876300000000072,0.24669000000000096,0.8592709999999997,0.5804799999999943,0.23129000000000133,0.4024239999999999,0.28659700000000043,0.8692671999999995,0.4713029999999918,0.607685,0.14762400000000042
34,0.10825800000000285,0.2722810000000013,0.3006459999999995,0.14901500000000034,0.29424030000000023,0.17202319999999993,0.26189600000000013,0.3100939999999994,1.0225380000000008,0.6905399999999986,0.2953499999999991,0.5063579999999988,0.5438520000000011,1.1668181999999998,0.556640999999999,0.732956999999999,0.1700879999999998
35,0.12444699999999997,0.3030609999999996,0.3223994999999995,0.16562699999999886,0.33339229999999986,0.18809060000000022,0.3053229999999978,0.3530810000000031,1.1376829999999991,0.761509999999987,0.32447000000000514,0.528255999999999,0.5790879999999987,1.2486959999999998,0.6214610000000107,0.7888629999999992,0.1858700000000013
27,0.09063000000000088,0.22349499999999978,0.2516071999999996,0.12854899999999958,0.2549173000000007,0.15108049999999995,0.22325400000000073,0.2489789999999985,0.8452179999999991,0.5656499999999767,0.23564000000000362,0.41355000000000075,0.36184399999999783,0.9634701000000003,0.4895309999999995,0.6462299999999992,0.15109600000000256
28,0.12019900000000305,0.27805500000000016,0.30487339999999996,0.15514299999999892,0.313664300000001,0.17743330000000013,0.28764400000000023,0.3207890000000049,1.046986999999998,0.7016399999999976,0.30548000000000286,0.47807399999999944,0.46043399999999934,1.1466186,0.601988999999989,0.745163999999999,0.17165700000000328
29,0.10566200000000237,0.2593829999999997,0.2895379999999994,0.14217099999999938,0.29074130000000054,0.1611988000000002,0.2729789999999994,0.2452390000000051,0.8504749999999994,0.5961299999999881,0.2781400000000076,0.4084559999999975,0.4383449999999982,0.9649666999999997,0.6081649999999996,0.6590350000000029,0.16492900000000077
30,0.08389100000000127,0.22050300000000078,0.24410370000000015,0.12384299999999904,0.24594330000000042,0.14741800000000005,0.22965400000000002,0.26676600000000406,0.9195449999999994,0.6404799999999966,0.24232000000000653,0.4085909999999977,0.3409639999999996,0.8245092999999999,0.43857999999998754,0.6190340000000027,0.144440000000003
31,0.09012799999999999,0.21759400000000007,0.24934809999999974,0.1256389999999996,0.2531173000000013,0.14866840000000003,0.23059800000000052,0.2507980000000032,0.8528219999999997,0.5752099999999984,0.24743999999999744,0.42271399999999915,0.3256920000000001,0.9279308999999998,0.4783740000000023,0.6195869999999992,0.15168200000000098
32,0.008879000000000303,0.12125699999999995,0.1566212999999994,0.07765999999999984,0.15282330000000144,0.09830870000000003,0.14315399999999912,0.1445369999999997,0.569623,0.3975099999999827,0.15228000000000463,0.2770690000000009,0.19861299999999815,0.5540056999999994,0.32927000000000817,0.3779740000000018,0.09556700000000262
33,0.08486600000000166,0.21909699999999965,0.24877269999999996,0.12431699999999957,0.2502993,0.14686960000000004,0.22876300000000072,0.24669000000000096,0.8592709999999997,0.5804799999999943,0.23129000000000133,0.4024239999999999,0.28659700000000043,0.8692671999999995,0.4713029999999918,0.607685,0.14762400000000042
34,0.10825800000000285,0.2722810000000013,0.3006459999999995,0.14901500000000034,0.29424030000000023,0.17202319999999993,0.26189600000000013,0.3100939999999994,1.0225380000000008,0.6905399999999986,0.2953499999999991,0.5063579999999988,0.5438520000000011,1.1668181999999998,0.556640999999999,0.732956999999999,0.1700879999999998
35,0.12444699999999997,0.3030609999999996,0.3223994999999995,0.16562699999999886,0.33339229999999986,0.18809060000000022,0.3053229999999978,0.3530810000000031,1.1376829999999991,0.761509999999987,0.32447000000000514,0.528255999999999,0.5790879999999987,1.2486959999999998,0.6214610000000107,0.7888629999999992,0.1858700000000013
36,0.11420999999999992,0.2849320000000013,0.31110279999999957,0.15600399999999937,0.31268830000000136,0.17479179999999994,0.2705409999999979,0.28253200000000334,0.9547039999999996,0.6341999999999928,0.27073000000000036,0.4826859999999975,0.4418620000000004,1.0352471000000003,0.6249179999999939,0.7598209999999987,0.17511000000000365
28,0.12019900000000305,0.27805500000000016,0.30487339999999996,0.15514299999999892,0.313664300000001,0.17743330000000013,0.28764400000000023,0.3207890000000049,1.046986999999998,0.7016399999999976,0.30548000000000286,0.47807399999999944,0.46043399999999934,1.1466186,0.601988999999989,0.745163999999999,0.17165700000000328
29,0.10566200000000237,0.2593829999999997,0.2895379999999994,0.14217099999999938,0.29074130000000054,0.1611988000000002,0.2729789999999994,0.2452390000000051,0.8504749999999994,0.5961299999999881,0.2781400000000076,0.4084559999999975,0.4383449999999982,0.9649666999999997,0.6081649999999996,0.6590350000000029,0.16492900000000077
30,0.08389100000000127,0.22050300000000078,0.24410370000000015,0.12384299999999904,0.24594330000000042,0.14741800000000005,0.22965400000000002,0.26676600000000406,0.9195449999999994,0.6404799999999966,0.24232000000000653,0.4085909999999977,0.3409639999999996,0.8245092999999999,0.43857999999998754,0.6190340000000027,0.144440000000003
31,0.09012799999999999,0.21759400000000007,0.24934809999999974,0.1256389999999996,0.2531173000000013,0.14866840000000003,0.23059800000000052,0.2507980000000032,0.8528219999999997,0.5752099999999984,0.24743999999999744,0.42271399999999915,0.3256920000000001,0.9279308999999998,0.4783740000000023,0.6195869999999992,0.15168200000000098
32,0.008879000000000303,0.12125699999999995,0.1566212999999994,0.07765999999999984,0.15282330000000144,0.09830870000000003,0.14315399999999912,0.1445369999999997,0.569623,0.3975099999999827,0.15228000000000463,0.2770690000000009,0.19861299999999815,0.5540056999999994,0.32927000000000817,0.3779740000000018,0.09556700000000262
33,0.08486600000000166,0.21909699999999965,0.24877269999999996,0.12431699999999957,0.2502993,0.14686960000000004,0.22876300000000072,0.24669000000000096,0.8592709999999997,0.5804799999999943,0.23129000000000133,0.4024239999999999,0.28659700000000043,0.8692671999999995,0.4713029999999918,0.607685,0.14762400000000042
34,0.10825800000000285,0.2722810000000013,0.3006459999999995,0.14901500000000034,0.29424030000000023,0.17202319999999993,0.26189600000000013,0.3100939999999994,1.0225380000000008,0.6905399999999986,0.2953499999999991,0.5063579999999988,0.5438520000000011,1.1668181999999998,0.556640999999999,0.732956999999999,0.1700879999999998
35,0.12444699999999997,0.3030609999999996,0.3223994999999995,0.16562699999999886,0.33339229999999986,0.18809060000000022,0.3053229999999978,0.3530810000000031,1.1376829999999991,0.761509999999987,0.32447000000000514,0.528255999999999,0.5790879999999987,1.2486959999999998,0.6214610000000107,0.7888629999999992,0.1858700000000013
36,0.11420999999999992,0.2849320000000013,0.31110279999999957,0.15600399999999937,0.31268830000000136,0.17479179999999994,0.2705409999999979,0.28253200000000334,0.9547039999999996,0.6341999999999928,0.27073000000000036,0.4826859999999975,0.4418620000000004,1.0352471000000003,0.6249179999999939,0.7598209999999987,0.17511000000000365
37,0.12050900000000198,0.28756800000000027,0.3247726999999996,0.1630749999999992,0.32976030000000023,0.18299090000000007,0.30002199999999846,0.32475000000000165,1.0940100000000008,0.7292300000000012,0.29081000000000756,0.48948899999999895,0.3786290000000001,1.1082327999999997,0.5807040000000114,0.7736979999999996,0.18037600000000253
29,0.10566200000000237,0.2593829999999997,0.2895379999999994,0.14217099999999938,0.29074130000000054,0.1611988000000002,0.2729789999999994,0.2452390000000051,0.8504749999999994,0.5961299999999881,0.2781400000000076,0.4084559999999975,0.4383449999999982,0.9649666999999997,0.6081649999999996,0.6590350000000029,0.16492900000000077
30,0.08389100000000127,0.22050300000000078,0.24410370000000015,0.12384299999999904,0.24594330000000042,0.14741800000000005,0.22965400000000002,0.26676600000000406,0.9195449999999994,0.6404799999999966,0.24232000000000653,0.4085909999999977,0.3409639999999996,0.8245092999999999,0.43857999999998754,0.6190340000000027,0.144440000000003
31,0.09012799999999999,0.21759400000000007,0.24934809999999974,0.1256389999999996,0.2531173000000013,0.14866840000000003,0.23059800000000052,0.2507980000000032,0.8528219999999997,0.5752099999999984,0.24743999999999744,0.42271399999999915,0.3256920000000001,0.9279308999999998,0.4783740000000023,0.6195869999999992,0.15168200000000098
32,0.008879000000000303,0.12125699999999995,0.1566212999999994,0.07765999999999984,0.15282330000000144,0.09830870000000003,0.14315399999999912,0.1445369999999997,0.569623,0.3975099999999827,0.15228000000000463,0.2770690000000009,0.19861299999999815,0.5540056999999994,0.32927000000000817,0.3779740000000018,0.09556700000000262
33,0.08486600000000166,0.21909699999999965,0.24877269999999996,0.12431699999999957,0.2502993,0.14686960000000004,0.22876300000000072,0.24669000000000096,0.8592709999999997,0.5804799999999943,0.23129000000000133,0.4024239999999999,0.28659700000000043,0.8692671999999995,0.4713029999999918,0.607685,0.14762400000000042
34,0.10825800000000285,0.2722810000000013,0.3006459999999995,0.14901500000000034,0.29424030000000023,0.17202319999999993,0.26189600000000013,0.3100939999999994,1.0225380000000008,0.6905399999999986,0.2953499999999991,0.5063579999999988,0.5438520000000011,1.1668181999999998,0.556640999999999,0.732956999999999,0.1700879999999998
35,0.12444699999999997,0.3030609999999996,0.3223994999999995,0.16562699999999886,0.33339229999999986,0.18809060000000022,0.3053229999999978,0.3530810000000031,1.1376829999999991,0.761509999999987,0.32447000000000514,0.528255999999999,0.5790879999999987,1.2486959999999998,0.6214610000000107,0.7888629999999992,0.1858700000000013
36,0.11420999999999992,0.2849320000000013,0.31110279999999957,0.15600399999999937,0.31268830000000136,0.17479179999999994,0.2705409999999979,0.28253200000000334,0.9547039999999996,0.6341999999999928,0.27073000000000036,0.4826859999999975,0.4418620000000004,1.0352471000000003,0.6249179999999939,0.7598209999999987,0.17511000000000365
37,0.12050900000000198,0.28756800000000027,0.3247726999999996,0.1630749999999992,0.32976030000000023,0.18299090000000007,0.30002199999999846,0.32475000000000165,1.0940100000000008,0.7292300000000012,0.29081000000000756,0.48948899999999895,0.3786290000000001,1.1082327999999997,0.5807040000000114,0.7736979999999996,0.18037600000000253
38,0.12311300000000003,0.2985009999999999,0.32602580000000003,0.16402500000000053,0.3311433000000008,0.18299149999999997,0.3045720000000003,0.28883100000000184,0.9946289999999998,0.6948399999999992,0.3267500000000041,0.5057380000000009,0.5320439999999991,1.138675,0.7061320000000109,0.8013629999999985,0.1783490000000043
30,0.08389100000000127,0.22050300000000078,0.24410370000000015,0.12384299999999904,0.24594330000000042,0.14741800000000005,0.22965400000000002,0.26676600000000406,0.9195449999999994,0.6404799999999966,0.24232000000000653,0.4085909999999977,0.3409639999999996,0.8245092999999999,0.43857999999998754,0.6190340000000027,0.144440000000003
31,0.09012799999999999,0.21759400000000007,0.24934809999999974,0.1256389999999996,0.2531173000000013,0.14866840000000003,0.23059800000000052,0.2507980000000032,0.8528219999999997,0.5752099999999984,0.24743999999999744,0.42271399999999915,0.3256920000000001,0.9279308999999998,0.4783740000000023,0.6195869999999992,0.15168200000000098
32,0.008879000000000303,0.12125699999999995,0.1566212999999994,0.07765999999999984,0.15282330000000144,0.09830870000000003,0.14315399999999912,0.1445369999999997,0.569623,0.3975099999999827,0.15228000000000463,0.2770690000000009,0.19861299999999815,0.5540056999999994,0.32927000000000817,0.3779740000000018,0.09556700000000262
33,0.08486600000000166,0.21909699999999965,0.24877269999999996,0.12431699999999957,0.2502993,0.14686960000000004,0.22876300000000072,0.24669000000000096,0.8592709999999997,0.5804799999999943,0.23129000000000133,0.4024239999999999,0.28659700000000043,0.8692671999999995,0.4713029999999918,0.607685,0.14762400000000042
34,0.10825800000000285,0.2722810000000013,0.3006459999999995,0.14901500000000034,0.29424030000000023,0.17202319999999993,0.26189600000000013,0.3100939999999994,1.0225380000000008,0.6905399999999986,0.2953499999999991,0.5063579999999988,0.5438520000000011,1.1668181999999998,0.556640999999999,0.732956999999999,0.1700879999999998
35,0.12444699999999997,0.3030609999999996,0.3223994999999995,0.16562699999999886,0.33339229999999986,0.18809060000000022,0.3053229999999978,0.3530810000000031,1.1376829999999991,0.761509999999987,0.32447000000000514,0.528255999999999,0.5790879999999987,1.2486959999999998,0.6214610000000107,0.7888629999999992,0.1858700000000013
36,0.11420999999999992,0.2849320000000013,0.31110279999999957,0.15600399999999937,0.31268830000000136,0.17479179999999994,0.2705409999999979,0.28253200000000334,0.9547039999999996,0.6341999999999928,0.27073000000000036,0.4826859999999975,0.4418620000000004,1.0352471000000003,0.6249179999999939,0.7598209999999987,0.17511000000000365
37,0.12050900000000198,0.28756800000000027,0.3247726999999996,0.1630749999999992,0.32976030000000023,0.18299090000000007,0.30002199999999846,0.32475000000000165,1.0940100000000008,0.7292300000000012,0.29081000000000756,0.48948899999999895,0.3786290000000001,1.1082327999999997,0.5807040000000114,0.7736979999999996,0.18037600000000253
38,0.12311300000000003,0.2985009999999999,0.32602580000000003,0.16402500000000053,0.3311433000000008,0.18299149999999997,0.3045720000000003,0.28883100000000184,0.9946289999999998,0.6948399999999992,0.3267500000000041,0.5057380000000009,0.5320439999999991,1.138675,0.7061320000000109,0.8013629999999985,0.1783490000000043
39,0.07694200000000251,0.1795100000000005,0.22565789999999986,0.10899599999999943,0.21536329999999992,0.13214900000000007,0.1926489999999994,0.224575999999999,0.7281480000000009,0.4984900000000039,0.21886999999999546,0.3677589999999995,0.3175559999999997,0.8561174999999999,0.43491799999999614,0.5620069999999977,0.13488300000000208
31,0.09012799999999999,0.21759400000000007,0.24934809999999974,0.1256389999999996,0.2531173000000013,0.14866840000000003,0.23059800000000052,0.2507980000000032,0.8528219999999997,0.5752099999999984,0.24743999999999744,0.42271399999999915,0.3256920000000001,0.9279308999999998,0.4783740000000023,0.6195869999999992,0.15168200000000098
32,0.008879000000000303,0.12125699999999995,0.1566212999999994,0.07765999999999984,0.15282330000000144,0.09830870000000003,0.14315399999999912,0.1445369999999997,0.569623,0.3975099999999827,0.15228000000000463,0.2770690000000009,0.19861299999999815,0.5540056999999994,0.32927000000000817,0.3779740000000018,0.09556700000000262
33,0.08486600000000166,0.21909699999999965,0.24877269999999996,0.12431699999999957,0.2502993,0.14686960000000004,0.22876300000000072,0.24669000000000096,0.8592709999999997,0.5804799999999943,0.23129000000000133,0.4024239999999999,0.28659700000000043,0.8692671999999995,0.4713029999999918,0.607685,0.14762400000000042
34,0.10825800000000285,0.2722810000000013,0.3006459999999995,0.14901500000000034,0.29424030000000023,0.17202319999999993,0.26189600000000013,0.3100939999999994,1.0225380000000008,0.6905399999999986,0.2953499999999991,0.5063579999999988,0.5438520000000011,1.1668181999999998,0.556640999999999,0.732956999999999,0.1700879999999998
35,0.12444699999999997,0.3030609999999996,0.3223994999999995,0.16562699999999886,0.33339229999999986,0.18809060000000022,0.3053229999999978,0.3530810000000031,1.1376829999999991,0.761509999999987,0.32447000000000514,0.528255999999999,0.5790879999999987,1.2486959999999998,0.6214610000000107,0.7888629999999992,0.1858700000000013
36,0.11420999999999992,0.2849320000000013,0.31110279999999957,0.15600399999999937,0.31268830000000136,0.17479179999999994,0.2705409999999979,0.28253200000000334,0.9547039999999996,0.6341999999999928,0.27073000000000036,0.4826859999999975,0.4418620000000004,1.0352471000000003,0.6249179999999939,0.7598209999999987,0.17511000000000365
37,0.12050900000000198,0.28756800000000027,0.3247726999999996,0.1630749999999992,0.32976030000000023,0.18299090000000007,0.30002199999999846,0.32475000000000165,1.0940100000000008,0.7292300000000012,0.29081000000000756,0.48948899999999895,0.3786290000000001,1.1082327999999997,0.5807040000000114,0.7736979999999996,0.18037600000000253
38,0.12311300000000003,0.2985009999999999,0.32602580000000003,0.16402500000000053,0.3311433000000008,0.18299149999999997,0.3045720000000003,0.28883100000000184,0.9946289999999998,0.6948399999999992,0.3267500000000041,0.5057380000000009,0.5320439999999991,1.138675,0.7061320000000109,0.8013629999999985,0.1783490000000043
39,0.07694200000000251,0.1795100000000005,0.22565789999999986,0.10899599999999943,0.21536329999999992,0.13214900000000007,0.1926489999999994,0.224575999999999,0.7281480000000009,0.4984900000000039,0.21886999999999546,0.3677589999999995,0.3175559999999997,0.8561174999999999,0.43491799999999614,0.5620069999999977,0.13488300000000208
40,0.08643400000000057,0.2143499999999996,0.24428619999999945,0.12226500000000051,0.24714729999999996,0.1452707000000002,0.22613600000000034,0.2417830000000052,0.8347079999999991,0.5617199999999798,0.23749999999999716,0.40098899999999915,0.29920299999999855,0.8917725999999995,0.46447700000000225,0.5896690000000007,0.14851800000000281
32,0.008879000000000303,0.12125699999999995,0.1566212999999994,0.07765999999999984,0.15282330000000144,0.09830870000000003,0.14315399999999912,0.1445369999999997,0.569623,0.3975099999999827,0.15228000000000463,0.2770690000000009,0.19861299999999815,0.5540056999999994,0.32927000000000817,0.3779740000000018,0.09556700000000262
33,0.08486600000000166,0.21909699999999965,0.24877269999999996,0.12431699999999957,0.2502993,0.14686960000000004,0.22876300000000072,0.24669000000000096,0.8592709999999997,0.5804799999999943,0.23129000000000133,0.4024239999999999,0.28659700000000043,0.8692671999999995,0.4713029999999918,0.607685,0.14762400000000042
34,0.10825800000000285,0.2722810000000013,0.3006459999999995,0.14901500000000034,0.29424030000000023,0.17202319999999993,0.26189600000000013,0.3100939999999994,1.0225380000000008,0.6905399999999986,0.2953499999999991,0.5063579999999988,0.5438520000000011,1.1668181999999998,0.556640999999999,0.732956999999999,0.1700879999999998
35,0.12444699999999997,0.3030609999999996,0.3223994999999995,0.16562699999999886,0.33339229999999986,0.18809060000000022,0.3053229999999978,0.3530810000000031,1.1376829999999991,0.761509999999987,0.32447000000000514,0.528255999999999,0.5790879999999987,1.2486959999999998,0.6214610000000107,0.7888629999999992,0.1858700000000013
36,0.11420999999999992,0.2849320000000013,0.31110279999999957,0.15600399999999937,0.31268830000000136,0.17479179999999994,0.2705409999999979,0.28253200000000334,0.9547039999999996,0.6341999999999928,0.27073000000000036,0.4826859999999975,0.4418620000000004,1.0352471000000003,0.6249179999999939,0.7598209999999987,0.17511000000000365
37,0.12050900000000198,0.28756800000000027,0.3247726999999996,0.1630749999999992,0.32976030000000023,0.18299090000000007,0.30002199999999846,0.32475000000000165,1.0940100000000008,0.7292300000000012,0.29081000000000756,0.48948899999999895,0.3786290000000001,1.1082327999999997,0.5807040000000114,0.7736979999999996,0.18037600000000253
38,0.12311300000000003,0.2985009999999999,0.32602580000000003,0.16402500000000053,0.3311433000000008,0.18299149999999997,0.3045720000000003,0.28883100000000184,0.9946289999999998,0.6948399999999992,0.3267500000000041,0.5057380000000009,0.5320439999999991,1.138675,0.7061320000000109,0.8013629999999985,0.1783490000000043
39,0.07694200000000251,0.1795100000000005,0.22565789999999986,0.10899599999999943,0.21536329999999992,0.13214900000000007,0.1926489999999994,0.224575999999999,0.7281480000000009,0.4984900000000039,0.21886999999999546,0.3677589999999995,0.3175559999999997,0.8561174999999999,0.43491799999999614,0.5620069999999977,0.13488300000000208
40,0.08643400000000057,0.2143499999999996,0.24428619999999945,0.12226500000000051,0.24714729999999996,0.1452707000000002,0.22613600000000034,0.2417830000000052,0.8347079999999991,0.5617199999999798,0.23749999999999716,0.40098899999999915,0.29920299999999855,0.8917725999999995,0.46447700000000225,0.5896690000000007,0.14851800000000281
41,0.08602000000000132,0.2188320000000008,0.24517409999999984,0.1249640000000003,0.2449103000000008,0.14673939999999996,0.20869499999999874,0.24250700000000336,0.8070649999999979,0.5415299999999945,0.2229600000000005,0.3963959999999993,0.3610830000000007,0.9144584,0.47762199999999666,0.6474969999999978,0.14414899999999875
33,0.08486600000000166,0.21909699999999965,0.24877269999999996,0.12431699999999957,0.2502993,0.14686960000000004,0.22876300000000072,0.24669000000000096,0.8592709999999997,0.5804799999999943,0.23129000000000133,0.4024239999999999,0.28659700000000043,0.8692671999999995,0.4713029999999918,0.607685,0.14762400000000042
34,0.10825800000000285,0.2722810000000013,0.3006459999999995,0.14901500000000034,0.29424030000000023,0.17202319999999993,0.26189600000000013,0.3100939999999994,1.0225380000000008,0.6905399999999986,0.2953499999999991,0.5063579999999988,0.5438520000000011,1.1668181999999998,0.556640999999999,0.732956999999999,0.1700879999999998
35,0.12444699999999997,0.3030609999999996,0.3223994999999995,0.16562699999999886,0.33339229999999986,0.18809060000000022,0.3053229999999978,0.3530810000000031,1.1376829999999991,0.761509999999987,0.32447000000000514,0.528255999999999,0.5790879999999987,1.2486959999999998,0.6214610000000107,0.7888629999999992,0.1858700000000013
36,0.11420999999999992,0.2849320000000013,0.31110279999999957,0.15600399999999937,0.31268830000000136,0.17479179999999994,0.2705409999999979,0.28253200000000334,0.9547039999999996,0.6341999999999928,0.27073000000000036,0.4826859999999975,0.4418620000000004,1.0352471000000003,0.6249179999999939,0.7598209999999987,0.17511000000000365
37,0.12050900000000198,0.28756800000000027,0.3247726999999996,0.1630749999999992,0.32976030000000023,0.18299090000000007,0.30002199999999846,0.32475000000000165,1.0940100000000008,0.7292300000000012,0.29081000000000756,0.48948899999999895,0.3786290000000001,1.1082327999999997,0.5807040000000114,0.7736979999999996,0.18037600000000253
38,0.12311300000000003,0.2985009999999999,0.32602580000000003,0.16402500000000053,0.3311433000000008,0.18299149999999997,0.3045720000000003,0.28883100000000184,0.9946289999999998,0.6948399999999992,0.3267500000000041,0.5057380000000009,0.5320439999999991,1.138675,0.7061320000000109,0.8013629999999985,0.1783490000000043
39,0.07694200000000251,0.1795100000000005,0.22565789999999986,0.10899599999999943,0.21536329999999992,0.13214900000000007,0.1926489999999994,0.224575999999999,0.7281480000000009,0.4984900000000039,0.21886999999999546,0.3677589999999995,0.3175559999999997,0.8561174999999999,0.43491799999999614,0.5620069999999977,0.13488300000000208
40,0.08643400000000057,0.2143499999999996,0.24428619999999945,0.12226500000000051,0.24714729999999996,0.1452707000000002,0.22613600000000034,0.2417830000000052,0.8347079999999991,0.5617199999999798,0.23749999999999716,0.40098899999999915,0.29920299999999855,0.8917725999999995,0.46447700000000225,0.5896690000000007,0.14851800000000281
41,0.08602000000000132,0.2188320000000008,0.24517409999999984,0.1249640000000003,0.2449103000000008,0.14673939999999996,0.20869499999999874,0.24250700000000336,0.8070649999999979,0.5415299999999945,0.2229600000000005,0.3963959999999993,0.3610830000000007,0.9144584,0.47762199999999666,0.6474969999999978,0.14414899999999875
42,0.1077520000000014,0.26738500000000087,0.29172960000000003,0.14654999999999951,0.29392130000000094,0.1663553000000002,0.2611069999999991,0.2624410000000026,0.9058619999999991,0.6122699999999952,0.27137000000000455,0.45357100000000017,0.4407650000000025,1.018306,0.5916470000000089,0.7311209999999981,0.16877099999999956
34,0.10825800000000285,0.2722810000000013,0.3006459999999995,0.14901500000000034,0.29424030000000023,0.17202319999999993,0.26189600000000013,0.3100939999999994,1.0225380000000008,0.6905399999999986,0.2953499999999991,0.5063579999999988,0.5438520000000011,1.1668181999999998,0.556640999999999,0.732956999999999,0.1700879999999998
35,0.12444699999999997,0.3030609999999996,0.3223994999999995,0.16562699999999886,0.33339229999999986,0.18809060000000022,0.3053229999999978,0.3530810000000031,1.1376829999999991,0.761509999999987,0.32447000000000514,0.528255999999999,0.5790879999999987,1.2486959999999998,0.6214610000000107,0.7888629999999992,0.1858700000000013
36,0.11420999999999992,0.2849320000000013,0.31110279999999957,0.15600399999999937,0.31268830000000136,0.17479179999999994,0.2705409999999979,0.28253200000000334,0.9547039999999996,0.6341999999999928,0.27073000000000036,0.4826859999999975,0.4418620000000004,1.0352471000000003,0.6249179999999939,0.7598209999999987,0.17511000000000365
37,0.12050900000000198,0.28756800000000027,0.3247726999999996,0.1630749999999992,0.32976030000000023,0.18299090000000007,0.30002199999999846,0.32475000000000165,1.0940100000000008,0.7292300000000012,0.29081000000000756,0.48948899999999895,0.3786290000000001,1.1082327999999997,0.5807040000000114,0.7736979999999996,0.18037600000000253
38,0.12311300000000003,0.2985009999999999,0.32602580000000003,0.16402500000000053,0.3311433000000008,0.18299149999999997,0.3045720000000003,0.28883100000000184,0.9946289999999998,0.6948399999999992,0.3267500000000041,0.5057380000000009,0.5320439999999991,1.138675,0.7061320000000109,0.8013629999999985,0.1783490000000043
39,0.07694200000000251,0.1795100000000005,0.22565789999999986,0.10899599999999943,0.21536329999999992,0.13214900000000007,0.1926489999999994,0.224575999999999,0.7281480000000009,0.4984900000000039,0.21886999999999546,0.3677589999999995,0.3175559999999997,0.8561174999999999,0.43491799999999614,0.5620069999999977,0.13488300000000208
40,0.08643400000000057,0.2143499999999996,0.24428619999999945,0.12226500000000051,0.24714729999999996,0.1452707000000002,0.22613600000000034,0.2417830000000052,0.8347079999999991,0.5617199999999798,0.23749999999999716,0.40098899999999915,0.29920299999999855,0.8917725999999995,0.46447700000000225,0.5896690000000007,0.14851800000000281
41,0.08602000000000132,0.2188320000000008,0.24517409999999984,0.1249640000000003,0.2449103000000008,0.14673939999999996,0.20869499999999874,0.24250700000000336,0.8070649999999979,0.5415299999999945,0.2229600000000005,0.3963959999999993,0.3610830000000007,0.9144584,0.47762199999999666,0.6474969999999978,0.14414899999999875
42,0.1077520000000014,0.26738500000000087,0.29172960000000003,0.14654999999999951,0.29392130000000094,0.1663553000000002,0.2611069999999991,0.2624410000000026,0.9058619999999991,0.6122699999999952,0.27137000000000455,0.45357100000000017,0.4407650000000025,1.018306,0.5916470000000089,0.7311209999999981,0.16877099999999956
43,0.08587900000000204,0.23079400000000128,0.2478933999999997,0.12244800000000033,0.24601330000000132,0.14278069999999987,0.22011999999999787,0.2173840000000027,0.7464009999999988,0.5103000000000009,0.22728000000000748,0.4051909999999985,0.3619600000000034,0.8481271999999995,0.5014329999999916,0.6127310000000001,0.142552000000002
35,0.12444699999999997,0.3030609999999996,0.3223994999999995,0.16562699999999886,0.33339229999999986,0.18809060000000022,0.3053229999999978,0.3530810000000031,1.1376829999999991,0.761509999999987,0.32447000000000514,0.528255999999999,0.5790879999999987,1.2486959999999998,0.6214610000000107,0.7888629999999992,0.1858700000000013
36,0.11420999999999992,0.2849320000000013,0.31110279999999957,0.15600399999999937,0.31268830000000136,0.17479179999999994,0.2705409999999979,0.28253200000000334,0.9547039999999996,0.6341999999999928,0.27073000000000036,0.4826859999999975,0.4418620000000004,1.0352471000000003,0.6249179999999939,0.7598209999999987,0.17511000000000365
37,0.12050900000000198,0.28756800000000027,0.3247726999999996,0.1630749999999992,0.32976030000000023,0.18299090000000007,0.30002199999999846,0.32475000000000165,1.0940100000000008,0.7292300000000012,0.29081000000000756,0.48948899999999895,0.3786290000000001,1.1082327999999997,0.5807040000000114,0.7736979999999996,0.18037600000000253
38,0.12311300000000003,0.2985009999999999,0.32602580000000003,0.16402500000000053,0.3311433000000008,0.18299149999999997,0.3045720000000003,0.28883100000000184,0.9946289999999998,0.6948399999999992,0.3267500000000041,0.5057380000000009,0.5320439999999991,1.138675,0.7061320000000109,0.8013629999999985,0.1783490000000043
39,0.07694200000000251,0.1795100000000005,0.22565789999999986,0.10899599999999943,0.21536329999999992,0.13214900000000007,0.1926489999999994,0.224575999999999,0.7281480000000009,0.4984900000000039,0.21886999999999546,0.3677589999999995,0.3175559999999997,0.8561174999999999,0.43491799999999614,0.5620069999999977,0.13488300000000208
40,0.08643400000000057,0.2143499999999996,0.24428619999999945,0.12226500000000051,0.24714729999999996,0.1452707000000002,0.22613600000000034,0.2417830000000052,0.8347079999999991,0.5617199999999798,0.23749999999999716,0.40098899999999915,0.29920299999999855,0.8917725999999995,0.46447700000000225,0.5896690000000007,0.14851800000000281
41,0.08602000000000132,0.2188320000000008,0.24517409999999984,0.1249640000000003,0.2449103000000008,0.14673939999999996,0.20869499999999874,0.24250700000000336,0.8070649999999979,0.5415299999999945,0.2229600000000005,0.3963959999999993,0.3610830000000007,0.9144584,0.47762199999999666,0.6474969999999978,0.14414899999999875
42,0.1077520000000014,0.26738500000000087,0.29172960000000003,0.14654999999999951,0.29392130000000094,0.1663553000000002,0.2611069999999991,0.2624410000000026,0.9058619999999991,0.6122699999999952,0.27137000000000455,0.45357100000000017,0.4407650000000025,1.018306,0.5916470000000089,0.7311209999999981,0.16877099999999956
43,0.08587900000000204,0.23079400000000128,0.2478933999999997,0.12244800000000033,0.24601330000000132,0.14278069999999987,0.22011999999999787,0.2173840000000027,0.7464009999999988,0.5103000000000009,0.22728000000000748,0.4051909999999985,0.3619600000000034,0.8481271999999995,0.5014329999999916,0.6127310000000001,0.142552000000002
44,-9.9999e+98,-9.9999e+98,-9.9999e+98,-9.9999e+98,-9.9999e+98,-9.9999e+98,0.0,0.07061200000000412,0.2662699999999987,0.21622999999999593,0.09977000000000658,0.16972399999999865,0.10889999999999844,0.27729110000000023,0.10106200000001309,0.11274799999999985,-9.9999e+98
36,0.11420999999999992,0.2849320000000013,0.31110279999999957,0.15600399999999937,0.31268830000000136,0.17479179999999994,0.2705409999999979,0.28253200000000334,0.9547039999999996,0.6341999999999928,0.27073000000000036,0.4826859999999975,0.4418620000000004,1.0352471000000003,0.6249179999999939,0.7598209999999987,0.17511000000000365
37,0.12050900000000198,0.28756800000000027,0.3247726999999996,0.1630749999999992,0.32976030000000023,0.18299090000000007,0.30002199999999846,0.32475000000000165,1.0940100000000008,0.7292300000000012,0.29081000000000756,0.48948899999999895,0.3786290000000001,1.1082327999999997,0.5807040000000114,0.7736979999999996,0.18037600000000253
38,0.12311300000000003,0.2985009999999999,0.32602580000000003,0.16402500000000053,0.3311433000000008,0.18299149999999997,0.3045720000000003,0.28883100000000184,0.9946289999999998,0.6948399999999992,0.3267500000000041,0.5057380000000009,0.5320439999999991,1.138675,0.7061320000000109,0.8013629999999985,0.1783490000000043
39,0.07694200000000251,0.1795100000000005,0.22565789999999986,0.10899599999999943,0.21536329999999992,0.13214900000000007,0.1926489999999994,0.224575999999999,0.7281480000000009,0.4984900000000039,0.21886999999999546,0.3677589999999995,0.3175559999999997,0.8561174999999999,0.43491799999999614,0.5620069999999977,0.13488300000000208
40,0.08643400000000057,0.2143499999999996,0.24428619999999945,0.12226500000000051,0.24714729999999996,0.1452707000000002,0.22613600000000034,0.2417830000000052,0.8347079999999991,0.5617199999999798,0.23749999999999716,0.40098899999999915,0.29920299999999855,0.8917725999999995,0.46447700000000225,0.5896690000000007,0.14851800000000281
41,0.08602000000000132,0.2188320000000008,0.24517409999999984,0.1249640000000003,0.2449103000000008,0.14673939999999996,0.20869499999999874,0.24250700000000336,0.8070649999999979,0.5415299999999945,0.2229600000000005,0.3963959999999993,0.3610830000000007,0.9144584,0.47762199999999666,0.6474969999999978,0.14414899999999875
42,0.1077520000000014,0.26738500000000087,0.29172960000000003,0.14654999999999951,0.29392130000000094,0.1663553000000002,0.2611069999999991,0.2624410000000026,0.9058619999999991,0.6122699999999952,0.27137000000000455,0.45357100000000017,0.4407650000000025,1.018306,0.5916470000000089,0.7311209999999981,0.16877099999999956
43,0.08587900000000204,0.23079400000000128,0.2478933999999997,0.12244800000000033,0.24601330000000132,0.14278069999999987,0.22011999999999787,0.2173840000000027,0.7464009999999988,0.5103000000000009,0.22728000000000748,0.4051909999999985,0.3619600000000034,0.8481271999999995,0.5014329999999916,0.6127310000000001,0.142552000000002
44,-9.9999e+98,-9.9999e+98,-9.9999e+98,-9.9999e+98,-9.9999e+98,-9.9999e+98,0.0,0.07061200000000412,0.2662699999999987,0.21622999999999593,0.09977000000000658,0.16972399999999865,0.10889999999999844,0.27729110000000023,0.10106200000001309,0.11274799999999985,-9.9999e+98
45,0.11597400000000135,0.287687,0.31521119999999936,0.15769599999999961,0.3172083000000008,0.17653320000000017,0.2875419999999984,0.2759410000000031,0.9622390000000003,0.6605999999999881,0.2987499999999983,0.4706279999999978,0.4758199999999988,1.0631525999999996,0.6507390000000015,0.7607390000000009,0.17511100000000113
37,0.12050900000000198,0.28756800000000027,0.3247726999999996,0.1630749999999992,0.32976030000000023,0.18299090000000007,0.30002199999999846,0.32475000000000165,1.0940100000000008,0.7292300000000012,0.29081000000000756,0.48948899999999895,0.3786290000000001,1.1082327999999997,0.5807040000000114,0.7736979999999996,0.18037600000000253
38,0.12311300000000003,0.2985009999999999,0.32602580000000003,0.16402500000000053,0.3311433000000008,0.18299149999999997,0.3045720000000003,0.28883100000000184,0.9946289999999998,0.6948399999999992,0.3267500000000041,0.5057380000000009,0.5320439999999991,1.138675,0.7061320000000109,0.8013629999999985,0.1783490000000043
39,0.07694200000000251,0.1795100000000005,0.22565789999999986,0.10899599999999943,0.21536329999999992,0.13214900000000007,0.1926489999999994,0.224575999999999,0.7281480000000009,0.4984900000000039,0.21886999999999546,0.3677589999999995,0.3175559999999997,0.8561174999999999,0.43491799999999614,0.5620069999999977,0.13488300000000208
40,0.08643400000000057,0.2143499999999996,0.24428619999999945,0.12226500000000051,0.24714729999999996,0.1452707000000002,0.22613600000000034,0.2417830000000052,0.8347079999999991,0.5617199999999798,0.23749999999999716,0.40098899999999915,0.29920299999999855,0.8917725999999995,0.46447700000000225,0.5896690000000007,0.14851800000000281
41,0.08602000000000132,0.2188320000000008,0.24517409999999984,0.1249640000000003,0.2449103000000008,0.14673939999999996,0.20869499999999874,0.24250700000000336,0.8070649999999979,0.5415299999999945,0.2229600000000005,0.3963959999999993,0.3610830000000007,0.9144584,0.47762199999999666,0.6474969999999978,0.14414899999999875
42,0.1077520000000014,0.26738500000000087,0.29172960000000003,0.14654999999999951,0.29392130000000094,0.1663553000000002,0.2611069999999991,0.2624410000000026,0.9058619999999991,0.6122699999999952,0.27137000000000455,0.45357100000000017,0.4407650000000025,1.018306,0.5916470000000089,0.7311209999999981,0.16877099999999956
43,0.08587900000000204,0.23079400000000128,0.2478933999999997,0.12244800000000033,0.24601330000000132,0.14278069999999987,0.22011999999999787,0.2173840000000027,0.7464009999999988,0.5103000000000009,0.22728000000000748,0.4051909999999985,0.3619600000000034,0.8481271999999995,0.5014329999999916,0.6127310000000001,0.142552000000002
44,-9.9999e+98,-9.9999e+98,-9.9999e+98,-9.9999e+98,-9.9999e+98,-9.9999e+98,0.0,0.07061200000000412,0.2662699999999987,0.21622999999999593,0.09977000000000658,0.16972399999999865,0.10889999999999844,0.27729110000000023,0.10106200000001309,0.11274799999999985,-9.9999e+98
45,0.11597400000000135,0.287687,0.31521119999999936,0.15769599999999961,0.3172083000000008,0.17653320000000017,0.2875419999999984,0.2759410000000031,0.9622390000000003,0.6605999999999881,0.2987499999999983,0.4706279999999978,0.4758199999999988,1.0631525999999996,0.6507390000000015,0.7607390000000009,0.17511100000000113
46,0.1083759999999998,0.259208000000001,0.2934057000000001,0.14585899999999974,0.2980923000000004,0.16707099999999997,0.27587099999999865,0.27592500000000086,0.9437449999999998,0.632710000000003,0.2839400000000012,0.4503699999999995,0.38992500000000163,1.0247854999999992,0.600915999999998,0.6888579999999997,0.16588800000000248
38,0.12311300000000003,0.2985009999999999,0.32602580000000003,0.16402500000000053,0.3311433000000008,0.18299149999999997,0.3045720000000003,0.28883100000000184,0.9946289999999998,0.6948399999999992,0.3267500000000041,0.5057380000000009,0.5320439999999991,1.138675,0.7061320000000109,0.8013629999999985,0.1783490000000043
39,0.07694200000000251,0.1795100000000005,0.22565789999999986,0.10899599999999943,0.21536329999999992,0.13214900000000007,0.1926489999999994,0.224575999999999,0.7281480000000009,0.4984900000000039,0.21886999999999546,0.3677589999999995,0.3175559999999997,0.8561174999999999,0.43491799999999614,0.5620069999999977,0.13488300000000208
40,0.08643400000000057,0.2143499999999996,0.24428619999999945,0.12226500000000051,0.24714729999999996,0.1452707000000002,0.22613600000000034,0.2417830000000052,0.8347079999999991,0.5617199999999798,0.23749999999999716,0.40098899999999915,0.29920299999999855,0.8917725999999995,0.46447700000000225,0.5896690000000007,0.14851800000000281
41,0.08602000000000132,0.2188320000000008,0.24517409999999984,0.1249640000000003,0.2449103000000008,0.14673939999999996,0.20869499999999874,0.24250700000000336,0.8070649999999979,0.5415299999999945,0.2229600000000005,0.3963959999999993,0.3610830000000007,0.9144584,0.47762199999999666,0.6474969999999978,0.14414899999999875
42,0.1077520000000014,0.26738500000000087,0.29172960000000003,0.14654999999999951,0.29392130000000094,0.1663553000000002,0.2611069999999991,0.2624410000000026,0.9058619999999991,0.6122699999999952,0.27137000000000455,0.45357100000000017,0.4407650000000025,1.018306,0.5916470000000089,0.7311209999999981,0.16877099999999956
43,0.08587900000000204,0.23079400000000128,0.2478933999999997,0.12244800000000033,0.24601330000000132,0.14278069999999987,0.22011999999999787,0.2173840000000027,0.7464009999999988,0.5103000000000009,0.22728000000000748,0.4051909999999985,0.3619600000000034,0.8481271999999995,0.5014329999999916,0.6127310000000001,0.142552000000002
44,-9.9999e+98,-9.9999e+98,-9.9999e+98,-9.9999e+98,-9.9999e+98,-9.9999e+98,0.0,0.07061200000000412,0.2662699999999987,0.21622999999999593,0.09977000000000658,0.16972399999999865,0.10889999999999844,0.27729110000000023,0.10106200000001309,0.11274799999999985,-9.9999e+98
45,0.11597400000000135,0.287687,0.31521119999999936,0.15769599999999961,0.3172083000000008,0.17653320000000017,0.2875419999999984,0.2759410000000031,0.9622390000000003,0.6605999999999881,0.2987499999999983,0.4706279999999978,0.4758199999999988,1.0631525999999996,0.6507390000000015,0.7607390000000009,0.17511100000000113
46,0.1083759999999998,0.259208000000001,0.2934057000000001,0.14585899999999974,0.2980923000000004,0.16707099999999997,0.27587099999999865,0.27592500000000086,0.9437449999999998,0.632710000000003,0.2839400000000012,0.4503699999999995,0.38992500000000163,1.0247854999999992,0.600915999999998,0.6888579999999997,0.16588800000000248
47,0.12784800000000018,0.3125619999999998,0.3442935999999994,0.17288899999999963,0.3515763000000014,0.19274790000000008,0.3262490000000007,0.3247600000000048,1.0896830000000008,0.7426299999999912,0.32853000000000065,0.5044210000000007,0.5139220000000009,1.2013885000000002,0.7255499999999984,0.8076570000000025,0.19995099999999866
39,0.07694200000000251,0.1795100000000005,0.22565789999999986,0.10899599999999943,0.21536329999999992,0.13214900000000007,0.1926489999999994,0.224575999999999,0.7281480000000009,0.4984900000000039,0.21886999999999546,0.3677589999999995,0.3175559999999997,0.8561174999999999,0.43491799999999614,0.5620069999999977,0.13488300000000208
40,0.08643400000000057,0.2143499999999996,0.24428619999999945,0.12226500000000051,0.24714729999999996,0.1452707000000002,0.22613600000000034,0.2417830000000052,0.8347079999999991,0.5617199999999798,0.23749999999999716,0.40098899999999915,0.29920299999999855,0.8917725999999995,0.46447700000000225,0.5896690000000007,0.14851800000000281
41,0.08602000000000132,0.2188320000000008,0.24517409999999984,0.1249640000000003,0.2449103000000008,0.14673939999999996,0.20869499999999874,0.24250700000000336,0.8070649999999979,0.5415299999999945,0.2229600000000005,0.3963959999999993,0.3610830000000007,0.9144584,0.47762199999999666,0.6474969999999978,0.14414899999999875
42,0.1077520000000014,0.26738500000000087,0.29172960000000003,0.14654999999999951,0.29392130000000094,0.1663553000000002,0.2611069999999991,0.2624410000000026,0.9058619999999991,0.6122699999999952,0.27137000000000455,0.45357100000000017,0.4407650000000025,1.018306,0.5916470000000089,0.7311209999999981,0.16877099999999956
43,0.08587900000000204,0.23079400000000128,0.2478933999999997,0.12244800000000033,0.24601330000000132,0.14278069999999987,0.22011999999999787,0.2173840000000027,0.7464009999999988,0.5103000000000009,0.22728000000000748,0.4051909999999985,0.3619600000000034,0.8481271999999995,0.5014329999999916,0.6127310000000001,0.142552000000002
44,-9.9999e+98,-9.9999e+98,-9.9999e+98,-9.9999e+98,-9.9999e+98,-9.9999e+98,0.0,0.07061200000000412,0.2662699999999987,0.21622999999999593,0.09977000000000658,0.16972399999999865,0.10889999999999844,0.27729110000000023,0.10106200000001309,0.11274799999999985,-9.9999e+98
45,0.11597400000000135,0.287687,0.31521119999999936,0.15769599999999961,0.3172083000000008,0.17653320000000017,0.2875419999999984,0.2759410000000031,0.9622390000000003,0.6605999999999881,0.2987499999999983,0.4706279999999978,0.4758199999999988,1.0631525999999996,0.6507390000000015,0.7607390000000009,0.17511100000000113
46,0.1083759999999998,0.259208000000001,0.2934057000000001,0.14585899999999974,0.2980923000000004,0.16707099999999997,0.27587099999999865,0.27592500000000086,0.9437449999999998,0.632710000000003,0.2839400000000012,0.4503699999999995,0.38992500000000163,1.0247854999999992,0.600915999999998,0.6888579999999997,0.16588800000000248
47,0.12784800000000018,0.3125619999999998,0.3442935999999994,0.17288899999999963,0.3515763000000014,0.19274790000000008,0.3262490000000007,0.3247600000000048,1.0896830000000008,0.7426299999999912,0.32853000000000065,0.5044210000000007,0.5139220000000009,1.2013885000000002,0.7255499999999984,0.8076570000000025,0.19995099999999866
48,0.11045700000000025,0.26764400000000066,0.31452429999999953,0.14949000000000012,0.29683430000000044,0.17254820000000004,0.27514599999999945,0.3310340000000025,1.0835319999999982,0.7255799999999795,0.29922999999999433,0.5002479999999991,0.5898430000000019,1.1384613999999997,0.47924799999999834,0.7278759999999984,0.1703030000000041
40,0.08643400000000057,0.2143499999999996,0.24428619999999945,0.12226500000000051,0.24714729999999996,0.1452707000000002,0.22613600000000034,0.2417830000000052,0.8347079999999991,0.5617199999999798,0.23749999999999716,0.40098899999999915,0.29920299999999855,0.8917725999999995,0.46447700000000225,0.5896690000000007,0.14851800000000281
41,0.08602000000000132,0.2188320000000008,0.24517409999999984,0.1249640000000003,0.2449103000000008,0.14673939999999996,0.20869499999999874,0.24250700000000336,0.8070649999999979,0.5415299999999945,0.2229600000000005,0.3963959999999993,0.3610830000000007,0.9144584,0.47762199999999666,0.6474969999999978,0.14414899999999875
42,0.1077520000000014,0.26738500000000087,0.29172960000000003,0.14654999999999951,0.29392130000000094,0.1663553000000002,0.2611069999999991,0.2624410000000026,0.9058619999999991,0.6122699999999952,0.27137000000000455,0.45357100000000017,0.4407650000000025,1.018306,0.5916470000000089,0.7311209999999981,0.16877099999999956
43,0.08587900000000204,0.23079400000000128,0.2478933999999997,0.12244800000000033,0.24601330000000132,0.14278069999999987,0.22011999999999787,0.2173840000000027,0.7464009999999988,0.5103000000000009,0.22728000000000748,0.4051909999999985,0.3619600000000034,0.8481271999999995,0.5014329999999916,0.6127310000000001,0.142552000000002
44,-9.9999e+98,-9.9999e+98,-9.9999e+98,-9.9999e+98,-9.9999e+98,-9.9999e+98,0.0,0.07061200000000412,0.2662699999999987,0.21622999999999593,0.09977000000000658,0.16972399999999865,0.10889999999999844,0.27729110000000023,0.10106200000001309,0.11274799999999985,-9.9999e+98
45,0.11597400000000135,0.287687,0.31521119999999936,0.15769599999999961,0.3172083000000008,0.17653320000000017,0.2875419999999984,0.2759410000000031,0.9622390000000003,0.6605999999999881,0.2987499999999983,0.4706279999999978,0.4758199999999988,1.0631525999999996,0.6507390000000015,0.7607390000000009,0.17511100000000113
46,0.1083759999999998,0.259208000000001,0.2934057000000001,0.14585899999999974,0.2980923000000004,0.16707099999999997,0.27587099999999865,0.27592500000000086,0.9437449999999998,0.632710000000003,0.2839400000000012,0.4503699999999995,0.38992500000000163,1.0247854999999992,0.600915999999998,0.6888579999999997,0.16588800000000248
47,0.12784800000000018,0.3125619999999998,0.3442935999999994,0.17288899999999963,0.3515763000000014,0.19274790000000008,0.3262490000000007,0.3247600000000048,1.0896830000000008,0.7426299999999912,0.32853000000000065,0.5044210000000007,0.5139220000000009,1.2013885000000002,0.7255499999999984,0.8076570000000025,0.19995099999999866
48,0.11045700000000025,0.26764400000000066,0.31452429999999953,0.14949000000000012,0.29683430000000044,0.17254820000000004,0.27514599999999945,0.3310340000000025,1.0835319999999982,0.7255799999999795,0.29922999999999433,0.5002479999999991,0.5898430000000019,1.1384613999999997,0.47924799999999834,0.7278759999999984,0.1703030000000041
49,0.09905100000000289,0.24373800000000045,0.27186850000000007,0.13480500000000006,0.2730233000000002,0.15609779999999995,0.248466999999998,0.25308100000000167,0.8646549999999991,0.5841399999999908,0.25515000000000043,0.41612599999999844,0.35452499999999887,0.9379483000000004,0.5312330000000003,0.6517119999999998,0.15462600000000037
41,0.08602000000000132,0.2188320000000008,0.24517409999999984,0.1249640000000003,0.2449103000000008,0.14673939999999996,0.20869499999999874,0.24250700000000336,0.8070649999999979,0.5415299999999945,0.2229600000000005,0.3963959999999993,0.3610830000000007,0.9144584,0.47762199999999666,0.6474969999999978,0.14414899999999875
42,0.1077520000000014,0.26738500000000087,0.29172960000000003,0.14654999999999951,0.29392130000000094,0.1663553000000002,0.2611069999999991,0.2624410000000026,0.9058619999999991,0.6122699999999952,0.27137000000000455,0.45357100000000017,0.4407650000000025,1.018306,0.5916470000000089,0.7311209999999981,0.16877099999999956
43,0.08587900000000204,0.23079400000000128,0.2478933999999997,0.12244800000000033,0.24601330000000132,0.14278069999999987,0.22011999999999787,0.2173840000000027,0.7464009999999988,0.5103000000000009,0.22728000000000748,0.4051909999999985,0.3619600000000034,0.8481271999999995,0.5014329999999916,0.6127310000000001,0.142552000000002
44,-9.9999e+98,-9.9999e+98,-9.9999e+98,-9.9999e+98,-9.9999e+98,-9.9999e+98,0.0,0.07061200000000412,0.2662699999999987,0.21622999999999593,0.09977000000000658,0.16972399999999865,0.10889999999999844,0.27729110000000023,0.10106200000001309,0.11274799999999985,-9.9999e+98
45,0.11597400000000135,0.287687,0.31521119999999936,0.15769599999999961,0.3172083000000008,0.17653320000000017,0.2875419999999984,0.2759410000000031,0.9622390000000003,0.6605999999999881,0.2987499999999983,0.4706279999999978,0.4758199999999988,1.0631525999999996,0.6507390000000015,0.7607390000000009,0.17511100000000113
46,0.1083759999999998,0.259208000000001,0.2934057000000001,0.14585899999999974,0.2980923000000004,0.16707099999999997,0.27587099999999865,0.27592500000000086,0.9437449999999998,0.632710000000003,0.2839400000000012,0.4503699999999995,0.38992500000000163,1.0247854999999992,0.600915999999998,0.6888579999999997,0.16588800000000248
47,0.12784800000000018,0.3125619999999998,0.3442935999999994,0.17288899999999963,0.3515763000000014,0.19274790000000008,0.3262490000000007,0.3247600000000048,1.0896830000000008,0.7426299999999912,0.32853000000000065,0.5044210000000007,0.5139220000000009,1.2013885000000002,0.7255499999999984,0.8076570000000025,0.19995099999999866
48,0.11045700000000025,0.26764400000000066,0.31452429999999953,0.14949000000000012,0.29683430000000044,0.17254820000000004,0.27514599999999945,0.3310340000000025,1.0835319999999982,0.7255799999999795,0.29922999999999433,0.5002479999999991,0.5898430000000019,1.1384613999999997,0.47924799999999834,0.7278759999999984,0.1703030000000041
49,0.09905100000000289,0.24373800000000045,0.27186850000000007,0.13480500000000006,0.2730233000000002,0.15609779999999995,0.248466999999998,0.25308100000000167,0.8646549999999991,0.5841399999999908,0.25515000000000043,0.41612599999999844,0.35452499999999887,0.9379483000000004,0.5312330000000003,0.6517119999999998,0.15462600000000037
50,0.0846390000000028,0.20865700000000054,0.2455594999999997,0.12336499999999972,0.2476193000000002,0.14625209999999988,0.23541399999999868,0.2621480000000034,0.8934749999999987,0.6131499999999903,0.2351500000000044,0.4133049999999976,0.2911500000000018,0.8496585999999997,0.44002899999999556,0.6107459999999989,0.14840999999999838
42,0.1077520000000014,0.26738500000000087,0.29172960000000003,0.14654999999999951,0.29392130000000094,0.1663553000000002,0.2611069999999991,0.2624410000000026,0.9058619999999991,0.6122699999999952,0.27137000000000455,0.45357100000000017,0.4407650000000025,1.018306,0.5916470000000089,0.7311209999999981,0.16877099999999956
43,0.08587900000000204,0.23079400000000128,0.2478933999999997,0.12244800000000033,0.24601330000000132,0.14278069999999987,0.22011999999999787,0.2173840000000027,0.7464009999999988,0.5103000000000009,0.22728000000000748,0.4051909999999985,0.3619600000000034,0.8481271999999995,0.5014329999999916,0.6127310000000001,0.142552000000002
44,-9.9999e+98,-9.9999e+98,-9.9999e+98,-9.9999e+98,-9.9999e+98,-9.9999e+98,0.0,0.07061200000000412,0.2662699999999987,0.21622999999999593,0.09977000000000658,0.16972399999999865,0.10889999999999844,0.27729110000000023,0.10106200000001309,0.11274799999999985,-9.9999e+98
45,0.11597400000000135,0.287687,0.31521119999999936,0.15769599999999961,0.3172083000000008,0.17653320000000017,0.2875419999999984,0.2759410000000031,0.9622390000000003,0.6605999999999881,0.2987499999999983,0.4706279999999978,0.4758199999999988,1.0631525999999996,0.6507390000000015,0.7607390000000009,0.17511100000000113
46,0.1083759999999998,0.259208000000001,0.2934057000000001,0.14585899999999974,0.2980923000000004,0.16707099999999997,0.27587099999999865,0.27592500000000086,0.9437449999999998,0.632710000000003,0.2839400000000012,0.4503699999999995,0.38992500000000163,1.0247854999999992,0.600915999999998,0.6888579999999997,0.16588800000000248
47,0.12784800000000018,0.3125619999999998,0.3442935999999994,0.17288899999999963,0.3515763000000014,0.19274790000000008,0.3262490000000007,0.3247600000000048,1.0896830000000008,0.7426299999999912,0.32853000000000065,0.5044210000000007,0.5139220000000009,1.2013885000000002,0.7255499999999984,0.8076570000000025,0.19995099999999866
48,0.11045700000000025,0.26764400000000066,0.31452429999999953,0.14949000000000012,0.29683430000000044,0.17254820000000004,0.27514599999999945,0.3310340000000025,1.0835319999999982,0.7255799999999795,0.29922999999999433,0.5002479999999991,0.5898430000000019,1.1384613999999997,0.47924799999999834,0.7278759999999984,0.1703030000000041
49,0.09905100000000289,0.24373800000000045,0.27186850000000007,0.13480500000000006,0.2730233000000002,0.15609779999999995,0.248466999999998,0.25308100000000167,0.8646549999999991,0.5841399999999908,0.25515000000000043,0.41612599999999844,0.35452499999999887,0.9379483000000004,0.5312330000000003,0.6517119999999998,0.15462600000000037
50,0.0846390000000028,0.20865700000000054,0.2455594999999997,0.12336499999999972,0.2476193000000002,0.14625209999999988,0.23541399999999868,0.2621480000000034,0.8934749999999987,0.6131499999999903,0.2351500000000044,0.4133049999999976,0.2911500000000018,0.8496585999999997,0.44002899999999556,0.6107459999999989,0.14840999999999838
51,0.09144300000000172,0.21523299999999956,0.2555468999999997,0.130452,0.25938130000000115,0.15421109999999993,0.24057499999999976,0.2736629999999991,0.9342660000000009,0.6300399999999797,0.2538899999999984,0.42660199999999904,0.3826900000000002,0.9596038,0.46654399999999896,0.6483460000000001,0.15810000000000457
43,0.08587900000000204,0.23079400000000128,0.2478933999999997,0.12244800000000033,0.24601330000000132,0.14278069999999987,0.22011999999999787,0.2173840000000027,0.7464009999999988,0.5103000000000009,0.22728000000000748,0.4051909999999985,0.3619600000000034,0.8481271999999995,0.5014329999999916,0.6127310000000001,0.142552000000002
44,-9.9999e+98,-9.9999e+98,-9.9999e+98,-9.9999e+98,-9.9999e+98,-9.9999e+98,0.0,0.07061200000000412,0.2662699999999987,0.21622999999999593,0.09977000000000658,0.16972399999999865,0.10889999999999844,0.27729110000000023,0.10106200000001309,0.11274799999999985,-9.9999e+98
45,0.11597400000000135,0.287687,0.31521119999999936,0.15769599999999961,0.3172083000000008,0.17653320000000017,0.2875419999999984,0.2759410000000031,0.9622390000000003,0.6605999999999881,0.2987499999999983,0.4706279999999978,0.4758199999999988,1.0631525999999996,0.6507390000000015,0.7607390000000009,0.17511100000000113
46,0.1083759999999998,0.259208000000001,0.2934057000000001,0.14585899999999974,0.2980923000000004,0.16707099999999997,0.27587099999999865,0.27592500000000086,0.9437449999999998,0.632710000000003,0.2839400000000012,0.4503699999999995,0.38992500000000163,1.0247854999999992,0.600915999999998,0.6888579999999997,0.16588800000000248
47,0.12784800000000018,0.3125619999999998,0.3442935999999994,0.17288899999999963,0.3515763000000014,0.19274790000000008,0.3262490000000007,0.3247600000000048,1.0896830000000008,0.7426299999999912,0.32853000000000065,0.5044210000000007,0.5139220000000009,1.2013885000000002,0.7255499999999984,0.8076570000000025,0.19995099999999866
48,0.11045700000000025,0.26764400000000066,0.31452429999999953,0.14949000000000012,0.29683430000000044,0.17254820000000004,0.27514599999999945,0.3310340000000025,1.0835319999999982,0.7255799999999795,0.29922999999999433,0.5002479999999991,0.5898430000000019,1.1384613999999997,0.47924799999999834,0.7278759999999984,0.1703030000000041
49,0.09905100000000289,0.24373800000000045,0.27186850000000007,0.13480500000000006,0.2730233000000002,0.15609779999999995,0.248466999999998,0.25308100000000167,0.8646549999999991,0.5841399999999908,0.25515000000000043,0.41612599999999844,0.35452499999999887,0.9379483000000004,0.5312330000000003,0.6517119999999998,0.15462600000000037
50,0.0846390000000028,0.20865700000000054,0.2455594999999997,0.12336499999999972,0.2476193000000002,0.14625209999999988,0.23541399999999868,0.2621480000000034,0.8934749999999987,0.6131499999999903,0.2351500000000044,0.4133049999999976,0.2911500000000018,0.8496585999999997,0.44002899999999556,0.6107459999999989,0.14840999999999838
51,0.09144300000000172,0.21523299999999956,0.2555468999999997,0.130452,0.25938130000000115,0.15421109999999993,0.24057499999999976,0.2736629999999991,0.9342660000000009,0.6300399999999797,0.2538899999999984,0.42660199999999904,0.3826900000000002,0.9596038,0.46654399999999896,0.6483460000000001,0.15810000000000457
52,0.11722699999999975,0.28559300000000043,0.30886689999999994,0.1531710000000004,0.3106693000000007,0.1716253000000001,0.2868700000000004,0.2570450000000051,0.9141459999999988,0.6342899999999929,0.29677999999999827,0.47729400000000055,0.4587090000000025,1.0262122000000007,0.6647109999999969,0.734967000000001,0.17763400000000473
44,-9.9999e+98,-9.9999e+98,-9.9999e+98,-9.9999e+98,-9.9999e+98,-9.9999e+98,0.0,0.07061200000000412,0.2662699999999987,0.21622999999999593,0.09977000000000658,0.16972399999999865,0.10889999999999844,0.27729110000000023,0.10106200000001309,0.11274799999999985,-9.9999e+98
45,0.11597400000000135,0.287687,0.31521119999999936,0.15769599999999961,0.3172083000000008,0.17653320000000017,0.2875419999999984,0.2759410000000031,0.9622390000000003,0.6605999999999881,0.2987499999999983,0.4706279999999978,0.4758199999999988,1.0631525999999996,0.6507390000000015,0.7607390000000009,0.17511100000000113
46,0.1083759999999998,0.259208000000001,0.2934057000000001,0.14585899999999974,0.2980923000000004,0.16707099999999997,0.27587099999999865,0.27592500000000086,0.9437449999999998,0.632710000000003,0.2839400000000012,0.4503699999999995,0.38992500000000163,1.0247854999999992,0.600915999999998,0.6888579999999997,0.16588800000000248
47,0.12784800000000018,0.3125619999999998,0.3442935999999994,0.17288899999999963,0.3515763000000014,0.19274790000000008,0.3262490000000007,0.3247600000000048,1.0896830000000008,0.7426299999999912,0.32853000000000065,0.5044210000000007,0.5139220000000009,1.2013885000000002,0.7255499999999984,0.8076570000000025,0.19995099999999866
48,0.11045700000000025,0.26764400000000066,0.31452429999999953,0.14949000000000012,0.29683430000000044,0.17254820000000004,0.27514599999999945,0.3310340000000025,1.0835319999999982,0.7255799999999795,0.29922999999999433,0.5002479999999991,0.5898430000000019,1.1384613999999997,0.47924799999999834,0.7278759999999984,0.1703030000000041
49,0.09905100000000289,0.24373800000000045,0.27186850000000007,0.13480500000000006,0.2730233000000002,0.15609779999999995,0.248466999999998,0.25308100000000167,0.8646549999999991,0.5841399999999908,0.25515000000000043,0.41612599999999844,0.35452499999999887,0.9379483000000004,0.5312330000000003,0.6517119999999998,0.15462600000000037
50,0.0846390000000028,0.20865700000000054,0.2455594999999997,0.12336499999999972,0.2476193000000002,0.14625209999999988,0.23541399999999868,0.2621480000000034,0.8934749999999987,0.6131499999999903,0.2351500000000044,0.4133049999999976,0.2911500000000018,0.8496585999999997,0.44002899999999556,0.6107459999999989,0.14840999999999838
51,0.09144300000000172,0.21523299999999956,0.2555468999999997,0.130452,0.25938130000000115,0.15421109999999993,0.24057499999999976,0.2736629999999991,0.9342660000000009,0.6300399999999797,0.2538899999999984,0.42660199999999904,0.3826900000000002,0.9596038,0.46654399999999896,0.6483460000000001,0.15810000000000457
52,0.11722699999999975,0.28559300000000043,0.30886689999999994,0.1531710000000004,0.3106693000000007,0.1716253000000001,0.2868700000000004,0.2570450000000051,0.9141459999999988,0.6342899999999929,0.29677999999999827,0.47729400000000055,0.4587090000000025,1.0262122000000007,0.6647109999999969,0.734967000000001,0.17763400000000473
53,0.12030299999999983,0.27518700000000074,0.3142385999999995,0.16316699999999962,0.32296930000000046,0.1842731999999998,0.2668210000000002,0.30441199999999924,1.048285,0.6623400000000004,0.25893000000000654,0.502794999999999,0.5061099999999996,1.2155520000000006,0.612495999999993,0.7833889999999997,0.19085000000000463
45,0.11597400000000135,0.287687,0.31521119999999936,0.15769599999999961,0.3172083000000008,0.17653320000000017,0.2875419999999984,0.2759410000000031,0.9622390000000003,0.6605999999999881,0.2987499999999983,0.4706279999999978,0.4758199999999988,1.0631525999999996,0.6507390000000015,0.7607390000000009,0.17511100000000113
46,0.1083759999999998,0.259208000000001,0.2934057000000001,0.14585899999999974,0.2980923000000004,0.16707099999999997,0.27587099999999865,0.27592500000000086,0.9437449999999998,0.632710000000003,0.2839400000000012,0.4503699999999995,0.38992500000000163,1.0247854999999992,0.600915999999998,0.6888579999999997,0.16588800000000248
47,0.12784800000000018,0.3125619999999998,0.3442935999999994,0.17288899999999963,0.3515763000000014,0.19274790000000008,0.3262490000000007,0.3247600000000048,1.0896830000000008,0.7426299999999912,0.32853000000000065,0.5044210000000007,0.5139220000000009,1.2013885000000002,0.7255499999999984,0.8076570000000025,0.19995099999999866
48,0.11045700000000025,0.26764400000000066,0.31452429999999953,0.14949000000000012,0.29683430000000044,0.17254820000000004,0.27514599999999945,0.3310340000000025,1.0835319999999982,0.7255799999999795,0.29922999999999433,0.5002479999999991,0.5898430000000019,1.1384613999999997,0.47924799999999834,0.7278759999999984,0.1703030000000041
49,0.09905100000000289,0.24373800000000045,0.27186850000000007,0.13480500000000006,0.2730233000000002,0.15609779999999995,0.248466999999998,0.25308100000000167,0.8646549999999991,0.5841399999999908,0.25515000000000043,0.41612599999999844,0.35452499999999887,0.9379483000000004,0.5312330000000003,0.6517119999999998,0.15462600000000037
50,0.0846390000000028,0.20865700000000054,0.2455594999999997,0.12336499999999972,0.2476193000000002,0.14625209999999988,0.23541399999999868,0.2621480000000034,0.8934749999999987,0.6131499999999903,0.2351500000000044,0.4133049999999976,0.2911500000000018,0.8496585999999997,0.44002899999999556,0.6107459999999989,0.14840999999999838
51,0.09144300000000172,0.21523299999999956,0.2555468999999997,0.130452,0.25938130000000115,0.15421109999999993,0.24057499999999976,0.2736629999999991,0.9342660000000009,0.6300399999999797,0.2538899999999984,0.42660199999999904,0.3826900000000002,0.9596038,0.46654399999999896,0.6483460000000001,0.15810000000000457
52,0.11722699999999975,0.28559300000000043,0.30886689999999994,0.1531710000000004,0.3106693000000007,0.1716253000000001,0.2868700000000004,0.2570450000000051,0.9141459999999988,0.6342899999999929,0.29677999999999827,0.47729400000000055,0.4587090000000025,1.0262122000000007,0.6647109999999969,0.734967000000001,0.17763400000000473
53,0.12030299999999983,0.27518700000000074,0.3142385999999995,0.16316699999999962,0.32296930000000046,0.1842731999999998,0.2668210000000002,0.30441199999999924,1.048285,0.6623400000000004,0.25893000000000654,0.502794999999999,0.5061099999999996,1.2155520000000006,0.612495999999993,0.7833889999999997,0.19085000000000463
54,0.07813000000000159,0.18134300000000003,0.23154129999999995,0.11521899999999974,0.2277363000000001,0.13918570000000008,0.20661300000000082,0.24524600000000163,0.8210429999999995,0.5566699999999969,0.2254000000000076,0.38154600000000016,0.3470569999999995,0.8726757999999997,0.42163200000000245,0.5761910000000015,0.14330700000000007
